#ID,name,HMDB_ID,CAS,kingdom(HMDB),super_class(HMDB),class(HMDB),sub_class(HMDB)
neg_10000,Cucurbic acid,HMDB0029388,58240-50-9,Organic compounds,Lipids and lipid-like molecules,Fatty Acyls,Lineolic acids and derivatives
neg_10011,5a-Tetrahydrocorticosterone,HMDB0000449,600-63-5,Organic compounds,Lipids and lipid-like molecules,Steroids and steroid derivatives,Hydroxysteroids
neg_10020,Calenduloside B,HMDB0039413,34381-98-1,Organic compounds,Lipids and lipid-like molecules,Prenol lipids,Terpene glycosides
neg_10024,Fosteabine,HMDB0252470,--,Organic compounds,"Nucleosides, nucleotides, and analogues",Pyrimidine nucleotides,Pyrimidine ribonucleotides
neg_10025,Cyclohexanecarboxylic acid,HMDB0031342,98-89-5,Organic compounds,Organic acids and derivatives,Carboxylic acids and derivatives,Carboxylic acids
neg_10026,"16alpha-Hydroxyandrost-4-ene-3,17-dione",HMDB0006774,1963/2/5,Organic compounds,Lipids and lipid-like molecules,Steroids and steroid derivatives,Androstane steroids
neg_10030,Methyl-delta-ionone,HMDB0032397,7784-98-7,Organic compounds,Lipids and lipid-like molecules,Prenol lipids,Sesquiterpenoids
neg_10038,Annuolide G,HMDB0034605,--,Organic compounds,Lipids and lipid-like molecules,Prenol lipids,Terpene lactones
neg_10042,Pregnanolone,HMDB0062782,128-20-1,Organic compounds,Lipids and lipid-like molecules,Steroids and steroid derivatives,Pregnane steroids
neg_10044,Ajmalicine,HMDB0248072,--,Organic compounds,Alkaloids and derivatives,Yohimbine alkaloids,--
neg_10045,"DG(10:0/20:4(6E,8Z,11Z,13E)-2OH(5S,15S)/0:0)",HMDB0294549,--,--,--,--,--
neg_10051,Glycerylphosphorylethanolamine,HMDB0000114,1190-00-7,Organic compounds,Lipids and lipid-like molecules,Glycerophospholipids,Glycerophosphoethanolamines
neg_10053,4-Hydroxyantipyrine,HMDB0060878,--,Organic compounds,Organoheterocyclic compounds,Azoles,Pyrazoles
neg_10054,13(S)-HpODE,HMDB0003871,33964-75-9,Organic compounds,Lipids and lipid-like molecules,Fatty Acyls,Lineolic acids and derivatives
neg_10058,Monoketocholic acid,HMDB0254862,--,Organic compounds,Lipids and lipid-like molecules,Steroids and steroid derivatives,"Bile acids, alcohols and derivatives"
neg_10063,Gentamicin C2,HMDB0252691,--,Organic compounds,Organic oxygen compounds,Organooxygen compounds,Carbohydrates and carbohydrate conjugates
neg_10068,"(2S,4R)-p-Mentha-1(7),5-dien-2-ol",HMDB0035277,29332-98-7,Organic compounds,Lipids and lipid-like molecules,Prenol lipids,Monoterpenoids
neg_10069,Loteprednol,HMDB0015011,82034-46-6,Organic compounds,Lipids and lipid-like molecules,Steroids and steroid derivatives,Androstane steroids
neg_10080,Serotonin,HMDB0000259,50-67-9,Organic compounds,Organoheterocyclic compounds,Indoles and derivatives,Tryptamines and derivatives
neg_10081,N-Linoleoyl Proline,HMDB0241983,--,--,--,--,--
neg_10082,4-Heptyloxyphenol,HMDB0246434,--,Organic compounds,Benzenoids,Phenols,4-alkoxyphenols
neg_10083,"PC(17:2(9Z,12Z)/0:0)",HMDB0256157,--,Organic compounds,Lipids and lipid-like molecules,Glycerophospholipids,Glycerophosphocholines
neg_10089,Lithocholate 3-O-glucuronide,HMDB0002513,75239-91-7,Organic compounds,Lipids and lipid-like molecules,Steroids and steroid derivatives,Steroidal glycosides
neg_10092,Palustrine,HMDB0256095,--,Organic compounds,Phenylpropanoids and polyketides,Macrolactams,--
neg_10094,Peramine,HMDB0256303,--,Organic compounds,Organoheterocyclic compounds,Pyrrolopyrazines,--
neg_10099,Piperochromanoic acid,HMDB0040634,110979-03-8,Organic compounds,Lipids and lipid-like molecules,Prenol lipids,Monoterpenoids
neg_10102,Sterebin A,HMDB0035337,107647-14-3,Organic compounds,Lipids and lipid-like molecules,Prenol lipids,Sesquiterpenoids
neg_10103,Octadecyl fumarate,HMDB0038073,1741-93-1,Organic compounds,Lipids and lipid-like molecules,Fatty Acyls,Fatty acid esters
neg_10104,trans-2-trans-4-Heptadien-1-ol,HMDB0032301,33467-79-7,Organic compounds,Lipids and lipid-like molecules,Fatty Acyls,Fatty alcohols
neg_10107,Xanthosine,HMDB0000299,146-80-5,Organic compounds,"Nucleosides, nucleotides, and analogues",Purine nucleosides,--
neg_10108,MG(PGE1/0:0/0:0),HMDB0260509,--,--,--,--,--
neg_10110,alpha-Tocopheryloxyacetic acid,HMDB0248242,--,Organic compounds,Lipids and lipid-like molecules,Prenol lipids,Quinone and hydroquinone lipids
neg_10111,Piperdial,HMDB0035798,100288-36-6,Organic compounds,Organic oxygen compounds,Organooxygen compounds,Alcohols and polyols
neg_10112,"1,2-Anthraquinone",HMDB0244055,--,Organic compounds,Benzenoids,Anthracenes,Anthraquinones
neg_10121,Avocadyne 2-acetate,HMDB0031047,37139-04-1,Organic compounds,Lipids and lipid-like molecules,Fatty Acyls,Fatty alcohols
neg_10123,"5b-Cholestane-3a,7a,12a,23S,25-pentol",HMDB0000483,59906-15-9,Organic compounds,Lipids and lipid-like molecules,Steroids and steroid derivatives,"Bile acids, alcohols and derivatives"
neg_10124,Fluoroazomycin arabinoside,HMDB0259428,--,Organic compounds,Organic oxygen compounds,Organooxygen compounds,Carbohydrates and carbohydrate conjugates
neg_10128,Hoduloside III,HMDB0039072,146503-30-2,Organic compounds,Lipids and lipid-like molecules,Fatty Acyls,Fatty acid esters
neg_10130,Nootkatol,HMDB0013688,53643-07-5,Organic compounds,Lipids and lipid-like molecules,Prenol lipids,Sesquiterpenoids
neg_10134,Diplosporin,HMDB0030680,69199-05-9,Organic compounds,Organoheterocyclic compounds,Pyrans,Pyranones and derivatives
neg_10137,L-Glutamine,HMDB0000641,56-85-9,Organic compounds,Organic acids and derivatives,Carboxylic acids and derivatives,"Amino acids, peptides, and analogues"
neg_10144,Ganoderic acid A,HMDB0034931,81907-62-2,Organic compounds,Lipids and lipid-like molecules,Prenol lipids,Triterpenoids
neg_10145,octanoate,HMDB0304443,--,Organic compounds,Lipids and lipid-like molecules,Fatty Acyls,Fatty acids and conjugates
neg_10148,7-Ketodeoxycholic acid,HMDB0000391,911-40-0,Organic compounds,Lipids and lipid-like molecules,Steroids and steroid derivatives,"Bile acids, alcohols and derivatives"
neg_10150,"3a,7b,21-Trihydroxy-5b-cholanoic acid",HMDB0013192,--,Organic compounds,Lipids and lipid-like molecules,Steroids and steroid derivatives,Androstane steroids
neg_10166,Fluocortolone,HMDB0252351,--,Organic compounds,Lipids and lipid-like molecules,Steroids and steroid derivatives,Hydroxysteroids
neg_10167,20-COOH-Leukotriene B4,HMDB0006059,80434-82-8,Organic compounds,Lipids and lipid-like molecules,Fatty Acyls,Fatty acids and conjugates
neg_10176,3-Hydroxycapric acid,HMDB0002203,19526-23-9,Organic compounds,Organic acids and derivatives,Hydroxy acids and derivatives,Medium-chain hydroxy acids and derivatives
neg_10177,Absindiol,HMDB0033229,213198-34-6,Organic compounds,Lipids and lipid-like molecules,Prenol lipids,Terpene lactones
neg_10179,12(13)Ep-9-KODE,HMDB0013623,--,Organic compounds,Lipids and lipid-like molecules,Fatty Acyls,Fatty acids and conjugates
neg_10180,Muricatacin,HMDB0038685,134698-86-5,Organic compounds,Lipids and lipid-like molecules,Fatty Acyls,Fatty alcohols
neg_10182,MG(PGF2alpha/0:0/0:0),HMDB0260478,--,--,--,--,--
neg_10193,N-Acetylserine,HMDB0002931,16354-58-8,Organic compounds,Organic acids and derivatives,Carboxylic acids and derivatives,"Amino acids, peptides, and analogues"
neg_10209,"3,4-Dimethylpyrrolo[1,2-a]pyrazine",HMDB0030907,64608-64-6,Organic compounds,Organoheterocyclic compounds,Pyrrolopyrazines,--
neg_10210,"Octadeca-2,4-dienedioic acid",HMDB0242188,--,--,--,--,--
neg_10211,Buparvaquone,HMDB0249441,--,Organic compounds,Benzenoids,Naphthalenes,Naphthoquinones
neg_10213,"11beta,17alpha,21-Trihydroxy-5beta-pregnane-3,20-dione",HMDB0003259,1482-50-4,Organic compounds,Lipids and lipid-like molecules,Steroids and steroid derivatives,Hydroxysteroids
neg_10219,Geldanamycin,HMDB0252665,--,Organic compounds,Phenylpropanoids and polyketides,Macrolactams,--
neg_10229,Procurcumadiol,HMDB0034721,129673-90-1,Organic compounds,Lipids and lipid-like molecules,Prenol lipids,Sesquiterpenoids
neg_10233,PC(2:0/TXB2),HMDB0288840,--,--,--,--,--
neg_10237,SM(d17:1/5-iso PGF2VI),HMDB0290370,--,--,--,--,--
neg_10239,"PC(24:0/20:4(5Z,8Z,10E,14Z)-OH(12S))",HMDB0288612,--,--,--,--,--
neg_10243,Allopregnanolone,HMDB0001449,516-54-1,Organic compounds,Lipids and lipid-like molecules,Steroids and steroid derivatives,Pregnane steroids
neg_10256,Leukotriene D4,HMDB0003080,73836-78-9,Organic compounds,Lipids and lipid-like molecules,Fatty Acyls,Eicosanoids
neg_10272,1-Keto-24-methylcalcifediol,HMDB0243913,--,Organic compounds,Lipids and lipid-like molecules,Steroids and steroid derivatives,Vitamin D and derivatives
neg_10288,Cicloprolol,HMDB0250234,--,Organic compounds,Benzenoids,Phenol ethers,--
neg_10291,"MG(0:0/24:6(6Z,9Z,12Z,15Z,18Z,21Z)/0:0)",HMDB0011560,--,Organic compounds,Lipids and lipid-like molecules,Glycerolipids,Monoradylglycerols
neg_10298,3beta-Hydroxycinnamolide,HMDB0039156,--,Organic compounds,Organoheterocyclic compounds,Naphthofurans,--
neg_10299,Annosquamosin B,HMDB0031379,177742-56-2,Organic compounds,Lipids and lipid-like molecules,Prenol lipids,Diterpenoids
neg_10319,Quadazocine,HMDB0257015,--,Organic compounds,Alkaloids and derivatives,"6,7-benzomorphans","2,6-dimethyl-3-benzazocines"
neg_10367,"PE(24:0/20:3(8Z,11Z,14Z)-2OH(5,6))",HMDB0284484,--,--,--,--,--
neg_10379,"PC(DiMe(13,5)/6 keto-PGF1alpha)",HMDB0289141,--,--,--,--,--
neg_10384,D8'-Merulinic acid A,HMDB0041454,69506-65-6,Organic compounds,Benzenoids,Benzene and substituted derivatives,Benzoic acids and derivatives
neg_10387,Opiorphin,HMDB0059792,--,Organic compounds,Organic acids and derivatives,Carboxylic acids and derivatives,"Amino acids, peptides, and analogues"
neg_10398,6-O-Acetylaustroinulin,HMDB0036803,75207-46-4,Organic compounds,Lipids and lipid-like molecules,Prenol lipids,Diterpenoids
neg_10405,Biochanin A,HMDB0002338,491-80-5,Organic compounds,Phenylpropanoids and polyketides,Isoflavonoids,O-methylated isoflavonoids
neg_10414,"CL(8:0/10:0/15:0/18:2(9Z,11Z))",HMDB0117707,--,Organic compounds,Lipids and lipid-like molecules,Glycerophospholipids,Glycerophosphoglycerophosphoglycerols
neg_10421,Ilomastat,HMDB0253401,--,Organic compounds,Organic acids and derivatives,Carboxylic acids and derivatives,"Amino acids, peptides, and analogues"
neg_10432,3-Oxotetradecanoic acid,HMDB0010730,--,Organic compounds,Lipids and lipid-like molecules,Fatty Acyls,Fatty acids and conjugates
neg_10440,PG(16:1(9Z)/6 keto-PGF1alpha),HMDB0268687,--,--,--,--,--
neg_10444,Deoxycholyltyrosine,HMDB0242420,--,Organic compounds,Lipids and lipid-like molecules,Steroids and steroid derivatives,"Bile acids, alcohols and derivatives"
neg_10455,1-octen-3-hydroperoxide,HMDB0303863,--,Organic compounds,Organic oxygen compounds,Organic hydroperoxides,Allylic hydroperoxides
neg_10495,"PC(DiMe(13,5)/PGF2alpha)",HMDB0289143,--,--,--,--,--
neg_10523,(S)-[8]-Gingerol,HMDB0033615,23513-08-8,Organic compounds,Benzenoids,Phenols,Methoxyphenols
neg_10532,"PC(22:3(10Z,13Z,16Z)/20:4(6Z,8E,10E,14Z)-2OH(5S,12R))",HMDB0288111,--,--,--,--,--
neg_10546,Acetylvalerenolic acid,HMDB0035687,81397-67-3,Organic compounds,Lipids and lipid-like molecules,Prenol lipids,Sesquiterpenoids
neg_10559,"PC(14:1(9Z)/20:3(6,8,11)-OH(5))",HMDB0285786,--,--,--,--,--
neg_10564,Tempo,HMDB0258805,--,Organic compounds,Organoheterocyclic compounds,Piperidines,--
neg_10566,Eremopetasinorol,HMDB0029668,182127-77-1,Organic compounds,Organic oxygen compounds,Organooxygen compounds,Alcohols and polyols
neg_10568,Oxyglutinosone,HMDB0302978,--,Organic compounds,Organic oxygen compounds,Organooxygen compounds,Carbonyl compounds
neg_10569,Capryloylglycine,HMDB0000832,14246-53-8,Organic compounds,Organic acids and derivatives,Carboxylic acids and derivatives,"Amino acids, peptides, and analogues"
neg_10571,Fumagillol,HMDB0252515,--,Organic compounds,Organic oxygen compounds,Organooxygen compounds,Alcohols and polyols
neg_10574,"(S)-10,16-Dihydroxyhexadecanoic acid",HMDB0037798,69232-67-3,Organic compounds,Lipids and lipid-like molecules,Fatty Acyls,Fatty acids and conjugates
neg_10580,Brassinolide,HMDB0034081,72962-43-7,Organic compounds,Lipids and lipid-like molecules,Steroids and steroid derivatives,Steroid lactones
neg_10589,"PG(20:2(11Z,14Z)/LTE4)",HMDB0269629,--,--,--,--,--
neg_10591,(R)-2-Hydroxysterculic acid,HMDB0031060,14602-38-1,Organic compounds,Lipids and lipid-like molecules,Fatty Acyls,Fatty alcohols
neg_10595,Lepidiumterpenyl ester,HMDB0036865,255833-57-9,Organic compounds,Lipids and lipid-like molecules,Prenol lipids,Sesquiterpenoids
neg_10605,Taurine,HMDB0000251,107-35-7,Organic compounds,Organic acids and derivatives,Organic sulfonic acids and derivatives,Organosulfonic acids and derivatives
neg_10607,Tetradecanedioic acid,HMDB0000872,821-38-5,Organic compounds,Lipids and lipid-like molecules,Fatty Acyls,Fatty acids and conjugates
neg_10609,Pinusolide,HMDB0035130,31685-80-0,Organic compounds,Lipids and lipid-like molecules,Prenol lipids,Terpene lactones
neg_10614,xi-3-Methyl-3-cyclohexen-1-ol,HMDB0034372,--,Organic compounds,Organic oxygen compounds,Organooxygen compounds,Alcohols and polyols
neg_10615,Vulgarol,HMDB0302338,--,Organic compounds,Organic oxygen compounds,Organooxygen compounds,Carbonyl compounds
neg_10616,"(3S,5R,6S,7E,9x)-7-Megastigmene-3,6,9-triol 9-glucoside",HMDB0041176,--,Organic compounds,Lipids and lipid-like molecules,Fatty Acyls,Fatty acyl glycosides
neg_10625,Octadecendioic acid,HMDB0302976,--,Organic compounds,Lipids and lipid-like molecules,Fatty Acyls,Fatty acids and conjugates
neg_10632,p-Hydroxynonanophenone,HMDB0037391,14392-69-9,Organic compounds,Organic oxygen compounds,Organooxygen compounds,Carbonyl compounds
neg_10633,Isolinderanolide,HMDB0038105,139559-06-1,Organic compounds,Organoheterocyclic compounds,Tetrahydrofurans,--
neg_10640,3''-O-Caffeoylcosmosiin,HMDB0037345,79366-62-4,Organic compounds,Phenylpropanoids and polyketides,Flavonoids,Flavonoid glycosides
neg_10648,N-Myristoyl Threonine,HMDB0242060,--,Organic compounds,Organic acids and derivatives,Carboxylic acids and derivatives,"Amino acids, peptides, and analogues"
neg_10649,N-Arachidonoyl Valine,HMDB0242006,--,--,--,--,--
neg_10659,Cannabigerolate,HMDB0304284,--,Organic compounds,Benzenoids,Benzene and substituted derivatives,Benzoic acids and derivatives
neg_10665,3-Oxo-2-(2-entenyl)cyclopentaneoctanoic acid,HMDB0301805,204135-86-4,Organic compounds,Lipids and lipid-like molecules,Fatty Acyls,Eicosanoids
neg_10667,Annoglabasin B,HMDB0033398,205312-86-3,Organic compounds,Lipids and lipid-like molecules,Prenol lipids,Diterpenoids
neg_10668,12alpha-hydroxy-3-oxo-5beta-cholan-24-oic Acid,HMDB0062742,4185/1/7,Organic compounds,Lipids and lipid-like molecules,Steroids and steroid derivatives,"Bile acids, alcohols and derivatives"
neg_10672,Tuftsin,HMDB0005770,112592-90-2,Organic compounds,Organic acids and derivatives,Carboxylic acids and derivatives,"Amino acids, peptides, and analogues"
neg_10678,Cortexolone,HMDB0000015,152-58-9,Organic compounds,Lipids and lipid-like molecules,Steroids and steroid derivatives,Hydroxysteroids
neg_10683,L-Menthyl acetoacetate,HMDB0032369,59557-05-0,Organic compounds,Lipids and lipid-like molecules,Prenol lipids,Monoterpenoids
neg_10685,"5b-Cholestane-3a,7a,12a,25,26-pentol",HMDB0002180,6127-75-9,Organic compounds,Lipids and lipid-like molecules,Glycerolipids,Diradylglycerols
neg_10695,Val-Phe-Val-Tyr,HMDB0304812,--,Organic compounds,Organic acids and derivatives,Carboxylic acids and derivatives,"Amino acids, peptides, and analogues"
neg_10705,Taurodeoxycholic acid,HMDB0000896,516-50-7,Organic compounds,Lipids and lipid-like molecules,Steroids and steroid derivatives,"Bile acids, alcohols and derivatives"
neg_10707,PS(14:1(9Z)/5-iso PGF2VI),HMDB0280946,--,--,--,--,--
neg_10709,Urate,HMDB0000289,69-93-2,Organic compounds,Organoheterocyclic compounds,Imidazopyrimidines,Purines and purine derivatives
neg_10711,1beta-Hydroxycholic acid,HMDB0000307,80875-94-1,Organic compounds,Lipids and lipid-like molecules,Steroids and steroid derivatives,"Bile acids, alcohols and derivatives"
neg_10713,Aubergenone,HMDB0035827,69427-35-6,Organic compounds,Lipids and lipid-like molecules,Prenol lipids,Sesquiterpenoids
neg_10722,"13,14-Dihydro-15-keto-PGE2",HMDB0002776,363-23-5,Organic compounds,Lipids and lipid-like molecules,Fatty Acyls,Eicosanoids
neg_10725,Parthenin,HMDB0253304,--,Organic compounds,Lipids and lipid-like molecules,Prenol lipids,Terpene lactones
neg_10726,"3,4-Dimethyl-5-pentyl-2-furanheptanoic acid",HMDB0039603,92745-17-0,Organic compounds,Lipids and lipid-like molecules,Fatty Acyls,Fatty acids and conjugates
neg_10730,Glycocholate,HMDB0000138,475-31-0,Organic compounds,Lipids and lipid-like molecules,Steroids and steroid derivatives,"Bile acids, alcohols and derivatives"
neg_10734,Anthemol,HMDB0302502,--,Organic compounds,Lipids and lipid-like molecules,Prenol lipids,Monoterpenoids
neg_10736,Prodigiosin,HMDB0256793,--,Organic compounds,Organoheterocyclic compounds,Pyrroles,Substituted pyrroles
neg_10739,Bevirimat,HMDB0249169,--,Organic compounds,Lipids and lipid-like molecules,Prenol lipids,Triterpenoids
neg_10740,Citrusin IV,HMDB0303683,--,Organic compounds,Organic acids and derivatives,Carboxylic acids and derivatives,"Amino acids, peptides, and analogues"
neg_10744,12-Hydroperoxy-icosatetraenoic acid,HMDB0244450,--,Organic compounds,Lipids and lipid-like molecules,Fatty Acyls,Eicosanoids
neg_10763,Cannabidiolic acid,HMDB0249587,--,Organic compounds,Benzenoids,Benzene and substituted derivatives,Benzoic acids and derivatives
neg_10766,2-O-Glutaroyl-1-O-palmitoyl-sn-glycero-3-phosphocholine,HMDB0256378,--,Organic compounds,Lipids and lipid-like molecules,Glycerophospholipids,Glycerophosphocholines
neg_10770,"11b,21-Dihydroxy-5b-pregnane-3,20-dione",HMDB0006757,566-01-8,Organic compounds,Lipids and lipid-like molecules,Steroids and steroid derivatives,Hydroxysteroids
neg_10773,"(2,2-Diethoxyethyl)benzene",HMDB0041610,6314-97-2,Organic compounds,Benzenoids,Benzene and substituted derivatives,--
neg_10783,2-Hydroxymyristic acid,HMDB0002261,2507-55-3,Organic compounds,Lipids and lipid-like molecules,Fatty Acyls,Fatty acids and conjugates
neg_10784,Caprylic acid,HMDB0000482,124-07-2,Organic compounds,Lipids and lipid-like molecules,Fatty Acyls,Fatty acids and conjugates
neg_10786,"2,4-Decadienamide,5-(4-methoxyphenyl)-N-[(1R)-1-methyl-4-(3-pyridinyl)butyl]-, (2E,4E)-",HMDB0244461,--,Organic compounds,Benzenoids,Phenol ethers,Anisoles
neg_10790,Leucylphenylalanine,HMDB0013243,3063/5/6,Organic compounds,Organic acids and derivatives,Carboxylic acids and derivatives,"Amino acids, peptides, and analogues"
neg_10800,Arachidonoylcarnitine,HMDB0006455,36816-11-2,Organic compounds,Lipids and lipid-like molecules,Fatty Acyls,Fatty acid esters
neg_10805,Antroquinonol,HMDB0248495,--,Organic compounds,Lipids and lipid-like molecules,Prenol lipids,Diterpenoids
neg_10809,"1,26-Hexacosanediol diferulate",HMDB0030751,--,Organic compounds,Phenylpropanoids and polyketides,Cinnamic acids and derivatives,Hydroxycinnamic acids and derivatives
neg_10815,"3alpha,7alpha,12beta-Trihydroxy-5beta-cholanoic acid",HMDB0000312,71883-64-2,Organic compounds,Lipids and lipid-like molecules,Steroids and steroid derivatives,"Bile acids, alcohols and derivatives"
neg_10821,"3b,15b,17a-Trihydroxy-pregnenone",HMDB0000353,80380-40-1,Organic compounds,Lipids and lipid-like molecules,Fatty Acyls,Fatty acids and conjugates
neg_10824,Menoctone,HMDB0254439,--,Organic compounds,Benzenoids,Naphthalenes,Naphthoquinones
neg_10827,20-Cooh ltb4,HMDB0245561,--,Organic compounds,Lipids and lipid-like molecules,Fatty Acyls,Fatty acids and conjugates
neg_10828,"7b,12a-Dihydroxycholanoic acid",HMDB0002451,84413-81-0,Organic compounds,Lipids and lipid-like molecules,Glycerophospholipids,Glycerophosphoethanolamines
neg_10829,"(14alpha,17beta,20S,22R)-14,20-Epoxy-17-hydroxy-1-oxowitha-3,5,24-trienolide",HMDB0032685,--,Organic compounds,Lipids and lipid-like molecules,Steroids and steroid derivatives,Steroid lactones
neg_10836,hydroxyoctadecadienoic acid,HMDB0253281,--,Organic compounds,Lipids and lipid-like molecules,Fatty Acyls,Lineolic acids and derivatives
neg_10837,Glycocholic acid,HMDB0000138,475-31-0,Organic compounds,Lipids and lipid-like molecules,Steroids and steroid derivatives,"Bile acids, alcohols and derivatives"
neg_10838,"LysoPC(18:4(6Z,9Z,12Z,15Z)/0:0)",HMDB0010389,--,Organic compounds,Lipids and lipid-like molecules,Glycerophospholipids,Glycerophosphocholines
neg_10840,Arvensoside D,HMDB0039406,58231-97-3,Organic compounds,Lipids and lipid-like molecules,Prenol lipids,Terpene glycosides
neg_10845,(Z)-4-Dodecenal,HMDB0032247,21944-98-9,Organic compounds,Lipids and lipid-like molecules,Fatty Acyls,Fatty aldehydes
neg_10846,2-(4'-Methylthio)butylmalic acid,HMDB0304051,--,Organic compounds,Organic acids and derivatives,Hydroxy acids and derivatives,Medium-chain hydroxy acids and derivatives
neg_10847,Citronellyl anthranilate,HMDB0032208,68555-57-7,Organic compounds,Lipids and lipid-like molecules,Prenol lipids,Monoterpenoids
neg_10849,5(S)-HpETE,HMDB0011135,74581-83-2,Organic compounds,Lipids and lipid-like molecules,Fatty Acyls,Eicosanoids
neg_10851,strophanthidin,HMDB0258516,--,Organic compounds,Lipids and lipid-like molecules,Steroids and steroid derivatives,Steroid lactones
neg_10855,"PC(18:3(10,12,15)-OH(9)/2:0)",HMDB0288891,--,--,--,--,--
neg_10865,"3,4-Methylenedioxyamphetamine",HMDB0041931,4764-17-4,Organic compounds,Organoheterocyclic compounds,Benzodioxoles,--
neg_10867,Olodaterol,HMDB0255957,--,Organic compounds,Organoheterocyclic compounds,Benzoxazines,Benzoxazinones
neg_10868,Reduced riboflavin,HMDB0001557,101652-10-2,Organic compounds,Organoheterocyclic compounds,Pteridines and derivatives,Alloxazines and isoalloxazines
neg_10875,"N-methyl-4,6,7-trihydroxy-1,2,3,4-tetrahydroisoquinoline",HMDB0060065,--,Organic compounds,Organoheterocyclic compounds,Tetrahydroisoquinolines,--
neg_10882,PGD2,HMDB0001403,41598-07-6,Organic compounds,Lipids and lipid-like molecules,Fatty Acyls,Eicosanoids
neg_10886,Hexosylsphingosine,HMDB0253164,--,Organic compounds,Lipids and lipid-like molecules,Sphingolipids,Glycosphingolipids
neg_10888,N-Docosahexaenoyl Tyrosine,HMDB0242024,--,--,--,--,--
neg_10900,24-Hydroxycalcitriol,HMDB0006228,56142-94-0,Organic compounds,Lipids and lipid-like molecules,Steroids and steroid derivatives,Vitamin D and derivatives
neg_10906,5-Tetradecenoic acid,HMDB0000499,5684-69-5,Organic compounds,Lipids and lipid-like molecules,Fatty Acyls,Fatty acids and conjugates
neg_10910,Latanoprost,HMDB0014792,130209-82-4,Organic compounds,Lipids and lipid-like molecules,Fatty Acyls,Eicosanoids
neg_10916,Tetranorprostanedioic acid,HMDB0258926,--,Organic compounds,Lipids and lipid-like molecules,Fatty Acyls,Fatty acids and conjugates
neg_10917,Galbanic acid,HMDB0030163,3566-55-0,Organic compounds,Lipids and lipid-like molecules,Prenol lipids,Terpene lactones
neg_10919,Fenpyroximate,HMDB0252220,--,Organic compounds,Organic oxygen compounds,Organooxygen compounds,Ethers
neg_10923,Phytocassane C,HMDB0041058,166547-23-5,Organic compounds,Lipids and lipid-like molecules,Prenol lipids,Diterpenoids
neg_10932,Ferutinin,HMDB0252237,--,Organic compounds,Lipids and lipid-like molecules,Prenol lipids,Sesquiterpenoids
neg_10940,Dipyridamole,HMDB0015110,58-32-2,Organic compounds,Organic nitrogen compounds,Organonitrogen compounds,Amines
neg_10957,Fumitremorgin B,HMDB0030203,12626-17-4,Organic compounds,Organoheterocyclic compounds,Indoles and derivatives,Carbazoles
neg_10961,5(S)-HETE,HMDB0011134,70608-72-9,Organic compounds,Lipids and lipid-like molecules,Fatty Acyls,Eicosanoids
neg_10970,Concanamycin,HMDB0250429,--,Organic compounds,Phenylpropanoids and polyketides,Macrolides and analogues,--
neg_10975,(Z)-3-Methyl-3-decen-1-ol,HMDB0031064,24404-66-8,Organic compounds,Lipids and lipid-like molecules,Fatty Acyls,Fatty alcohols
neg_10980,NORETHINDRONE ACETATE,HMDB0255731,--,Organic compounds,Lipids and lipid-like molecules,Steroids and steroid derivatives,Steroid esters
neg_10982,Dronabinol,HMDB0014613,1972/8/3,Organic compounds,Organoheterocyclic compounds,Benzopyrans,1-benzopyrans
neg_10983,Leukotriene B4,HMDB0001085,71160-24-2,Organic compounds,Lipids and lipid-like molecules,Fatty Acyls,Eicosanoids
neg_10984,Kamolonol,HMDB0039036,94898-76-7,Organic compounds,Phenylpropanoids and polyketides,Coumarins and derivatives,--
neg_10987,Foetidin,HMDB0033271,97165-40-7,Organic compounds,Phenylpropanoids and polyketides,Coumarins and derivatives,--
neg_10989,dihydrocytochalasin B,HMDB0251302,--,Organic compounds,Alkaloids and derivatives,Cytochalasans,Cytochalasins
neg_11000,"9,10-DiHOME",HMDB0004704,125356-86-7,Organic compounds,Lipids and lipid-like molecules,Fatty Acyls,Fatty acids and conjugates
neg_11002,"2,3-Dinor-TXB1",HMDB0245413,--,Organic compounds,Lipids and lipid-like molecules,Fatty Acyls,Fatty acids and conjugates
neg_11010,Sphingosine 1-phosphate,HMDB0000277,26993-30-6,Organic compounds,Lipids and lipid-like molecules,Sphingolipids,Phosphosphingolipids
neg_11011,Melilotigenin,HMDB0038737,114702-59-9,Organic compounds,Lipids and lipid-like molecules,Prenol lipids,Triterpenoids
neg_11020,11-Dihydro-12-norneoquassin,HMDB0036889,--,Organic compounds,Lipids and lipid-like molecules,Prenol lipids,Polyprenols
neg_11025,Lysocellin,HMDB0254269,--,Organic compounds,Lipids and lipid-like molecules,Prenol lipids,Sesterterpenoids
neg_11027,Ganglioside GA2 (d18:1/12:0),HMDB0004888,--,Organic compounds,Lipids and lipid-like molecules,Sphingolipids,Glycosphingolipids
neg_11028,Hydrocotarnine,HMDB0033701,550-10-7,Organic compounds,Organoheterocyclic compounds,Tetrahydroisoquinolines,--
neg_11029,4-Hydroxynonenal,HMDB0004362,75899-68-2,Organic compounds,Lipids and lipid-like molecules,Fatty Acyls,Fatty alcohols
neg_11037,Officinalisin II,HMDB0302339,--,Organic compounds,Lipids and lipid-like molecules,Steroids and steroid derivatives,Steroidal glycosides
neg_11042,Ganglioside GA2 (d18:1/22:0),HMDB0004893,--,Organic compounds,Lipids and lipid-like molecules,Sphingolipids,Glycosphingolipids
neg_1105,Glycerone,HMDB0001882,96-26-4,Organic compounds,Organic oxygen compounds,Organooxygen compounds,Carbohydrates and carbohydrate conjugates
neg_11054,Taurolithocholic acid 3-sulfate,HMDB0002580,15324-65-9,Organic compounds,Lipids and lipid-like molecules,Steroids and steroid derivatives,"Bile acids, alcohols and derivatives"
neg_11060,"PS(14:1(9Z)/18:1(12Z)-2OH(9,10))",HMDB0280956,--,--,--,--,--
neg_11063,"PC(22:2(13Z,16Z)/PGE1)",HMDB0288063,--,--,--,--,--
neg_11065,1-Heptadecanoylglycerophosphoethanolamine,HMDB0061691,--,Organic compounds,Lipids and lipid-like molecules,Glycerophospholipids,Glycerophosphoethanolamines
neg_11068,1-Nonadecanoyl-glycero-3-phosphoethanolamine,HMDB0243971,--,Organic compounds,Lipids and lipid-like molecules,Glycerophospholipids,Glycerophosphoethanolamines
neg_11102,PE-NMe2(14:0/20:1(11Z)),HMDB0113859,--,Organic compounds,Lipids and lipid-like molecules,Glycerophospholipids,Glycerophosphoethanolamines
neg_11103,Desglucocoroloside,HMDB0033709,57361-72-5,Organic compounds,Lipids and lipid-like molecules,Steroids and steroid derivatives,Steroid lactones
neg_11105,"9,10-Epoxyoctadecanoic acid",HMDB0061650,154966-80-0,Organic compounds,Lipids and lipid-like molecules,Fatty Acyls,Fatty acids and conjugates
neg_11109,Ricinoleic acid,HMDB0034297,141-22-0,Organic compounds,Lipids and lipid-like molecules,Fatty Acyls,Fatty acids and conjugates
neg_11113,Retinal,HMDB0001358,116-31-4,Organic compounds,Lipids and lipid-like molecules,Prenol lipids,Retinoids
neg_11114,15-Dihydroxyeicosatrienoic acid,HMDB0244665,--,Organic compounds,Lipids and lipid-like molecules,Fatty Acyls,Eicosanoids
neg_11126,Becocalcidiol,HMDB0248927,--,Organic compounds,Lipids and lipid-like molecules,Steroids and steroid derivatives,Vitamin D and derivatives
neg_11133,PGP(a-25:0/6 keto-PGF1alpha),HMDB0274709,--,--,--,--,--
neg_11137,(E)-2-(2-Octenyl)cyclopentanone,HMDB0038897,98314-98-8,Organic compounds,Organic oxygen compounds,Organooxygen compounds,Carbonyl compounds
neg_11141,3-Methyldioxyindole,HMDB0004186,3040-34-4,Organic compounds,Organoheterocyclic compounds,Indoles and derivatives,Indolines
neg_11142,3-Succinoylpyridine,HMDB0000992,4192-31-8,Organic compounds,Organic acids and derivatives,Keto acids and derivatives,Gamma-keto acids and derivatives
neg_11144,1-Palmitoyl-2-hydroxy-sn-glycero-3-phosphoethanolamine,HMDB0011503,53862-35-4,Organic compounds,Lipids and lipid-like molecules,Glycerophospholipids,Glycerophosphoethanolamines
neg_11153,2-Nonenoic acid gamma-lactone,HMDB0032442,21963-26-8,Organic compounds,Organoheterocyclic compounds,Dihydrofurans,Furanones
neg_11154,Sphinganine 1-phosphate,HMDB0001383,19794-97-9,Organic compounds,Lipids and lipid-like molecules,Sphingolipids,Phosphosphingolipids
neg_11167,bufalin,HMDB0249428,--,Organic compounds,Lipids and lipid-like molecules,Steroids and steroid derivatives,Steroid lactones
neg_11170,Matesaponin 2,HMDB0040963,164178-27-2,Organic compounds,Lipids and lipid-like molecules,Prenol lipids,Terpene glycosides
neg_11178,Isoachifolidiene,HMDB0038690,--,Organic compounds,Lipids and lipid-like molecules,Fatty Acyls,Fatty acid esters
neg_11181,Resolvin D2,HMDB0002294,82864-77-5,Organic compounds,Lipids and lipid-like molecules,Fatty Acyls,Fatty acids and conjugates
neg_11182,Lathosterol,HMDB0001170,80-99-9,Organic compounds,Lipids and lipid-like molecules,Steroids and steroid derivatives,Cholestane steroids
neg_11183,VAPIPROST,HMDB0259765,--,Organic compounds,Benzenoids,Benzene and substituted derivatives,Biphenyls and derivatives
neg_11208,Farnesiferol B,HMDB0029489,54990-68-0,Organic compounds,Lipids and lipid-like molecules,Prenol lipids,Terpene lactones
neg_11215,9(S)-HpODE,HMDB0006940,--,Organic compounds,Lipids and lipid-like molecules,Fatty Acyls,Lineolic acids and derivatives
neg_11217,3-Oxooctadecanoic acid,HMDB0010736,--,Organic compounds,Lipids and lipid-like molecules,Fatty Acyls,Fatty acids and conjugates
neg_11227,"(2beta,3alpha,9alpha,24R)-Ergosta-7,22-diene-2,3,9-triol",HMDB0037914,--,Organic compounds,Lipids and lipid-like molecules,Steroids and steroid derivatives,Ergostane steroids
neg_11245,"Icosa-2,4,6,8,10-pentaenoic acid",HMDB0245697,--,Organic compounds,Lipids and lipid-like molecules,Fatty Acyls,Fatty acids and conjugates
neg_11246,delta-Decalactone,HMDB0037116,705-86-2,Organic compounds,Organoheterocyclic compounds,Lactones,Delta valerolactones
neg_11248,"4a-Formyl-5a-cholesta-8,24-dien-3b-ol",HMDB0001203,--,Organic compounds,Lipids and lipid-like molecules,Steroids and steroid derivatives,Cholestane steroids
neg_11249,LysoPE(16:0/0:0),HMDB0011503,53862-35-4,Organic compounds,Lipids and lipid-like molecules,Glycerophospholipids,Glycerophosphoethanolamines
neg_11253,"LysoPC(20:5(5Z,8Z,11Z,14Z,17Z)/0:0)",HMDB0010397,--,Organic compounds,Lipids and lipid-like molecules,Glycerophospholipids,Glycerophosphocholines
neg_11254,"(24E)-3alpha,15alpha-Diacetoxy-23-oxo-7,9(11),24-lanostatrien-26-oic acid",HMDB0035388,117383-36-5,Organic compounds,Lipids and lipid-like molecules,Prenol lipids,Triterpenoids
neg_11262,"(8S,9S,10R,13S,14S,17R)-1-Hexadecanoyl-11,17-dihydroxy-17-(2-hydroxyacetyl)-10,13-dimethyl-7,8,9,11,12,14,15,16-octahydro-6H-cyclopenta[a]phenanthren-3-one",HMDB0260191,--,Organic compounds,Lipids and lipid-like molecules,Steroids and steroid derivatives,Hydroxysteroids
neg_11266,PC(2:0/PGE2),HMDB0288826,--,--,--,--,--
neg_11280,"2-[(1r,3s)-3-Hydroxycyclohexyl]-5-(2-methyloctan-2-yl)phenol",HMDB0250503,--,Organic compounds,Benzenoids,Benzene and substituted derivatives,Cyclohexylphenols
neg_11298,Mepartricin A,HMDB0254449,--,Organic compounds,Organic oxygen compounds,Organooxygen compounds,Carbohydrates and carbohydrate conjugates
neg_11300,(-)-alpha-Bisabolol,HMDB0036197,23089-26-1,Organic compounds,Lipids and lipid-like molecules,Prenol lipids,Sesquiterpenoids
neg_11302,12S-HHT,HMDB0012535,54397-84-1,Organic compounds,Lipids and lipid-like molecules,Fatty Acyls,Fatty acids and conjugates
neg_11305,"3alpha,7alpha,12alpha-Trihydroxy-5beta-cholestanoate",HMDB0000601,547-98-8,Organic compounds,Lipids and lipid-like molecules,Steroids and steroid derivatives,"Bile acids, alcohols and derivatives"
neg_11309,Methyl 2-(10-heptadecenyl)-6-hydroxybenzoate,HMDB0038523,111047-31-5,Organic compounds,Benzenoids,Benzene and substituted derivatives,Benzoic acids and derivatives
neg_11312,"PE(20:3(6,8,11)-OH(5)/P-16:0)",HMDB0285269,--,--,--,--,--
neg_11325,"1-(6Z,9Z,12Z-octadecatrienoyl)-glycero-3-phosphate",HMDB0062316,--,Organic compounds,Lipids and lipid-like molecules,Glycerophospholipids,Glycerophosphates
neg_11333,"PC(2:0/18:2(10E,12Z)+=O(9))",HMDB0288852,--,--,--,--,--
neg_11352,19-Norandrosterone,HMDB0002697,1225-01-0,Organic compounds,Lipids and lipid-like molecules,Steroids and steroid derivatives,Estrane steroids
neg_11355,Mifepristone,HMDB0014972,84371-65-3,Organic compounds,Lipids and lipid-like molecules,Steroids and steroid derivatives,Oxosteroids
neg_11358,LysoPA(O-18:0/0:0),HMDB0011144,--,Organic compounds,Lipids and lipid-like molecules,Glycerophospholipids,Glycerophosphates
neg_11361,Taurolithocholic acid,HMDB0000722,516-90-5,Organic compounds,Lipids and lipid-like molecules,Steroids and steroid derivatives,"Bile acids, alcohols and derivatives"
neg_11373,"LysoPE(20:2(11Z,14Z)/0:0)",HMDB0011513,--,Organic compounds,Lipids and lipid-like molecules,Glycerophospholipids,Glycerophosphoethanolamines
neg_11385,1-Hexadecyl-2-tridecanoyl-glycero-3-phosphoethanolamine,HMDB0256191,--,Organic compounds,Lipids and lipid-like molecules,Glycerophospholipids,Glycerophosphoethanolamines
neg_11391,"PE(24:1(15Z)/20:5(5Z,8Z,11Z,14Z,16E)-OH(18R))",HMDB0284606,--,--,--,--,--
neg_11393,Epoxyganoderiol A,HMDB0036001,114020-56-3,Organic compounds,Lipids and lipid-like molecules,Prenol lipids,Triterpenoids
neg_11396,Chenodeoxycholylcysteine,HMDB0242393,--,Organic compounds,Lipids and lipid-like molecules,Steroids and steroid derivatives,"Bile acids, alcohols and derivatives"
neg_11400,"DG(2:0/20:3(6,8,11)-OH(5)/0:0)",HMDB0297051,--,--,--,--,--
neg_11405,PE(22:0/PGE1),HMDB0283806,--,--,--,--,--
neg_11418,CDP-DG(a-21:0/TXB2),HMDB0293089,--,--,--,--,--
neg_11422,(9Z)-Hexadecenoic acid,HMDB0003229,373-49-9,Organic compounds,Lipids and lipid-like molecules,Fatty Acyls,Fatty acids and conjugates
neg_11424,3b-Hydroxy-5-cholenoic acid,HMDB0000308,5255-17-4,Organic compounds,Lipids and lipid-like molecules,Steroids and steroid derivatives,"Bile acids, alcohols and derivatives"
neg_11461,"DG(18:3(6Z,9Z,12Z)/20:5(5Z,8Z,11Z,14Z,17Z)/0:0)",HMDB0007288,--,Organic compounds,Lipids and lipid-like molecules,Glycerolipids,Diradylglycerols
neg_11472,"PS(18:2(10E,12Z)+=O(9)/24:0)",HMDB0283655,--,--,--,--,--
neg_11473,"PS(22:6(4Z,7Z,10Z,13Z,16Z,19Z)/24:1(15Z))",HMDB0112880,--,Organic compounds,Lipids and lipid-like molecules,Glycerophospholipids,Glycerophosphoserines
neg_11475,PE(LTE4/24:0),HMDB0284477,--,--,--,--,--
neg_11482,MG(15:0/0:0/0:0),HMDB0011563,--,Organic compounds,Lipids and lipid-like molecules,Glycerolipids,Monoradylglycerols
neg_11497,Yucalexin P15,HMDB0036753,119626-52-7,Organic compounds,Lipids and lipid-like molecules,Prenol lipids,Diterpenoids
neg_115,Nitrous oxide,HMDB0035807,10024-97-2,Inorganic compounds,Homogeneous non-metal compounds,Other non-metal organides,Other non-metal nitrides
neg_11501,"(Z)-7-Hexadecen-1,16-olide",HMDB0031086,123-69-3,Organic compounds,Phenylpropanoids and polyketides,Macrolides and analogues,--
neg_11504,(+-)-Zoapatanol,HMDB0242237,--,Organic compounds,Lipids and lipid-like molecules,Prenol lipids,Monoterpenoids
neg_11506,Galactosylsphingosine,HMDB0000648,2238-90-6,Organic compounds,Lipids and lipid-like molecules,Sphingolipids,Glycosphingolipids
neg_11511,O-Desmethyltramadol,HMDB0060997,144830-14-8,Organic compounds,Benzenoids,Benzene and substituted derivatives,Cyclohexylphenols
neg_11528,Hexadecanedioic acid,HMDB0000672,505-54-4,Organic compounds,Lipids and lipid-like molecules,Fatty Acyls,Fatty acids and conjugates
neg_11533,milbemycin alpha10,HMDB0254722,--,Organic compounds,Phenylpropanoids and polyketides,Macrolides and analogues,Milbemycins
neg_11538,"PE(22:6(5Z,7Z,10Z,13Z,16Z,19Z)-OH(4)/24:0)",HMDB0284519,--,--,--,--,--
neg_11542,16-Hydroxyhexadecanoic acid,HMDB0006294,506-13-8,Organic compounds,Lipids and lipid-like molecules,Fatty Acyls,Fatty acids and conjugates
neg_11545,Desmosterol,HMDB0002719,313-04-2,Organic compounds,Lipids and lipid-like molecules,Steroids and steroid derivatives,Cholestane steroids
neg_11547,LysoPA(a-13:0/0:0),HMDB0114760,--,Organic compounds,Lipids and lipid-like molecules,Glycerophospholipids,Glycerophosphates
neg_11569,2-Deoxybrassinolide,HMDB0041135,144071-55-6,Organic compounds,Lipids and lipid-like molecules,Steroids and steroid derivatives,Steroid lactones
neg_11571,PGF1a,HMDB0002685,745-62-0,Organic compounds,Lipids and lipid-like molecules,Fatty Acyls,Eicosanoids
neg_11573,"(2E,4E,6E,8E)-3,7-Dimethyl-9-(2-nonoxyphenyl)nona-2,4,6,8-tetraenoic acid",HMDB0242652,--,Organic compounds,Lipids and lipid-like molecules,Prenol lipids,Monoterpenoids
neg_11577,2-(5'-Methylthio)pentylmalic acid,HMDB0304052,--,Organic compounds,Organic acids and derivatives,Hydroxy acids and derivatives,Medium-chain hydroxy acids and derivatives
neg_11580,Eicosanedioic acid,HMDB0242141,--,Organic compounds,Lipids and lipid-like molecules,Fatty Acyls,Fatty acids and conjugates
neg_11581,Tirofiban,HMDB0014913,144494-65-5,Organic compounds,Organic acids and derivatives,Carboxylic acids and derivatives,"Amino acids, peptides, and analogues"
neg_11584,"(5E)-7-{4,6-Dihydroxy-2-[(1E,5E)-3-hydroxyocta-1,5-dien-1-yl]oxan-3-yl}hept-5-enoylcarnitine",HMDB0241887,--,Organic compounds,Lipids and lipid-like molecules,Fatty Acyls,Eicosanoids
neg_11591,5a-Androst-3-en-17-one,HMDB0006046,14935-81-0,Organic compounds,Lipids and lipid-like molecules,Steroids and steroid derivatives,Androstane steroids
neg_11592,"8,9-DHET",HMDB0002311,192461-96-4,Organic compounds,Lipids and lipid-like molecules,Fatty Acyls,Eicosanoids
neg_11595,Aglepristone,HMDB0248061,--,Organic compounds,Lipids and lipid-like molecules,Steroids and steroid derivatives,Oxosteroids
neg_11606,11'-Carboxy-gamma-chromanol,HMDB0012517,--,Organic compounds,Lipids and lipid-like molecules,Prenol lipids,Sesquiterpenoids
neg_11607,Pangamic acid,HMDB0029949,11006-56-7,Organic compounds,Organic acids and derivatives,Carboxylic acids and derivatives,"Amino acids, peptides, and analogues"
neg_11608,"2-(Methoxycarbonyl)-5-methyl-2,4-bis(3-methyl-2-butenyl)-6-(2-methyl-1-oxopropyl)-5-(4-methyl-3-pentenyl)cyclohexanone",HMDB0035995,--,Organic compounds,Lipids and lipid-like molecules,Prenol lipids,Monoterpenoids
neg_11617,Goldinodox,HMDB0030466,12704-90-4,Organic compounds,Organic oxygen compounds,Organooxygen compounds,Carbohydrates and carbohydrate conjugates
neg_11625,"1-Phenyl-1,3-heptadecanedione",HMDB0035582,--,Organic compounds,Organic oxygen compounds,Organooxygen compounds,Carbonyl compounds
neg_11630,2-[[3-Cyclohexyl-1-[2-[3-(diaminomethylideneamino)propylcarbamoyl]piperidin-1-yl]-1-oxopropan-2-yl]amino]acetic acid,HMDB0247862,--,Organic compounds,Organic acids and derivatives,Carboxylic acids and derivatives,"Amino acids, peptides, and analogues"
neg_11642,PE(P-18:1(11Z)/PGE2),HMDB0285402,--,--,--,--,--
neg_11644,Deforolimus,HMDB0242756,--,Organic compounds,Phenylpropanoids and polyketides,Macrolide lactams,--
neg_11659,2-Nonenoic acid,HMDB0031271,3760-11-0,Organic compounds,Lipids and lipid-like molecules,Fatty Acyls,Fatty acids and conjugates
neg_11694,"PE(P-16:0/22:6(4Z,8Z,10Z,13Z,16Z,19Z)-OH(7))",HMDB0285248,--,--,--,--,--
neg_11695,"PC(20:1(11Z)/18:1(12Z)-O(9S,10R))",HMDB0287094,--,--,--,--,--
neg_11697,"PC(22:3(10Z,13Z,16Z)/18:1(12Z)-O(9S,10R))",HMDB0288130,--,--,--,--,--
neg_11704,PC(22:0/LTE4),HMDB0287797,--,--,--,--,--
neg_11716,Coprocholic acid,HMDB0000601,547-98-8,Organic compounds,Lipids and lipid-like molecules,Steroids and steroid derivatives,"Bile acids, alcohols and derivatives"
neg_11717,Vignatic acid B,HMDB0033617,181485-20-1,Organic compounds,Organic acids and derivatives,Carboxylic acids and derivatives,"Amino acids, peptides, and analogues"
neg_11724,Taurolithocholate sulfate,HMDB0002580,15324-65-9,Organic compounds,Lipids and lipid-like molecules,Steroids and steroid derivatives,"Bile acids, alcohols and derivatives"
neg_11731,15-Hexadecenoic acid,HMDB0244666,--,Organic compounds,Lipids and lipid-like molecules,Fatty Acyls,Fatty acids and conjugates
neg_11737,"PC(22:3(10Z,13Z,16Z)/PGF2alpha)",HMDB0288105,--,--,--,--,--
neg_11748,Dihomo-gamma-linolenate,HMDB0002925,1783-84-2,Organic compounds,Lipids and lipid-like molecules,Fatty Acyls,Fatty acids and conjugates
neg_11751,Penitrem D,HMDB0256240,--,Organic compounds,Organoheterocyclic compounds,Naphthopyrans,--
neg_11754,"PC(22:2(13Z,16Z)/PGF1alpha)",HMDB0288067,--,--,--,--,--
neg_11760,Cytarabine,HMDB0015122,147-94-4,Organic compounds,"Nucleosides, nucleotides, and analogues",Pyrimidine nucleosides,--
neg_11781,Cycloheptyl,HMDB0250647,--,Organic compounds,Hydrocarbons,Saturated hydrocarbons,--
neg_11792,"PC(2:0/20:3(8Z,11Z,14Z)-2OH(5,6))",HMDB0288844,--,--,--,--,--
neg_11819,3-Oxohexadecanoic acid,HMDB0010733,--,Organic compounds,Lipids and lipid-like molecules,Fatty Acyls,Fatty acids and conjugates
neg_11836,13-OxoODE,HMDB0004668,--,Organic compounds,Lipids and lipid-like molecules,Fatty Acyls,Lineolic acids and derivatives
neg_11840,"MG(18:3(6Z,9Z,12Z)/0:0/0:0)",HMDB0011569,--,Organic compounds,Lipids and lipid-like molecules,Fatty Acyls,Lineolic acids and derivatives
neg_11841,Canrenoic acid,HMDB0249591,--,Organic compounds,Lipids and lipid-like molecules,Steroids and steroid derivatives,Androstane steroids
neg_11847,Dslet,HMDB0251628,--,Organic compounds,Organic acids and derivatives,Carboxylic acids and derivatives,"Amino acids, peptides, and analogues"
neg_11877,"PI(22:2(13Z,16Z)/TXB2)",HMDB0277729,--,--,--,--,--
neg_11885,7alpha-Methyl-17-ethinyl-19-nortestosterone,HMDB0250982,--,Organic compounds,Lipids and lipid-like molecules,Steroids and steroid derivatives,Estrane steroids
neg_11887,Oxotremorine,HMDB0256004,--,Organic compounds,Organoheterocyclic compounds,Pyrrolidines,N-alkylpyrrolidines
neg_11904,4-Chloro-2-nitrobenzylalcohol,HMDB0249542,--,Organic compounds,Organoheterocyclic compounds,Benzoxazoles,--
neg_11905,Apramycin,HMDB0248529,--,Organic compounds,Organic oxygen compounds,Organooxygen compounds,Carbohydrates and carbohydrate conjugates
neg_11919,Angiotensin IV,HMDB0001038,12676-15-2,Organic compounds,Organic acids and derivatives,Carboxylic acids and derivatives,"Amino acids, peptides, and analogues"
neg_11925,Pubescenol,HMDB0030085,90685-93-1,Organic compounds,Lipids and lipid-like molecules,Steroids and steroid derivatives,Steroid lactones
neg_11939,"LysoPE(0:0/20:4(5Z,8Z,11Z,14Z))",HMDB0011487,--,Organic compounds,Lipids and lipid-like molecules,Glycerophospholipids,Glycerophosphoethanolamines
neg_11940,Cucurbitacin C,HMDB0034706,5988-76-1,Organic compounds,Lipids and lipid-like molecules,Steroids and steroid derivatives,Cucurbitacins
neg_11951,Maytansine,HMDB0254356,--,Organic compounds,Phenylpropanoids and polyketides,Macrolactams,--
neg_12029,"Erythrono-1,4-lactone",HMDB0000349,17675-99-9,Organic compounds,Organoheterocyclic compounds,Lactones,Gamma butyrolactones
neg_12046,Miglitol,HMDB0014634,72432-03-2,Organic compounds,Organoheterocyclic compounds,Piperidines,--
neg_12048,"(3beta,22E,24R)-3-Hydroxyergosta-5,8,22-trien-7-one",HMDB0032106,200942-18-3,Organic compounds,Lipids and lipid-like molecules,Steroids and steroid derivatives,Ergostane steroids
neg_12052,"PC(14:1(9Z)/20:3(8Z,11Z,14Z)-2OH(5,6))",HMDB0285730,--,--,--,--,--
neg_12072,Copalic acid,HMDB0036829,20257-75-4,Organic compounds,Lipids and lipid-like molecules,Prenol lipids,Diterpenoids
neg_12099,"CDP-DG(a-25:0/20:3(8Z,11Z,14Z)-2OH(5,6))",HMDB0293197,--,--,--,--,--
neg_12107,trans-16-Octadecenoic acid,HMDB0304769,--,Organic compounds,Lipids and lipid-like molecules,Fatty Acyls,Fatty acids and conjugates
neg_12111,Janthitrem B,HMDB0030528,73561-90-7,Organic compounds,Organoheterocyclic compounds,Naphthopyrans,--
neg_12114,N-Lauroyl Glutamine,HMDB0242031,--,Organic compounds,Organic acids and derivatives,Carboxylic acids and derivatives,"Amino acids, peptides, and analogues"
neg_12130,"(5Z)-7-[(1R,2E)-2-[(3S)-3-hydroxyoctylidene]-3-oxocyclopentyl]hept-5-enoylcarnitine",HMDB0241800,--,Organic compounds,Lipids and lipid-like molecules,Fatty Acyls,Eicosanoids
neg_12133,Retaspimycin,HMDB0257169,--,Organic compounds,Phenylpropanoids and polyketides,Macrolactams,--
neg_12150,Taurochenodeoxycholate,HMDB0000949,1953/2/1,Organic compounds,Lipids and lipid-like molecules,Steroids and steroid derivatives,"Bile acids, alcohols and derivatives"
neg_12156,"3alpha,7alpha,12alpha,26-Tetrahydroxy-5beta-cholestane",HMDB0001231,862-53-3,Organic compounds,Lipids and lipid-like molecules,Steroids and steroid derivatives,"Bile acids, alcohols and derivatives"
neg_12161,Feruloylputrescine,HMDB0033463,501-13-3,Organic compounds,Phenylpropanoids and polyketides,Cinnamic acids and derivatives,Hydroxycinnamic acids and derivatives
neg_12176,[14]-Gingerol,HMDB0303091,--,Organic compounds,Benzenoids,Phenols,Methoxyphenols
neg_12207,"(2E,4Z,7Z)-2,4,7-Tridecatrienal",HMDB0033545,13552-96-0,Organic compounds,Lipids and lipid-like molecules,Fatty Acyls,Fatty aldehydes
neg_12218,Ganglioside GM3 (d18:0/12:0),HMDB0011913,--,Organic compounds,Lipids and lipid-like molecules,Sphingolipids,Glycosphingolipids
neg_12234,"12,13-DiHODE",HMDB0010201,--,Organic compounds,Lipids and lipid-like molecules,Fatty Acyls,Lineolic acids and derivatives
neg_12235,"3-Ethyl-4-(9-hydroxy-4,6,8,10-tetramethyl-7-oxododec-4-en-2-yl)oxetan-2-one",HMDB0251673,--,Organic compounds,Lipids and lipid-like molecules,Prenol lipids,Terpene lactones
neg_12237,LysoPC(15:0/0:0),HMDB0010381,--,Organic compounds,Lipids and lipid-like molecules,Glycerophospholipids,Glycerophosphocholines
neg_12247,[(2-Hexylcyclopentylidene)amino]thiourea,HMDB0243754,--,Organic compounds,Organic nitrogen compounds,Organonitrogen compounds,Hydrazines and derivatives
neg_12252,Deoxycholylphenylalanine,HMDB0242413,--,Organic compounds,Lipids and lipid-like molecules,Steroids and steroid derivatives,"Bile acids, alcohols and derivatives"
neg_12260,"PE(P-18:0/18:1(12Z)-2OH(9,10))",HMDB0285328,--,--,--,--,--
neg_12281,Cholyl-L-dopa,HMDB0242386,--,--,--,--,--
neg_12289,Dihydroactinidiolide,HMDB0035240,15356-74-8,Organic compounds,Organoheterocyclic compounds,Benzofurans,--
neg_1229,Swertiamarin,HMDB0258644,--,Organic compounds,Organic oxygen compounds,Organooxygen compounds,Carbohydrates and carbohydrate conjugates
neg_12290,4-(Methylnitrosamino)-1-(3-pyridyl)-1-butanol,HMDB0041809,76014-81-8,Organic compounds,Organoheterocyclic compounds,Pyridines and derivatives,--
neg_12293,Misoprostol acid,HMDB0254756,--,Organic compounds,Lipids and lipid-like molecules,Fatty Acyls,Eicosanoids
neg_1230,"(2R,3S,4R,5R,6S)-2-[[(1R,2R,4R,5R,6S,10R)-5-Hydroxy-2-(hydroxymethyl)-3,9-dioxatricyclo[4.4.0.02,4]dec-7-en-10-yl]oxy]-6-(hydroxymethyl)oxane-3,4,5-triol",HMDB0242754,--,Organic compounds,Organic oxygen compounds,Organooxygen compounds,Carbohydrates and carbohydrate conjugates
neg_12300,"PE(P-18:1(11Z)/20:3(6,8,11)-OH(5))",HMDB0285473,--,--,--,--,--
neg_12306,Ascaridole,HMDB0035766,512-85-6,Organic compounds,Organoheterocyclic compounds,Dioxanes,"1,2-dioxanes"
neg_12307,"3alpha,11beta,21-Trihydroxy-20-oxo-5beta-pregnan-18-al",HMDB0006753,--,Organic compounds,Lipids and lipid-like molecules,Steroids and steroid derivatives,Hydroxysteroids
neg_12310,"PC(2:0/22:6(5Z,8E,10Z,13Z,15E,19Z)-2OH(7S, 17S))",HMDB0288870,--,--,--,--,--
neg_12317,Linolenic Acid ethyl ester,HMDB0252049,--,Organic compounds,Lipids and lipid-like molecules,Fatty Acyls,Lineolic acids and derivatives
neg_12318,KIRENOL,HMDB0253803,--,Organic compounds,Lipids and lipid-like molecules,Prenol lipids,Diterpenoids
neg_12319,Diethylaminoethyl-Sephacel,HMDB0251243,--,Organic compounds,Organic oxygen compounds,Organooxygen compounds,Carbohydrates and carbohydrate conjugates
neg_12323,Cholylhistidine,HMDB0242389,--,Organic compounds,Lipids and lipid-like molecules,Steroids and steroid derivatives,"Bile acids, alcohols and derivatives"
neg_12354,"LysoPS(18:2(9Z,12Z)/0:0)",HMDB0240604,1218913-82-6,Organic compounds,Lipids and lipid-like molecules,Glycerophospholipids,Glycerophosphoserines
neg_12367,11-Deoxycortisol,HMDB0000015,152-58-9,Organic compounds,Lipids and lipid-like molecules,Steroids and steroid derivatives,Hydroxysteroids
neg_12369,Isospirene,HMDB0036022,71078-31-4,Organic compounds,Organoheterocyclic compounds,Dihydrofurans,--
neg_12370,"(23S,24S)-17,23-Epoxy-24,29-dihydroxy-27-norlanost-8-ene-3,15-dione",HMDB0035843,--,Organic compounds,Lipids and lipid-like molecules,Prenol lipids,Triterpenoids
neg_12371,"LysoPC(22:5(7Z,10Z,13Z,16Z,19Z)/0:0)",HMDB0010403,--,Organic compounds,Lipids and lipid-like molecules,Glycerophospholipids,Glycerophosphocholines
neg_12391,Trypanothione disulfide,HMDB0060521,--,Organic compounds,Organic acids and derivatives,Carboxylic acids and derivatives,"Amino acids, peptides, and analogues"
neg_12405,12-OPDA,HMDB0301804,85551-10-6,Organic compounds,Lipids and lipid-like molecules,Fatty Acyls,Eicosanoids
neg_12417,"PGP(a-21:0/22:6(5Z,7Z,10Z,13Z,16Z,19Z)-OH(4))",HMDB0274653,--,--,--,--,--
neg_12429,"6-(Dipropylamino)-5,6,7,8-tetrahydronaphthalene-1,2-diol",HMDB0244949,--,Organic compounds,Benzenoids,Tetralins,--
neg_12432,Mutilin,HMDB0254962,--,Organic compounds,Lipids and lipid-like molecules,Prenol lipids,Diterpenoids
neg_12439,Calcitriol,HMDB0001903,32222-06-3,Organic compounds,Lipids and lipid-like molecules,Steroids and steroid derivatives,Vitamin D and derivatives
neg_12442,1-Oleoylglycerophosphoserine,HMDB0061694,--,Organic compounds,Lipids and lipid-like molecules,Glycerophospholipids,Glycerophosphoserines
neg_12497,"PG(a-25:0/20:3(5Z,8Z,11Z)-O(14R,15S))",HMDB0270941,--,--,--,--,--
neg_12506,Ganglioside GM3 (d18:0/14:0),HMDB0011914,--,Organic compounds,Lipids and lipid-like molecules,Sphingolipids,Glycosphingolipids
neg_12516,"(10Z,14E,16E)-10,14,16-Octadecatrien-12-ynoic acid",HMDB0035963,--,Organic compounds,Lipids and lipid-like molecules,Fatty Acyls,Fatty acids and conjugates
neg_12524,trimethylaminodiphenylhexatriene,HMDB0259240,--,Organic compounds,Benzenoids,Benzene and substituted derivatives,Diphenylmethanes
neg_12525,Phenylalanyl-leucyl-leucyl-arginyl-asparagine,HMDB0244598,--,Organic compounds,Organic acids and derivatives,Carboxylic acids and derivatives,"Amino acids, peptides, and analogues"
neg_12528,"PC(24:0/18:3(10,12,15)-OH(9))",HMDB0288682,--,--,--,--,--
neg_12583,Hexadecanoic acid,HMDB0000220,1957/10/3,Organic compounds,Lipids and lipid-like molecules,Fatty Acyls,Fatty acids and conjugates
neg_12586,"11,13-Dihydrotaraxinic acid glucosyl ester",HMDB0035867,75911-16-9,Organic compounds,Lipids and lipid-like molecules,Saccharolipids,--
neg_12625,PC(P-18:1(11Z)/PGE2),HMDB0289657,--,--,--,--,--
neg_12631,"11beta,21-Dihydroxy-5beta-pregnane-3,20-dione",HMDB0006757,566-01-8,Organic compounds,Lipids and lipid-like molecules,Steroids and steroid derivatives,Hydroxysteroids
neg_12633,"Indoline, 1-(2-(2-pyridyl)ethyl)-",HMDB0249393,--,Organic compounds,Organoheterocyclic compounds,Indoles and derivatives,--
neg_12639,Contignasterol,HMDB0250439,--,Organic compounds,Lipids and lipid-like molecules,Prenol lipids,Triterpenoids
neg_12646,Sorbitan palmitate,HMDB0029887,26266-57-9,Organic compounds,Lipids and lipid-like molecules,Fatty Acyls,Fatty acid esters
neg_12647,Kuguacin A,HMDB0302096,--,Organic compounds,Lipids and lipid-like molecules,Steroids and steroid derivatives,Cucurbitacins
neg_12649,PC(24:0/PGJ2),HMDB0288626,--,--,--,--,--
neg_12666,"(3beta,17alpha,23S)-17,23-Epoxy-3,28,29-trihydroxy-27-norlanost-8-en-24-one",HMDB0035221,--,Organic compounds,Lipids and lipid-like molecules,Prenol lipids,Diterpenoids
neg_12667,Gymnodimine,HMDB0041430,173792-58-0,Organic compounds,Organoheterocyclic compounds,Pyridines and derivatives,Hydropyridines
neg_12668,Bardoxolone methyl,HMDB0248872,--,Organic compounds,Organic oxygen compounds,Organooxygen compounds,Carbonyl compounds
neg_12674,"LysoPC(20:3(5Z,8Z,11Z)/0:0)",HMDB0010393,1199257-41-4,Organic compounds,Lipids and lipid-like molecules,Glycerophospholipids,Glycerophosphocholines
neg_12677,"PC(22:2(13Z,16Z)/20:3(6,8,11)-OH(5))",HMDB0288069,--,--,--,--,--
neg_12678,"PC(24:1(15Z)/20:4(6E,8Z,11Z,14Z)+=O(5))",HMDB0288744,--,--,--,--,--
neg_12685,"24-Oxo-1alpha,25-dihydroxyvitamin D3",HMDB0060128,--,Organic compounds,Lipids and lipid-like molecules,Steroids and steroid derivatives,Vitamin D and derivatives
neg_12688,Polyporusterone B,HMDB0038496,141360-89-6,Organic compounds,Lipids and lipid-like molecules,Steroids and steroid derivatives,"Bile acids, alcohols and derivatives"
neg_12704,20alpha-Hydroxycholesterol,HMDB0006283,516-72-3,Organic compounds,Lipids and lipid-like molecules,Steroids and steroid derivatives,Cholestane steroids
neg_12706,Pinacidil pyridine N-oxide,HMDB0256557,--,Organic compounds,Organoheterocyclic compounds,Pyridines and derivatives,Hydropyridines
neg_12710,PC(24:0/PGF2alpha),HMDB0288624,--,--,--,--,--
neg_12712,Ganglioside GA2 (d18:1/9Z-18:1),HMDB0004889,--,Organic compounds,Lipids and lipid-like molecules,Sphingolipids,Glycosphingolipids
neg_12717,17-Octadecynoic acid,HMDB0244776,--,Organic compounds,Lipids and lipid-like molecules,Fatty Acyls,Fatty acids and conjugates
neg_12718,Abietinal,HMDB0034735,6704-50-3,Organic compounds,Lipids and lipid-like molecules,Prenol lipids,Diterpenoids
neg_12721,"PE(P-18:0/20:3(6,8,11)-OH(5))",HMDB0285372,--,--,--,--,--
neg_12727,Octadecanedioic acid,HMDB0000782,871-70-5,Organic compounds,Lipids and lipid-like molecules,Fatty Acyls,Fatty acids and conjugates
neg_12729,Ethyl abietate,HMDB0032257,631-71-0,Organic compounds,Lipids and lipid-like molecules,Prenol lipids,Diterpenoids
neg_12730,"5,6-Dihydro-6-pentyl-2H-pyran-2-one",HMDB0034452,54814-64-1,Organic compounds,Organoheterocyclic compounds,Pyrans,Pyranones and derivatives
neg_12731,17-Hydroxymethylethisterone,HMDB0060710,--,Organic compounds,Lipids and lipid-like molecules,Steroids and steroid derivatives,Androstane steroids
neg_12740,Nummularine A,HMDB0029336,53947-95-8,Organic compounds,Organic acids and derivatives,Carboxylic acids and derivatives,"Amino acids, peptides, and analogues"
neg_12752,Bufogenin,HMDB0249430,--,Organic compounds,Lipids and lipid-like molecules,Steroids and steroid derivatives,Steroid lactones
neg_12754,"Peanut oil, hydrogenated",HMDB0250835,--,Organic compounds,Organic acids and derivatives,Carboxylic acids and derivatives,"Amino acids, peptides, and analogues"
neg_12760,"(13R,14R)-7-Labdene-13,14,15-triol",HMDB0034958,--,Organic compounds,Lipids and lipid-like molecules,Prenol lipids,Diterpenoids
neg_12780,"(E)-3,7-Dimethyl-1,5,7-octatrien-3-ol",HMDB0032242,29171-20-8,Organic compounds,Organic oxygen compounds,Organooxygen compounds,Carbonyl compounds
neg_12781,"12,13-EpOME",HMDB0004702,--,Organic compounds,Lipids and lipid-like molecules,Fatty Acyls,Fatty acids and conjugates
neg_12787,Umbelliprenin,HMDB0030597,23838-17-7,Organic compounds,Lipids and lipid-like molecules,Prenol lipids,Terpene lactones
neg_12790,"(E)-2-Tridecene-4,6,8-triyn-1-ol",HMDB0030931,--,Organic compounds,Lipids and lipid-like molecules,Fatty Acyls,Fatty alcohols
neg_12792,"20a,22b-Dihydroxycholesterol",HMDB0006763,15234-55-6,Organic compounds,Lipids and lipid-like molecules,Steroids and steroid derivatives,"Bile acids, alcohols and derivatives"
neg_12818,"PI(22:4(10Z,13Z,16Z,19Z)/PGF2alpha)",HMDB0277928,--,--,--,--,--
neg_12829,Pelargonic acid,HMDB0000847,112-05-0,Organic compounds,Lipids and lipid-like molecules,Fatty Acyls,Fatty acids and conjugates
neg_12830,"(9S,10S)-9,10-dihydroxyoctadecanoate",HMDB0059633,--,Organic compounds,Lipids and lipid-like molecules,Fatty Acyls,Fatty acids and conjugates
neg_12834,1-Stearoylglycerophosphoserine,HMDB0061698,--,Organic compounds,Lipids and lipid-like molecules,Glycerophospholipids,Glycerophosphoserines
neg_12845,Ginsenoside Rc,HMDB0034995,11021-14-0,Organic compounds,Lipids and lipid-like molecules,Prenol lipids,Triterpenoids
neg_12848,1-Acetoxy-2-hydroxy-16-heptadecen-4-one,HMDB0031006,25346-18-3,Organic compounds,Lipids and lipid-like molecules,Fatty Acyls,Fatty alcohols
neg_12851,xi-2-Hexyl-5-methyl-3(2H)-furanone,HMDB0038005,--,Organic compounds,Organoheterocyclic compounds,Dihydrofurans,Furanones
neg_12852,LysoPE(0:0/18:1(11Z)),HMDB0011475,--,Organic compounds,Lipids and lipid-like molecules,Glycerophospholipids,Glycerophosphoethanolamines
neg_12893,Indinavir,HMDB0014369,150378-17-9,Organic compounds,Organic acids and derivatives,Carboxylic acids and derivatives,"Amino acids, peptides, and analogues"
neg_12915,"PS(22:0/18:2(9Z,12Z))",HMDB0112715,--,Organic compounds,Lipids and lipid-like molecules,Glycerophospholipids,Glycerophosphoserines
neg_12996,Crispanone,HMDB0035286,11053-21-7,Organic compounds,Lipids and lipid-like molecules,Prenol lipids,Sesquiterpenoids
neg_12998,"(13R,14R)-8-Labdene-13,14,15-triol",HMDB0034957,--,Organic compounds,Lipids and lipid-like molecules,Prenol lipids,Diterpenoids
neg_13015,Jasmolone,HMDB0030039,54383-66-3,Organic compounds,Organic oxygen compounds,Organooxygen compounds,Alcohols and polyols
neg_13017,(+)-7-iso-jasmonate,HMDB0303939,--,Organic compounds,Lipids and lipid-like molecules,Fatty Acyls,Lineolic acids and derivatives
neg_13018,Androstene group,HMDB0246369,--,Organic compounds,Lipids and lipid-like molecules,Steroids and steroid derivatives,Androstane steroids
neg_13027,PC(P-18:1(11Z)/PGE1),HMDB0289725,--,--,--,--,--
neg_13031,PE(TXB2/22:1(13Z)),HMDB0283857,--,--,--,--,--
neg_13047,"4,4alpha,5,6-Tetrahydro-7-methyl-2(3H)-naphthalenone",HMDB0039803,34545-88-5,Organic compounds,Organic oxygen compounds,Organooxygen compounds,Carbonyl compounds
neg_13050,8-Heptadecenal,HMDB0041335,56797-41-2,Organic compounds,Lipids and lipid-like molecules,Fatty Acyls,Fatty aldehydes
neg_13062,Annosquamosin A,HMDB0031137,192584-48-8,Organic compounds,Lipids and lipid-like molecules,Prenol lipids,Diterpenoids
neg_13068,Mecinarone,HMDB0254392,--,Organic compounds,Phenylpropanoids and polyketides,"Linear 1,3-diarylpropanoids",Chalcones and dihydrochalcones
neg_13070,13'-Hydroxy-alpha-tocotrienol,HMDB0012560,--,Organic compounds,Lipids and lipid-like molecules,Prenol lipids,Quinone and hydroquinone lipids
neg_13071,DG(13:0/PGF1alpha/0:0),HMDB0295013,--,--,--,--,--
neg_13082,Cucurbitacin A,HMDB0302593,--,Organic compounds,Lipids and lipid-like molecules,Steroids and steroid derivatives,Cucurbitacins
neg_13091,17alpha-Hydroxyprogesterone,HMDB0000374,68-96-2,Organic compounds,Lipids and lipid-like molecules,Steroids and steroid derivatives,Pregnane steroids
neg_13092,Phytosphingosine-1-P,HMDB0012280,--,Organic compounds,Lipids and lipid-like molecules,Sphingolipids,Phosphosphingolipids
neg_13109,"PC(24:1(15Z)/22:6(5Z,7Z,10Z,13Z,16Z,19Z)-OH(4))",HMDB0288774,--,--,--,--,--
neg_13117,Succinate,HMDB0000254,110-15-6,Organic compounds,Organic acids and derivatives,Carboxylic acids and derivatives,Dicarboxylic acids and derivatives
neg_13119,beta-Phellandrene,HMDB0036081,555-10-2,Organic compounds,Lipids and lipid-like molecules,Prenol lipids,Monoterpenoids
neg_13120,Geranic acid,HMDB0036103,459-80-3,Organic compounds,Lipids and lipid-like molecules,Prenol lipids,Monoterpenoids
neg_13132,"LysoPI(20:4(5Z,8Z,11Z,14Z)/0:0)",HMDB0061690,1246430-04-5,Organic compounds,Lipids and lipid-like molecules,Glycerophospholipids,Glycerophosphoinositols
neg_13150,"1-(5Z,8Z,11Z,14Z,17Z-eicosapentaenoyl)-glycero-3-phosphate",HMDB0062308,--,Organic compounds,Lipids and lipid-like molecules,Glycerophospholipids,Glycerophosphates
neg_13157,Calcidiol,HMDB0003550,19356-17-3,Organic compounds,Lipids and lipid-like molecules,Steroids and steroid derivatives,Vitamin D and derivatives
neg_13158,Vamonolide,HMDB0037379,114332-66-0,Organic compounds,Lipids and lipid-like molecules,Steroids and steroid derivatives,Steroid lactones
neg_13159,Caudatin,HMDB0249707,--,Organic compounds,Lipids and lipid-like molecules,Steroids and steroid derivatives,Pregnane steroids
neg_13167,Ethisterone,HMDB0060580,--,Organic compounds,Lipids and lipid-like molecules,Steroids and steroid derivatives,Androstane steroids
neg_13168,11-Dehydrocorticosterone,HMDB0004029,72-23-1,Organic compounds,Lipids and lipid-like molecules,Steroids and steroid derivatives,Hydroxysteroids
neg_13182,"1,2-Dihydroxy-5-(methylthio)pent-1-en-3-one",HMDB0012134,746507-19-7,Organic compounds,Organic oxygen compounds,Organooxygen compounds,Carbonyl compounds
neg_13185,"(8S,9R,10R,13S,14S)-10,13-Dimethyl-4,5,6,7,8,9,11,12,14,15,16,17-dodecahydro-3H-cyclopenta[a]phenanthrene",HMDB0260181,--,Organic compounds,Lipids and lipid-like molecules,Steroids and steroid derivatives,Androstane steroids
neg_13186,isopimaric acid,HMDB0036811,5835-26-7,Organic compounds,Lipids and lipid-like molecules,Prenol lipids,Diterpenoids
neg_13188,16R-HETE,HMDB0004680,--,Organic compounds,Lipids and lipid-like molecules,Fatty Acyls,Eicosanoids
neg_13194,Guggulsterone,HMDB0002726,95975-55-6,Organic compounds,Lipids and lipid-like molecules,Steroids and steroid derivatives,Androstane steroids
neg_13195,Farnesiferol A,HMDB0029488,511-33-1,Organic compounds,Phenylpropanoids and polyketides,Coumarins and derivatives,--
neg_13197,"20alpha,22beta-Dihydroxycholesterol",HMDB0006763,15234-55-6,Organic compounds,Lipids and lipid-like molecules,Steroids and steroid derivatives,"Bile acids, alcohols and derivatives"
neg_13206,PC(P-16:0/PGE1),HMDB0289517,--,--,--,--,--
neg_13214,16-Hydroxypalmitate,HMDB0006294,506-13-8,Organic compounds,Lipids and lipid-like molecules,Fatty Acyls,Fatty acids and conjugates
neg_13217,VIPROSTOL,HMDB0259834,--,Organic compounds,Lipids and lipid-like molecules,Fatty Acyls,Eicosanoids
neg_13224,"SM(d18:2(4E,14Z)/20:4(5Z,8Z,11Z,14Z)-OH(20))",HMDB0290558,--,--,--,--,--
neg_13248,(9Z)-Octadecenoic acid,HMDB0000207,112-80-1,Organic compounds,Lipids and lipid-like molecules,Fatty Acyls,Fatty acids and conjugates
neg_13252,"MG(18:2(9Z,12Z)/0:0/0:0)",HMDB0011568,67968-46-1,Organic compounds,Lipids and lipid-like molecules,Fatty Acyls,Lineolic acids and derivatives
neg_13266,DG(8:0/5-iso PGF2VI/0:0),HMDB0297151,--,--,--,--,--
neg_13272,"D-1-Deoxy-erythro-hexo-2,3-diulose",HMDB0029934,--,Organic compounds,Organic oxygen compounds,Organooxygen compounds,Carbohydrates and carbohydrate conjugates
neg_13276,3-Hydroxy-1-phenyl-1-heptadecanone,HMDB0035678,--,Organic compounds,Lipids and lipid-like molecules,Fatty Acyls,Fatty alcohols
neg_13283,APGPR Enterostatin,HMDB0006117,117830-79-2,Organic compounds,Benzenoids,Benzene and substituted derivatives,Benzoyl derivatives
neg_13284,LysoPE(0:0/20:0),HMDB0011481,--,Organic compounds,Lipids and lipid-like molecules,Glycerophospholipids,Glycerophosphoethanolamines
neg_13324,PE(22:1(13Z)/24:0),HMDB0009541,--,Organic compounds,Lipids and lipid-like molecules,Glycerophospholipids,Glycerophosphoethanolamines
neg_13328,Methyl sterculate,HMDB0254613,--,Organic compounds,Lipids and lipid-like molecules,Fatty Acyls,Fatty acid esters
neg_13332,"LysoPC(20:2(11Z,14Z)/0:0)",HMDB0010392,--,Organic compounds,Lipids and lipid-like molecules,Glycerophospholipids,Glycerophosphocholines
neg_13338,15(S)-Hydroxyeicosatrienoic acid,HMDB0005045,13-16-1,Organic compounds,Lipids and lipid-like molecules,Fatty Acyls,Eicosanoids
neg_13340,Lupinine,HMDB0304704,--,Organic compounds,Alkaloids and derivatives,Lupin alkaloids,"Sparteine, lupanine, and related alkaloids"
neg_13343,Cholesterol glutamate,HMDB0250171,--,Organic compounds,Lipids and lipid-like molecules,Steroids and steroid derivatives,Cholestane steroids
neg_13347,Avenestergenin A1,HMDB0035264,90578-35-1,Organic compounds,Lipids and lipid-like molecules,Prenol lipids,Triterpenoids
neg_13349,Moxidectin,HMDB0242623,--,Organic compounds,Phenylpropanoids and polyketides,Macrolides and analogues,Milbemycins
neg_13353,26-Deoxyactein,HMDB0245709,--,Organic compounds,Lipids and lipid-like molecules,Steroids and steroid derivatives,Cycloartanols and derivatives
neg_13366,"5,10-Pentadecadien-1-ol",HMDB0031111,--,Organic compounds,Lipids and lipid-like molecules,Fatty Acyls,Fatty alcohols
neg_13372,Testosterone propionate,HMDB0015489,57-85-2,Organic compounds,Lipids and lipid-like molecules,Steroids and steroid derivatives,Steroid esters
neg_13373,Carboprost Tromethamine,HMDB0014573,58551-69-2,Organic compounds,Lipids and lipid-like molecules,Fatty Acyls,Eicosanoids
neg_13374,Periplogenin,HMDB0256345,--,Organic compounds,Lipids and lipid-like molecules,Steroids and steroid derivatives,Steroid lactones
neg_13376,"(1R,3R)-5-[(2E)-2-[(3As,7aS)-1-[(1R)-1-[(2S)-3-hydroxy-2,3-dimethylbutoxy]ethyl]-7a-methyl-2,3,3a,5,6,7-hexahydro-1H-inden-4-ylidene]ethylidene]-2-methylidenecyclohexane-1,3-diol",HMDB0260071,--,Organic compounds,Lipids and lipid-like molecules,Steroids and steroid derivatives,Vitamin D and derivatives
neg_13378,Homocastasterone,HMDB0253202,--,Organic compounds,Lipids and lipid-like molecules,Steroids and steroid derivatives,Stigmastanes and derivatives
neg_13386,PC(24:0/PGE2),HMDB0288618,--,--,--,--,--
neg_13391,Inecalcitol,HMDB0242665,--,Organic compounds,Lipids and lipid-like molecules,Steroids and steroid derivatives,Vitamin D and derivatives
neg_13392,"24-Oxo-1alpha,23,25-trihydroxyvitamin D3",HMDB0060129,--,Organic compounds,Lipids and lipid-like molecules,Steroids and steroid derivatives,Vitamin D and derivatives
neg_13402,2-Hydroxy-2-ethylsuccinic acid,HMDB0059758,--,Organic compounds,Lipids and lipid-like molecules,Fatty Acyls,Fatty acids and conjugates
neg_13403,(Z)-6-Octadecenoic acid,HMDB0304458,--,Organic compounds,Lipids and lipid-like molecules,Fatty Acyls,Fatty acids and conjugates
neg_13406,"24,25,26,27-Tetranor-23-oxo-hydroxyvitamin D3",HMDB0060114,--,Organic compounds,Lipids and lipid-like molecules,Steroids and steroid derivatives,Vitamin D and derivatives
neg_13407,RIOPROSTIL,HMDB0257238,--,Organic compounds,Lipids and lipid-like molecules,Fatty Acyls,Fatty alcohols
neg_13408,Annocherin A,HMDB0033399,218281-62-0,Organic compounds,Phenylpropanoids and polyketides,Flavonoids,Flavonoid glycosides
neg_13430,Nordeoxycholic acid,HMDB0304947,--,Organic compounds,Lipids and lipid-like molecules,Steroids and steroid derivatives,"Bile acids, alcohols and derivatives"
neg_13431,Ascorbyl stearate,HMDB0038242,10605-09-1,Organic compounds,Lipids and lipid-like molecules,Fatty Acyls,Fatty acid esters
neg_13432,"5b-Cholestane-3a,7a,12a,23-Tetrol",HMDB0001968,30673-09-7,Organic compounds,Lipids and lipid-like molecules,Fatty Acyls,Eicosanoids
neg_13433,2-Cyclotetradecen-1-one,HMDB0039884,55395-12-5,Organic compounds,Organic oxygen compounds,Organooxygen compounds,Carbonyl compounds
neg_13438,"1,2-Ethanediol monoricinoleate",HMDB0252073,--,Organic compounds,Lipids and lipid-like molecules,Fatty Acyls,Fatty alcohols
neg_13439,Himbacine,HMDB0253171,--,Organic compounds,Organoheterocyclic compounds,Naphthofurans,--
neg_13441,Goshuyic acid,HMDB0000560,39039-37-7,Organic compounds,Lipids and lipid-like molecules,Fatty Acyls,Fatty acids and conjugates
neg_13451,Momordol,HMDB0029804,189156-42-1,Organic compounds,Lipids and lipid-like molecules,Fatty Acyls,Fatty alcohols
neg_13452,"(6alpha,22E)-6-Hydroxy-4,7,22-ergostatrien-3-one",HMDB0037380,114020-59-6,Organic compounds,Lipids and lipid-like molecules,Steroids and steroid derivatives,Ergostane steroids
neg_13469,MG(0:0/22:1(13Z)/0:0),HMDB0011552,--,Organic compounds,Lipids and lipid-like molecules,Glycerolipids,Monoradylglycerols
neg_13472,DG(8:0/16:0/0:0),HMDB0092923,--,Organic compounds,Lipids and lipid-like molecules,Glycerolipids,Diradylglycerols
neg_13487,"7a,17-dimethyl-5b-Androstane-3a,17b-diol",HMDB0006013,13611-10-4,Organic compounds,Lipids and lipid-like molecules,Steroids and steroid derivatives,Androstane steroids
neg_13499,D-Xylonate,HMDB0242170,--,Organic compounds,Organic oxygen compounds,Organooxygen compounds,Carbohydrates and carbohydrate conjugates
neg_13504,"(3beta,22R,23R,24S)-3,22,23-Trihydroxystigmastan-6-one",HMDB0039713,90524-90-6,Organic compounds,Lipids and lipid-like molecules,Steroids and steroid derivatives,Stigmastanes and derivatives
neg_13513,Leukotriene A4,HMDB0001337,72059-45-1,Organic compounds,Lipids and lipid-like molecules,Fatty Acyls,Fatty acids and conjugates
neg_13514,Siderol,HMDB0034944,19885-22-4,Organic compounds,Lipids and lipid-like molecules,Prenol lipids,Diterpenoids
neg_13518,"20, 22-Dihydrodigoxigenin",HMDB0060730,--,Organic compounds,Lipids and lipid-like molecules,Steroids and steroid derivatives,Steroid lactones
neg_13535,LysoPE(0:0/22:1(13Z)),HMDB0011491,--,Organic compounds,Lipids and lipid-like molecules,Glycerophospholipids,Glycerophosphoethanolamines
neg_13557,Dodecanoylcarnitine,HMDB0002250,25518-54-1,Organic compounds,Lipids and lipid-like molecules,Fatty Acyls,Fatty acid esters
neg_13570,(R)-3-Hydroxy-Octadecanoic acid,HMDB0010737,--,Organic compounds,Lipids and lipid-like molecules,Fatty Acyls,Fatty acids and conjugates
neg_13572,Aragest,HMDB0248561,--,Organic compounds,Lipids and lipid-like molecules,Steroids and steroid derivatives,Pregnane steroids
neg_13574,1-O-Isopentyl-3-O-octadec-2-enoyl glycerol,HMDB0302897,--,Organic compounds,Lipids and lipid-like molecules,Glycerolipids,Diradylglycerols
neg_13578,PS(18:1(9Z)/0:0),HMDB0240603,89319-60-8,Organic compounds,Lipids and lipid-like molecules,Glycerophospholipids,Glycerophosphoserines
neg_13581,Cer(d16:1/PGJ2),HMDB0289853,--,--,--,--,--
neg_13590,"5-(1,1-Dimethylheptyl)-2-[5-hydroxy-2-(3-hydroxypropyl)cyclohexyl]phenol",HMDB0247502,--,Organic compounds,Benzenoids,Benzene and substituted derivatives,Cyclohexylphenols
neg_13599,Cyclopassifloic acid E,HMDB0036298,301540-74-9,Organic compounds,Lipids and lipid-like molecules,Steroids and steroid derivatives,Cycloartanols and derivatives
neg_13615,"PE-NMe2(18:3(9Z,12Z,15Z)/24:0)",HMDB0114150,--,Organic compounds,Lipids and lipid-like molecules,Glycerophospholipids,Glycerophosphoethanolamines
neg_13683,Kinetensin 4-8,HMDB0012987,138482-58-3,Organic compounds,Organic acids and derivatives,Carboxylic acids and derivatives,"Amino acids, peptides, and analogues"
neg_13694,Sagittariol,HMDB0036835,56497-92-8,Organic compounds,Lipids and lipid-like molecules,Prenol lipids,Diterpenoids
neg_13697,"5a-Cholestane-3a,7a,12a,25-tetrol",HMDB0000520,60257-29-6,Organic compounds,Lipids and lipid-like molecules,Glycerophospholipids,Glycerophosphoethanolamines
neg_13710,"PC(24:1(15Z)/22:6(4Z,7Z,10Z,13E,15E,19Z)-OH(17))",HMDB0288780,--,--,--,--,--
neg_13711,"MG(0:0/18:3(9Z,12Z,15Z)/0:0)",HMDB0011540,--,Organic compounds,Lipids and lipid-like molecules,Fatty Acyls,Lineolic acids and derivatives
neg_13714,Veratramine,HMDB0259781,--,Organic compounds,Benzenoids,Fluorenes,--
neg_13718,Erythromycin C,HMDB0251935,--,Organic compounds,Organic oxygen compounds,Organooxygen compounds,Carbohydrates and carbohydrate conjugates
neg_13740,Methyl 8-[3-(2-hydroxyoctyl)oxiran-2-yl]octanoate,HMDB0246127,--,Organic compounds,Lipids and lipid-like molecules,Fatty Acyls,Fatty alcohols
neg_13742,2-Arachidonoylglycerol,HMDB0004666,53847-30-6,Organic compounds,Lipids and lipid-like molecules,Endocannabinoids,--
neg_13743,Palmitoyl glucuronide,HMDB0010331,--,Organic compounds,Lipids and lipid-like molecules,Fatty Acyls,Fatty acyl glycosides
neg_13747,LysoPE(0:0/18:0),HMDB0011129,899443-67-5,Organic compounds,Lipids and lipid-like molecules,Glycerophospholipids,Glycerophosphoethanolamines
neg_13749,DG(12:0/PGF1alpha/0:0),HMDB0294805,--,--,--,--,--
neg_13759,Epoxyeicosatrienoic acid,HMDB0251881,--,Organic compounds,Lipids and lipid-like molecules,Fatty Acyls,Lineolic acids and derivatives
neg_13760,"4alpha-Methyl-5alpha-ergosta-8,14,24(28)-trien-3beta-ol",HMDB0304204,--,Organic compounds,Lipids and lipid-like molecules,Steroids and steroid derivatives,Ergostane steroids
neg_13764,"1-Octadecanoyl-2-(5Z,8Z,11Z,14Z-eicosatetraenoyl)-sn-glycero-3-phosphoethanolamine",HMDB0009003,61216-62-4,Organic compounds,Lipids and lipid-like molecules,Glycerophospholipids,Glycerophosphoethanolamines
neg_13781,"17alpha,21-Dihydroxypregnenolone",HMDB0006762,1167-48-2,Organic compounds,Lipids and lipid-like molecules,Steroids and steroid derivatives,Hydroxysteroids
neg_13782,"10,20-Dihydroxyeicosanoic acid",HMDB0031923,120727-26-6,Organic compounds,Lipids and lipid-like molecules,Fatty Acyls,Fatty acids and conjugates
neg_13783,20-HETE ethanolamide,HMDB0013630,942069-11-6,Organic compounds,Organic nitrogen compounds,Organonitrogen compounds,Amines
neg_13788,"DG(16:0/0:0/20:3(8Z,11Z,14Z)-2OH(5,6))",HMDB0295485,--,--,--,--,--
neg_13794,19-Oxotestosterone,HMDB0003959,4075-13-2,Organic compounds,Lipids and lipid-like molecules,Steroids and steroid derivatives,Androstane steroids
neg_13795,Deoxycholic acid,HMDB0000626,83-44-3,Organic compounds,Lipids and lipid-like molecules,Steroids and steroid derivatives,"Bile acids, alcohols and derivatives"
neg_13796,"1-a,24R,25-Trihydroxyvitamin D2",HMDB0006227,--,Organic compounds,Lipids and lipid-like molecules,Steroids and steroid derivatives,Vitamin D and derivatives
neg_13799,PG(18:0/LTE4),HMDB0268797,--,--,--,--,--
neg_13808,"7,8-Dehydro-3,4-dihydro-beta-ionol",HMDB0036184,57069-86-0,Organic compounds,Lipids and lipid-like molecules,Prenol lipids,Sesquiterpenoids
neg_13812,Palmitoyl Ara-C,HMDB0256087,--,Organic compounds,"Nucleosides, nucleotides, and analogues",Pyrimidine nucleosides,--
neg_13829,PE(16:0/18:0),HMDB0008925,--,Organic compounds,Lipids and lipid-like molecules,Glycerophospholipids,Glycerophosphoethanolamines
neg_13831,"PE(20:0/18:1(12Z)-2OH(9,10))",HMDB0261872,--,--,--,--,--
neg_13832,"PC(P-18:0/18:1(12Z)-O(9S,10R))",HMDB0289585,--,--,--,--,--
neg_13850,13'-Carboxy-alpha-tocopherol,HMDB0012555,--,Organic compounds,Lipids and lipid-like molecules,Prenol lipids,Quinone and hydroquinone lipids
neg_13860,"DG(20:4(8Z,11Z,14Z,17Z)-2OH(5S,6R)/18:0/0:0)",HMDB0295964,--,--,--,--,--
neg_13871,Castasterone,HMDB0301789,80736-41-0,Organic compounds,Lipids and lipid-like molecules,Steroids and steroid derivatives,"Bile acids, alcohols and derivatives"
neg_13873,6-Deoxocastasterone,HMDB0033984,87833-54-3,Organic compounds,Lipids and lipid-like molecules,Steroids and steroid derivatives,"Bile acids, alcohols and derivatives"
neg_13886,"1alpha,23(S),25-trihydroxyvitamin D3",HMDB0062686,86701-33-9,Organic compounds,Lipids and lipid-like molecules,Steroids and steroid derivatives,Vitamin D and derivatives
neg_13889,"PC(24:0/20:4(5Z,8Z,11Z,13E)-OH(15S))",HMDB0288610,--,--,--,--,--
neg_13892,"alpha,alpha-Dimethylphenethyl formate",HMDB0036235,10058-43-2,Organic compounds,Benzenoids,Benzene and substituted derivatives,Phenylpropanes
neg_13907,(Cyclohexylmethyl)pyrazine,HMDB0036175,28217-92-7,Organic compounds,Organoheterocyclic compounds,Diazines,Pyrazines
neg_13910,Octadecanoic acid,HMDB0000827,1957/11/4,Organic compounds,Lipids and lipid-like molecules,Fatty Acyls,Fatty acids and conjugates
neg_13914,Ginkgolic Acid,HMDB0033897,22910-60-7,Organic compounds,Benzenoids,Benzene and substituted derivatives,Benzoic acids and derivatives
neg_13938,Cytidine,HMDB0000089,65-46-3,Organic compounds,"Nucleosides, nucleotides, and analogues",Pyrimidine nucleosides,--
neg_1396,Dimethylglycine,HMDB0000092,1118-68-9,Organic compounds,Organic acids and derivatives,Carboxylic acids and derivatives,"Amino acids, peptides, and analogues"
neg_13970,Ganglioside GM3 (d18:0/16:0),HMDB0011915,--,Organic compounds,Lipids and lipid-like molecules,Sphingolipids,Glycosphingolipids
neg_13991,"PS(24:0/22:6(4Z,8Z,10Z,13Z,16Z,19Z)-OH(7))",HMDB0283681,--,--,--,--,--
neg_13999,"Ethyl (2E,6Z)-dodecadienoate",HMDB0031015,28380-08-7,Organic compounds,Lipids and lipid-like molecules,Fatty Acyls,Fatty acid esters
neg_14006,22-Angeloylbarringtogenol C,HMDB0032835,200492-43-9,Organic compounds,Lipids and lipid-like molecules,Prenol lipids,Triterpenoids
neg_14017,"PE(P-18:1(11Z)/22:6(5Z,7Z,10Z,13Z,16Z,19Z)-OH(4))",HMDB0285454,--,--,--,--,--
neg_14021,"(16R,17R)-3-Cyclopentyloxy-17-ethynyl-13-methyl-7,8,9,11,12,14,15,16-octahydro-6H-cyclopenta[a]phenanthrene-16,17-diol",HMDB0242295,--,Organic compounds,Lipids and lipid-like molecules,Steroids and steroid derivatives,Estrane steroids
neg_14026,"PE(22:4(7Z,10Z,13Z,16Z)/24:0)",HMDB0009606,--,Organic compounds,Lipids and lipid-like molecules,Glycerophospholipids,Glycerophosphoethanolamines
neg_1403,Ornithine,HMDB0000214,3184-13-2,Organic compounds,Organic acids and derivatives,Carboxylic acids and derivatives,"Amino acids, peptides, and analogues"
neg_14037,Piperitol,HMDB0035838,491-04-3,Organic compounds,Lipids and lipid-like molecules,Prenol lipids,Monoterpenoids
neg_14039,Arachidonoyl Serinol,HMDB0013650,183718-70-9,Organic compounds,Lipids and lipid-like molecules,Fatty Acyls,Fatty amides
neg_14044,Sapacitabine,HMDB0257481,--,Organic compounds,"Nucleosides, nucleotides, and analogues",Pyrimidine nucleosides,Pyrimidine 2'-deoxyribonucleosides
neg_14047,Lyciumoside I,HMDB0039577,150396-00-2,Organic compounds,Lipids and lipid-like molecules,Prenol lipids,Terpene glycosides
neg_1405,L-Glutamate,HMDB0000148,56-86-0,Organic compounds,Organic acids and derivatives,Carboxylic acids and derivatives,"Amino acids, peptides, and analogues"
neg_14058,Tetrahydrocorticosterone,HMDB0000268,68-42-8,Organic compounds,Lipids and lipid-like molecules,Steroids and steroid derivatives,Hydroxysteroids
neg_14066,CDP-DG(a-17:0/i-22:0),HMDB0116113,--,Organic compounds,Lipids and lipid-like molecules,Glycerophospholipids,CDP-glycerols
neg_14067,Nervonic acid,HMDB0002368,506-37-6,Organic compounds,Lipids and lipid-like molecules,Fatty Acyls,Fatty acids and conjugates
neg_14079,Colistin A,HMDB0250405,--,Organic compounds,Organic Polymers,Polypeptides,--
neg_14081,Stearic acid,HMDB0000827,1957/11/4,Organic compounds,Lipids and lipid-like molecules,Fatty Acyls,Fatty acids and conjugates
neg_14084,docosanedioate,HMDB0304342,--,Organic compounds,Lipids and lipid-like molecules,Fatty Acyls,Fatty acids and conjugates
neg_14088,3-epi-6-deoxocathasterone,HMDB0304128,--,Organic compounds,Lipids and lipid-like molecules,Steroids and steroid derivatives,"Bile acids, alcohols and derivatives"
neg_14095,"(15S)-15-Hydroxy-5,8,11-cis-13-trans-eicosatetraenoate",HMDB0003876,54845-95-3,Organic compounds,Lipids and lipid-like molecules,Fatty Acyls,Eicosanoids
neg_14097,MEDICA 16,HMDB0254402,--,Organic compounds,Lipids and lipid-like molecules,Fatty Acyls,Fatty acids and conjugates
neg_14098,Dodecadienoic acid,HMDB0302621,--,Organic compounds,Lipids and lipid-like molecules,Fatty Acyls,Fatty acids and conjugates
neg_1410,3-Dehydroquinate,HMDB0012710,10534-44-8,Organic compounds,Organic acids and derivatives,Hydroxy acids and derivatives,Alpha hydroxy acids and derivatives
neg_14105,1-hexadecyl-glycero-3-phosphate,HMDB0062325,--,Organic compounds,Lipids and lipid-like molecules,Glycerophospholipids,Glycerophosphates
neg_14107,Surfactin,HMDB0258632,--,Organic compounds,Organic acids and derivatives,Peptidomimetics,Depsipeptides
neg_1411,D-Xylose,HMDB0000098,58-86-6,Organic compounds,Organic oxygen compounds,Organooxygen compounds,Carbohydrates and carbohydrate conjugates
neg_1412,N-Hydroxy-L-tyrosine,HMDB0038750,64448-49-3,Organic compounds,Organic acids and derivatives,Carboxylic acids and derivatives,"Amino acids, peptides, and analogues"
neg_14120,Oleic Acid ethyl ester,HMDB0034451,111-62-6,Organic compounds,Lipids and lipid-like molecules,Fatty Acyls,Fatty acid esters
neg_14130,S-(9-hydroxy-PGA1)-glutathione,HMDB0013059,--,Organic compounds,Organic acids and derivatives,Carboxylic acids and derivatives,"Amino acids, peptides, and analogues"
neg_14156,CDP-DG(PGF2alpha/18:0),HMDB0291002,--,--,--,--,--
neg_14169,"MG(20:3(6,8,11)-OH(5)/0:0/0:0)",HMDB0260512,--,--,--,--,--
neg_14185,LysoPI(0:0/18:0),HMDB0061704,1913287-87-2,Organic compounds,Lipids and lipid-like molecules,Glycerophospholipids,Glycerophosphoinositols
neg_1419,N-(1-Deoxy-1-fructosyl)alanine,HMDB0038662,16124-24-6,Organic compounds,Organic oxygen compounds,Organooxygen compounds,Carbohydrates and carbohydrate conjugates
neg_14197,2-Phosphonopropionic acid,HMDB0245296,--,Organic compounds,Organic acids and derivatives,Organic phosphonic acids and derivatives,Organic phosphonic acids
neg_14198,MG(18:0/0:0/0:0),HMDB0011131,22610-61-3,Organic compounds,Lipids and lipid-like molecules,Glycerolipids,Monoradylglycerols
neg_14200,"DG(2:0/18:1(12Z)-2OH(9,10)/0:0)",HMDB0296963,--,--,--,--,--
neg_14215,CPA(18:1(11Z)/0:0),HMDB0007005,--,Organic compounds,Lipids and lipid-like molecules,Glycerophospholipids,Glycerophosphates
neg_14216,(S)-Menthone 8-thioacetate,HMDB0037386,57129-12-1,Organic compounds,Lipids and lipid-like molecules,Prenol lipids,Monoterpenoids
neg_14222,TetraHCA,HMDB0062534,--,Organic compounds,Lipids and lipid-like molecules,Steroids and steroid derivatives,"Bile acids, alcohols and derivatives"
neg_14232,"PS(24:0/22:6(4Z,7Z,10Z,13E,15E,19Z)-OH(17))",HMDB0283685,--,--,--,--,--
neg_14233,Docosanedioic acid,HMDB0242127,--,Organic compounds,Lipids and lipid-like molecules,Fatty Acyls,Fatty acids and conjugates
neg_14234,"3b,12a-Dihydroxy-5a-cholanoic acid",HMDB0000348,2569/4/2,Organic compounds,Lipids and lipid-like molecules,Steroids and steroid derivatives,"Bile acids, alcohols and derivatives"
neg_14236,LysoPC(P-18:0/0:0),HMDB0013122,--,Organic compounds,Lipids and lipid-like molecules,Glycerophospholipids,Glycerophosphocholines
neg_14243,24-Methylenelophenol,HMDB0006846,1176-52-9,Organic compounds,Lipids and lipid-like molecules,Steroids and steroid derivatives,Ergostane steroids
neg_14249,Vindoline,HMDB0259814,--,Organic compounds,Alkaloids and derivatives,Plumeran-type alkaloids,--
neg_14257,"DG(17:0/20:3(5Z,8Z,11Z)-O(14R,15S)/0:0)",HMDB0295599,--,--,--,--,--
neg_14259,13-HODE,HMDB0004667,29623-28-7,Organic compounds,Lipids and lipid-like molecules,Fatty Acyls,Lineolic acids and derivatives
neg_14261,6-pentadecyl Salicylic Acid,HMDB0029683,16611-84-0,Organic compounds,Benzenoids,Benzene and substituted derivatives,Benzoic acids and derivatives
neg_14268,Nicotinamide-beta-riboside,HMDB0000855,1341-23-7,Organic compounds,Organic oxygen compounds,Organooxygen compounds,Carbohydrates and carbohydrate conjugates
neg_14272,Polymyxin M,HMDB0256684,--,Organic compounds,Organic Polymers,Polypeptides,--
neg_14280,LysoPE(0:0/22:0),HMDB0011490,--,Organic compounds,Lipids and lipid-like molecules,Glycerophospholipids,Glycerophosphoethanolamines
neg_14297,1-Nonene,HMDB0031270,124-11-8,Organic compounds,Hydrocarbons,Unsaturated hydrocarbons,Unsaturated aliphatic hydrocarbons
neg_14299,Eicosapentaenoic acid,HMDB0001999,10417-94-4,Organic compounds,Lipids and lipid-like molecules,Fatty Acyls,Fatty acids and conjugates
neg_14301,Heneicosanoic acid,HMDB0002345,2363-71-5,Organic compounds,Lipids and lipid-like molecules,Fatty Acyls,Fatty acids and conjugates
neg_14303,Nabilone,HMDB0014629,51022-71-0,Organic compounds,Organoheterocyclic compounds,Naphthopyrans,Naphthopyranones
neg_14306,22alpha-Hydroxy-campest-4-en-3-one,HMDB0012113,208586-81-6,Organic compounds,Lipids and lipid-like molecules,Steroids and steroid derivatives,"Bile acids, alcohols and derivatives"
neg_14320,Torulene,HMDB0304501,--,Organic compounds,Lipids and lipid-like molecules,Prenol lipids,Tetraterpenoids
neg_14321,Dynorphin B (6-9),HMDB0012937,--,Organic compounds,Organic acids and derivatives,Carboxylic acids and derivatives,"Amino acids, peptides, and analogues"
neg_14329,2-hydroxyhexadecanoic acid,HMDB0031057,16452-52-1,Organic compounds,Lipids and lipid-like molecules,Fatty Acyls,Fatty acids and conjugates
neg_14332,Nalbuphine,HMDB0014982,20594-83-6,Organic compounds,Benzenoids,Phenanthrenes and derivatives,--
neg_1434,dGMP,HMDB0001044,902-04-5,Organic compounds,"Nucleosides, nucleotides, and analogues",Purine nucleotides,Purine deoxyribonucleotides
neg_14342,gamma-Linolenic acid,HMDB0003073,506-26-3,Organic compounds,Lipids and lipid-like molecules,Fatty Acyls,Lineolic acids and derivatives
neg_14347,Petasalbin,HMDB0035639,4176/11/8,Organic compounds,Lipids and lipid-like molecules,Prenol lipids,Sesquiterpenoids
neg_14353,1-(9Z-tetradecenoyl)-glycero-3-phosphate,HMDB0062311,--,Organic compounds,Lipids and lipid-like molecules,Glycerophospholipids,Glycerophosphates
neg_14356,Avocadene,HMDB0031042,83797-45-9,Organic compounds,Lipids and lipid-like molecules,Fatty Acyls,Fatty alcohols
neg_14357,"N-(1,3-Dihydroxyoctadec-4-en-2-yl)acetamide",HMDB0247781,--,Organic compounds,Lipids and lipid-like molecules,Sphingolipids,Ceramides
neg_14358,Tetracosapentaenoic acid (24:5n-3),HMDB0006323,--,Organic compounds,Lipids and lipid-like molecules,Fatty Acyls,Fatty acids and conjugates
neg_14367,"TG(14:0/18:3(6Z,9Z,12Z)/22:6(4Z,7Z,10Z,13Z,16Z,19Z))",HMDB0042569,--,Organic compounds,Lipids and lipid-like molecules,Glycerolipids,Triradylcglycerols
neg_14380,Pregnenolone,HMDB0000253,145-13-1,Organic compounds,Lipids and lipid-like molecules,Steroids and steroid derivatives,Pregnane steroids
neg_14384,1-Formylneogrifolin,HMDB0039880,--,Organic compounds,Lipids and lipid-like molecules,Prenol lipids,Sesquiterpenoids
neg_14386,Cortol,HMDB0003180,516-38-1,Organic compounds,Lipids and lipid-like molecules,Steroids and steroid derivatives,Hydroxysteroids
neg_14391,6-beta-hydroxydexamethasone,HMDB0061022,--,Organic compounds,Lipids and lipid-like molecules,Steroids and steroid derivatives,Hydroxysteroids
neg_14402,Laurocapram,HMDB0253992,--,Organic compounds,Organoheterocyclic compounds,Lactams,Caprolactams
neg_14407,Deoxypyridinoline,HMDB0000569,83462-55-9,Organic compounds,Organic acids and derivatives,Carboxylic acids and derivatives,"Amino acids, peptides, and analogues"
neg_14409,21-Desacetyl Deflazacort,HMDB0245604,--,Organic compounds,Lipids and lipid-like molecules,Steroids and steroid derivatives,Hydroxysteroids
neg_14410,LysoPC(18:0/0:0),HMDB0010384,19420-57-6,Organic compounds,Lipids and lipid-like molecules,Glycerophospholipids,Glycerophosphocholines
neg_14413,Ser-Leu-Ile-Gly-Lys-Val,HMDB0250013,--,Organic compounds,Organic acids and derivatives,Carboxylic acids and derivatives,"Amino acids, peptides, and analogues"
neg_14425,xi-5-Dodecanolide,HMDB0037742,3051-22-7,Organic compounds,Organoheterocyclic compounds,Lactones,Delta valerolactones
neg_14426,Zerumbodienone,HMDB0303117,--,Organic compounds,Lipids and lipid-like molecules,Prenol lipids,Sesquiterpenoids
neg_14430,PE(P-18:0/PGE2),HMDB0285298,--,--,--,--,--
neg_14431,2-Pentadecylfuran,HMDB0033609,59958-20-2,Organic compounds,Organoheterocyclic compounds,Heteroaromatic compounds,--
neg_14433,Chaps,HMDB0249881,--,Organic compounds,Lipids and lipid-like molecules,Steroids and steroid derivatives,"Bile acids, alcohols and derivatives"
neg_14435,"(1R,6R)-6-Hydroxy-2-succinylcyclohexa-2,4-diene-1-carboxylate",HMDB0303951,--,Organic compounds,Organic acids and derivatives,Keto acids and derivatives,Gamma-keto acids and derivatives
neg_14436,Epimetendiol,HMDB0006012,132830-78-5,Organic compounds,Lipids and lipid-like molecules,Steroids and steroid derivatives,Androstane steroids
neg_14438,Methyl-[12]-gingerdiol,HMDB0303110,--,Organic compounds,Lipids and lipid-like molecules,Fatty Acyls,Fatty alcohols
neg_14440,N-Oleoyl Asparagine,HMDB0241955,--,Organic compounds,Organic acids and derivatives,Carboxylic acids and derivatives,"Amino acids, peptides, and analogues"
neg_14446,PE(PGE1/P-18:0),HMDB0285367,--,--,--,--,--
neg_14472,3-Methyl-5-pentyl-2-furanpentadecanoic acid,HMDB0112082,116627-44-2,Organic compounds,Lipids and lipid-like molecules,Fatty Acyls,Fatty acids and conjugates
neg_14483,9-Fluoroprednisolone,HMDB0247595,--,Organic compounds,Lipids and lipid-like molecules,Steroids and steroid derivatives,Hydroxysteroids
neg_14490,"PE(22:0/20:3(8Z,11Z,14Z)-2OH(5,6))",HMDB0283756,--,--,--,--,--
neg_14497,"cis-9,10-Epoxystearic acid",HMDB0247617,--,Organic compounds,Lipids and lipid-like molecules,Fatty Acyls,Lineolic acids and derivatives
neg_14530,Erucoylacetone,HMDB0035951,--,Organic compounds,Organic oxygen compounds,Organooxygen compounds,Carbonyl compounds
neg_14531,all-trans-Retinoyl-beta-glucuronide,HMDB0003141,401-10-5,Organic compounds,Lipids and lipid-like molecules,Prenol lipids,Terpene glycosides
neg_14559,Docosahexaenoicacid(DHA),HMDB0244316,--,Organic compounds,Lipids and lipid-like molecules,Fatty Acyls,Fatty acids and conjugates
neg_14566,Persicaxanthin,HMDB0034952,80952-82-5,Organic compounds,Lipids and lipid-like molecules,Prenol lipids,Diterpenoids
neg_14575,"5,10-Methenyltetrahydrofolate",HMDB0001354,7444-29-3,Organic compounds,Organoheterocyclic compounds,Pteridines and derivatives,Pterins and derivatives
neg_14609,N-Undecylbenzenesulfonic acid,HMDB0032549,50854-94-9,Organic compounds,Benzenoids,Benzene and substituted derivatives,Benzenesulfonic acids and derivatives
neg_14611,RU-0211,HMDB0015180,136790-76-6,Organic compounds,Lipids and lipid-like molecules,Fatty Acyls,Eicosanoids
neg_14613,beta-Elemolic acid,HMDB0034961,28282-54-4,Organic compounds,Lipids and lipid-like molecules,Prenol lipids,Triterpenoids
neg_14633,"MG(18:1(12Z)-2OH(9,10)/0:0/0:0)",HMDB0260490,--,--,--,--,--
neg_14668,"5,7,24(28)-Ergostatrienol",HMDB0060404,--,Organic compounds,"Nucleosides, nucleotides, and analogues",5'-deoxyribonucleosides,--
neg_14680,11Z-Eicosenoic acid,HMDB0002231,5561-99-9,Organic compounds,Lipids and lipid-like molecules,Fatty Acyls,Fatty acids and conjugates
neg_14681,Polyoxyethylene 40 monostearate,HMDB0032477,9004-99-3,Organic compounds,Lipids and lipid-like molecules,Fatty Acyls,Fatty acid esters
neg_14686,"PE(20:0/20:4(5Z,8Z,11Z,14Z)-OH(20))",HMDB0261822,--,--,--,--,--
neg_14691,3-Butyn-1-al,HMDB0006853,52844-23-2,Organic compounds,Organic oxygen compounds,Organooxygen compounds,Carbonyl compounds
neg_14694,"3alpha,7alpha-Dihydroxy-5beta-cholestane",HMDB0006893,3862-26-8,Organic compounds,Lipids and lipid-like molecules,Steroids and steroid derivatives,Cholestane steroids
neg_14695,"(3alpha,5alpha,22R,23R)-Cholestane-3,22,23-triol",HMDB0039463,378795-16-5,Organic compounds,Lipids and lipid-like molecules,Prenol lipids,Quinone and hydroquinone lipids
neg_14703,"1-Octadecanoyl-2-(7Z,10Z,13Z,16Z-docosatetraenoyl)-sn-glycero-3-phosphoethanolamine",HMDB0009009,--,Organic compounds,Lipids and lipid-like molecules,Glycerophospholipids,Glycerophosphoethanolamines
neg_14704,PE(20:0/PGJ2),HMDB0261850,--,--,--,--,--
neg_1471,UDP,HMDB0000295,58-98-0,Organic compounds,"Nucleosides, nucleotides, and analogues",Pyrimidine nucleotides,Pyrimidine ribonucleotides
neg_14725,20alpha-Hydroxy-4-pregnen-3-one,HMDB0003069,145-14-2,Organic compounds,Lipids and lipid-like molecules,Steroids and steroid derivatives,Pregnane steroids
neg_14727,25-Hydroxy-24-oxocholecalciferol,HMDB0245686,--,Organic compounds,Lipids and lipid-like molecules,Steroids and steroid derivatives,Vitamin D and derivatives
neg_14741,"PC(P-18:1(11Z)/18:3(10,12,15)-OH(9))",HMDB0289721,--,--,--,--,--
neg_14761,Oleoylethanolamide,HMDB0002088,111-58-0,Organic compounds,Organic nitrogen compounds,Organonitrogen compounds,Amines
neg_14762,Cyclomammeisin,HMDB0030710,30563-62-3,Organic compounds,Phenylpropanoids and polyketides,Neoflavonoids,Prenylated neoflavonoids
neg_14787,"5-(10-Nonadecenyl)-1,3-benzenediol",HMDB0039865,--,Organic compounds,Benzenoids,Phenols,Benzenediols
neg_14792,5-Hydroxymethyl-2'-deoxyuridine,HMDB0246808,--,Organic compounds,"Nucleosides, nucleotides, and analogues",Pyrimidine nucleosides,Pyrimidine 2'-deoxyribonucleosides
neg_14795,PG(a-13:0/i-12:0),HMDB0116642,--,Organic compounds,Lipids and lipid-like molecules,Glycerophospholipids,Glycerophosphoglycerols
neg_14816,Stearidonic acid,HMDB0006547,20290-75-9,Organic compounds,Lipids and lipid-like molecules,Fatty Acyls,Lineolic acids and derivatives
neg_14824,Pentacosanoic acid,HMDB0002361,506-38-7,Organic compounds,Lipids and lipid-like molecules,Fatty Acyls,Fatty acids and conjugates
neg_14828,Cavipetin C,HMDB0030366,128552-90-9,Organic compounds,Lipids and lipid-like molecules,Prenol lipids,Diterpenoids
neg_14830,delta-Tocopherol,HMDB0002902,119-13-1,Organic compounds,Lipids and lipid-like molecules,Prenol lipids,Quinone and hydroquinone lipids
neg_14831,L-Metanephrine,HMDB0062493,--,Organic compounds,Benzenoids,Phenols,Methoxyphenols
neg_14833,8-Aminohexylamino cAMP,HMDB0247417,--,Organic compounds,"Nucleosides, nucleotides, and analogues",Purine nucleotides,Cyclic purine nucleotides
neg_14836,Dyphylline,HMDB0014789,479-18-5,Organic compounds,Organoheterocyclic compounds,Imidazopyrimidines,Purines and purine derivatives
neg_14841,"Icosa-5,8,11,14-tetraenal",HMDB0260381,--,Organic compounds,Lipids and lipid-like molecules,Fatty Acyls,Fatty aldehydes
neg_14849,Prostaglandin J2,HMDB0002710,60203-57-8,Organic compounds,Lipids and lipid-like molecules,Fatty Acyls,Eicosanoids
neg_14866,Benzyl butyl ether,HMDB0031311,588-67-0,Organic compounds,Benzenoids,Benzene and substituted derivatives,Benzylethers
neg_14868,Icosanoic acid,HMDB0002212,506-30-9,Organic compounds,Lipids and lipid-like molecules,Fatty Acyls,Fatty acids and conjugates
neg_14886,Urocortisol,HMDB0000949,1953/2/1,Organic compounds,Lipids and lipid-like molecules,Steroids and steroid derivatives,"Bile acids, alcohols and derivatives"
neg_14887,MG(a-21:0/0:0/0:0)[rac],HMDB0072855,--,Organic compounds,Lipids and lipid-like molecules,Glycerolipids,Monoradylglycerols
neg_14890,N-Stearoyl Asparagine,HMDB0241938,--,Organic compounds,Organic acids and derivatives,Carboxylic acids and derivatives,"Amino acids, peptides, and analogues"
neg_1491,2-Aminoethylphosphonate,HMDB0011747,2041-14-7,Organic compounds,Organic acids and derivatives,Organic phosphonic acids and derivatives,Organic phosphonic acids
neg_14911,Icos-2-enoic acid,HMDB0247671,--,Organic compounds,Lipids and lipid-like molecules,Fatty Acyls,Fatty acids and conjugates
neg_1492,5-Aminopentanal,HMDB0012815,--,Organic compounds,Organic oxygen compounds,Organooxygen compounds,Carbonyl compounds
neg_14920,"1,1'-[1,12-Dodecanediylbis(oxy)]bisbenzene",HMDB0039760,61575-03-9,Organic compounds,Benzenoids,Phenol ethers,--
neg_14926,PE(14:0/14:0),HMDB0008821,998-07-2,Organic compounds,Lipids and lipid-like molecules,Glycerophospholipids,Glycerophosphoethanolamines
neg_1493,3-Sulfinoalanine,HMDB0000996,1115-65-7,Organic compounds,Organic acids and derivatives,Carboxylic acids and derivatives,"Amino acids, peptides, and analogues"
neg_14934,Gentisate aldehyde,HMDB0004062,1194-98-5,Organic compounds,Organic oxygen compounds,Organooxygen compounds,Carbonyl compounds
neg_14938,17-Estradiol cyclooctyl acetate,HMDB0247180,--,Organic compounds,Lipids and lipid-like molecules,Steroids and steroid derivatives,Steroid esters
neg_1494,Acetylhomoserine,HMDB0029423,7540-67-2,Organic compounds,Organic acids and derivatives,Carboxylic acids and derivatives,"Amino acids, peptides, and analogues"
neg_14942,"PI(20:1(11Z)/18:1(12Z)-O(9S,10R))",HMDB0277123,--,--,--,--,--
neg_14948,"25-Acetyl-6,7-didehydrofevicordin F 3-glucoside",HMDB0036338,178062-92-5,Organic compounds,Lipids and lipid-like molecules,Fatty Acyls,Fatty acyl glycosides
neg_14952,PC(LTE4/22:1(13Z)),HMDB0287902,--,--,--,--,--
neg_14965,Pregnanediol,HMDB0004025,80-92-2,Organic compounds,Lipids and lipid-like molecules,Steroids and steroid derivatives,Pregnane steroids
neg_14967,"4,6-Heneicosanedione",HMDB0035571,--,Organic compounds,Organic oxygen compounds,Organooxygen compounds,Carbonyl compounds
neg_14979,aclacinomycin S,HMDB0247947,--,Organic compounds,Phenylpropanoids and polyketides,Anthracyclines,--
neg_1498,L-trans-5-Hydroxy-2-piperidinecarboxylic acid,HMDB0029426,50439-45-7,Organic compounds,Organic acids and derivatives,Carboxylic acids and derivatives,"Amino acids, peptides, and analogues"
neg_14980,"1,5-Dibutyl methyl hydroxycitrate",HMDB0040461,--,Organic compounds,Organic acids and derivatives,Carboxylic acids and derivatives,Tricarboxylic acids and derivatives
neg_14995,1-[4-[2-[2-(4-Fluorophenyl)ethoxy]ethoxy]phenoxy]-3-(propan-2-ylamino)propan-2-ol,HMDB0250008,--,Organic compounds,Benzenoids,Phenol ethers,--
neg_14996,"17alpha,20alpha-Dihydroxycholesterol",HMDB0006764,--,Organic compounds,Lipids and lipid-like molecules,Steroids and steroid derivatives,Hydroxysteroids
neg_150,"Bromobenzene-2,3-oxide",HMDB0060446,--,Organic compounds,Organoheterocyclic compounds,Epoxides,--
neg_15002,"S-(2,3-Bis(palmitoyloxy)propyl)-N-palmitoylcysteinyl-alanyl-glycine",HMDB0244426,--,Organic compounds,Organic acids and derivatives,Carboxylic acids and derivatives,"Amino acids, peptides, and analogues"
neg_15023,Testololactone,HMDB0258855,--,Organic compounds,Organoheterocyclic compounds,Naphthopyrans,--
neg_15029,4-Hydroxynonanal,HMDB0246461,--,Organic compounds,Lipids and lipid-like molecules,Fatty Acyls,Fatty alcohols
neg_15031,"Docosa-2,4,6,8-tetraenoic acid",HMDB0251563,--,Organic compounds,Lipids and lipid-like molecules,Fatty Acyls,Fatty acids and conjugates
neg_15045,"5-Nonadecyl-1,3-benzenediol",HMDB0030956,35176-46-6,Organic compounds,Benzenoids,Phenols,Benzenediols
neg_15046,Hydroxytamoxifen,HMDB0060530,--,Organic compounds,Phenylpropanoids and polyketides,Stilbenes,--
neg_15062,Epothilone B,HMDB0251874,--,Organic compounds,Phenylpropanoids and polyketides,Macrolides and analogues,Epothilones and analogues
neg_15084,"PC(24:0/22:6(4Z,7Z,10Z,12E,16Z,19Z)-OH(14))",HMDB0288674,--,--,--,--,--
neg_15110,Ecdysone,HMDB0251684,--,Organic compounds,Lipids and lipid-like molecules,Steroids and steroid derivatives,"Bile acids, alcohols and derivatives"
neg_15116,Ganoderic acid X,HMDB0035332,86377-53-9,Organic compounds,Lipids and lipid-like molecules,Prenol lipids,Triterpenoids
neg_15120,"PC(20:2(11Z,14Z)/TXB2)",HMDB0287180,--,--,--,--,--
neg_15122,"Glycerol 2-(9Z,12Z-octadecadienoate) 1-hexadecanoate 3-O-[alpha-D-galactopyranosyl-(1->6)-beta-D-galactopyranoside]",HMDB0041511,145033-48-3,Organic compounds,Lipids and lipid-like molecules,Glycerolipids,Glycosylglycerols
neg_15126,Rishitin,HMDB0035593,18178-54-6,Organic compounds,Organic oxygen compounds,Organooxygen compounds,Alcohols and polyols
neg_15131,6-Ethylchenodeoxycholic acid,HMDB0247056,--,Organic compounds,Lipids and lipid-like molecules,Steroids and steroid derivatives,"Bile acids, alcohols and derivatives"
neg_15143,3-Hexaprenyl-4-hydroxy-5-methoxybenzoate,HMDB0000977,66551-60-8,Organic compounds,Lipids and lipid-like molecules,Prenol lipids,Polyprenylphenols
neg_15147,PE(14:0/20:0),HMDB0008833,--,Organic compounds,Lipids and lipid-like molecules,Glycerophospholipids,Glycerophosphoethanolamines
neg_15150,"PE(22:2(13Z,16Z)/PGJ2)",HMDB0283954,--,--,--,--,--
neg_15151,"PC(DiMe(9,5)/PGE1)",HMDB0289413,--,--,--,--,--
neg_15178,PE(22:1(13Z)/PGJ2),HMDB0283850,--,--,--,--,--
neg_15179,PC(P-18:1(11Z)/PGJ2),HMDB0289665,--,--,--,--,--
neg_15180,"3-Hydroxy-10'-apo-b,y-carotenal",HMDB0039019,79709-31-2,Organic compounds,Lipids and lipid-like molecules,Prenol lipids,Sesterterpenoids
neg_15185,N-Hexadecanoylpyrrolidine,HMDB0032740,70974-48-0,Organic compounds,Organoheterocyclic compounds,Pyrrolidines,N-acylpyrrolidines
neg_15186,l-lysyl-l-lysyl-l-lysine,HMDB0253899,--,Organic compounds,Organic acids and derivatives,Carboxylic acids and derivatives,"Amino acids, peptides, and analogues"
neg_15188,6alpha-Carissanol,HMDB0035309,99957-10-5,Organic compounds,Lipids and lipid-like molecules,Prenol lipids,Sesquiterpenoids
neg_1519,Phosphoglycolic acid,HMDB0000816,13147-57-4,Organic compounds,Organic acids and derivatives,Organic phosphoric acids and derivatives,Phosphate esters
neg_15191,L-Urobilinogen,HMDB0004157,17095-63-5,Organic compounds,Organoheterocyclic compounds,Tetrapyrroles and derivatives,Bilirubins
neg_15201,"6,8-Pentacosanedione",HMDB0035557,--,Organic compounds,Organic oxygen compounds,Organooxygen compounds,Carbonyl compounds
neg_15202,Bufotalin,HMDB0249432,--,Organic compounds,Lipids and lipid-like molecules,Steroids and steroid derivatives,Steroid lactones
neg_1521,Isomaltose,HMDB0002923,37169-69-0,Organic compounds,Organic oxygen compounds,Organooxygen compounds,Carbohydrates and carbohydrate conjugates
neg_1522,1-Benzothiepin,HMDB0243832,--,Organic compounds,Organoheterocyclic compounds,Benzothiepins,--
neg_15242,Tylosin,HMDB0034108,1401-69-0,Organic compounds,Organic oxygen compounds,Organooxygen compounds,Carbohydrates and carbohydrate conjugates
neg_15257,Momilactone B,HMDB0036749,51415-08-8,Organic compounds,Organoheterocyclic compounds,Naphthopyrans,--
neg_15259,12b-Hydroxy-5b-cholanoic acid,HMDB0002431,15173-23-6,Organic compounds,Lipids and lipid-like molecules,Steroids and steroid derivatives,"Bile acids, alcohols and derivatives"
neg_15267,Permetin A,HMDB0030527,71888-70-5,Organic compounds,Organic acids and derivatives,Peptidomimetics,Depsipeptides
neg_15269,Adrenic acid,HMDB0002226,28874-58-0,Organic compounds,Lipids and lipid-like molecules,Fatty Acyls,Fatty acids and conjugates
neg_15270,Benzoxazinone,HMDB0249036,--,Organic compounds,Organoheterocyclic compounds,Benzoxazines,--
neg_15285,"9-Hydroxy-4-(3,7-dimethyl-2,6-octadienyloxy)-psoralen",HMDB0039057,69239-53-8,Organic compounds,Phenylpropanoids and polyketides,Coumarins and derivatives,Furanocoumarins
neg_15298,Tetracosahexaenic acid,HMDB0258879,--,Organic compounds,Lipids and lipid-like molecules,Fatty Acyls,Fatty acids and conjugates
neg_15317,Neamine,HMDB0255495,--,Organic compounds,Organic oxygen compounds,Organooxygen compounds,Carbohydrates and carbohydrate conjugates
neg_15318,Dihomo-gamma-linolenic acid,HMDB0002925,1783-84-2,Organic compounds,Lipids and lipid-like molecules,Fatty Acyls,Fatty acids and conjugates
neg_15319,Heteroartonin A,HMDB0041323,170894-23-2,Organic compounds,Phenylpropanoids and polyketides,Flavonoids,Flavones
neg_15320,25(R)-Hydroxyprotopanaxadiol,HMDB0245691,--,Organic compounds,Lipids and lipid-like molecules,Prenol lipids,Triterpenoids
neg_15325,Mosinone A,HMDB0031228,191800-47-2,Organic compounds,Lipids and lipid-like molecules,Fatty Acyls,Fatty alcohols
neg_15349,3-Methyl-1-phenyl-3-pentanol,HMDB0031731,10415-87-9,Organic compounds,Benzenoids,Benzene and substituted derivatives,--
neg_15356,Hexadecadienylcarnitine,HMDB0253126,--,Organic compounds,Lipids and lipid-like molecules,Fatty Acyls,Fatty acids and conjugates
neg_15357,"7alpha,12alpha-Dihydroxy-5beta-cholestan-3-one",HMDB0006887,--,Organic compounds,Lipids and lipid-like molecules,Glycerolipids,Diradylglycerols
neg_15364,Aminoethylcysteine ketimine,HMDB0248315,--,Organic compounds,Organic acids and derivatives,Carboxylic acids and derivatives,"Amino acids, peptides, and analogues"
neg_15370,Muricoreacin,HMDB0032086,--,Organic compounds,Lipids and lipid-like molecules,Fatty Acyls,Fatty alcohols
neg_15373,2-Octaprenyl-6-hydroxyphenol,HMDB0304113,--,Organic compounds,Lipids and lipid-like molecules,Prenol lipids,Polyprenylphenols
neg_15384,Allotetrahydrodeoxycorticosterone,HMDB0000879,567-03-3,Organic compounds,Lipids and lipid-like molecules,Steroids and steroid derivatives,Hydroxysteroids
neg_15385,Citreoviridin A,HMDB0030868,25425-12-1,Organic compounds,Organoheterocyclic compounds,Pyrans,Pyranones and derivatives
neg_15389,Auberganol,HMDB0039715,102490-02-8,Organic compounds,Lipids and lipid-like molecules,Prenol lipids,Sesquiterpenoids
neg_15392,N-(14-Methylhexadecanoyl)pyrrolidine,HMDB0034373,260058-83-1,Organic compounds,Organoheterocyclic compounds,Pyrrolidines,N-acylpyrrolidines
neg_15408,Trifluridine,HMDB0014576,70-00-8,Organic compounds,"Nucleosides, nucleotides, and analogues",Pyrimidine nucleosides,Pyrimidine 2'-deoxyribonucleosides
neg_15415,Dimethyl 2-galloylgalactarate,HMDB0036935,--,Organic compounds,Organic oxygen compounds,Organooxygen compounds,Carbohydrates and carbohydrate conjugates
neg_1543,Raffinose,HMDB0003213,512-69-6,Organic compounds,Organic oxygen compounds,Organooxygen compounds,Carbohydrates and carbohydrate conjugates
neg_15438,Lactic acid,HMDB0000190,79-33-4,Organic compounds,Organic acids and derivatives,Hydroxy acids and derivatives,Alpha hydroxy acids and derivatives
neg_15444,Menthol,HMDB0003352,2216-51-5,Organic compounds,Lipids and lipid-like molecules,Prenol lipids,Monoterpenoids
neg_15445,Dihomo-gamma-linolenoylcholine,HMDB0240646,--,Organic compounds,Organic nitrogen compounds,Organonitrogen compounds,Quaternary ammonium salts
neg_15449,2-Heptadecylfuran,HMDB0033608,208329-97-9,Organic compounds,Organoheterocyclic compounds,Heteroaromatic compounds,--
neg_15452,"5,7-Hexacosanedione",HMDB0035553,--,Organic compounds,Organic oxygen compounds,Organooxygen compounds,Carbonyl compounds
neg_15454,"3alpha,7alpha-Dihydroxycoprostanic acid",HMDB0000359,17974-66-2,Organic compounds,Lipids and lipid-like molecules,Steroids and steroid derivatives,"Bile acids, alcohols and derivatives"
neg_15465,Digitoxigenin,HMDB0251274,--,Organic compounds,Lipids and lipid-like molecules,Steroids and steroid derivatives,Steroid lactones
neg_15484,"(R)-3,4-Dihydro-2-methyl-2-(4,8,12-trimethyl-3,7,11-tridecatrienyl)-2H-1-benzopyran-6-ol",HMDB0036368,--,Organic compounds,Lipids and lipid-like molecules,Prenol lipids,Diterpenoids
neg_15485,Cerebronic acid,HMDB0039540,544-57-0,Organic compounds,Lipids and lipid-like molecules,Fatty Acyls,Fatty acids and conjugates
neg_15487,Mupirocin,HMDB0014554,12650-69-0,Organic compounds,Lipids and lipid-like molecules,Fatty Acyls,Fatty acids and conjugates
neg_15490,Estriol,HMDB0000153,50-27-1,Organic compounds,Lipids and lipid-like molecules,Steroids and steroid derivatives,Estrane steroids
neg_15509,Gibberellin A12,HMDB0303453,--,Organic compounds,Lipids and lipid-like molecules,Prenol lipids,Diterpenoids
neg_15510,Myricanone,HMDB0030798,32492-74-3,Organic compounds,Phenylpropanoids and polyketides,Flavonoids,Flavones
neg_15514,Heptaethylene glycol,HMDB0061835,5617-32-3,Organic compounds,Organic oxygen compounds,Organooxygen compounds,Ethers
neg_15515,Levomethadyl acetate,HMDB0015358,1477-40-3,Organic compounds,Benzenoids,Benzene and substituted derivatives,Diphenylmethanes
neg_15516,Pyranomammea C,HMDB0033688,30390-05-7,Organic compounds,Phenylpropanoids and polyketides,Coumarins and derivatives,Pyranocoumarins
neg_15526,"(4Z,7Z,10Z,13Z,16Z,19Z)-Docosahexaenoic acid",HMDB0002183,6217-54-5,Organic compounds,Lipids and lipid-like molecules,Fatty Acyls,Fatty acids and conjugates
neg_15542,Dehydroeburicoic acid,HMDB0250950,--,Organic compounds,Lipids and lipid-like molecules,Steroids and steroid derivatives,"Bile acids, alcohols and derivatives"
neg_1557,Maltotetraose,HMDB0001296,34612-38-9,Organic compounds,Organic oxygen compounds,Organooxygen compounds,Carbohydrates and carbohydrate conjugates
neg_1576,Aniline,HMDB0003012,62-53-3,Organic compounds,Benzenoids,Benzene and substituted derivatives,Aniline and substituted anilines
neg_1581,4-Hydroxyproline,HMDB0000725,51-35-4,Organic compounds,Organic acids and derivatives,Carboxylic acids and derivatives,"Amino acids, peptides, and analogues"
neg_1583,sn-Glycerol 3-phosphate,HMDB0000126,1957/3/4,Organic compounds,Lipids and lipid-like molecules,Glycerophospholipids,Glycerophosphates
neg_1593,Pseudouridine,HMDB0000767,1445-07-4,Organic compounds,"Nucleosides, nucleotides, and analogues",Nucleoside and nucleotide analogues,--
neg_161,Phosphonoacetate,HMDB0004110,4408-78-0,Organic compounds,Organic acids and derivatives,Organic phosphonic acids and derivatives,Organic phosphonic acids
neg_1651,N-Acetylornithine,HMDB0003357,6205/8/9,Organic compounds,Organic acids and derivatives,Carboxylic acids and derivatives,"Amino acids, peptides, and analogues"
neg_166,Fructose-lysine,HMDB0252494,--,Organic compounds,Organic acids and derivatives,Carboxylic acids and derivatives,"Amino acids, peptides, and analogues"
neg_168,N-Acetyl-alpha-D-glucosamine 1-phosphate,HMDB0001367,6866-69-9,Organic compounds,Organic oxygen compounds,Organooxygen compounds,Carbohydrates and carbohydrate conjugates
neg_1687,Ethyl hydrogen sulfate,HMDB0031233,540-82-9,Organic compounds,Organic acids and derivatives,Organic sulfuric acids and derivatives,Sulfuric acid esters
neg_1708,2-C-Methyl-D-erythritol 4-phosphate,HMDB0304061,--,Organic compounds,Organic acids and derivatives,Organic phosphoric acids and derivatives,Phosphate esters
neg_1797,Sulfate,HMDB0001448,14808-79-8,Inorganic compounds,Homogeneous non-metal compounds,Non-metal oxoanionic compounds,Non-metal sulfates
neg_1830,n-formimidoyl-glutamic acid,HMDB0255140,--,Organic compounds,Organic acids and derivatives,Carboxylic acids and derivatives,"Amino acids, peptides, and analogues"
neg_1831,N6-Acetyl-L-lysine,HMDB0000206,692-04-6,Organic compounds,Organic acids and derivatives,Carboxylic acids and derivatives,"Amino acids, peptides, and analogues"
neg_1835,Hydroxyprolyl-Serine,HMDB0028872,--,Organic compounds,Organic acids and derivatives,Carboxylic acids and derivatives,"Amino acids, peptides, and analogues"
neg_1841,Shikimate 3-phosphate,HMDB0301781,63959-45-5,Organic compounds,Organic acids and derivatives,Organic phosphoric acids and derivatives,Phosphate esters
neg_1880,"1H-1,2,4-Triazole-3-carboxamide",HMDB0244869,--,Organic compounds,Organic acids and derivatives,Carboxylic acids and derivatives,Carboxylic acid derivatives
neg_1891,"D-1,5-Anhydrofructose",HMDB0041561,75414-43-6,Organic compounds,Organoheterocyclic compounds,Oxanes,--
neg_1895,N-Nitroso-pyrrolidine,HMDB0031642,930-55-2,Organic compounds,Organoheterocyclic compounds,Pyrrolidines,--
neg_1900,"1,2,3,4-Tetrahydro-b-carboline-1,3-dicarboxylic acid",HMDB0032102,59132-30-8,Organic compounds,Alkaloids and derivatives,Harmala alkaloids,--
neg_1904,Aminoimidazole ribotide,HMDB0001235,25635-88-5,Organic compounds,Organic oxygen compounds,Organooxygen compounds,Carbohydrates and carbohydrate conjugates
neg_1931,Glutathione disulfide,HMDB0003337,27025-41-8,Organic compounds,Organic acids and derivatives,Carboxylic acids and derivatives,"Amino acids, peptides, and analogues"
neg_1961,"(3S,8As)-7-hydroxy-3-(hydroxymethyl)-2,3,6,7,8,8a-hexahydropyrrolo[1,2-a]pyrazine-1,4-dione",HMDB0253728,--,Organic compounds,Organic acids and derivatives,Carboxylic acids and derivatives,"Amino acids, peptides, and analogues"
neg_1968,Pseudouridine 5'-phosphate,HMDB0001271,1157-60-4,Organic compounds,Organic oxygen compounds,Organooxygen compounds,Carbohydrates and carbohydrate conjugates
neg_1972,dUMP,HMDB0001409,964-26-1,Organic compounds,"Nucleosides, nucleotides, and analogues",Pyrimidine nucleotides,Pyrimidine deoxyribonucleotides
neg_2029,uric acid lactate,HMDB0259719,--,Organic compounds,Organoheterocyclic compounds,Imidazopyrimidines,Purines and purine derivatives
neg_2041,Imidazoleacetic acid ribotide,HMDB0006032,2888-19-9,Organic compounds,"Nucleosides, nucleotides, and analogues",Purine nucleosides,--
neg_2045,6-Thioxanthine 5'-monophosphate,HMDB0060418,--,Organic compounds,Organoheterocyclic compounds,Diazines,Pyrimidines and pyrimidine derivatives
neg_2048,dUDP,HMDB0001000,4208-67-7,Organic compounds,"Nucleosides, nucleotides, and analogues",Pyrimidine nucleotides,Pyrimidine deoxyribonucleotides
neg_2050,dIDP,HMDB0003536,26575-15-5,Organic compounds,"Nucleosides, nucleotides, and analogues",Purine nucleotides,Purine deoxyribonucleotides
neg_2095,Itaconyl-CoA,HMDB0003377,6008-93-1,Organic compounds,Organic oxygen compounds,Organooxygen compounds,Carbohydrates and carbohydrate conjugates
neg_2100,Phosphonoacetaldehyde,HMDB0256485,--,Organic compounds,Organic acids and derivatives,Organic phosphonic acids and derivatives,Organic phosphonic acids
neg_2101,Methoxymalic acid,HMDB0302351,--,Organic compounds,Organic acids and derivatives,Carboxylic acids and derivatives,Dicarboxylic acids and derivatives
neg_2122,L-Ascorbic acid,HMDB0000044,50-81-7,Organic compounds,Organoheterocyclic compounds,Dihydrofurans,Furanones
neg_2123,Ascorbic acid 2-sulfate,HMDB0060649,37627-95-5,Organic compounds,Organoheterocyclic compounds,Dihydrofurans,Furanones
neg_2126,"(2S,3S,4S,5R)-3,4,5-Trihydroxy-6-sulfooxyoxane-2-carboxylic acid",HMDB0258086,--,Organic compounds,Organic oxygen compounds,Organooxygen compounds,Carbohydrates and carbohydrate conjugates
neg_2169,2-Furoate,HMDB0000617,88-14-2,Organic compounds,Organoheterocyclic compounds,Furans,Furoic acid and derivatives
neg_2172,5-Hydroxy-4-oxo-L-norvaline,HMDB0246802,--,Organic compounds,Organic acids and derivatives,Carboxylic acids and derivatives,"Amino acids, peptides, and analogues"
neg_2173,L-Methionine,HMDB0000696,63-68-3,Organic compounds,Organic acids and derivatives,Carboxylic acids and derivatives,"Amino acids, peptides, and analogues"
neg_2174,Dehydroascorbate,HMDB0001264,490-83-5,Organic compounds,Organoheterocyclic compounds,Lactones,Gamma butyrolactones
neg_2193,2-Hydroxyacetaminophen sulfate,HMDB0062547,53446-14-3,Organic compounds,Organic acids and derivatives,Organic sulfuric acids and derivatives,Arylsulfates
neg_2204,Fluazifop,HMDB0252322,--,Organic compounds,Benzenoids,Benzene and substituted derivatives,2-phenoxypropionic acids
neg_2209,dCDP,HMDB0001245,800-73-7,Organic compounds,Organic oxygen compounds,Organic oxoanionic compounds,Organic pyrophosphates
neg_2210,N-Acetylneuraminate 9-phosphate,HMDB0006268,--,Organic compounds,Organic oxygen compounds,Organooxygen compounds,Carbohydrates and carbohydrate conjugates
neg_2214,Licoagroside B,HMDB0036523,--,Organic compounds,Lipids and lipid-like molecules,Saccharolipids,--
neg_2223,Urocanate,HMDB0000301,3465-72-3,Organic compounds,Organoheterocyclic compounds,Azoles,Imidazoles
neg_2226,4-Aminoazobenzene,HMDB0246351,--,Organic compounds,Organoheterocyclic compounds,Azobenzenes,--
neg_2227,N-(1-Deoxy-1-fructosyl)glycine,HMDB0037848,60644-20-4,Organic compounds,Organic oxygen compounds,Organooxygen compounds,Carbohydrates and carbohydrate conjugates
neg_2229,Morinidazole,HMDB0254886,--,Organic compounds,Organoheterocyclic compounds,Azoles,Imidazoles
neg_2232,Dhurrin,HMDB0060471,499-20-7,Organic compounds,Organic oxygen compounds,Organooxygen compounds,Carbohydrates and carbohydrate conjugates
neg_2251,Itaconic acid,HMDB0002092,97-65-4,Organic compounds,Lipids and lipid-like molecules,Fatty Acyls,Fatty acids and conjugates
neg_2257,Trimethadione,HMDB0014491,127-48-0,Organic compounds,Organoheterocyclic compounds,Azolidines,Oxazolidines
neg_2260,Paramethadione,HMDB0014755,115-67-3,Organic compounds,Organoheterocyclic compounds,Azolidines,Oxazolidines
neg_2263,Glutamic acid gamma-methyl ester,HMDB0061715,1499-55-4,Organic compounds,Organic acids and derivatives,Carboxylic acids and derivatives,"Amino acids, peptides, and analogues"
neg_2267,"(2S,4S)-4-Hydroxy-2,3,4,5-tetrahydrodipicolinate",HMDB0303976,--,Organic compounds,Organic acids and derivatives,Carboxylic acids and derivatives,"Amino acids, peptides, and analogues"
neg_2271,3-Dehydroquinic acid,HMDB0012710,10534-44-8,Organic compounds,Organic acids and derivatives,Hydroxy acids and derivatives,Alpha hydroxy acids and derivatives
neg_2272,Quinate,HMDB0003072,77-95-2,Organic compounds,Organic oxygen compounds,Organooxygen compounds,Alcohols and polyols
neg_2273,N-Formyl-L-glutamic acid,HMDB0003470,1681-96-5,Organic compounds,Organic acids and derivatives,Carboxylic acids and derivatives,"Amino acids, peptides, and analogues"
neg_2275,N-Lactoylleucine,HMDB0062176,210769-82-7,Organic compounds,Organic acids and derivatives,Carboxylic acids and derivatives,"Amino acids, peptides, and analogues"
neg_2278,Dihydrokainic acid,HMDB0251319,--,Organic compounds,Organic acids and derivatives,Carboxylic acids and derivatives,"Amino acids, peptides, and analogues"
neg_2279,Alanyl-Gamma-glutamate,HMDB0028701,--,Organic compounds,Organic acids and derivatives,Carboxylic acids and derivatives,"Amino acids, peptides, and analogues"
neg_2280,L-Lysopine,HMDB0033675,--,Organic compounds,Organic acids and derivatives,Carboxylic acids and derivatives,"Amino acids, peptides, and analogues"
neg_2281,Stizolamine,HMDB0302288,--,Organic compounds,Organoheterocyclic compounds,Diazines,Pyrazines
neg_2282,5-(1-Pyrrolidinylmethyl)-2-furanmethanol,HMDB0040038,61481-02-5,Organic compounds,Organic nitrogen compounds,Organonitrogen compounds,Amines
neg_2283,L-Arogenate,HMDB0304400,--,Organic compounds,Organic acids and derivatives,Carboxylic acids and derivatives,"Amino acids, peptides, and analogues"
neg_2284,6-Amino-9H-purine-9-propanoic acid,HMDB0029939,4244-47-7,Organic compounds,Organoheterocyclic compounds,Imidazopyrimidines,Purines and purine derivatives
neg_2295,2-Methylbutyrate,HMDB0002176,116-53-0,Organic compounds,Lipids and lipid-like molecules,Fatty Acyls,Fatty acids and conjugates
neg_2296,Xanthurenic acid,HMDB0000881,59-00-7,Organic compounds,Organoheterocyclic compounds,Quinolines and derivatives,Quinoline carboxylic acids
neg_2297,O-Sulfotyrosine,HMDB0155722,956-46-7,Organic compounds,Organic acids and derivatives,Carboxylic acids and derivatives,"Amino acids, peptides, and analogues"
neg_2299,Inosine,HMDB0000195,58-63-9,Organic compounds,"Nucleosides, nucleotides, and analogues",Purine nucleosides,--
neg_23,Trichloroethanol glucuronide,HMDB0042049,97-25-6,Organic compounds,Organic oxygen compounds,Organooxygen compounds,Carbohydrates and carbohydrate conjugates
neg_2303,Sulfamethopyrazine,HMDB0014802,152-47-6,Organic compounds,Benzenoids,Benzene and substituted derivatives,Benzenesulfonamides
neg_2317,N-(1-Deoxy-1-fructosyl)tyrosine,HMDB0037845,34393-22-1,Organic compounds,Organic acids and derivatives,Carboxylic acids and derivatives,"Amino acids, peptides, and analogues"
neg_2326,(R)-S-Lactoylglutathione,HMDB0001066,25138-66-3,Organic compounds,Organic acids and derivatives,Carboxylic acids and derivatives,"Amino acids, peptides, and analogues"
neg_2370,Ganoderic acid H,HMDB0035987,98665-19-1,Organic compounds,Lipids and lipid-like molecules,Prenol lipids,Triterpenoids
neg_2381,Stachyose,HMDB0003553,470-55-3,Organic compounds,Organic oxygen compounds,Organooxygen compounds,Carbohydrates and carbohydrate conjugates
neg_2389,1-(5-Phosphoribosyl)imidazole-4-acetate,HMDB0006032,2888-19-9,Organic compounds,"Nucleosides, nucleotides, and analogues",Purine nucleosides,--
neg_2400,"5,6,7,8-Tetrahydromethanopterin",HMDB0060403,--,Organic compounds,Organic oxygen compounds,Organooxygen compounds,Carbohydrates and carbohydrate conjugates
neg_2405,METHACRYLIC ACID,HMDB0254514,--,Organic compounds,Organic acids and derivatives,Carboxylic acids and derivatives,Carboxylic acids
neg_2407,AB-MECA,HMDB0242721,--,Organic compounds,"Nucleosides, nucleotides, and analogues",Purine nucleosides,--
neg_2431,"6-(1,2,3,4-Tetrahydroxybutyl)oxane-2,3,4,5-tetrol",HMDB0260352,--,Organic compounds,Organic oxygen compounds,Organooxygen compounds,Carbohydrates and carbohydrate conjugates
neg_2440,Dihydrozeatin-7-N-glucoside,HMDB0012211,93860-33-4,Organic compounds,Organic oxygen compounds,Organooxygen compounds,Carbohydrates and carbohydrate conjugates
neg_2449,GDP-L-fucose,HMDB0001095,15839-70-0,Organic compounds,"Nucleosides, nucleotides, and analogues",Purine nucleotides,Purine nucleotide sugars
neg_245,L-Lysine monohydrochloride,HMDB0301757,10098-89-2,Organic compounds,Organic acids and derivatives,Carboxylic acids and derivatives,"Amino acids, peptides, and analogues"
neg_2468,Perfluorobutanesulfonic acid,HMDB0246220,--,Organic compounds,Organohalogen compounds,Alkyl halides,Alkyl fluorides
neg_2474,dGTP,HMDB0001440,2564-35-4,Organic compounds,"Nucleosides, nucleotides, and analogues",Purine nucleotides,Purine deoxyribonucleotides
neg_2479,L-Sorbose,HMDB0001266,470-15-5,Organic compounds,Organic oxygen compounds,Organooxygen compounds,Carbohydrates and carbohydrate conjugates
neg_249,"4-(2-Amino-3-hydroxyphenyl)-2,4-dioxobutanoic acid",HMDB0004083,857760-67-9,Organic compounds,Organic oxygen compounds,Organooxygen compounds,Carbonyl compounds
neg_2508,"1,3,2-Dioxathiolane 2,2-dioxide",HMDB0252075,--,Organic compounds,Organic acids and derivatives,Organic sulfuric acids and derivatives,Sulfuric acid esters
neg_2523,2-Hydroxycinnamic acid,HMDB0002641,614-60-8,Organic compounds,Phenylpropanoids and polyketides,Cinnamic acids and derivatives,Hydroxycinnamic acids and derivatives
neg_2524,L-Tyrosine,HMDB0000158,60-18-4,Organic compounds,Organic acids and derivatives,Carboxylic acids and derivatives,"Amino acids, peptides, and analogues"
neg_2526,urea glutamate,HMDB0259716,--,Organic compounds,Organic acids and derivatives,Carboxylic acids and derivatives,"Amino acids, peptides, and analogues"
neg_2528,Pretyrosine,HMDB0304809,--,Organic compounds,Organic acids and derivatives,Carboxylic acids and derivatives,"Amino acids, peptides, and analogues"
neg_2529,4-Aminophenylmannoside,HMDB0246178,--,Organic compounds,Organic oxygen compounds,Organooxygen compounds,Carbohydrates and carbohydrate conjugates
neg_2534,S-Adenosyl-L-homocysteine,HMDB0000939,979-92-0,Organic compounds,Organoheterocyclic compounds,Lactones,Gamma butyrolactones
neg_2535,Tasquinimod,HMDB0258735,--,Organic compounds,Benzenoids,Benzene and substituted derivatives,Anilides
neg_2542,(R)-glycerol 1-acetate,HMDB0012485,106-61-6,Organic compounds,Lipids and lipid-like molecules,Glycerolipids,Monoradylglycerols
neg_2544,"1,7-Dimethylguanosine",HMDB0001961,69453-64-1,Organic compounds,"Nucleosides, nucleotides, and analogues",Purine nucleosides,--
neg_2546,Succinic anhydride,HMDB0032523,108-30-5,Organic compounds,Organic acids and derivatives,Carboxylic acids and derivatives,Dicarboxylic acids and derivatives
neg_2547,Methylmalonic acid,HMDB0000202,516-05-2,Organic compounds,Organic acids and derivatives,Carboxylic acids and derivatives,Dicarboxylic acids and derivatives
neg_2553,"1-[(2R,4R,5R)-3,4-Dihydroxy-5-(hydroxymethyl)-2-oxolanyl]-2-pyrimidinone",HMDB0246409,--,Organic compounds,"Nucleosides, nucleotides, and analogues",Pyrimidine nucleosides,--
neg_2554,2-(3'-Methylthio)propylmalic acid,HMDB0304050,--,Organic compounds,Organic acids and derivatives,Hydroxy acids and derivatives,Medium-chain hydroxy acids and derivatives
neg_2566,3-Hydroxy-L-proline,HMDB0002113,4298/8/2,Organic compounds,Organic acids and derivatives,Carboxylic acids and derivatives,"Amino acids, peptides, and analogues"
neg_257,L-Phosphoarginine,HMDB0029438,1189-11-3,Organic compounds,Organic acids and derivatives,Carboxylic acids and derivatives,"Amino acids, peptides, and analogues"
neg_2583,"(6R,7R)-6-Methoxy-3,7-dimethyl-8-oxo-5-thia-1-azabicyclo[4.2.0]oct-2-ene-2-carboxylic acid",HMDB0258050,--,Organic compounds,Organic acids and derivatives,Carboxylic acids and derivatives,"Amino acids, peptides, and analogues"
neg_2594,Benzo[c]cinnoline,HMDB0249005,--,Organic compounds,Organoheterocyclic compounds,Diazanaphthalenes,Benzodiazines
neg_2596,Phosphatidylserine,HMDB0014291,8002-43-5,Organic compounds,Lipids and lipid-like molecules,Glycerophospholipids,Glycerophosphoserines
neg_2606,N-Methyl-1-deoxynojirimycin,HMDB0035360,69567-10-8,Organic compounds,Organoheterocyclic compounds,Piperidines,--
neg_2607,methyl 1-methylpiperidine-3-carboxylate,HMDB0254560,--,Organic compounds,Organoheterocyclic compounds,Piperidines,Piperidinecarboxylic acids and derivatives
neg_2608,"5-(2'-Formylethyl)-4,6-dihydroxypicolinate",HMDB0031727,15879-93-3,Organic compounds,Organic oxygen compounds,Organooxygen compounds,Carbohydrates and carbohydrate conjugates
neg_2612,"(2S,3S,4S,5R)-3,4,5-Trihydroxy-6-(5-methyl-2-propan-2-ylphenoxy)oxane-2-carboxylic acid",HMDB0255323,--,Organic compounds,Lipids and lipid-like molecules,Prenol lipids,Terpene glycosides
neg_2616,Homoarecoline,HMDB0038321,28125-84-0,Organic compounds,Alkaloids and derivatives,--,--
neg_2618,(R)-2-(4-(Tert-butoxycarbonyl)morpholin-3-yl)acetic acid,HMDB0247375,--,Organic compounds,Organoheterocyclic compounds,Oxazinanes,Morpholines
neg_2621,"2,3-Dihydro-2,3-dihydroxy-9-phenyl-1H-phenalen-1-one",HMDB0034688,--,Organic compounds,Benzenoids,Naphthalenes,Phenylnaphthalenes
neg_2627,4-Pyridoxic acid,HMDB0000017,82-82-6,Organic compounds,Organoheterocyclic compounds,Pyridines and derivatives,Pyridinecarboxylic acids and derivatives
neg_2629,N-(3-(Dimethylamino)propyl)acrylamide,HMDB0246231,--,Organic compounds,Organic acids and derivatives,Carboxylic acids and derivatives,Acrylic acids and derivatives
neg_2635,Thioguanine,HMDB0014496,154-42-7,Organic compounds,Organoheterocyclic compounds,Imidazopyrimidines,Purines and purine derivatives
neg_2637,Xanthine,HMDB0000292,69-89-6,Organic compounds,Organoheterocyclic compounds,Imidazopyrimidines,Purines and purine derivatives
neg_2639,4-Hydroxy-1-(3-pyridinyl)-1-butanone,HMDB0062402,59578-62-0,Organic compounds,Organic oxygen compounds,Organooxygen compounds,Carbonyl compounds
neg_2658,Prolyl,HMDB0256800,--,Organic compounds,Organoheterocyclic compounds,Pyrrolidines,--
neg_2661,Glutaconic acid,HMDB0000620,1724-02-3,Organic compounds,Organic acids and derivatives,Carboxylic acids and derivatives,Dicarboxylic acids and derivatives
neg_2662,Ginnalin B,HMDB0252723,--,Organic compounds,Benzenoids,Benzene and substituted derivatives,Benzoic acids and derivatives
neg_2668,1-[10-[3-(Dimethylamino)propyl]phenothiazin-2-yl]ethanol,HMDB0244911,--,Organic compounds,Organoheterocyclic compounds,Benzothiazines,Phenothiazines
neg_2672,"1-(1,2,3,4,5-Pentahydroxypent-1-yl)-1,2,3,4-tetrahydro-beta-carboline-3-carboxylate",HMDB0012492,--,Organic compounds,Organoheterocyclic compounds,Benzopyrans,1-benzopyrans
neg_2687,Glucosamine-1P,HMDB0001109,--,Organic compounds,Organic oxygen compounds,Organooxygen compounds,Carbohydrates and carbohydrate conjugates
neg_2690,Allobarbital,HMDB0248157,--,Organic compounds,Organoheterocyclic compounds,Diazines,Pyrimidines and pyrimidine derivatives
neg_2709,Pyridoxine phosphate,HMDB0001319,447-05-2,Organic compounds,Organoheterocyclic compounds,Pyridines and derivatives,Pyridoxines
neg_2710,"L-2,3-Diaminopropanoate",HMDB0002006,4033-39-0,Organic compounds,Organic acids and derivatives,Carboxylic acids and derivatives,"Amino acids, peptides, and analogues"
neg_2715,1-(2-Hydroxyethyl-2-hydroxymethyl)-5-nitro-imidazole,HMDB0243779,--,Organic compounds,Organoheterocyclic compounds,Azoles,Imidazoles
neg_2718,2'-Deoxy-2'-methylenecytidine,HMDB0245533,--,Organic compounds,Organoheterocyclic compounds,Diazines,Pyrimidines and pyrimidine derivatives
neg_2720,2'-O-Methylcytidine,HMDB0242132,--,Organic compounds,"Nucleosides, nucleotides, and analogues",Pyrimidine nucleosides,--
neg_2724,Estradiol-17beta 3-sulfate,HMDB0004448,481-96-9,Organic compounds,Lipids and lipid-like molecules,Steroids and steroid derivatives,Sulfated steroids
neg_2729,4'-DEMETHYLEPIPODOPHYLLOTOXIN,HMDB0246627,--,Organic compounds,"Lignans, neolignans and related compounds",Lignan lactones,Podophyllotoxins
neg_2732,Q-100035,HMDB0257013,--,Organic compounds,Alkaloids and derivatives,Camptothecins,--
neg_2733,Ethyl glucuronide,HMDB0010325,17685-04-0,Organic compounds,Organic oxygen compounds,Organooxygen compounds,Carbohydrates and carbohydrate conjugates
neg_2734,Artonol B,HMDB0030488,186824-58-8,Organic compounds,Organoheterocyclic compounds,Coumarans,--
neg_2735,Glucolesquerellin,HMDB0038409,74542-17-9,Organic compounds,Organic oxygen compounds,Organooxygen compounds,Carbohydrates and carbohydrate conjugates
neg_2740,Validamycin A,HMDB0036592,37248-47-8,Organic compounds,Organic oxygen compounds,Organooxygen compounds,Carbohydrates and carbohydrate conjugates
neg_2741,Acrimarine H,HMDB0038599,132185-44-5,Organic compounds,Organoheterocyclic compounds,Quinolines and derivatives,Benzoquinolines
neg_2745,Rutin,HMDB0003249,153-18-4,Organic compounds,Phenylpropanoids and polyketides,Flavonoids,Flavonoid glycosides
neg_2753,5-Hydroxy-L-tryptophan,HMDB0000472,4350/9/8,Organic compounds,Organoheterocyclic compounds,Indoles and derivatives,Tryptamines and derivatives
neg_2758,gamma-L-Glutamyl-L-cysteine,HMDB0001049,636-58-8,Organic compounds,Organic acids and derivatives,Carboxylic acids and derivatives,"Amino acids, peptides, and analogues"
neg_2759,"(R)-2,3-Dihydroxy-3-methylpentanoate",HMDB0012140,562-43-6,Organic compounds,Lipids and lipid-like molecules,Fatty Acyls,Fatty acids and conjugates
neg_2760,N-lactoyl-phenylalanine,HMDB0062175,183241-73-8,Organic compounds,Organic acids and derivatives,Carboxylic acids and derivatives,"Amino acids, peptides, and analogues"
neg_2761,"5-(2-Furanyl)-1,2,3,4,5,6-hexahydro-7H-cyclopenta[b]pyridin-7-one",HMDB0039656,118355-71-8,Organic compounds,Organoheterocyclic compounds,Pyridines and derivatives,Hydropyridines
neg_2762,Niazirin,HMDB0032807,122001-32-5,Organic compounds,Organic oxygen compounds,Organooxygen compounds,Carbohydrates and carbohydrate conjugates
neg_2769,Phenylalanine glutamate,HMDB0256433,--,Organic compounds,Organic acids and derivatives,Carboxylic acids and derivatives,"Amino acids, peptides, and analogues"
neg_2774,BEFLOXATONE,HMDB0248929,--,Organic compounds,Benzenoids,Phenol ethers,--
neg_2779,Niazidin,HMDB0031981,198969-42-5,--,--,--,--
neg_2784,Paracetamol sulfate,HMDB0059911,10066-90-7,Organic compounds,Organic acids and derivatives,Organic sulfuric acids and derivatives,Arylsulfates
neg_2785,Hydroxytyrosol 3'-sulfate,HMDB0240530,--,Organic compounds,Organic acids and derivatives,Organic sulfuric acids and derivatives,Arylsulfates
neg_2789,3-Hydroxyhippuric acid sulfate,HMDB0304909,--,Organic compounds,Benzenoids,Benzene and substituted derivatives,Benzoic acids and derivatives
neg_2790,Furaltadone,HMDB0252529,--,Organic compounds,Organoheterocyclic compounds,Furans,Nitrofurans
neg_2798,Succinyladenosine,HMDB0000912,4542-23-8,Organic compounds,"Nucleosides, nucleotides, and analogues",Purine nucleosides,--
neg_2804,Hippuric acid sulfate,HMDB0304910,--,--,--,--,--
neg_2812,5-(3-Pyridyl)-2-hydroxytetrahydrofuran,HMDB0062407,53798-73-5,Organic compounds,Organoheterocyclic compounds,Pyridines and derivatives,--
neg_2814,Descyclopropyl Abacavir,HMDB0251034,--,Organic compounds,"Nucleosides, nucleotides, and analogues",Nucleoside and nucleotide analogues,Cyclopentyl nucleosides
neg_2816,Butanal,HMDB0003543,123-72-8,Organic compounds,Organic oxygen compounds,Organooxygen compounds,Carbonyl compounds
neg_2817,p-Salicylic acid,HMDB0000500,99-96-7,Organic compounds,Benzenoids,Benzene and substituted derivatives,Benzoic acids and derivatives
neg_2818,3-hydroxybenzoic acid-3-O-sulphate,HMDB0059968,--,Organic compounds,Organic acids and derivatives,Organic sulfuric acids and derivatives,Arylsulfates
neg_2820,D-1-[(3-Carboxypropyl)amino]-1-deoxyfructose,HMDB0038663,10003-63-1,Organic compounds,Organic acids and derivatives,Carboxylic acids and derivatives,"Amino acids, peptides, and analogues"
neg_2822,Fagomine,HMDB0033453,53185-12-9,Organic compounds,Organoheterocyclic compounds,Piperidines,--
neg_2829,(R)-Mevalonate,HMDB0000227,17817-88-8,Organic compounds,Lipids and lipid-like molecules,Fatty Acyls,Fatty acids and conjugates
neg_2833,6-Aminopenicillanate,HMDB0060618,--,Organic compounds,Organic acids and derivatives,Carboxylic acids and derivatives,"Amino acids, peptides, and analogues"
neg_2836,2-Hydroxybutyric acid,HMDB0000008,3347-90-8,Organic compounds,Organic acids and derivatives,Hydroxy acids and derivatives,Alpha hydroxy acids and derivatives
neg_2844,Indole-3-carboxilic acid-O-sulphate,HMDB0060002,--,Organic compounds,Organoheterocyclic compounds,Indoles and derivatives,Indolecarboxylic acids and derivatives
neg_2845,epsilon-(Hexanoyl)lysine,HMDB0251888,--,Organic compounds,Organic acids and derivatives,Carboxylic acids and derivatives,"Amino acids, peptides, and analogues"
neg_2849,(4-Sulfamoylphenyl) 4-(diaminomethylideneamino)benzoate,HMDB0246580,--,Organic compounds,Phenylpropanoids and polyketides,Depsides and depsidones,--
neg_2853,Cortolone-3-glucuronide,HMDB0010320,56162-46-0,Organic compounds,Lipids and lipid-like molecules,Steroids and steroid derivatives,Steroidal glycosides
neg_2855,Pantoyllactone glucoside,HMDB0041269,--,Organic compounds,Lipids and lipid-like molecules,Fatty Acyls,Fatty acyl glycosides
neg_2857,Regadenoson,HMDB0257135,--,Organic compounds,"Nucleosides, nucleotides, and analogues",Purine nucleosides,--
neg_2861,Indoxylsulfuric acid,HMDB0000682,487-94-5,Organic compounds,Organic acids and derivatives,Organic sulfuric acids and derivatives,Arylsulfates
neg_2862,5-(4-Carboxybutylperoxy)pentanoic acid,HMDB0260291,--,Organic compounds,Organic acids and derivatives,Carboxylic acids and derivatives,Dicarboxylic acids and derivatives
neg_2863,Palaudine,HMDB0032143,18694-10-5,Organic compounds,Organoheterocyclic compounds,Isoquinolines and derivatives,Benzylisoquinolines
neg_2864,6''-O-Acetylholocalin,HMDB0036331,--,Organic compounds,Organic oxygen compounds,Organooxygen compounds,Carbohydrates and carbohydrate conjugates
neg_2865,Phlorisobutyrophenone 2-glucoside,HMDB0029651,17004-75-0,Organic compounds,Organic oxygen compounds,Organooxygen compounds,Carbohydrates and carbohydrate conjugates
neg_2867,alpha-Ribazole,HMDB0011112,--,Organic compounds,"Nucleosides, nucleotides, and analogues",Benzimidazole ribonucleosides and ribonucleotides,--
neg_2868,Starch acetate,HMDB0029891,--,Organic compounds,Organic acids and derivatives,Carboxylic acids and derivatives,Tricarboxylic acids and derivatives
neg_2892,"(24E)-3alpha-Acetoxy-15alpha,22S-dihydroxylanosta-7,9(11),24-trien-26-oic acid",HMDB0035335,--,Organic compounds,Lipids and lipid-like molecules,Prenol lipids,Triterpenoids
neg_2907,15(S)-HPETE,HMDB0004244,70981-96-3,Organic compounds,Lipids and lipid-like molecules,Fatty Acyls,Eicosanoids
neg_2966,"17-N,N-Diisopropylcarbamoyl-4-azaandrostan-3-one",HMDB0246242,--,Organic compounds,Lipids and lipid-like molecules,Steroids and steroid derivatives,Androstane steroids
neg_2996,Dienogest,HMDB0251234,--,Organic compounds,Lipids and lipid-like molecules,Steroids and steroid derivatives,Oxosteroids
neg_3002,"3alpha,7alpha,12alpha-Trihydroxy-5beta-cholestane",HMDB0001457,547-96-6,Organic compounds,Lipids and lipid-like molecules,Steroids and steroid derivatives,Cholestane steroids
neg_3041,Biurea,HMDB0249281,--,Organic compounds,Organic nitrogen compounds,Organonitrogen compounds,Hydrazines and derivatives
neg_3062,Kaur-16-en-18-oic acid,HMDB0247185,--,Organic compounds,Lipids and lipid-like molecules,Prenol lipids,Diterpenoids
neg_3066,Aldosterone,HMDB0000037,52-39-1,Organic compounds,Lipids and lipid-like molecules,Steroids and steroid derivatives,Hydroxysteroids
neg_3077,"(1S,2S,13R,21S)-22-(Cyclopropylmethyl)-14-oxa-11,22-diazaheptacyclo[13.9.1.01,13.02,21.04,12.05,10.019,25]pentacosa-4(12),5,7,9,15,17,19(25)-heptaene-2,16-diol",HMDB0247840,--,Organic compounds,Alkaloids and derivatives,Morphinans,--
neg_3093,"(24E)-3alpha-Acetoxy-15alpha-hydroxy-23-oxo-7,9(11),24-lanostatrien-26-oic acid",HMDB0035386,117383-37-6,Organic compounds,Lipids and lipid-like molecules,Prenol lipids,Diterpenoids
neg_3130,8-Hydroxy-6-tricosanone,HMDB0035642,--,Organic compounds,Lipids and lipid-like molecules,Fatty Acyls,Fatty alcohols
neg_314,UDP-L-rhamnose,HMDB0012305,1955-26-6,Organic compounds,"Nucleosides, nucleotides, and analogues",Pyrimidine nucleotides,Pyrimidine nucleotide sugars
neg_3164,Avocadene 1-acetate,HMDB0031043,24607-09-8,Organic compounds,Lipids and lipid-like molecules,Fatty Acyls,Fatty alcohols
neg_3169,"DG(17:0/18:1(12Z)-2OH(9,10)/0:0)",HMDB0295715,--,--,--,--,--
neg_3202,trans-Dodec-2-enoic acid,HMDB0010729,--,Organic compounds,Lipids and lipid-like molecules,Fatty Acyls,Fatty acids and conjugates
neg_3204,Nonadecylresorcinol glucuronide,HMDB0240375,--,Organic compounds,Organic oxygen compounds,Organooxygen compounds,Carbohydrates and carbohydrate conjugates
neg_3215,delta-Terpineol,HMDB0036991,17023-62-0,Organic compounds,Lipids and lipid-like molecules,Prenol lipids,Monoterpenoids
neg_3219,Argentine,HMDB0248580,--,Organic compounds,Alkaloids and derivatives,Lupin alkaloids,Cytisine and derivatives
neg_3221,2-Methoxy-3-methyl-9H-carbazole,HMDB0033456,24224-28-0,Organic compounds,Organoheterocyclic compounds,Indoles and derivatives,Carbazoles
neg_3234,MG(0:0/20:0/0:0),HMDB0011542,--,Organic compounds,Lipids and lipid-like molecules,Endocannabinoids,--
neg_3235,"MG(0:0/20:5(5Z,8Z,11Z,14Z,17Z)/0:0)",HMDB0011550,--,Organic compounds,Lipids and lipid-like molecules,Endocannabinoids,--
neg_3239,Guanethidine,HMDB0015301,645-43-2,Organic compounds,Organic nitrogen compounds,Organonitrogen compounds,Guanidines
neg_3270,Pristanal,HMDB0001958,105373-75-9,Organic compounds,Lipids and lipid-like molecules,Prenol lipids,Diterpenoids
neg_3277,"4,6-Tricosanedione",HMDB0035565,--,Organic compounds,Organic oxygen compounds,Organooxygen compounds,Carbonyl compounds
neg_3294,Glyuranolide,HMDB0038745,123914-44-3,Organic compounds,Lipids and lipid-like molecules,Prenol lipids,Triterpenoids
neg_3312,D-Glucose,HMDB0000122,492-61-5,Organic compounds,Organic oxygen compounds,Organooxygen compounds,Carbohydrates and carbohydrate conjugates
neg_3315,4-Hydroxydebrisoquine,HMDB0006468,59333-79-8,Organic compounds,Organoheterocyclic compounds,Tetrahydroisoquinolines,--
neg_3319,"20-Hydroxy-6Z,15Z-eicosadienoic acid",HMDB0245564,--,Organic compounds,Lipids and lipid-like molecules,Fatty Acyls,Fatty acids and conjugates
neg_3322,Gibberellin A20,HMDB0303457,--,Organic compounds,Lipids and lipid-like molecules,Prenol lipids,Diterpenoids
neg_3326,Dihydroetorphine,HMDB0251313,--,Organic compounds,Benzenoids,Phenanthrenes and derivatives,--
neg_3328,"2-[(4-Hydroxycyclohexyl)amino]-4-(3,6,6-trimethyl-4-oxo-5,7-dihydroindazol-1-yl)benzamide",HMDB0250037,--,Organic compounds,Organoheterocyclic compounds,Azoles,Pyrazoles
neg_3343,(-)-trans-Isomenth-5-en-2-ol,HMDB0303068,--,Organic compounds,Lipids and lipid-like molecules,Prenol lipids,Monoterpenoids
neg_3346,"5-(6-Hydroxy-3,7-dimethyl-2,7-octadienyloxy)-7-methoxycoumarin",HMDB0032955,40520-59-0,Organic compounds,Phenylpropanoids and polyketides,Coumarins and derivatives,--
neg_3347,Secoisolariciresinol,HMDB0013692,29388-59-8,Organic compounds,"Lignans, neolignans and related compounds",Dibenzylbutane lignans,Dibenzylbutanediol lignans
neg_3348,21-Deoxycortisol,HMDB0004030,641-77-0,Organic compounds,Lipids and lipid-like molecules,Steroids and steroid derivatives,Pregnane steroids
neg_3351,3-(4-Methoxyphenyl)-2-methyl-2-propenal,HMDB0037145,65405-67-6,Organic compounds,Phenylpropanoids and polyketides,Cinnamaldehydes,--
neg_3358,Digitoxigenin bisdigitoxide,HMDB0251275,--,Organic compounds,Lipids and lipid-like molecules,Steroids and steroid derivatives,Steroid lactones
neg_3405,Triton X 100,HMDB0038380,9002-93-1,Organic compounds,Lipids and lipid-like molecules,Fatty Acyls,Fatty alcohols
neg_3406,"3,4-Dimethyl-5-pentyl-2-furanpentadecanoic acid",HMDB0112081,116627-42-0,Organic compounds,Lipids and lipid-like molecules,Fatty Acyls,Fatty acids and conjugates
neg_3418,"(3'x,5'a,9'x,10'b)-O-(3-Hydroxy-6-oxo-7-drimen-11-yl)umbelliferone",HMDB0039042,--,Organic compounds,Phenylpropanoids and polyketides,Coumarins and derivatives,--
neg_3419,Dihydrogeranylacetone,HMDB0041490,4433-36-7,Organic compounds,Lipids and lipid-like molecules,Prenol lipids,Monoterpenoids
neg_3429,Docosanal,HMDB0251560,--,Organic compounds,Lipids and lipid-like molecules,Fatty Acyls,Fatty aldehydes
neg_3435,Fistulosin,HMDB0033637,--,Organic compounds,Organoheterocyclic compounds,Indoles and derivatives,Hydroxyindoles
neg_3446,5-Hexyltetrahydro-2-furanoctanoic acid,HMDB0031127,61781-98-4,Organic compounds,Lipids and lipid-like molecules,Fatty Acyls,Eicosanoids
neg_3463,Annoglacin A,HMDB0033186,--,Organic compounds,Lipids and lipid-like molecules,Fatty Acyls,Fatty alcohols
neg_3467,"DG(2:0/20:4(8Z,11Z,14Z,17Z)-2OH(5S,6R)/0:0)",HMDB0297003,--,--,--,--,--
neg_3482,"4,6-Pentacosanedione",HMDB0035558,--,Organic compounds,Organic oxygen compounds,Organooxygen compounds,Carbonyl compounds
neg_3489,Citranaxanthin,HMDB0036883,3604-90-8,Organic compounds,Lipids and lipid-like molecules,Prenol lipids,Triterpenoids
neg_3496,"PA(8:0/18:1(12Z)-2OH(9,10))",HMDB0266641,--,--,--,--,--
neg_3508,"25-Methyl-21-tritriacontene-1,9,11-triol",HMDB0041032,151454-19-2,Organic compounds,Lipids and lipid-like molecules,Fatty Acyls,Fatty alcohols
neg_3517,15-hydroxyicosanoic acid,HMDB0061665,--,Organic compounds,Lipids and lipid-like molecules,Fatty Acyls,Fatty acids and conjugates
neg_3518,"5-Heneicosyl-1,3-benzenediol",HMDB0031035,70110-59-7,Organic compounds,Benzenoids,Phenols,Benzenediols
neg_3525,Furostanol,HMDB0252548,--,Organic compounds,Lipids and lipid-like molecules,Steroids and steroid derivatives,Furostanes and derivatives
neg_3532,1-O-Octadecyl-sn-glyceryl-3-phosphorylcholine,HMDB0011149,74430-89-0,Organic compounds,Lipids and lipid-like molecules,Glycerophospholipids,Glycerophosphocholines
neg_3539,"11,14,15-THETA",HMDB0004694,--,Organic compounds,Lipids and lipid-like molecules,Fatty Acyls,Eicosanoids
neg_3540,Cycloeucalenone,HMDB0030507,1255-12-5,Organic compounds,Lipids and lipid-like molecules,Steroids and steroid derivatives,Cycloartanols and derivatives
neg_3546,"(2Z,6E)-3,7,11,15,19-Pentamethyl-2,6-eicosadien-1-ol",HMDB0035154,26549-03-1,Organic compounds,Lipids and lipid-like molecules,Prenol lipids,Sesterterpenoids
neg_3555,"DG(20:5(7Z,9Z,11E,13E,17Z)-3OH(5,6,15)/16:0/0:0)",HMDB0295540,--,--,--,--,--
neg_3558,Polypropylene,HMDB0255988,--,Organic compounds,Lipids and lipid-like molecules,Fatty Acyls,Fatty acids and conjugates
neg_3563,"(6beta,7alpha,12beta,13beta)-7-Hydroxy-11,16-dioxo-8,14-apianadien-22,6-olide",HMDB0031380,403613-16-1,Organic compounds,Lipids and lipid-like molecules,Prenol lipids,Terpene lactones
neg_358,1-(5-Phospho-D-ribosyl)-ATP,HMDB0003665,1110-99-2,Organic compounds,"Nucleosides, nucleotides, and analogues",Purine nucleotides,Purine ribonucleotides
neg_3585,Momordicinin,HMDB0034726,128529-78-2,Organic compounds,Lipids and lipid-like molecules,Prenol lipids,Triterpenoids
neg_3601,(Z)-2-Octene,HMDB0061903,--,Organic compounds,Hydrocarbons,Unsaturated hydrocarbons,Unsaturated aliphatic hydrocarbons
neg_3607,Mespirenone,HMDB0254483,--,Organic compounds,Lipids and lipid-like molecules,Steroids and steroid derivatives,Steroid lactones
neg_3615,Polystyrene sulfonate,HMDB0015435,28210-41-5,Organic compounds,Benzenoids,Benzene and substituted derivatives,Benzenesulfonic acids and derivatives
neg_3623,4Alpha-hydroxymethyl-5alpha-cholesta-8-en-3beta-ol,HMDB0012173,--,Organic compounds,Lipids and lipid-like molecules,Steroids and steroid derivatives,Cholestane steroids
neg_3632,Tetronasin,HMDB0033494,75139-06-9,Organic compounds,Lipids and lipid-like molecules,Prenol lipids,Terpene glycosides
neg_3643,Cetyl recinoleate,HMDB0249839,--,Organic compounds,Lipids and lipid-like molecules,Fatty Acyls,Fatty acid esters
neg_3661,"4,6-Heptacosanedione",HMDB0035548,--,Organic compounds,Organic oxygen compounds,Organooxygen compounds,Carbonyl compounds
neg_3702,3-Methyl-2-oxobutanoic acid,HMDB0000019,759-05-7,Organic compounds,Organic acids and derivatives,Keto acids and derivatives,Short-chain keto acids and derivatives
neg_3713,"DG(16:0/20:3(5Z,8Z,11Z)/0:0)",HMDB0007110,--,Organic compounds,Lipids and lipid-like molecules,Glycerolipids,Diradylglycerols
neg_3740,"D-Glucono-1,5-lactone 6-phosphate",HMDB0001127,2641-81-8,Organic compounds,Organic oxygen compounds,Organooxygen compounds,Carbohydrates and carbohydrate conjugates
neg_3831,2-Oxo-3-hydroxy-4-phosphobutanoate,HMDB0006801,--,Organic compounds,Organic acids and derivatives,Keto acids and derivatives,Short-chain keto acids and derivatives
neg_3862,Cobinamide,HMDB0006902,13497-85-3,Organic compounds,Organoheterocyclic compounds,Tetrapyrroles and derivatives,Metallotetrapyrroles
neg_3867,Nystatin,HMDB0014784,1400-61-9,Organic compounds,Organic oxygen compounds,Organooxygen compounds,Carbohydrates and carbohydrate conjugates
neg_3869,Campestanol,HMDB0000534,474-60-2,Organic compounds,Lipids and lipid-like molecules,Steroids and steroid derivatives,Ergostane steroids
neg_3891,Matairesinol,HMDB0035698,580-72-3,Organic compounds,"Lignans, neolignans and related compounds",Furanoid lignans,Tetrahydrofuran lignans
neg_3904,"SM(d18:2(4E,14Z)/14:0)",HMDB0240637,2292199-25-6,Organic compounds,Lipids and lipid-like molecules,Sphingolipids,Phosphosphingolipids
neg_3906,PE(14:0/18:0),HMDB0008826,--,Organic compounds,Lipids and lipid-like molecules,Glycerophospholipids,Glycerophosphoethanolamines
neg_3943,"CDP-DG(16:0/18:2(9Z,12Z))",HMDB0006972,--,Organic compounds,Lipids and lipid-like molecules,Glycerophospholipids,CDP-glycerols
neg_4111,Methylphosphonate,HMDB0240714,--,Organic compounds,Organic acids and derivatives,Organic phosphonic acids and derivatives,Organic phosphonic acids
neg_4195,Sirolimus,HMDB0015015,53123-88-9,Organic compounds,Benzenoids,Benzene and substituted derivatives,Benzoic acids and derivatives
neg_4402,Syringic acid,HMDB0002085,530-57-4,Organic compounds,Benzenoids,Benzene and substituted derivatives,Benzoic acids and derivatives
neg_4403,2-[3-(sulfooxy)phenyl]acetic acid,HMDB0125163,--,Organic compounds,Organic acids and derivatives,Organic sulfuric acids and derivatives,Arylsulfates
neg_4405,Nicotinamide,HMDB0001406,98-92-0,Organic compounds,Organoheterocyclic compounds,Pyridines and derivatives,Pyridinecarboxylic acids and derivatives
neg_4412,1-hydroxyhexanoylglycine,HMDB0094718,--,Organic compounds,Organic acids and derivatives,Carboxylic acids and derivatives,"Amino acids, peptides, and analogues"
neg_4413,Alaptide,HMDB0248111,--,Organic compounds,Organic acids and derivatives,Carboxylic acids and derivatives,"Amino acids, peptides, and analogues"
neg_4415,L-beta-aspartyl-L-leucine,HMDB0011166,--,Organic compounds,Organic acids and derivatives,Peptidomimetics,Hybrid peptides
neg_4416,Zilascorb,HMDB0260006,--,Organic compounds,Organoheterocyclic compounds,Dihydrofurans,Furanones
neg_4417,1-Methyl-5-nitro-1H-imidazole-2-methanol,HMDB0247667,--,Organic compounds,Organoheterocyclic compounds,Azoles,Imidazoles
neg_4420,2-Succinyl-5-enolpyruvyl-6-hydroxy-3-cyclohexene-1-carboxylate,HMDB0304086,--,Organic compounds,Organic acids and derivatives,Carboxylic acids and derivatives,Tricarboxylic acids and derivatives
neg_4421,3-hydroxy-3-(3-hydroxyphenyl)propanoic acid-O-sulphate,HMDB0059967,--,Organic compounds,Organic acids and derivatives,Hydroxy acids and derivatives,Beta hydroxy acids and derivatives
neg_4422,8-Hydroxymianserin,HMDB0247442,--,Organic compounds,Organoheterocyclic compounds,Benzazepines,Dibenzazepines
neg_4423,Gingerglycolipid A,HMDB0041093,145937-22-0,Organic compounds,Lipids and lipid-like molecules,Glycerolipids,Glycosylglycerols
neg_448,dTDP,HMDB0001274,491-97-4,Organic compounds,"Nucleosides, nucleotides, and analogues",Pyrimidine nucleotides,Pyrimidine deoxyribonucleotides
neg_4528,5-Methoxysalicylic acid,HMDB0001868,2612/2/4,Organic compounds,Benzenoids,Benzene and substituted derivatives,Benzoic acids and derivatives
neg_4559,"(1R,2S)-Naphthalene 1,2-oxide",HMDB0006215,17180-88-0,Organic compounds,Benzenoids,Naphthalenes,--
neg_4561,gamma-Glutamyltryptophan,HMDB0029160,66471-20-3,Organic compounds,Organic acids and derivatives,Carboxylic acids and derivatives,"Amino acids, peptides, and analogues"
neg_4563,Tryptophan 2-C-mannoside,HMDB0240296,180509-18-6,Organic compounds,Organoheterocyclic compounds,Indoles and derivatives,Indolyl carboxylic acids and derivatives
neg_457,dITP,HMDB0003537,16595-02-1,Organic compounds,"Nucleosides, nucleotides, and analogues",Purine nucleotides,Purine deoxyribonucleotides
neg_4571,Osmundalactone,HMDB0031303,69308-39-0,Organic compounds,Organoheterocyclic compounds,Pyrans,Pyranones and derivatives
neg_4574,Pyrraline,HMDB0033143,74509-14-1,Organic compounds,Organic acids and derivatives,Carboxylic acids and derivatives,"Amino acids, peptides, and analogues"
neg_4575,"N-Methyl-2-[3-(trifluoromethyl)phenyl]-3,4-dihydropyrazol-5-amine",HMDB0249487,--,Organic compounds,Benzenoids,Benzene and substituted derivatives,Trifluoromethylbenzenes
neg_4576,Siguazodan,HMDB0258290,--,Organic compounds,Organoheterocyclic compounds,Diazines,Pyridazines and derivatives
neg_4577,Hymenoxon,HMDB0253305,--,Organic compounds,Organoheterocyclic compounds,Oxanes,--
neg_4581,Secologanin,HMDB0304482,--,Organic compounds,Lipids and lipid-like molecules,Prenol lipids,Terpene glycosides
neg_4589,Tetraphyllin B,HMDB0029914,34323-07-4,Organic compounds,Organic oxygen compounds,Organooxygen compounds,Carbohydrates and carbohydrate conjugates
neg_4616,L-Tryptophan,HMDB0000929,73-22-3,Organic compounds,Organoheterocyclic compounds,Indoles and derivatives,Indolyl carboxylic acids and derivatives
neg_4619,Tyrosylhydroxyproline,HMDB0029106,936346-34-8,Organic compounds,Organic acids and derivatives,Carboxylic acids and derivatives,"Amino acids, peptides, and analogues"
neg_4620,Xylobiose,HMDB0029894,6860-47-5,Organic compounds,Organic oxygen compounds,Organooxygen compounds,Carbohydrates and carbohydrate conjugates
neg_4637,Indole-3-acetamide,HMDB0029739,879-37-8,Organic compounds,Organoheterocyclic compounds,Indoles and derivatives,Indoles
neg_4638,Phenylalanyl-Glycine,HMDB0304788,--,Organic compounds,Organic acids and derivatives,Carboxylic acids and derivatives,"Amino acids, peptides, and analogues"
neg_4642,5-Acetylamino-6-formylamino-3-methyluracil,HMDB0011105,--,Organic compounds,Organoheterocyclic compounds,Diazines,Pyrimidines and pyrimidine derivatives
neg_4653,Methotrexate,HMDB0014703,1959/5/2,Organic compounds,Organic acids and derivatives,Carboxylic acids and derivatives,"Amino acids, peptides, and analogues"
neg_4654,Persiconin,HMDB0037482,28978-03-2,Organic compounds,Phenylpropanoids and polyketides,Flavonoids,Flavonoid glycosides
neg_4669,1-Benzenesulfonyl-5-ethyl-5-phenylhydantoin,HMDB0245613,--,Organic compounds,Organoheterocyclic compounds,Azolidines,Imidazolidines
neg_4674,Benazeprilat,HMDB0060582,--,Organic compounds,Organic acids and derivatives,Carboxylic acids and derivatives,"Amino acids, peptides, and analogues"
neg_4676,Hydroxymethylbilane,HMDB0001137,71861-60-4,Organic compounds,Organoheterocyclic compounds,Tetrapyrroles and derivatives,--
neg_4692,5'-Phosphoribosylglycinamide,HMDB0002022,10074-18-7,Organic compounds,"Nucleosides, nucleotides, and analogues",Glycinamide ribonucleotides,--
neg_4698,Cadazolid,HMDB0249528,--,Organic compounds,Organoheterocyclic compounds,Quinolines and derivatives,Quinoline carboxylic acids
neg_4703,Hydroquinone,HMDB0002434,123-31-9,Organic compounds,Benzenoids,Phenols,Benzenediols
neg_4705,(S)-5-Amino-3-oxohexanoate,HMDB0012131,19355-90-9,Organic compounds,Organic acids and derivatives,Keto acids and derivatives,Medium-chain keto acids and derivatives
neg_4706,N-Formylmethionine,HMDB0001015,4289-98-9,Organic compounds,Organic acids and derivatives,Carboxylic acids and derivatives,"Amino acids, peptides, and analogues"
neg_4707,Pyrocatechol sulfate,HMDB0059724,4918-96-1,Organic compounds,Organic acids and derivatives,Organic sulfuric acids and derivatives,Arylsulfates
neg_4710,7-Carboxynalidixic acid,HMDB0247238,--,Organic compounds,Organoheterocyclic compounds,Diazanaphthalenes,Naphthyridines
neg_4714,GDP-mannose,HMDB0001163,3123-67-9,Organic compounds,"Nucleosides, nucleotides, and analogues",Purine nucleotides,Purine nucleotide sugars
neg_4720,Pyrroline hydroxycarboxylic acid,HMDB0001369,22573-88-2,Organic compounds,Organic acids and derivatives,Carboxylic acids and derivatives,"Amino acids, peptides, and analogues"
neg_4722,Edulitine,HMDB0030179,15272-24-9,Organic compounds,Organoheterocyclic compounds,Quinolines and derivatives,Quinolones and derivatives
neg_4724,"5-Isoxazoleacetic acid, 4,5-dihydro-3-(4-hydroxyphenyl)-, methyl ester",HMDB0253597,--,Organic compounds,Benzenoids,Phenols,1-hydroxy-2-unsubstituted benzenoids
neg_4729,Graveoline,HMDB0033480,485-61-0,Organic compounds,Organoheterocyclic compounds,Quinolines and derivatives,Quinolones and derivatives
neg_4730,Flumequine,HMDB0041895,42835-25-6,Organic compounds,Organoheterocyclic compounds,Quinolines and derivatives,Quinoline carboxylic acids
neg_4731,Sulfamoxole,HMDB0015688,729-99-7,Organic compounds,Benzenoids,Benzene and substituted derivatives,Benzenesulfonamides
neg_4732,"Glycine, L-g-glutamyl-L-cysteinyl-, 3-methyl ester",HMDB0260312,--,Organic compounds,Organic acids and derivatives,Carboxylic acids and derivatives,"Amino acids, peptides, and analogues"
neg_4736,N-(4-Hydroxycinnamoyl)tyrosine,HMDB0039502,77201-66-2,Organic compounds,Organic acids and derivatives,Carboxylic acids and derivatives,"Amino acids, peptides, and analogues"
neg_4740,GTP,HMDB0001273,1986/1/1,Organic compounds,"Nucleosides, nucleotides, and analogues",Purine nucleotides,Purine ribonucleotides
neg_4743,5'-Deoxy-5'-fluorouridine,HMDB0246881,--,Organic compounds,"Nucleosides, nucleotides, and analogues",5'-deoxyribonucleosides,--
neg_4747,Deamino-NAD+,HMDB0001179,6450-77-7,Organic compounds,"Nucleosides, nucleotides, and analogues",(5'->5')-dinucleotides,--
neg_4749,"Kaempferol 3-(2'',4''-di-(Z)-p-coumaroylrhamnoside)",HMDB0032778,205534-17-4,Organic compounds,Phenylpropanoids and polyketides,Flavonoids,Flavonoid glycosides
neg_4752,Kaempferol 3-sophoroside 7-(2-feruloylglucoside),HMDB0038762,87891-34-7,Organic compounds,Phenylpropanoids and polyketides,Flavonoids,Flavonoid glycosides
neg_4761,CMP-N-trimethyl-2-aminoethylphosphonate,HMDB0060072,--,Organic compounds,Organic oxygen compounds,Organooxygen compounds,Carbohydrates and carbohydrate conjugates
neg_4763,Thiamin triphosphate,HMDB0001512,3475-65-8,Organic compounds,Organoheterocyclic compounds,Diazines,Pyrimidines and pyrimidine derivatives
neg_4764,NAD+,HMDB0000902,53-84-9,Organic compounds,"Nucleosides, nucleotides, and analogues",(5'->5')-dinucleotides,--
neg_4776,Pantoprazole,HMDB0005017,102625-70-7,Organic compounds,Organoheterocyclic compounds,Benzimidazoles,Sulfinylbenzimidazoles
neg_4778,6-Methylthiopurine 5'-monophosphate ribonucleotide,HMDB0060414,7021-52-5,Organic compounds,"Nucleosides, nucleotides, and analogues",Purine nucleotides,Purine ribonucleotides
neg_4797,Ceftizoxime,HMDB0015427,68401-81-0,Organic compounds,Organoheterocyclic compounds,Lactams,Beta lactams
neg_4800,"CDP-DG(18:3(6Z,9Z,12Z)/22:6(5Z,8E,10Z,13Z,15E,19Z)-2OH(7S, 17S))",HMDB0291559,--,--,--,--,--
neg_4802,4-Mercapto-2-butanone,HMDB0041015,34619-12-0,Organic compounds,Organic oxygen compounds,Organooxygen compounds,Carbonyl compounds
neg_4811,N-(5'-Phospho-D-1'-ribulosylformimino)-5-amino-1-(5''-phospho-D-ribosyl)-4-imidazolecarboxamide,HMDB0012278,36244-86-7,Organic compounds,"Nucleosides, nucleotides, and analogues",Imidazole ribonucleosides and ribonucleotides,1-ribosyl-imidazolecarboxamides
neg_4822,4-Hydroxyphenylacetaldehyde,HMDB0003767,7339-87-9,Organic compounds,Benzenoids,Benzene and substituted derivatives,Phenylacetaldehydes
neg_4823,Benzofuran,HMDB0032929,271-89-6,Organic compounds,Organoheterocyclic compounds,Benzofurans,--
neg_4865,"3-(3,4-Dihydroxyphenyl)pyruvate",HMDB0304103,--,Organic compounds,Benzenoids,Benzene and substituted derivatives,Phenylpyruvic acid derivatives
neg_4897,Lamivudine sulfoxide,HMDB0060599,--,Organic compounds,"Nucleosides, nucleotides, and analogues",Nucleoside and nucleotide analogues,--
neg_4898,N-Acetyl-L-glutamate 5-phosphate,HMDB0006456,15383-57-0,Organic compounds,Organic acids and derivatives,Carboxylic acids and derivatives,"Amino acids, peptides, and analogues"
neg_4915,(S)-3-Sulfolactate,HMDB0060176,--,Organic compounds,Organic acids and derivatives,Hydroxy acids and derivatives,Alpha hydroxy acids and derivatives
neg_4921,CMP-2-aminoethylphosphonate,HMDB0060067,--,Organic compounds,Organic oxygen compounds,Organooxygen compounds,Carbohydrates and carbohydrate conjugates
neg_4923,"4-Acetamido-4'-isothiocyanostilbene-2,2'-disulfonic acid",HMDB0246325,--,Organic compounds,Phenylpropanoids and polyketides,Stilbenes,Sulfonated stilbenes
neg_4955,Tyrosyl-Glutamine,HMDB0029103,--,Organic compounds,Organic acids and derivatives,Carboxylic acids and derivatives,"Amino acids, peptides, and analogues"
neg_4957,Prolyl-Threonine,HMDB0029027,--,Organic compounds,Organic acids and derivatives,Carboxylic acids and derivatives,"Amino acids, peptides, and analogues"
neg_4961,Pyroglutamic acid,HMDB0000267,98-79-3,Organic compounds,Organic acids and derivatives,Carboxylic acids and derivatives,"Amino acids, peptides, and analogues"
neg_4964,L-alpha-Amino-1H-pyrrole-1-hexanoic acid,HMDB0040551,156539-32-1,Organic compounds,Organic acids and derivatives,Carboxylic acids and derivatives,"Amino acids, peptides, and analogues"
neg_4967,"2-Amino-1-methyl-6-phenylimidazo[4,5-b]pyridine",HMDB0041008,105650-23-5,Organic compounds,Organoheterocyclic compounds,Pyridines and derivatives,Phenylpyridines
neg_4968,Gamma-Glu-Leu,HMDB0011171,2566-39-4,Organic compounds,Organic acids and derivatives,Carboxylic acids and derivatives,"Amino acids, peptides, and analogues"
neg_4969,N-Acetyl desmethyl frovatriptan,HMDB0061158,--,Organic compounds,Organoheterocyclic compounds,Indoles and derivatives,Carbazoles
neg_4974,"2,5-Diamino-6-(5-phospho-D-ribosylamino)pyrimidin-4(3H)-one",HMDB0304044,--,Organic compounds,Organic oxygen compounds,Organooxygen compounds,Carbohydrates and carbohydrate conjugates
neg_4975,FAD,HMDB0001248,146-14-5,Organic compounds,"Nucleosides, nucleotides, and analogues",Flavin nucleotides,--
neg_4976,3-Oxopropanoate,HMDB0011111,926-61-4,Organic compounds,Organic oxygen compounds,Organooxygen compounds,Carbonyl compounds
neg_4981,2-Aminophenoxazin-3-one,HMDB0030483,1916-59-2,Organic compounds,Organoheterocyclic compounds,Benzoxazines,Phenoxazines
neg_4990,N-Acetyl-7-O-acetylneuraminic acid,HMDB0000785,18529-63-0,Organic compounds,Organic oxygen compounds,Organooxygen compounds,Carbohydrates and carbohydrate conjugates
neg_4991,dADP,HMDB0001508,2793/6/8,Organic compounds,"Nucleosides, nucleotides, and analogues",Purine nucleotides,Purine deoxyribonucleotides
neg_4993,"4(1H)-Pyridinone, 2-ethyl-3-hydroxy-1-(2-hydroxyethyl)-",HMDB0244490,--,Organic compounds,Organoheterocyclic compounds,Pyridines and derivatives,Hydroxypyridines
neg_4997,3-Hydroxysuberic acid,HMDB0000325,73141-47-6,Organic compounds,Organic acids and derivatives,Hydroxy acids and derivatives,Medium-chain hydroxy acids and derivatives
neg_5000,Diphenol glucuronide,HMDB0059998,--,Organic compounds,Organic oxygen compounds,Organooxygen compounds,Carbohydrates and carbohydrate conjugates
neg_5001,Decarbamoylneosaxitoxin,HMDB0033663,68683-58-9,Organic compounds,Phenylpropanoids and polyketides,"Saxitoxins, gonyautoxins, and derivatives",--
neg_5011,Blepharin,HMDB0029344,27625-86-1,Organic compounds,Organic oxygen compounds,Organooxygen compounds,Carbohydrates and carbohydrate conjugates
neg_5012,Azamethiphos,HMDB0248763,--,Organic compounds,Organoheterocyclic compounds,Oxazolopyridines,--
neg_5014,E-10-Hydroxynortriptyline,HMDB0013889,--,Organic compounds,Benzenoids,Dibenzocycloheptenes,--
neg_5023,Taraxacoside,HMDB0030055,98449-40-2,Organic compounds,Organic oxygen compounds,Organooxygen compounds,Carbohydrates and carbohydrate conjugates
neg_5024,Quebrachidine,HMDB0030389,4835-69-2,Organic compounds,Alkaloids and derivatives,Corynanthean-type alkaloids,--
neg_5036,Vipivotide tetraxetan,HMDB0259833,--,Organic compounds,Organic acids and derivatives,Carboxylic acids and derivatives,Hexacarboxylic acids and derivatives
neg_5041,Aromadendrin 3-rhamnoside,HMDB0303603,--,Organic compounds,Phenylpropanoids and polyketides,Flavonoids,Flavonoid glycosides
neg_5043,8-Hydroxyluteolin 8-glucoside 3'-sulfate,HMDB0037596,63109-34-2,Organic compounds,Phenylpropanoids and polyketides,Flavonoids,Flavonoid glycosides
neg_5050,Genipin,HMDB0035830,6902-77-8,Organic compounds,Lipids and lipid-like molecules,Prenol lipids,Monoterpenoids
neg_5051,Homovanillyl alcohol sulfate,HMDB0240528,--,Organic compounds,Organic acids and derivatives,Organic sulfuric acids and derivatives,Arylsulfates
neg_5052,4-hydroxy-5-[4-hydroxy-3-(sulfooxy)phenyl]pentanoic acid,HMDB0127746,--,Organic compounds,Lipids and lipid-like molecules,Fatty Acyls,Fatty acids and conjugates
neg_5054,Sweroside,HMDB0258643,--,Organic compounds,Organic oxygen compounds,Organooxygen compounds,Carbohydrates and carbohydrate conjugates
neg_5056,L-Valine,HMDB0000883,72-18-4,Organic compounds,Organic acids and derivatives,Carboxylic acids and derivatives,"Amino acids, peptides, and analogues"
neg_5060,5-Amino-6-(1-D-ribitylamino)uracil,HMDB0011106,17014-74-3,Organic compounds,Organic oxygen compounds,Organooxygen compounds,Carbohydrates and carbohydrate conjugates
neg_5063,Biflorin,HMDB0002336,89701-85-9,Organic compounds,Organic oxygen compounds,Organooxygen compounds,Carbohydrates and carbohydrate conjugates
neg_5064,6-amino-5[N-methylformylamino]-1-methyluracil,HMDB0059771,--,Organic compounds,Organic nitrogen compounds,Organonitrogen compounds,N-arylamides
neg_5069,Lasinavir,HMDB0253986,--,Organic compounds,Benzenoids,Benzene and substituted derivatives,Phenethylamines
neg_5071,Phenylpyruvic acid,HMDB0000205,156-06-9,Organic compounds,Benzenoids,Benzene and substituted derivatives,Phenylpyruvic acid derivatives
neg_5072,(2E)-3-[3-(sulfooxy)phenyl]prop-2-enoic acid,HMDB0124975,--,Organic compounds,Phenylpropanoids and polyketides,Cinnamic acids and derivatives,Hydroxycinnamic acids and derivatives
neg_5073,3-Phenylpropionylglycine,HMDB0002042,20989-69-9,Organic compounds,Organic oxygen compounds,Organooxygen compounds,Carbonyl compounds
neg_5076,TG(10:0/13:0/8:0),HMDB0071165,--,Organic compounds,Lipids and lipid-like molecules,Glycerolipids,Triradylcglycerols
neg_5086,"2-(3,7,11,15,19,23,27-Heptamethyloctacosa-2,6,10,14,18,22,26-heptaenyl)-5,6-dimethoxy-3-methylcyclohexa-2,5-diene-1,4-dione",HMDB0247795,--,Organic compounds,Lipids and lipid-like molecules,Prenol lipids,Quinone and hydroquinone lipids
neg_5088,"CDP-DG(18:2(9Z,11Z)/i-12:0)",HMDB0116052,--,Organic compounds,Lipids and lipid-like molecules,Glycerophospholipids,CDP-glycerols
neg_5092,"7,8-DIHYDROXYFLAVONE",HMDB0247297,--,Organic compounds,Phenylpropanoids and polyketides,Flavonoids,Flavones
neg_5094,Daidzein 4'-sulfate,HMDB0240698,--,Organic compounds,Phenylpropanoids and polyketides,Isoflavonoids,Isoflav-2-enes
neg_5099,Glaucarubin,HMDB0035626,1448-23-3,Organic compounds,Lipids and lipid-like molecules,Prenol lipids,Terpene lactones
neg_5103,alpha-Furyl methyl diketone,HMDB0032920,1438-92-2,Organic compounds,Organic oxygen compounds,Organooxygen compounds,Carbonyl compounds
neg_5104,4-Hydroxystachydrine,HMDB0029230,--,Organic compounds,Organic acids and derivatives,Carboxylic acids and derivatives,"Amino acids, peptides, and analogues"
neg_5106,4-Ethoxymethylene-2-phenyl-2-oxazolin-5-one,HMDB0252118,--,Organic compounds,Organic acids and derivatives,Carboxylic acids and derivatives,"Amino acids, peptides, and analogues"
neg_5107,4-Hydroxyphenylacetylglutamic acid,HMDB0006061,1029120-37-3,Organic compounds,Organic acids and derivatives,Carboxylic acids and derivatives,"Amino acids, peptides, and analogues"
neg_5112,Monomethyl glutaric acid,HMDB0000858,1501-27-5,Organic compounds,Lipids and lipid-like molecules,Fatty Acyls,Fatty acid esters
neg_5116,8-Methoxykynurenate,HMDB0060426,--,Organic compounds,Organoheterocyclic compounds,Quinolines and derivatives,Quinoline carboxylic acids
neg_5126,Terazosin,HMDB0015293,63590-64-7,Organic compounds,Organoheterocyclic compounds,Diazinanes,Piperazines
neg_5127,bis(Benzyloxy)methane,HMDB0061836,--,Organic compounds,Benzenoids,Benzene and substituted derivatives,--
neg_5129,Trovafloxacin,HMDB0014823,147059-72-1,Organic compounds,Organoheterocyclic compounds,Diazanaphthalenes,Naphthyridines
neg_5133,4-Oxo-1-(3-pyridyl)-1-butanone,HMDB0062406,76014-80-7,Organic compounds,Organic oxygen compounds,Organooxygen compounds,Carbonyl compounds
neg_5137,6-Hydroxy-5-methoxy-1h-indole-2-carboxylic acid,HMDB0245714,--,Organic compounds,Organoheterocyclic compounds,Indoles and derivatives,Indolecarboxylic acids and derivatives
neg_5140,Phenylglucuronide,HMDB0059806,--,Organic compounds,Organic oxygen compounds,Organooxygen compounds,Carbohydrates and carbohydrate conjugates
neg_5152,Dihydroferulic acid 4-O-sulfate,HMDB0041724,86321-33-7,Organic compounds,Organic acids and derivatives,Organic sulfuric acids and derivatives,Arylsulfates
neg_5160,"N,O-Didesmethylvenlafaxine glucuronide",HMDB0061167,1021933-99-2,Organic compounds,Organic oxygen compounds,Organooxygen compounds,Carbohydrates and carbohydrate conjugates
neg_5161,Aureusin,HMDB0302156,--,Organic compounds,Phenylpropanoids and polyketides,Flavonoids,Flavonoid glycosides
neg_5162,vanillyl mandelate,HMDB0304531,--,Organic compounds,Benzenoids,Phenols,Methoxyphenols
neg_5168,Methyl ethaneperoxoate,HMDB0244711,--,Organic compounds,Organic acids and derivatives,Carboxylic acids and derivatives,Peroxycarboxylic acids and derivatives
neg_5176,Citrusin D,HMDB0039334,65995-51-9,Organic compounds,Lipids and lipid-like molecules,Fatty Acyls,Fatty acyl glycosides
neg_5180,Furan,HMDB0013785,110-00-9,Organic compounds,Organoheterocyclic compounds,Heteroaromatic compounds,--
neg_5182,"PS(18:4(6Z,9Z,12Z,15Z)/5-iso PGF2VI)",HMDB0281985,--,--,--,--,--
neg_5185,Ascorbic acid,HMDB0000044,50-81-7,Organic compounds,Organoheterocyclic compounds,Dihydrofurans,Furanones
neg_5186,O-methoxycatechol-O-sulphate,HMDB0060013,--,Organic compounds,Organic acids and derivatives,Organic sulfuric acids and derivatives,Arylsulfates
neg_5193,"((2,6-Bis(1-methylethyl)phenoxy)sulfonyl)carbamic acid 2,6-bis(1-methylethyl)phenyl ester",HMDB0242226,--,Organic compounds,Benzenoids,Benzene and substituted derivatives,Cumenes
neg_5195,Ethyl (S)-3-hydroxybutyrate glucoside,HMDB0031693,--,Organic compounds,Lipids and lipid-like molecules,Fatty Acyls,Fatty acyl glycosides
neg_5196,1H-Indol-2-amine,HMDB0244885,--,Organic compounds,Organoheterocyclic compounds,Indoles and derivatives,Indoles
neg_5197,3-Indole carboxylic acid glucuronide,HMDB0013189,--,Organic compounds,Organic oxygen compounds,Organooxygen compounds,Carbohydrates and carbohydrate conjugates
neg_5200,1-Hydroxybenzotriazole,HMDB0243899,--,Organic compounds,Organoheterocyclic compounds,Benzotriazoles,--
neg_5202,ferulic acid,HMDB0000954,537-98-4,Organic compounds,Phenylpropanoids and polyketides,Cinnamic acids and derivatives,Hydroxycinnamic acids and derivatives
neg_5203,Ferulic acid 4-O-sulfate,HMDB0029200,151481-53-7,Organic compounds,Phenylpropanoids and polyketides,Cinnamic acids and derivatives,Hydroxycinnamic acids and derivatives
neg_5217,"CDP-DG(18:3(6Z,9Z,12Z)/22:6(5Z,7Z,10Z,13Z,16Z,19Z)-OH(4))",HMDB0291567,--,--,--,--,--
neg_5218,CDP-DG(18:0/LTE4),HMDB0291005,--,--,--,--,--
neg_5219,Indoxyl,HMDB0004094,480-93-3,Organic compounds,Organoheterocyclic compounds,Indoles and derivatives,Hydroxyindoles
neg_5221,Indoxyl sulfate,HMDB0000682,487-94-5,Organic compounds,Organic acids and derivatives,Organic sulfuric acids and derivatives,Arylsulfates
neg_5230,IDP,HMDB0003335,1986/4/4,Organic compounds,"Nucleosides, nucleotides, and analogues",Purine nucleotides,Purine ribonucleotides
neg_5242,"PA(18:4(6Z,9Z,12Z,15Z)/5-iso PGF2VI)",HMDB0264348,--,--,--,--,--
neg_5248,"4-Hydroxy-5-(3',4'-dihydroxyphenyl)-valeric acid-O-glucuronide",HMDB0059971,--,Organic compounds,Organic oxygen compounds,Organooxygen compounds,Carbohydrates and carbohydrate conjugates
neg_5255,Gynocardin,HMDB0029913,14332-17-3,Organic compounds,Organic oxygen compounds,Organooxygen compounds,Carbohydrates and carbohydrate conjugates
neg_5256,rhamnetin 3-rhamninoside,HMDB0304579,--,Organic compounds,Phenylpropanoids and polyketides,Cinnamic acids and derivatives,Hydroxycinnamic acids and derivatives
neg_5259,"2,8-Quinolinediol",HMDB0240311,15450-76-7,Organic compounds,Organoheterocyclic compounds,Quinolines and derivatives,Quinolones and derivatives
neg_5260,Atrolactic acid,HMDB0000291,13244-77-4,Organic compounds,Benzenoids,Phenols,Methoxyphenols
neg_5261,"2,8-Quinolinediol 2-sulfate",HMDB0240657,--,Organic compounds,Organoheterocyclic compounds,Quinolines and derivatives,Quinolones and derivatives
neg_5262,4-Vinylphenol sulfate,HMDB0062775,131351-90-1,Organic compounds,Organic acids and derivatives,Organic sulfuric acids and derivatives,Arylsulfates
neg_5264,3-[3-(Sulfooxy)phenyl]propanoic acid,HMDB0094710,--,Organic compounds,Organic acids and derivatives,Organic sulfuric acids and derivatives,Arylsulfates
neg_5271,Bolton-Hunter reagent,HMDB0246176,--,Organic compounds,Benzenoids,Phenols,1-hydroxy-2-unsubstituted benzenoids
neg_5272,Panax ginseng Tetrapeptide,HMDB0302146,--,Organic compounds,Organic acids and derivatives,Carboxylic acids and derivatives,"Amino acids, peptides, and analogues"
neg_5280,"PA(2:0/20:3(6,8,11)-OH(5))",HMDB0266581,--,--,--,--,--
neg_5283,5'-Phosphoribosyl-N-formylglycinamide,HMDB0001308,349-34-8,Organic compounds,"Nucleosides, nucleotides, and analogues",Glycinamide ribonucleotides,--
neg_5284,"PE(DiMe(9,3)/20:4(6E,8Z,11Z,14Z)-OH(5S))",HMDB0284968,--,--,--,--,--
neg_5285,"PI(22:6(4Z,7Z,10Z,13Z,16Z,19Z)/20:5(7Z,9Z,11E,13E,17Z)-3OH(5,6,15))",HMDB0278383,--,--,--,--,--
neg_5292,Acetone cyanohydrin,HMDB0060427,--,Organic compounds,Organic oxygen compounds,Organooxygen compounds,Alcohols and polyols
neg_5297,hydroxymethylcytosine,HMDB0253278,--,Organic compounds,Organoheterocyclic compounds,Diazines,Pyrimidines and pyrimidine derivatives
neg_5301,Taraxinic acid glucosyl ester,HMDB0035249,75911-14-7,Organic compounds,Lipids and lipid-like molecules,Prenol lipids,Terpene lactones
neg_5305,2-Ethylglutaric acid,HMDB0059738,--,Organic compounds,Lipids and lipid-like molecules,Fatty Acyls,Fatty acids and conjugates
neg_5319,Gabazine,HMDB0252568,--,Organic compounds,Organoheterocyclic compounds,Diazines,Pyridazines and derivatives
neg_5322,"cis-N-((4-Cyano-2-(trifluoromethyl)phenyl)methyl)-3-((4-methyl-6-(methylamino)-1,3,5-triazin-2-yl)amino)cyclohexanecarboxamide",HMDB0252952,--,Organic compounds,Organic acids and derivatives,Carboxylic acids and derivatives,"Amino acids, peptides, and analogues"
neg_5324,Epicatechin,HMDB0001871,490-46-0,Organic compounds,Phenylpropanoids and polyketides,Flavonoids,Flavans
neg_5338,Tracheloside,HMDB0030557,33464-71-0,Organic compounds,"Lignans, neolignans and related compounds",Lignan glycosides,--
neg_5339,N-Acetylarylamine,HMDB0001250,55576-55-1,Organic compounds,Benzenoids,Benzene and substituted derivatives,--
neg_5351,2-Methoxyidazoxan,HMDB0245206,--,Organic compounds,Organoheterocyclic compounds,Benzodioxanes,"Benzo-1,4-dioxanes"
neg_5353,Salicylic acid beta-D-glucoside,HMDB0041271,10366-91-3,Organic compounds,Organic oxygen compounds,Organooxygen compounds,Carbohydrates and carbohydrate conjugates
neg_5362,Melilotoside,HMDB0033581,618-67-7,Organic compounds,Organic oxygen compounds,Organooxygen compounds,Carbohydrates and carbohydrate conjugates
neg_5363,"(2R,6x)-7-Methyl-3-methylene-1,2,6,7-octanetetrol 2-glucoside",HMDB0033216,219814-32-1,Organic compounds,Lipids and lipid-like molecules,Fatty Acyls,Fatty acyl glycosides
neg_5365,CTP,HMDB0000082,65-47-4,Organic compounds,Organic oxygen compounds,Organooxygen compounds,Carbohydrates and carbohydrate conjugates
neg_5373,"(2S,3R)-3-Hydroxy-2-methylbutanoic acid",HMDB0000351,71526-30-2,Organic compounds,Lipids and lipid-like molecules,Fatty Acyls,Fatty acids and conjugates
neg_5374,Idazoxan,HMDB0253375,--,Organic compounds,Organoheterocyclic compounds,Benzodioxanes,"Benzo-1,4-dioxanes"
neg_5383,"5-(1,2-Dihydroxyethyl)-4-hydroxyoxolane-2,3-dione",HMDB0246713,--,Organic compounds,Organoheterocyclic compounds,Lactones,Gamma butyrolactones
neg_5390,"5-Amino-2-(4-amino-3-fluorophenyl)-6,8-difluoro-7-methyl-4H-1-benzopyran-4-one",HMDB0244740,--,Organic compounds,Phenylpropanoids and polyketides,Flavonoids,Flavones
neg_5392,Norfuraneol,HMDB0031859,19322-27-1,Organic compounds,Organoheterocyclic compounds,Dihydrofurans,Furanones
neg_5397,6-Thioinosine,HMDB0255798,--,Organic compounds,"Nucleosides, nucleotides, and analogues",Purine nucleosides,--
neg_5398,Clorazepate,HMDB0014766,23887-31-2,Organic compounds,Organoheterocyclic compounds,Benzodiazepines,"1,4-benzodiazepines"
neg_5400,Pelargonidin 3-O-glucoside,HMDB0304718,--,Organic compounds,Phenylpropanoids and polyketides,Stilbenes,--
neg_5410,N-Acetyl-D-glucosamine 6-phosphate,HMDB0001062,18191-20-3,Organic compounds,Organic oxygen compounds,Organooxygen compounds,Carbohydrates and carbohydrate conjugates
neg_5412,Genistein 7-sulfate,HMDB0240522,--,Organic compounds,Phenylpropanoids and polyketides,Isoflavonoids,Isoflav-2-enes
neg_5421,Isoleucyl-Glutamine,HMDB0028905,--,Organic compounds,Organic acids and derivatives,Carboxylic acids and derivatives,"Amino acids, peptides, and analogues"
neg_5422,Serratol,HMDB0039827,67814-27-1,Organic compounds,Lipids and lipid-like molecules,Prenol lipids,Diterpenoids
neg_5426,Fusidic acid,HMDB0015570,6990/6/3,Organic compounds,Lipids and lipid-like molecules,Steroids and steroid derivatives,Steroid esters
neg_5432,all-trans-Hexaprenyl diphosphate,HMDB0012188,207513-95-9,Organic compounds,Lipids and lipid-like molecules,Prenol lipids,Polyprenols
neg_5438,4-hydroxy-2-nonenal-glutathione conjugate,HMDB0304177,--,Organic compounds,Organic acids and derivatives,Carboxylic acids and derivatives,"Amino acids, peptides, and analogues"
neg_5439,ENOXOLONE,HMDB0011628,471-53-4,Organic compounds,Lipids and lipid-like molecules,Prenol lipids,Triterpenoids
neg_5452,Hexanoyllysine,HMDB0253149,--,Organic compounds,Organic acids and derivatives,Carboxylic acids and derivatives,"Amino acids, peptides, and analogues"
neg_5461,L-Serine-phosphoethanolamine,HMDB0031950,1186-34-1,Organic compounds,Organic acids and derivatives,Carboxylic acids and derivatives,"Amino acids, peptides, and analogues"
neg_5465,1-(5'-Phosphoribosyl)-5-amino-4-imidazolecarboxamide,HMDB0001517,3031-94-5,Organic compounds,"Nucleosides, nucleotides, and analogues",Imidazole ribonucleosides and ribonucleotides,1-ribosyl-imidazolecarboxamides
neg_5466,Tetranor-PGEM,HMDB0253059,--,Organic compounds,Organic acids and derivatives,Keto acids and derivatives,Medium-chain keto acids and derivatives
neg_5469,"(S)-4-(2-(4-Amino-1,2,5-oxadiazol-3-yl)-1-ethyl-7-(piperidin-3-ylmethoxy)-1H-imidazo[4,5-c]pyridin-4-yl)-2-methylbut-3-yn-2-ol",HMDB0247670,--,Organic compounds,Organoheterocyclic compounds,Imidazopyridines,"Imidazo-[4,5-c]pyridines"
neg_5480,(-)-Dioxibrassinin,HMDB0038634,133761-64-5,Organic compounds,Organic acids and derivatives,Carboxylic acids and derivatives,"Amino acids, peptides, and analogues"
neg_5485,Glucosylxanthone,HMDB0252794,--,Organic compounds,Organoheterocyclic compounds,Benzopyrans,1-benzopyrans
neg_5490,"2,3-Dihydroxybenzoic acid",HMDB0000397,303-38-8,Organic compounds,Benzenoids,Benzene and substituted derivatives,Benzoic acids and derivatives
neg_5496,1-Hydroxyanthraquinone,HMDB0243898,--,Organic compounds,Benzenoids,Anthracenes,Anthraquinones
neg_5498,Sulfamethoxazole,HMDB0015150,723-46-6,Organic compounds,Benzenoids,Benzene and substituted derivatives,Benzenesulfonamides
neg_5499,2-Dehydro-3-deoxy-D-arabino-heptonate 7-phosphate,HMDB0304124,--,Organic compounds,Organic oxygen compounds,Organooxygen compounds,Carbohydrates and carbohydrate conjugates
neg_5502,Linsidomine,HMDB0254106,--,Organic compounds,Organoheterocyclic compounds,Oxazinanes,Morpholines
neg_5522,2-Methylbutyroylcarnitine,HMDB0000378,31023-25-3,Organic compounds,Lipids and lipid-like molecules,Fatty Acyls,Fatty acid esters
neg_5525,2-Amino-3-fluoropropanoic acid,HMDB0244980,--,Organic compounds,Organic acids and derivatives,Carboxylic acids and derivatives,"Amino acids, peptides, and analogues"
neg_5539,VASICINONE,HMDB0259770,--,Organic compounds,Organoheterocyclic compounds,Diazanaphthalenes,Benzodiazines
neg_5565,Thyrotropin-releasing factor,HMDB0259062,--,Organic compounds,Organic acids and derivatives,Carboxylic acids and derivatives,"Amino acids, peptides, and analogues"
neg_5579,Merodesmosine,HMDB0030407,17096-97-8,Organic compounds,Organic acids and derivatives,Carboxylic acids and derivatives,"Amino acids, peptides, and analogues"
neg_5621,"3-(2,4-Dimethoxybenzylidene)anabaseine",HMDB0252961,--,Organic compounds,Benzenoids,Benzene and substituted derivatives,Methoxybenzenes
neg_5637,Mammea B/BC cyclo E,HMDB0030649,30390-07-9,Organic compounds,Phenylpropanoids and polyketides,Coumarins and derivatives,Pyranocoumarins
neg_5650,2'-Fluoro-5-iodoarauracil,HMDB0245538,--,Organic compounds,"Nucleosides, nucleotides, and analogues",Pyrimidine nucleosides,Pyrimidine 2'-deoxyribonucleosides
neg_5670,"PI(18:3(9Z,12Z,15Z)/6 keto-PGF1alpha)",HMDB0276887,--,--,--,--,--
neg_5721,"4,5-Dioxopentanoate",HMDB0013233,--,Organic compounds,Organic acids and derivatives,Keto acids and derivatives,Gamma-keto acids and derivatives
neg_5723,Zymonic acid,HMDB0031210,24891-71-2,Organic compounds,Organoheterocyclic compounds,Dihydrofurans,Furanones
neg_5727,"4-[2,2'-Bithiophen-5-yl]-3-butyn-1-ol",HMDB0034453,1137-87-7,Organic compounds,Organoheterocyclic compounds,Bi- and oligothiophenes,--
neg_5731,Eriodictyol,HMDB0005810,552-58-9,Organic compounds,Phenylpropanoids and polyketides,Flavonoids,Flavans
neg_5751,Daidzein 7-O-glucuronide,HMDB0041718,--,Organic compounds,Phenylpropanoids and polyketides,Isoflavonoids,Isoflavonoid O-glycosides
neg_5779,Allyl formate,HMDB0248166,--,Organic compounds,Organic acids and derivatives,Carboxylic acids and derivatives,Carboxylic acid derivatives
neg_5788,Caffeoylferuloylspermidine,HMDB0033470,114916-07-3,Organic compounds,Phenylpropanoids and polyketides,Cinnamic acids and derivatives,Hydroxycinnamic acids and derivatives
neg_5794,Quinquenoside IV,HMDB0032829,208764-54-9,Organic compounds,Organic acids and derivatives,Carboxylic acids and derivatives,Peroxycarboxylic acids and derivatives
neg_5836,Lysosulfatide,HMDB0254273,--,Organic compounds,Lipids and lipid-like molecules,Sphingolipids,Glycosphingolipids
neg_5857,"PS(18:4(6Z,9Z,12Z,15Z)/20:3(5Z,8Z,11Z)-O(14R,15S))",HMDB0281937,--,--,--,--,--
neg_5858,"PS(20:5(5Z,8Z,11Z,14Z,17Z)/PGJ2)",HMDB0282805,--,--,--,--,--
neg_5883,Canavalioside,HMDB0036317,316141-31-8,Organic compounds,Lipids and lipid-like molecules,Prenol lipids,Terpene glycosides
neg_5891,"N6-(L-1,3-Dicarboxypropyl)-L-lysine",HMDB0000279,997-68-2,Organic compounds,Organic acids and derivatives,Carboxylic acids and derivatives,"Amino acids, peptides, and analogues"
neg_5906,"LysoPE(0:0/18:2(9Z,12Z))",HMDB0011477,--,Organic compounds,Lipids and lipid-like molecules,Glycerophospholipids,Glycerophosphoethanolamines
neg_5927,Ruberythric acid,HMDB0257353,--,Organic compounds,Benzenoids,Anthracenes,Anthraquinones
neg_5947,Eicosanoyl-CoA,HMDB0004258,15895-27-9,Organic compounds,Lipids and lipid-like molecules,Fatty Acyls,Fatty acyl thioesters
neg_5963,Cerotoyl-CoA,HMDB0006459,99313-57-2,Organic compounds,Lipids and lipid-like molecules,Fatty Acyls,Fatty acyl thioesters
neg_5968,"((2R,3S)-3-Amino-2-hydroxy-2-(1H-imidazol-4-ylmethyl)-5-methyl)-5-methylhexanoic Acid",HMDB0242228,--,Organic compounds,Organic acids and derivatives,Carboxylic acids and derivatives,"Amino acids, peptides, and analogues"
neg_5972,Melanettin,HMDB0041758,58115-08-5,Organic compounds,Phenylpropanoids and polyketides,Neoflavonoids,Neoflavones
neg_5974,Betulalbuside A,HMDB0035634,64776-96-1,Organic compounds,Lipids and lipid-like molecules,Fatty Acyls,Fatty acyl glycosides
neg_5976,3'-Deoxyderhamnosylmaysin,HMDB0301875,--,Organic compounds,Phenylpropanoids and polyketides,Flavonoids,Flavonoid glycosides
neg_5993,Physagulin C,HMDB0038535,136997-67-6,Organic compounds,Lipids and lipid-like molecules,Steroids and steroid derivatives,Steroid lactones
neg_6014,"2-Propenoic acid, 2-methyl-, 7-oxabicyclo[4.1.0]hept-3-ylmethyl ester",HMDB0247495,--,Organic compounds,Organoheterocyclic compounds,Oxepanes,--
neg_6022,Phenylacetylglycine,HMDB0000821,500-98-1,Organic compounds,Organic acids and derivatives,Carboxylic acids and derivatives,"Amino acids, peptides, and analogues"
neg_6023,L-2-Aminoethyl seryl phosphate,HMDB0031950,1186-34-1,Organic compounds,Organic acids and derivatives,Carboxylic acids and derivatives,"Amino acids, peptides, and analogues"
neg_6025,Didanosine,HMDB0015037,69655-05-6,Organic compounds,"Nucleosides, nucleotides, and analogues",Purine nucleosides,"Purine 2',3'-dideoxyribonucleosides"
neg_6026,Naringenin 7-sulfate,HMDB0240547,--,Organic compounds,Phenylpropanoids and polyketides,Flavonoids,Flavans
neg_6068,Prolyl-Lysine,HMDB0029022,--,Organic compounds,Organic acids and derivatives,Carboxylic acids and derivatives,"Amino acids, peptides, and analogues"
neg_6115,Acetyl-DL-Leucine,HMDB0011756,1188-21-2,Organic compounds,Organic acids and derivatives,Carboxylic acids and derivatives,"Amino acids, peptides, and analogues"
neg_6116,KAPA,HMDB0240687,682799-71-9,Organic compounds,Lipids and lipid-like molecules,Fatty Acyls,Fatty acids and conjugates
neg_6163,(2S)-N-[(2S)-1-[Acetyl-[(2S)-1-oxohexan-2-yl]amino]-4-methyl-1-oxopentan-2-yl]-2-amino-4-methylpentanamide,HMDB0257703,--,Organic compounds,Organic acids and derivatives,Carboxylic acids and derivatives,"Amino acids, peptides, and analogues"
neg_6164,Val-Gly-Val-Ala-Pro-Gly,HMDB0253033,--,Organic compounds,Organic acids and derivatives,Carboxylic acids and derivatives,"Amino acids, peptides, and analogues"
neg_6175,Morphine-6-glucuronide,HMDB0041937,20290-10-2,Organic compounds,Alkaloids and derivatives,Morphinans,--
neg_6178,N-(1-Deoxy-1-fructosyl)leucine,HMDB0037840,34393-18-5,Organic compounds,Organic acids and derivatives,Carboxylic acids and derivatives,"Amino acids, peptides, and analogues"
neg_6183,Novobiocin,HMDB0015185,303-81-1,Organic compounds,Phenylpropanoids and polyketides,Coumarins and derivatives,Coumarin glycosides
neg_6195,Rutarin,HMDB0030884,20320-81-4,Organic compounds,Phenylpropanoids and polyketides,Coumarins and derivatives,Coumarin glycosides
neg_6196,Kaempferol 3-O-alpha-L-rhamnofuranoside,HMDB0040542,5041-73-6,Organic compounds,Phenylpropanoids and polyketides,Flavonoids,Flavonoid glycosides
neg_6209,PGP(i-19:0/LTE4),HMDB0275545,--,--,--,--,--
neg_6216,Fertirelin,HMDB0252235,--,Organic compounds,Organic acids and derivatives,Carboxylic acids and derivatives,"Amino acids, peptides, and analogues"
neg_6217,3-Methylene-indolenine,HMDB0011664,40642-83-9,Organic compounds,Organoheterocyclic compounds,Indoles and derivatives,--
neg_6218,MALONONITRILE,HMDB0254315,--,Organic compounds,Organic nitrogen compounds,Organonitrogen compounds,Organic cyanides
neg_6221,N-Phenylmaleimide,HMDB0255228,--,Organic compounds,Organoheterocyclic compounds,Pyrrolines,Phenylpyrrolines
neg_6223,2-Hydroxypyridine,HMDB0013751,142-08-5,Organic compounds,Organoheterocyclic compounds,Pyridines and derivatives,Hydropyridines
neg_6224,gamma-Aminobutyric acid-betaxanthin,HMDB0304751,--,Organic compounds,Organic acids and derivatives,Carboxylic acids and derivatives,"Amino acids, peptides, and analogues"
neg_6227,Triethylene Glycol Monomethyl Ether,HMDB0062666,112-35-6,Organic compounds,Organic oxygen compounds,Organooxygen compounds,Ethers
neg_6229,Kaempferol 3-(6-acetylgalactoside),HMDB0035466,--,Organic compounds,Phenylpropanoids and polyketides,Flavonoids,Flavonoid glycosides
neg_6246,Argininosuccinic acid,HMDB0000052,2387-71-5,Organic compounds,Organic acids and derivatives,Carboxylic acids and derivatives,"Amino acids, peptides, and analogues"
neg_6257,Squalamine,HMDB0258449,--,Organic compounds,Lipids and lipid-like molecules,Steroids and steroid derivatives,"Bile acids, alcohols and derivatives"
neg_6258,DG(15:0/PGF1alpha/0:0),HMDB0295383,--,--,--,--,--
neg_6263,"PA(24:0/20:4(5Z,8Z,11Z,14Z)-OH(20))",HMDB0266281,--,--,--,--,--
neg_6272,Diosbulbinoside F,HMDB0036783,66756-58-9,Organic compounds,Lipids and lipid-like molecules,Prenol lipids,Terpene glycosides
neg_6274,Prupaside,HMDB0038951,126882-52-8,Organic compounds,"Lignans, neolignans and related compounds",Lignan glycosides,--
neg_6276,"PC(2:0/20:4(6Z,8E,10E,14Z)-2OH(5S,12R))",HMDB0288838,--,--,--,--,--
neg_6285,"PG(i-14:0/18:1(12Z)-2OH(9,10))",HMDB0271311,--,--,--,--,--
neg_6287,o-Cresol,HMDB0002055,95-48-7,Organic compounds,Benzenoids,Phenols,Cresols
neg_6288,4-Hydroxybenzaldehyde,HMDB0011718,123-08-0,Organic compounds,Organic oxygen compounds,Organooxygen compounds,Carbonyl compounds
neg_6289,Lentialexin,HMDB0038997,114020-45-0,Organic compounds,Lipids and lipid-like molecules,Fatty Acyls,Fatty alcohols
neg_6291,5-Hydroxyferulate,HMDB0035484,110642-42-7,Organic compounds,Phenylpropanoids and polyketides,Cinnamic acids and derivatives,Hydroxycinnamic acids and derivatives
neg_6296,(R)-3-Amino-2-fluoropropyl phosphenite,HMDB0248770,--,Organic compounds,Organic oxygen compounds,Organic oxoanionic compounds,--
neg_6299,Blumenol C glucoside,HMDB0040668,62512-23-6,Organic compounds,Lipids and lipid-like molecules,Fatty Acyls,Fatty acyl glycosides
neg_6301,Carboxy-ethyl-hydroxychroman,HMDB0249650,--,Organic compounds,Organoheterocyclic compounds,Benzopyrans,1-benzopyrans
neg_6302,Prednisone acetate,HMDB0256752,--,Organic compounds,Lipids and lipid-like molecules,Steroids and steroid derivatives,Pregnane steroids
neg_6307,Neryl rhamnosyl-glucoside,HMDB0029349,84534-31-6,Organic compounds,Lipids and lipid-like molecules,Prenol lipids,Terpene glycosides
neg_6309,Isolariciresinol 9'-O-alpha-L-arabinofuranoside,HMDB0032906,63358-10-1,Organic compounds,"Lignans, neolignans and related compounds",Lignan glycosides,--
neg_6329,p-Cresol glucuronide,HMDB0011686,--,Organic compounds,Organic oxygen compounds,Organooxygen compounds,Carbohydrates and carbohydrate conjugates
neg_6331,Vanilloyl glucose,HMDB0302470,--,Organic compounds,Phenylpropanoids and polyketides,Tannins,Hydrolyzable tannins
neg_6333,"LysoPC(18:3(6Z,9Z,12Z)/0:0)",HMDB0010387,--,Organic compounds,Lipids and lipid-like molecules,Glycerophospholipids,Glycerophosphocholines
neg_6334,cis-Mulberroside A,HMDB0031726,166734-06-1,Organic compounds,Phenylpropanoids and polyketides,Stilbenes,Stilbene glycosides
neg_6343,Stercurensin,HMDB0037485,94388-75-7,Organic compounds,Phenylpropanoids and polyketides,"Linear 1,3-diarylpropanoids",Chalcones and dihydrochalcones
neg_6345,CDP-DG(PGF1alpha/18:0),HMDB0291068,--,--,--,--,--
neg_6346,N-Acetyl-L-leucine,HMDB0011756,1188-21-2,Organic compounds,Organic acids and derivatives,Carboxylic acids and derivatives,"Amino acids, peptides, and analogues"
neg_6348,Succinate semialdehyde,HMDB0001259,692-29-5,Organic compounds,Lipids and lipid-like molecules,Fatty Acyls,Fatty acids and conjugates
neg_6357,Licoricesaponin E2,HMDB0038719,119418-01-8,Organic compounds,Lipids and lipid-like molecules,Prenol lipids,Terpene glycosides
neg_6367,5-O-Caffeoylshikimic acid,HMDB0033999,73263-62-4,Organic compounds,Phenylpropanoids and polyketides,Cinnamic acids and derivatives,Hydroxycinnamic acids and derivatives
neg_6370,Quercetin 3-(6''-acetylglucoside),HMDB0037366,54542-51-7,Organic compounds,Phenylpropanoids and polyketides,Flavonoids,Flavonoid glycosides
neg_6374,Partricin,HMDB0256135,--,Organic compounds,Organic oxygen compounds,Organooxygen compounds,Carbohydrates and carbohydrate conjugates
neg_6378,"Hesperetin 3',7-O-diglucuronide",HMDB0041742,--,Organic compounds,Phenylpropanoids and polyketides,Flavonoids,Flavonoid glycosides
neg_6429,2-Phenylethanol glucuronide,HMDB0010350,--,Organic compounds,Organic oxygen compounds,Organooxygen compounds,Carbohydrates and carbohydrate conjugates
neg_6454,"19-Benzyl-7-hydroxy-7,9,16,17-tetramethyl-2,4,15-trioxa-20-azatetracyclo[11.8.0.01,18.014,16]henicosa-5,11-diene-3,8,21-trione",HMDB0246197,--,Organic compounds,Alkaloids and derivatives,Cytochalasans,--
neg_6461,"2-Methyl-2H-1,3-benzoxazin-4(3H)-one",HMDB0249616,--,Organic compounds,Organoheterocyclic compounds,Benzoxazines,--
neg_6462,1-Methoxy-1H-indole-3-acetonitrile,HMDB0040973,30536-48-2,Organic compounds,Organoheterocyclic compounds,Indoles and derivatives,Indoles
neg_6470,Oxonal,HMDB0255997,--,--,--,--,--
neg_6472,2-Methylhippuric acid,HMDB0011723,42013-20-7,Organic compounds,Benzenoids,Benzene and substituted derivatives,Benzoic acids and derivatives
neg_6475,sn-Glycero-3-phosphoethanolamine,HMDB0059660,--,Organic compounds,Lipids and lipid-like molecules,Glycerophospholipids,Glycerophosphoethanolamines
neg_6483,Dexamethasone 21-sulfate,HMDB0251078,--,Organic compounds,Lipids and lipid-like molecules,Steroids and steroid derivatives,Sulfated steroids
neg_6486,Suberic acid,HMDB0000893,505-48-6,Organic compounds,Lipids and lipid-like molecules,Fatty Acyls,Fatty acids and conjugates
neg_6512,Dialdehyde,HMDB0251125,--,Organic compounds,Alkaloids and derivatives,Harmala alkaloids,--
neg_6532,Retrocalamin,HMDB0038159,74729-98-9,Organic compounds,Organoheterocyclic compounds,Naphthopyrans,--
neg_6533,Isomaltotriose,HMDB0029910,32590-17-3,Organic compounds,Organic oxygen compounds,Organooxygen compounds,Carbohydrates and carbohydrate conjugates
neg_6541,"PI(18:3(9Z,12Z,15Z)/5-iso PGF2VI)",HMDB0276903,--,--,--,--,--
neg_6544,Tamarixetin,HMDB0002937,603-61-2,Organic compounds,Phenylpropanoids and polyketides,Flavonoids,O-methylated flavonoids
neg_6567,Deoxycholyllysine,HMDB0242422,--,--,--,--,--
neg_6583,"1,2-Di-O-(8-hexadecenoyl)-3-O-(6-sulfoquinovopyranosyl)glycerol",HMDB0031134,--,Organic compounds,Lipids and lipid-like molecules,Glycerolipids,Glycosylglycerols
neg_6593,"4',5'-Dimethylfluorescein",HMDB0246638,--,Organic compounds,Organoheterocyclic compounds,Benzopyrans,1-benzopyrans
neg_6601,Apigenin 7-O-glucoside,HMDB0037340,578-74-5,Organic compounds,Phenylpropanoids and polyketides,Flavonoids,Flavonoid glycosides
neg_6604,DG(LTE4/2:0/0:0),HMDB0296924,--,--,--,--,--
neg_6610,6-Aminonicotinamide,HMDB0247034,--,Organic compounds,Organoheterocyclic compounds,Pyridines and derivatives,Pyridinecarboxylic acids and derivatives
neg_6613,(S)-Batatic acid,HMDB0035721,--,Organic compounds,Lipids and lipid-like molecules,Fatty Acyls,Fatty acids and conjugates
neg_6614,Tranexamic Acid,HMDB0014447,1197-18-8,Organic compounds,Organic acids and derivatives,Carboxylic acids and derivatives,"Amino acids, peptides, and analogues"
neg_6619,4'-O-Methylepicatechin 7-O-glucuronide,HMDB0029183,603133-93-3,Organic compounds,Phenylpropanoids and polyketides,Flavonoids,Flavonoid glycosides
neg_6632,CDP-DG(i-19:0/TXB2),HMDB0294024,--,--,--,--,--
neg_6642,Cyclo((2R)-2-aminobutanoyl-N2-methyl-L-arginylglycyl-L-alpha-aspartyl-3-(aminomethyl)benzoyl),HMDB0259541,--,Organic compounds,Phenylpropanoids and polyketides,Macrolactams,--
neg_6656,Histidinohydroxylysinonorleucine,HMDB0253184,--,Organic compounds,Organic acids and derivatives,Carboxylic acids and derivatives,"Amino acids, peptides, and analogues"
neg_6657,4-Hydroxytamoxifen sulfate,HMDB0061123,--,Organic compounds,Phenylpropanoids and polyketides,Stilbenes,--
neg_6658,Pelargonidin 3-(6''-succinyl-glucoside),HMDB0301659,--,Organic compounds,Phenylpropanoids and polyketides,Flavonoids,Flavonoid glycosides
neg_6661,2-[(2-Amino-2-oxoethyl)-[(2S)-2-[(2-amino-2-oxoethyl)-(carboxymethyl)amino]propyl]amino]acetic acid,HMDB0247365,--,Organic compounds,Organic acids and derivatives,Carboxylic acids and derivatives,"Amino acids, peptides, and analogues"
neg_6668,N(omega)-Hydroxyarginine,HMDB0004224,53054-07-2,Organic compounds,Organic acids and derivatives,Carboxylic acids and derivatives,"Amino acids, peptides, and analogues"
neg_6671,5-Methoxytryptamine,HMDB0004095,608-07-1,Organic compounds,Organoheterocyclic compounds,Indoles and derivatives,Tryptamines and derivatives
neg_6677,2'-C-Methylcytidine,HMDB0245530,--,Organic compounds,"Nucleosides, nucleotides, and analogues",Pyrimidine nucleosides,--
neg_6688,"CDP-DG(i-14:0/18:2(9Z,11E)+=O(13))",HMDB0293518,--,--,--,--,--
neg_6689,PGP(PGD2/20:1(11Z)),HMDB0273254,--,--,--,--,--
neg_6702,Daidzein diglucuronide,HMDB0240496,--,Organic compounds,Phenylpropanoids and polyketides,Stilbenes,Stilbene glycosides
neg_6712,"CDP-DG(22:5(4Z,7Z,10Z,13Z,16Z)/20:4(6E,8Z,11Z,14Z)+=O(5))",HMDB0292473,--,--,--,--,--
neg_6713,Protoporphyrin,HMDB0000241,553-12-8,Organic compounds,Organoheterocyclic compounds,Tetrapyrroles and derivatives,Porphyrins
neg_6720,Anhydrotetracycline,HMDB0014897,60-54-8,Organic compounds,Phenylpropanoids and polyketides,Tetracyclines,--
neg_6732,4-Hydroxystyrene,HMDB0004072,2628-17-3,Organic compounds,Benzenoids,Benzene and substituted derivatives,Styrenes
neg_6733,4-Hydroxycinnamyl aldehyde,HMDB0040986,20711-53-9,Organic compounds,Phenylpropanoids and polyketides,Cinnamaldehydes,--
neg_6745,(3Z)-Phytochromobilin,HMDB0303975,--,Organic compounds,Organoheterocyclic compounds,Tetrapyrroles and derivatives,Bilirubins
neg_6756,"PE(DiMe(9,3)/20:5(7Z,9Z,11E,13E,17Z)-3OH(5,6,15))",HMDB0285032,--,--,--,--,--
neg_6779,Prolyl-Tryptophan,HMDB0029028,--,Organic compounds,Organic acids and derivatives,Carboxylic acids and derivatives,"Amino acids, peptides, and analogues"
neg_6817,N(4)-Oleylcytosine arabinoside,HMDB0255284,--,Organic compounds,"Nucleosides, nucleotides, and analogues",Pyrimidine nucleosides,--
neg_6825,6-Epi-7-isocucurbic acid glucoside,HMDB0029782,176486-13-8,Organic compounds,Lipids and lipid-like molecules,Fatty Acyls,Fatty acyl glycosides
neg_6836,Moxifloxacin,HMDB0014363,354812-41-2,Organic compounds,Organoheterocyclic compounds,Quinolines and derivatives,Quinoline carboxylic acids
neg_6849,Ascorbate,HMDB0000044,50-81-7,Organic compounds,Organoheterocyclic compounds,Dihydrofurans,Furanones
neg_6857,Medicagol,HMDB0033831,1983-72-8,Organic compounds,Phenylpropanoids and polyketides,Isoflavonoids,Coumestans
neg_6882,31-Hydroxy rifabutin,HMDB0060754,--,Organic compounds,Organoheterocyclic compounds,Naphthofurans,--
neg_6902,Goyaglycoside c,HMDB0038349,333332-49-3,Organic compounds,Lipids and lipid-like molecules,Prenol lipids,Terpene glycosides
neg_7036,Triamcinolone acetonide 21-palmitate,HMDB0259146,--,Organic compounds,Lipids and lipid-like molecules,Steroids and steroid derivatives,Pregnane steroids
neg_7042,"PGP(a-15:0/20:4(6Z,8E,10E,14Z)-2OH(5S,12R))",HMDB0274405,--,--,--,--,--
neg_7049,Cysteinyl-Isoleucine,HMDB0028778,--,Organic compounds,Organic acids and derivatives,Carboxylic acids and derivatives,"Amino acids, peptides, and analogues"
neg_7060,Marminal,HMDB0035035,15334-19-7,Organic compounds,Phenylpropanoids and polyketides,Coumarins and derivatives,--
neg_7072,Isoniazid,HMDB0015086,54-85-3,Organic compounds,Organoheterocyclic compounds,Pyridines and derivatives,Pyridinecarboxylic acids and derivatives
neg_7073,"2-Isopropyl-1,4-benzenediol",HMDB0032132,2349-71-5,Organic compounds,Benzenoids,Benzene and substituted derivatives,Cumenes
neg_7075,Homoveratric acid,HMDB0000434,93-40-3,Organic compounds,Benzenoids,Benzene and substituted derivatives,Methoxybenzenes
neg_7082,Enterodiol glucuronide,HMDB0240503,--,Organic compounds,Phenylpropanoids and polyketides,Stilbenes,--
neg_7088,7-Oxoprostaglandin I2,HMDB0247284,--,Organic compounds,Lipids and lipid-like molecules,Fatty Acyls,Eicosanoids
neg_7092,"Isofucosterol 3-O-[6-O-(9,12-Octadecadienoyl)-b-D-glucopyranoside]",HMDB0032881,209903-47-9,Organic compounds,Benzenoids,Naphthalenes,Naphthalene sulfonic acids and derivatives
neg_7096,Alanylphenylalanine,HMDB0028694,3061-90-3,Organic compounds,Organic acids and derivatives,Carboxylic acids and derivatives,"Amino acids, peptides, and analogues"
neg_7101,3-[(3-(2-Carboxyethyl)-4-methylpyrrol-2-YL)methylene]-2-indolinone,HMDB0258526,--,Organic compounds,Organoheterocyclic compounds,Indoles and derivatives,Indolines
neg_7106,Kaempferide 3-rhamnoside,HMDB0040803,148435-12-5,Organic compounds,Phenylpropanoids and polyketides,Flavonoids,Flavonoid glycosides
neg_7116,Umbelliferone,HMDB0029865,93-35-6,Organic compounds,Phenylpropanoids and polyketides,Coumarins and derivatives,Hydroxycoumarins
neg_7120,Indoleacetaldehyde,HMDB0001190,2591-98-2,Organic compounds,Organoheterocyclic compounds,Indoles and derivatives,Indoles
neg_7121,5-Methoxytryptophol,HMDB0001896,712-09-4,Organic compounds,Organoheterocyclic compounds,Indoles and derivatives,Indoles
neg_7133,Apigenin 7-O-diglucuronide,HMDB0301685,--,Organic compounds,Phenylpropanoids and polyketides,Flavonoids,Flavonoid glycosides
neg_7136,"3-(2,4-Dimethyl-5-(2-oxo-1,2-dihydroindol-3-ylidenemethyl)-1H-pyrrol-3-yl)propionic acid",HMDB0258528,--,Organic compounds,Organoheterocyclic compounds,Indoles and derivatives,Indolines
neg_7137,2-Methoxyestrone 3-glucuronide,HMDB0004482,25577-70-2,Organic compounds,Lipids and lipid-like molecules,Steroids and steroid derivatives,Steroidal glycosides
neg_7146,"5,7-Dihydroxyflavone",HMDB0036619,480-40-0,Organic compounds,Phenylpropanoids and polyketides,Flavonoids,Flavones
neg_7148,Doxantrazole,HMDB0251600,--,Organic compounds,Organoheterocyclic compounds,Benzothiopyrans,1-benzothiopyrans
neg_7149,4'-O-Glucopyranosylsinapic acid,HMDB0303764,--,Organic compounds,Organic oxygen compounds,Organooxygen compounds,Carbohydrates and carbohydrate conjugates
neg_7150,Hesperetin 3'-O-glucuronide,HMDB0041743,--,Organic compounds,Phenylpropanoids and polyketides,Flavonoids,Flavonoid glycosides
neg_7151,Dihydrofolate,HMDB0001056,4033-27-6,Organic compounds,Organic acids and derivatives,Carboxylic acids and derivatives,"Amino acids, peptides, and analogues"
neg_7153,8-Hydroxyluteolin 4'-methyl ether 8-glucoside-3'-sulfate,HMDB0037333,131622-65-6,Organic compounds,Phenylpropanoids and polyketides,Flavonoids,Flavonoid glycosides
neg_7161,Benomyl,HMDB0031767,17804-35-2,Organic compounds,Organoheterocyclic compounds,Benzimidazoles,2-benzimidazolylcarbamic acid esters
neg_7163,"17-phenyl-18,19,20-trinor-prostaglandin E2",HMDB0062612,--,Organic compounds,Lipids and lipid-like molecules,Fatty Acyls,Eicosanoids
neg_7167,Cortolone,HMDB0003128,516-42-7,Organic compounds,Lipids and lipid-like molecules,Steroids and steroid derivatives,Hydroxysteroids
neg_7172,2-Methoxy-estradiol-17b 3-glucuronide,HMDB0006765,--,Organic compounds,Lipids and lipid-like molecules,Steroids and steroid derivatives,Steroidal glycosides
neg_7177,Kaempferol 3-rhamnoside 7-galacturonide,HMDB0039320,124167-98-2,Organic compounds,Phenylpropanoids and polyketides,Flavonoids,Flavonoid glycosides
neg_7226,3-O-Acetylpinobanksin,HMDB0245955,--,Organic compounds,Phenylpropanoids and polyketides,Flavonoids,Flavans
neg_7237,6-Thioinosine-5'-monophosphate,HMDB0060416,--,Organic compounds,"Nucleosides, nucleotides, and analogues",Purine nucleotides,Purine ribonucleotides
neg_7242,Rutaretin 9-rutinoside,HMDB0034611,160845-05-6,Organic compounds,Phenylpropanoids and polyketides,Coumarins and derivatives,Coumarin glycosides
neg_7252,3-Dehydroshikimate,HMDB0304122,--,Organic compounds,Organic oxygen compounds,Organooxygen compounds,Carbonyl compounds
neg_7253,Macromomycin B,HMDB0254293,--,Organic compounds,Organoheterocyclic compounds,Benzoxazines,Benzoxazinones
neg_7254,"3-Nitro-3,3a-dihydrobenzo[b]phenalen-7-one",HMDB0258105,--,Organic compounds,Benzenoids,Phenanthrenes and derivatives,--
neg_7267,"LysoPE(0:0/18:3(9Z,12Z,15Z))",HMDB0011479,--,Organic compounds,Lipids and lipid-like molecules,Glycerophospholipids,Glycerophosphoethanolamines
neg_7268,(1S)-1-(3-Methoxyphenyl)-2-[4-[4-[(propan-2-ylideneamino)oxymethyl]phenyl]triazol-1-yl]ethanol,HMDB0250376,--,Organic compounds,Organoheterocyclic compounds,Azoles,Triazoles
neg_7275,Linatine,HMDB0038516,10139-06-7,Organic compounds,Organic acids and derivatives,Carboxylic acids and derivatives,"Amino acids, peptides, and analogues"
neg_7276,Aflatoxin ExB2,HMDB0038805,23402-20-2,Organic compounds,Phenylpropanoids and polyketides,Coumarins and derivatives,Furanocoumarins
neg_7277,"LysoPI(18:2(9Z,12Z)/0:0)",HMDB0240597,1425501-10-5,Organic compounds,Lipids and lipid-like molecules,Glycerophospholipids,Glycerophosphoinositols
neg_7282,Norlaudanosoline,HMDB0012486,57073-15-1,Organic compounds,Organoheterocyclic compounds,Isoquinolines and derivatives,Benzylisoquinolines
neg_7288,Aloin A,HMDB0035219,8015-61-0,Organic compounds,Benzenoids,Anthracenes,--
neg_7289,Benzyl O-[arabinofuranosyl-(1->6)-glucoside],HMDB0041514,88510-11-6,Organic compounds,Organic oxygen compounds,Organooxygen compounds,Carbohydrates and carbohydrate conjugates
neg_7293,FMN,HMDB0001520,146-17-8,Organic compounds,"Nucleosides, nucleotides, and analogues",Flavin nucleotides,--
neg_7295,naringenin-7-O-glucuronide,HMDB0029209,--,Organic compounds,Phenylpropanoids and polyketides,Flavonoids,Flavonoid glycosides
neg_7297,Glucodistylin,HMDB0041597,27297-45-6,Organic compounds,Phenylpropanoids and polyketides,Flavonoids,Flavonoid glycosides
neg_7298,5-phosphonooxy-L-lysine,HMDB0059600,--,Organic compounds,Organic acids and derivatives,Carboxylic acids and derivatives,"Amino acids, peptides, and analogues"
neg_7301,Poncirin,HMDB0037487,14941-08-3,Organic compounds,Phenylpropanoids and polyketides,Flavonoids,Flavonoid glycosides
neg_7320,Floribundoside,HMDB0033739,529-41-9,Organic compounds,Phenylpropanoids and polyketides,Flavonoids,Flavonoid glycosides
neg_7330,7-[3-(4-Acetyl-3-hydroxy-2-propylphenoxy)-2-hydroxypropoxy]-4-oxo-8-propylchromene-2-carboxylic acid,HMDB0252477,--,Organic compounds,Organic oxygen compounds,Organooxygen compounds,Carbonyl compounds
neg_7362,Didemethylcitalopram,HMDB0060472,--,Organic compounds,Benzenoids,Benzene and substituted derivatives,Phenylbutylamines
neg_7388,Mucocin,HMDB0031391,170591-47-6,Organic compounds,Lipids and lipid-like molecules,Fatty Acyls,Fatty alcohols
neg_7397,Metyrapol,HMDB0060605,--,Organic compounds,Organoheterocyclic compounds,Pyridines and derivatives,--
neg_7418,D-Lactic acid,HMDB0001311,10326-41-7,Organic compounds,Organic acids and derivatives,Hydroxy acids and derivatives,Alpha hydroxy acids and derivatives
neg_7419,"3-(Hydroxymethyl)-5,5-diphenylimidazolidine-2,4-dione",HMDB0245789,--,Organic compounds,Organoheterocyclic compounds,Azolidines,Imidazolidines
neg_7435,epsilon-Deoxy-fructosyl-lysine,HMDB0251890,--,Organic compounds,Organic acids and derivatives,Carboxylic acids and derivatives,"Amino acids, peptides, and analogues"
neg_7436,Linaprazan,HMDB0254096,--,Organic compounds,Organoheterocyclic compounds,Imidazopyridines,--
neg_7446,2-Oxo-5-methylthiopentanoic acid,HMDB0304082,--,Organic compounds,Lipids and lipid-like molecules,Fatty Acyls,Fatty acids and conjugates
neg_7447,5-Methoxyindoleacetate,HMDB0004096,3471-31-6,Organic compounds,Organoheterocyclic compounds,Indoles and derivatives,Indolyl carboxylic acids and derivatives
neg_7451,"Pyridin-3-ylmethyl N-[(2S,4S,5S)-4-hydroxy-5-[[(2S)-3-methyl-2-[[methyl(1,3-thiazol-4-ylmethyl)carbamoyl]amino]butanoyl]amino]-1,6-diphenylhexan-2-yl]carbamate",HMDB0247834,--,Organic compounds,Benzenoids,Benzene and substituted derivatives,Phenethylamines
neg_7456,D-Erythrose 4-phosphate,HMDB0001321,585-18-2,Organic compounds,Organic oxygen compounds,Organooxygen compounds,Carbohydrates and carbohydrate conjugates
neg_7457,Clarycet,HMDB0036029,131766-73-9,Organic compounds,Organoheterocyclic compounds,Oxanes,--
neg_7459,Sedoheptulose,HMDB0003219,470-46-2,Organic compounds,Organic oxygen compounds,Organooxygen compounds,Carbohydrates and carbohydrate conjugates
neg_7465,Dihydrodemethylsterigmatocystin,HMDB0033658,30517-66-9,Organic compounds,Phenylpropanoids and polyketides,Sterigmatocystins,--
neg_7466,(7R)-7-(5-Carboxy-5-oxopentanoyl)aminocephalosporinate,HMDB0060316,--,Organic compounds,Organoheterocyclic compounds,Lactams,Beta lactams
neg_7468,13-Hydroxy-5'-O-methylmelledonal,HMDB0035864,112471-06-4,Organic compounds,Lipids and lipid-like molecules,Prenol lipids,Sesquiterpenoids
neg_7469,DG(15:0/PGF2alpha/0:0),HMDB0295251,--,--,--,--,--
neg_7476,Hypoxanthine,HMDB0000157,68-94-0,Organic compounds,Organoheterocyclic compounds,Imidazopyrimidines,Purines and purine derivatives
neg_7478,5-Methyl-2-furancarboxaldehyde,HMDB0033002,620-02-0,Organic compounds,Organic oxygen compounds,Organooxygen compounds,Carbonyl compounds
neg_7479,4-Ethylphenol glucuronide,HMDB0240654,628688-74-4,Organic compounds,Organic oxygen compounds,Organooxygen compounds,Carbohydrates and carbohydrate conjugates
neg_7484,"(2S,3S,5R)-5-(6-Aminopurin-9-yl)-2-(2H-oxet-2-yl)oxolan-3-ol",HMDB0257938,--,Organic compounds,Organoheterocyclic compounds,Imidazopyrimidines,Purines and purine derivatives
neg_7485,4-Coumaroylshikimate,HMDB0304174,--,Organic compounds,Phenylpropanoids and polyketides,Cinnamic acids and derivatives,Hydroxycinnamic acids and derivatives
neg_7487,DL-Ethionine,HMDB0251518,--,Organic compounds,Organic acids and derivatives,Carboxylic acids and derivatives,"Amino acids, peptides, and analogues"
neg_7488,Verbenalin,HMDB0301853,--,Organic compounds,Lipids and lipid-like molecules,Prenol lipids,Terpene glycosides
neg_7500,PA(15:0/PGE1),HMDB0263254,--,--,--,--,--
neg_7507,Genistein 4'-O-glucuronide,HMDB0041737,--,Organic compounds,Phenylpropanoids and polyketides,Isoflavonoids,Isoflavonoid O-glycosides
neg_7520,"PC(18:0/20:5(5Z,8Z,10E,14Z,17Z)-OH(12))",HMDB0286271,--,--,--,--,--
neg_7522,Irilone,HMDB0033820,41653-81-0,Organic compounds,Phenylpropanoids and polyketides,Isoflavonoids,Isoflav-2-enes
neg_7535,Coumarin,HMDB0001218,91-64-5,Organic compounds,Phenylpropanoids and polyketides,Coumarins and derivatives,--
neg_7537,D-Xylonolactone,HMDB0011676,--,Organic compounds,Organoheterocyclic compounds,Lactones,Delta valerolactones
neg_7539,"5-Phenyl-1,3-oxazinane-2,4-dione",HMDB0060400,--,Organic compounds,Benzenoids,Benzene and substituted derivatives,--
neg_7546,"1-Nitro-5,6-dihydroxy-dihydronaphthalene",HMDB0060328,--,Organic compounds,Benzenoids,Naphthalenes,Nitronaphthalenes
neg_7556,5-Phosphoribosyl-4-carboxy-5-aminoimidazole,HMDB0062424,--,Organic compounds,Organic oxygen compounds,Organooxygen compounds,Carbohydrates and carbohydrate conjugates
neg_7561,S-Formylglutathione,HMDB0001550,50409-81-9,Organic compounds,Organic acids and derivatives,Carboxylic acids and derivatives,"Amino acids, peptides, and analogues"
neg_7564,1-(5'-Phosphoribosyl)-5-amino-4-(N-succinocarboxamide)-imidazole,HMDB0000797,3031-95-6,Organic compounds,"Nucleosides, nucleotides, and analogues",Imidazole ribonucleosides and ribonucleotides,1-ribosyl-imidazolecarboxamides
neg_7568,ITP,HMDB0000189,132-06-9,Organic compounds,"Nucleosides, nucleotides, and analogues",Purine nucleotides,Purine ribonucleotides
neg_7572,"2,5-Diaminopyrimidine nucleoside triphosphate",HMDB0006821,--,Organic compounds,Organic oxygen compounds,Organooxygen compounds,Carbohydrates and carbohydrate conjugates
neg_7591,Aflatoxin M2,HMDB0030480,6885-57-0,Organic compounds,Phenylpropanoids and polyketides,Coumarins and derivatives,Furanocoumarins
neg_7602,D-Arabinose 5-phosphate,HMDB0011734,13137-52-5,Organic compounds,Organic oxygen compounds,Organooxygen compounds,Carbohydrates and carbohydrate conjugates
neg_7603,7-Hydroxy-2-methyl-4-oxo-4H-1-benzopyran-5-carboxylic acid,HMDB0036346,--,Organic compounds,Organoheterocyclic compounds,Benzopyrans,1-benzopyrans
neg_7604,Grevilline A,HMDB0029535,41744-32-5,Organic compounds,Organoheterocyclic compounds,Pyrans,Pyranones and derivatives
neg_7605,Eupatorin,HMDB0252128,--,Organic compounds,Phenylpropanoids and polyketides,Flavonoids,O-methylated flavonoids
neg_7607,Cephaloridine,HMDB0249808,--,Organic compounds,Organoheterocyclic compounds,Lactams,Beta lactams
neg_7608,Maltotriose,HMDB0001262,1109-28-0,Organic compounds,Organic oxygen compounds,Organooxygen compounds,Carbohydrates and carbohydrate conjugates
neg_7618,4-Ethylphenol,HMDB0029306,123-07-9,Organic compounds,Benzenoids,Phenols,1-hydroxy-2-unsubstituted benzenoids
neg_7625,4-Ethylphenylsulfate,HMDB0062551,--,--,--,--,--
neg_7633,3-Oxo-carbofuran,HMDB0032776,16709-30-1,Organic compounds,Organoheterocyclic compounds,Benzofurans,--
neg_7642,PE-NMe2(14:1(9Z)/16:0),HMDB0113843,--,Organic compounds,Lipids and lipid-like molecules,Glycerophospholipids,Glycerophosphoethanolamines
neg_7643,DG(17:0/PGE2/0:0),HMDB0295655,--,--,--,--,--
neg_7647,all-trans-Decaprenyl diphosphate,HMDB0059616,--,Organic compounds,Lipids and lipid-like molecules,Prenol lipids,Polyprenols
neg_7650,Ulipristal,HMDB0259398,--,Organic compounds,Lipids and lipid-like molecules,Steroids and steroid derivatives,Oxosteroids
neg_7651,"PE(DiMe(13,5)/PGE2)",HMDB0284882,--,--,--,--,--
neg_7681,Benzoylmalic acid,HMDB0039494,22138-51-8,Organic compounds,Benzenoids,Benzene and substituted derivatives,Benzoic acids and derivatives
neg_7684,"DG(16:0/20:3(5Z,8Z,11Z)-O(14R,15S)/0:0)",HMDB0295391,--,--,--,--,--
neg_7719,Estradiol enanthate,HMDB0251964,--,Organic compounds,Lipids and lipid-like molecules,Steroids and steroid derivatives,Steroid esters
neg_7731,Colforsin daropate,HMDB0250404,--,Organic compounds,Lipids and lipid-like molecules,Prenol lipids,Triterpenoids
neg_7744,PA(17:0/PGF2alpha),HMDB0263503,--,--,--,--,--
neg_7745,"PA(17:0/20:3(6,8,11)-OH(5))",HMDB0263571,--,--,--,--,--
neg_7750,"4-[4-(Dimethylamino)phenyl]-3H-1,2,4-triazole-3,5(4H)-dione",HMDB0244380,--,Organic compounds,Organic nitrogen compounds,Organonitrogen compounds,Amines
neg_7758,Skatole,HMDB0000466,83-34-1,Organic compounds,Organoheterocyclic compounds,Indoles and derivatives,Indoles
neg_7759,EMycin E,HMDB0251782,--,Organic compounds,Benzenoids,Tetralins,--
neg_7763,PI(20:1(11Z)/PGF1alpha),HMDB0277163,--,--,--,--,--
neg_7769,Methyl 1-methoxy-1H-indole-3-carboxylate,HMDB0032755,18377-50-9,Organic compounds,Organoheterocyclic compounds,Indoles and derivatives,Indolecarboxylic acids and derivatives
neg_7771,Suprofen S-oxide,HMDB0060924,--,Organic compounds,Phenylpropanoids and polyketides,Phenylpropanoic acids,--
neg_7774,Cimoxatone,HMDB0250256,--,Organic compounds,Benzenoids,Phenol ethers,--
neg_7775,Aloin,HMDB0035219,8015-61-0,Organic compounds,Benzenoids,Anthracenes,--
neg_7786,"TG(18:1(11Z)/22:4(7Z,10Z,13Z,16Z)/20:5(5Z,8Z,11Z,14Z,17Z))",HMDB0049530,--,Organic compounds,Lipids and lipid-like molecules,Glycerolipids,Triradylcglycerols
neg_7788,5-Amino-4-imidazolecarboxyamide,HMDB0003192,360-97-4,Organic compounds,Organoheterocyclic compounds,Azoles,Imidazoles
neg_7790,Apigenin 7-sulfate,HMDB0037851,56857-56-8,Organic compounds,Phenylpropanoids and polyketides,Flavonoids,Flavones
neg_7791,Enterolactone 3'-glucuronide,HMDB0240377,2188234-75-3,Organic compounds,"Lignans, neolignans and related compounds",Lignan glycosides,--
neg_7794,Benzeneacetonitrile,HMDB0034171,140-29-4,Organic compounds,Benzenoids,Benzene and substituted derivatives,Benzyl cyanides
neg_7803,Salicylic acid,HMDB0001895,69-72-7,Organic compounds,Benzenoids,Benzene and substituted derivatives,Benzoic acids and derivatives
neg_7807,"(2S,3R,4S,5S,6R)-2-[3-Hydroxy-5-[2-(3-hydroxy-4-methoxyphenyl)ethenyl]phenoxy]-6-(hydroxymethyl)oxane-3,4,5-triol",HMDB0242526,--,Organic compounds,Phenylpropanoids and polyketides,Stilbenes,Stilbene glycosides
neg_7810,Oxytetracycline,HMDB0014733,79-57-2,Organic compounds,Phenylpropanoids and polyketides,Tetracyclines,--
neg_7813,"PA(22:6(4Z,7Z,10Z,13Z,16Z,19Z)/LTE4)",HMDB0266207,--,--,--,--,--
neg_7820,PE-NMe2(11D3/13D5),HMDB0114664,--,Organic compounds,Lipids and lipid-like molecules,Glycerophospholipids,Glycerophosphoethanolamines
neg_7822,"2-Propenoic acid, 2-(((2-methoxyphenyl)acetyl)amino)-",HMDB0244386,--,Organic compounds,Organic acids and derivatives,Carboxylic acids and derivatives,"Amino acids, peptides, and analogues"
neg_7829,"PE(24:1(15Z)/20:4(8Z,11Z,14Z,17Z)-2OH(5S,6R))",HMDB0284620,--,--,--,--,--
neg_7830,PE(22:0/PGJ2),HMDB0283746,--,--,--,--,--
neg_7836,"3,7,8,15-Scirpenetetrol",HMDB0037560,128534-67-8,Organic compounds,Lipids and lipid-like molecules,Prenol lipids,Sesquiterpenoids
neg_7837,Dihydrodeoxy-8-epiaustdiol,HMDB0031668,58957-07-6,Organic compounds,Organoheterocyclic compounds,Azaphilones,--
neg_7838,17-beta-Estradiol glucuronide,HMDB0010317,--,Organic compounds,Lipids and lipid-like molecules,Steroids and steroid derivatives,Steroidal glycosides
neg_7848,S-Adenosylmethioninamine,HMDB0000988,22365-13-5,Organic compounds,"Nucleosides, nucleotides, and analogues",5'-deoxyribonucleosides,5'-deoxy-5'-thionucleosides
neg_7851,Pravastatin,HMDB0005022,81093-37-0,Organic compounds,Organic acids and derivatives,Hydroxy acids and derivatives,Medium-chain hydroxy acids and derivatives
neg_7854,"Benzo[a]pyrene-9,10-oxide",HMDB0060090,--,Organic compounds,Benzenoids,Pyrenes,--
neg_7858,Bindarit,HMDB0249216,--,Organic compounds,Organoheterocyclic compounds,Benzopyrazoles,Indazoles
neg_7860,Hydroxy Tyrosol -Acetate,HMDB0253254,--,Organic compounds,Benzenoids,Benzene and substituted derivatives,Phenethylamines
neg_7862,Licoisoflavone A,HMDB0034125,66056-19-7,Organic compounds,Phenylpropanoids and polyketides,Isoflavonoids,Isoflav-2-enes
neg_7863,Cycloheximide,HMDB0250657,--,Organic compounds,Organoheterocyclic compounds,Piperidines,Piperidinones
neg_7865,cis-Resveratrol 3-O-glucuronide,HMDB0041711,--,Organic compounds,Phenylpropanoids and polyketides,Stilbenes,Stilbene glycosides
neg_7866,Diphenhydramine N-glucuronide,HMDB0060897,--,Organic compounds,Organic acids and derivatives,Carboxylic acids and derivatives,"Amino acids, peptides, and analogues"
neg_7867,3-Hydroxypicolinic acid,HMDB0013188,874-24-8,Organic compounds,Organoheterocyclic compounds,Pyridines and derivatives,Pyridinecarboxylic acids and derivatives
neg_7874,Paraoxon,HMDB0013035,311-45-5,Organic compounds,Benzenoids,Benzene and substituted derivatives,Nitrobenzenes
neg_7875,Biapenem,HMDB0249178,--,Organic compounds,Organoheterocyclic compounds,Lactams,Beta lactams
neg_7876,Vinpocetine,HMDB0243512,--,Organic compounds,Alkaloids and derivatives,Eburnan-type alkaloids,--
neg_7879,hesperetin 3'-O-sulfate,HMDB0029202,--,Organic compounds,Phenylpropanoids and polyketides,Flavonoids,O-methylated flavonoids
neg_7883,alpha-Hydroxy-1-methyl-1H-indole-3-propanoic acid,HMDB0038338,--,Organic compounds,Organoheterocyclic compounds,Indoles and derivatives,Indolyl carboxylic acids and derivatives
neg_7898,Colforsin,HMDB0032064,3413-15-8,Organic compounds,Organoheterocyclic compounds,Benzofurans,Benzofuranones
neg_7900,Perfluoroethylcyclohexane,HMDB0256319,--,Organic compounds,Organohalogen compounds,Alkyl halides,Cyclohexyl halides
neg_7901,[(S)-1-Carboxy-2-phenyl-ethyl]-carbamoyl-Arg-Val-Arg-aldehyde,HMDB0246226,--,Organic compounds,Organic acids and derivatives,Carboxylic acids and derivatives,"Amino acids, peptides, and analogues"
neg_7929,"3,3'-Dimethoxybenzidine",HMDB0246003,--,Organic compounds,Benzenoids,Benzene and substituted derivatives,Biphenyls and derivatives
neg_7941,"PI(16:2(9Z,12Z)/18:1(12Z)-2OH(9,10))",HMDB0276290,--,--,--,--,--
neg_7945,alpha-CEHC glucuronide,HMDB0062445,477200-36-5,Organic compounds,Organic oxygen compounds,Organooxygen compounds,Carbohydrates and carbohydrate conjugates
neg_7949,"DG(8:0/18:3(10,12,15)-OH(9)/0:0)",HMDB0297239,--,--,--,--,--
neg_7962,Sphingosyl-phosphocholine,HMDB0006482,1670-26-4,Organic compounds,Lipids and lipid-like molecules,Sphingolipids,Phosphosphingolipids
neg_7981,"TG(22:6(4Z,7Z,10Z,13Z,16Z,19Z)/18:3(9Z,12Z,15Z)/22:6(4Z,7Z,10Z,13Z,16Z,19Z))",HMDB0010558,--,Organic compounds,Lipids and lipid-like molecules,Glycerolipids,Triradylcglycerols
neg_7989,Glycyl-l-histidyl-l-lysine,HMDB0252882,--,Organic compounds,Organic acids and derivatives,Carboxylic acids and derivatives,"Amino acids, peptides, and analogues"
neg_7990,16-DHPS,HMDB0244722,--,Organic compounds,Lipids and lipid-like molecules,Steroids and steroid derivatives,Sulfated steroids
neg_7993,Indacaterol,HMDB0015608,312753-06-3,Organic compounds,Organoheterocyclic compounds,Quinolines and derivatives,Quinolones and derivatives
neg_7996,Austalide G,HMDB0030154,96817-09-3,Organic compounds,Organoheterocyclic compounds,Benzopyrans,1-benzopyrans
neg_8004,Gomisin J,HMDB0252912,--,Organic compounds,Phenylpropanoids and polyketides,Tannins,Hydrolyzable tannins
neg_8006,Carnosine,HMDB0000033,305-84-0,Organic compounds,Organic acids and derivatives,Peptidomimetics,Hybrid peptides
neg_8009,Gly-pro-arg-pro,HMDB0252829,--,Organic compounds,Organic acids and derivatives,Carboxylic acids and derivatives,"Amino acids, peptides, and analogues"
neg_8023,Heptaethylene glycol monododecyl ether,HMDB0251574,--,Organic compounds,Organic oxygen compounds,Organooxygen compounds,Ethers
neg_8030,b-D-Xylopyranosyl-(1->4)-a-L-rhamnopyranosyl-(1->2)-L-arabinose,HMDB0041221,--,Organic compounds,Organic oxygen compounds,Organooxygen compounds,Carbohydrates and carbohydrate conjugates
neg_8035,PG(a-17:0/6 keto-PGF1alpha),HMDB0270766,--,--,--,--,--
neg_8039,"1H-Pyrido[3,2-c][1,2]diazepine",HMDB0247188,--,Organic compounds,Organoheterocyclic compounds,Pyridines and derivatives,--
neg_8043,"6-Carboxy-5,6,7,8-tetrahydropterin",HMDB0060410,--,Organic compounds,Organoheterocyclic compounds,Pteridines and derivatives,Pterins and derivatives
neg_8044,Kievitone hydrate,HMDB0038111,62682-11-5,Organic compounds,Phenylpropanoids and polyketides,Isoflavonoids,Isoflavans
neg_8045,Derhamnosylmaysin,HMDB0301877,--,Organic compounds,Phenylpropanoids and polyketides,Flavonoids,Flavonoid glycosides
neg_8046,Glycitein 4'-O-glucuronide,HMDB0041740,--,Organic compounds,Phenylpropanoids and polyketides,Flavonoids,Flavonoid glycosides
neg_8049,4-Allylphenol sulfate,HMDB0170765,1823179-01-6,Organic compounds,Organic acids and derivatives,Organic sulfuric acids and derivatives,Arylsulfates
neg_8051,Dehydroepiandrosterone sulfate,HMDB0001032,651-48-9,Organic compounds,Lipids and lipid-like molecules,Steroids and steroid derivatives,Sulfated steroids
neg_8053,"PA(20:0/20:4(5Z,8Z,11Z,14Z))",HMDB0115078,--,Organic compounds,Lipids and lipid-like molecules,Glycerophospholipids,Glycerophosphates
neg_8055,D-Alanyl-D-alanine,HMDB0003459,923-16-0,Organic compounds,Organic acids and derivatives,Carboxylic acids and derivatives,"Amino acids, peptides, and analogues"
neg_8064,"PI(20:3(5Z,8Z,11Z)/TXB2)",HMDB0277313,--,--,--,--,--
neg_8069,1-O-Myristoyl-2-acetyl-glycerol,HMDB0249917,--,Organic compounds,Lipids and lipid-like molecules,Glycerolipids,Diradylglycerols
neg_8070,Anhydrocinnzeylanine,HMDB0036864,68799-62-2,Organic compounds,Lipids and lipid-like molecules,Prenol lipids,Terpene lactones
neg_8071,"(2R,4S)-4-Carbamimidamido-3-acetamido-2-((1R,2R)-2-hydroxy-1-methoxy-3-(octanoyloxy)propyl)-3,4-dihydro-2H-pyran-6-carboxylic acid",HMDB0250552,--,Organic compounds,Lipids and lipid-like molecules,Fatty Acyls,Fatty acid esters
neg_8088,Armillarivin,HMDB0038917,135247-97-1,Organic compounds,Lipids and lipid-like molecules,Prenol lipids,Sesquiterpenoids
neg_8097,"(6beta,8betaOH)-6,8-Dihydroxy-7(11)-eremophilen-12,8-olide",HMDB0035644,58848-38-7,Organic compounds,Lipids and lipid-like molecules,Prenol lipids,Terpene lactones
neg_8104,4-(Nitrosoamino)-1-(3-pyridinyl)-1-butanone,HMDB0062376,--,Organic compounds,Organic oxygen compounds,Organooxygen compounds,Carbonyl compounds
neg_8108,"N-[2-(3,5-Dioxopiperazino)propyl]-N-(2-amino-2-oxoethyl)glycine",HMDB0255034,--,Organic compounds,Organic acids and derivatives,Carboxylic acids and derivatives,"Amino acids, peptides, and analogues"
neg_8110,Blasticidin S,HMDB0030452,2079-00-7,Organic compounds,Organic acids and derivatives,Carboxylic acids and derivatives,"Amino acids, peptides, and analogues"
neg_8111,Kaempferol 3-arabinofuranoside 7-rhamnofuranoside,HMDB0037575,27509-67-7,Organic compounds,Phenylpropanoids and polyketides,Flavonoids,Flavonoid glycosides
neg_8112,Stercobilin,HMDB0240259,34217-90-8,Organic compounds,Organoheterocyclic compounds,Tetrapyrroles and derivatives,Bilirubins
neg_8115,"PE(16:0/22:6(4Z,7Z,10Z,12E,16Z,19Z)-OH(14))",HMDB0260962,--,Organic compounds,Lipids and lipid-like molecules,Glycerophospholipids,Glycerophosphoethanolamines
neg_8128,"(Z)-7-[(1R,3S,4S,5R)-3-[(E,3R)-3-Hydroxyoct-1-enyl]-6-thiabicyclo[3.1.1]heptan-4-yl]hept-5-enoic acid",HMDB0258476,--,Organic compounds,Lipids and lipid-like molecules,Fatty Acyls,Fatty acids and conjugates
neg_8135,Elocalcitol,HMDB0251753,--,Organic compounds,Lipids and lipid-like molecules,Steroids and steroid derivatives,Vitamin D and derivatives
neg_8145,D-Fructose 6-phosphate,HMDB0304311,--,Organic compounds,Organic oxygen compounds,Organooxygen compounds,Carbohydrates and carbohydrate conjugates
neg_8149,17beta-Estradiol 3-sulfate,HMDB0004448,481-96-9,Organic compounds,Lipids and lipid-like molecules,Steroids and steroid derivatives,Sulfated steroids
neg_8173,"2-[5-[(3,5-Dimethyl-1H-pyrrol-2-yl)methylidene]-4-methoxy-2-pyrrolylidene]indole",HMDB0247477,--,Organic compounds,Organoheterocyclic compounds,Pyrroles,Substituted pyrroles
neg_8174,Valganciclovir,HMDB0015548,175865-60-8,Organic compounds,Organic acids and derivatives,Carboxylic acids and derivatives,"Amino acids, peptides, and analogues"
neg_8175,Dihydrolipoate,HMDB0012210,462-20-4,Organic compounds,Lipids and lipid-like molecules,Fatty Acyls,Fatty acids and conjugates
neg_8177,"2-Phytyl-1,4-naphthoquinone",HMDB0004649,34625-86-0,Organic compounds,Lipids and lipid-like molecules,Prenol lipids,Quinone and hydroquinone lipids
neg_8189,Isodesmosine,HMDB0000739,991-01-5,Organic compounds,Organic acids and derivatives,Carboxylic acids and derivatives,Tetracarboxylic acids and derivatives
neg_8191,Capsianoside III,HMDB0031891,121961-81-7,Organic compounds,Lipids and lipid-like molecules,Prenol lipids,Terpene glycosides
neg_8196,Nafazatrom,HMDB0255420,--,Organic compounds,Benzenoids,Naphthalenes,--
neg_8203,Ceanothine C,HMDB0029340,18658-42-9,Organic compounds,Organic acids and derivatives,Carboxylic acids and derivatives,"Amino acids, peptides, and analogues"
neg_8212,Estrone glucuronide,HMDB0004483,2479-90-5,Organic compounds,Lipids and lipid-like molecules,Steroids and steroid derivatives,Steroidal glycosides
neg_8215,N-Lauroyl Aspartic acid,HMDB0242029,--,Organic compounds,Organic acids and derivatives,Carboxylic acids and derivatives,"Amino acids, peptides, and analogues"
neg_8217,Dihydrohydroxy-O-methylsterigmatocystin,HMDB0033659,30099-66-2,Organic compounds,Phenylpropanoids and polyketides,Sterigmatocystins,--
neg_8236,Glucuronolactone,HMDB0006355,32449-92-6,Organic compounds,Organoheterocyclic compounds,Furofurans,Isosorbides
neg_8239,"5,7-Dihydroxy-3-methoxyflavone",HMDB0029522,6665-74-3,Organic compounds,Phenylpropanoids and polyketides,Flavonoids,O-methylated flavonoids
neg_8241,S-sulfanylglutathione,HMDB0304477,--,Organic compounds,Organic acids and derivatives,Carboxylic acids and derivatives,"Amino acids, peptides, and analogues"
neg_8243,Phorbol,HMDB0246701,--,Organic compounds,Lipids and lipid-like molecules,Prenol lipids,Diterpenoids
neg_8249,Pelargonidin 3-(6''-malonylglucoside),HMDB0303647,--,Organic compounds,Phenylpropanoids and polyketides,Flavonoids,Flavonoid glycosides
neg_8250,(+)-Brusatol,HMDB0243532,--,Organic compounds,Lipids and lipid-like molecules,Prenol lipids,Terpene lactones
neg_8251,Quercetin 3-O-(6''-acetyl-glucoside),HMDB0029271,--,Organic compounds,Phenylpropanoids and polyketides,Flavonoids,Flavonoid glycosides
neg_8265,Mozambioside,HMDB0037002,70717-95-2,Organic compounds,Organoheterocyclic compounds,Naphthofurans,--
neg_8266,O-Acetylcarnitine,HMDB0000201,3040-38-8,Organic compounds,Lipids and lipid-like molecules,Fatty Acyls,Fatty acid esters
neg_8267,3'-(1''-(3-Methylbutanoyl))-angeloyl vaginidiol,HMDB0040691,143061-67-0,Organic compounds,Phenylpropanoids and polyketides,Coumarins and derivatives,Furanocoumarins
neg_8295,Benzoylaconine,HMDB0249045,--,Organic compounds,Lipids and lipid-like molecules,Prenol lipids,Diterpenoids
neg_8297,"PG(a-13:0/18:2(9Z,11Z))",HMDB0116637,--,Organic compounds,Lipids and lipid-like molecules,Glycerophospholipids,Glycerophosphoglycerols
neg_8300,2-(4-Methoxyphenyl)ethyl hydrogen sulfate,HMDB0304915,--,Organic compounds,Benzenoids,Phenols,Tyrosols and derivatives
neg_8303,Butyl (S)-3-hydroxybutyrate [arabinosyl-(1->6)-glucoside],HMDB0039214,--,Organic compounds,Lipids and lipid-like molecules,Fatty Acyls,Fatty acyl glycosides
neg_8306,Mertiatide,HMDB0254471,--,Organic compounds,Organic acids and derivatives,Carboxylic acids and derivatives,"Amino acids, peptides, and analogues"
neg_8310,"1,4,6-Trihydroxy-5-methoxy-7-prenylxanthone",HMDB0031289,160623-47-2,Organic compounds,Organoheterocyclic compounds,Benzopyrans,1-benzopyrans
neg_8311,Ridogrel,HMDB0015338,110140-89-1,Organic compounds,Benzenoids,Benzene and substituted derivatives,Trifluoromethylbenzenes
neg_8313,Austalide L,HMDB0030158,87833-52-1,Organic compounds,Phenylpropanoids and polyketides,Flavonoids,Flavones
neg_8316,Diosmetin 7-O-beta-D-glucuronopyranoside,HMDB0037452,35110-20-4,Organic compounds,Phenylpropanoids and polyketides,Flavonoids,Flavonoid glycosides
neg_8319,Apigenin 7-apiosyl-glucoside,HMDB0302255,--,Organic compounds,Phenylpropanoids and polyketides,Flavonoids,Flavonoid glycosides
neg_8330,"11,12-EET",HMDB0004673,123931-40-8,Organic compounds,Lipids and lipid-like molecules,Fatty Acyls,Eicosanoids
neg_8331,Peimine,HMDB0256205,--,Organic compounds,Lipids and lipid-like molecules,Steroids and steroid derivatives,Steroidal alkaloids
neg_8348,"2-Hexaprenyl-3-methyl-6-methoxy-1,4-benzoquinone",HMDB0006819,--,Organic compounds,Lipids and lipid-like molecules,Prenol lipids,Quinone and hydroquinone lipids
neg_8349,N-Nervonoyl Tryptophan,HMDB0242101,--,--,--,--,--
neg_8350,Hericenone F,HMDB0039593,141996-36-3,Organic compounds,Organoheterocyclic compounds,Benzopyrans,1-benzopyrans
neg_8353,Ubiquinone-6,HMDB0036062,1065-31-2,Organic compounds,Lipids and lipid-like molecules,Prenol lipids,Quinone and hydroquinone lipids
neg_8377,"CDP-DG(18:0/20:4(8Z,11Z,14Z,17Z))",HMDB0006983,--,Organic compounds,Lipids and lipid-like molecules,Glycerophospholipids,CDP-glycerols
neg_8385,[2-(Octadecoxymethyl)oxolan-2-yl]methyl 2-(trimethylazaniumyl)ethyl phosphate,HMDB0258191,--,Organic compounds,Lipids and lipid-like molecules,Glycerophospholipids,Glycerophosphocholines
neg_8386,LysoPC(28:1(5Z)/0:0),HMDB0029221,--,Organic compounds,Lipids and lipid-like molecules,Glycerophospholipids,Glycerophosphocholines
neg_8392,Dinophysistoxin 1,HMDB0030442,81720-10-7,Organic compounds,Organic oxygen compounds,Organooxygen compounds,Ethers
neg_8397,"1-Methyl-3,4-dihydroisoquinoline",HMDB0243928,--,Organic compounds,Organoheterocyclic compounds,Dihydroisoquinolines,--
neg_8398,3-Indolepropionic acid,HMDB0002302,830-96-6,Organic compounds,Organoheterocyclic compounds,Indoles and derivatives,Indolyl carboxylic acids and derivatives
neg_8405,alpha-D-Sedoheptulopyranose 7-phosphate,HMDB0001068,89927-08-2,Organic compounds,Organic oxygen compounds,Organooxygen compounds,Carbohydrates and carbohydrate conjugates
neg_8406,5-Fluorouridine monophosphate,HMDB0060397,--,Organic compounds,"Nucleosides, nucleotides, and analogues",Pyrimidine nucleotides,Pyrimidine ribonucleotides
neg_8410,Galangin 7-rhamnoside,HMDB0303610,--,Organic compounds,Phenylpropanoids and polyketides,Flavonoids,Flavonoid glycosides
neg_8427,Glycyl-prolyl-arginyl-valyl-valyl-glutamic acid,HMDB0252831,--,Organic compounds,Organic acids and derivatives,Carboxylic acids and derivatives,"Amino acids, peptides, and analogues"
neg_8437,Pyridinoline,HMDB0000851,63800-01-1,Organic compounds,Organic acids and derivatives,Carboxylic acids and derivatives,"Amino acids, peptides, and analogues"
neg_8439,"2-((2'-(5-Ethyl-3,4-diphenyl-1H-pyrazol-1-yl)-[1,1'-biphenyl]-3-yl)oxy)acetic acid",HMDB0246117,--,Organic compounds,Benzenoids,Benzene and substituted derivatives,Biphenyls and derivatives
neg_8455,beraprost,HMDB0249084,--,Organic compounds,Lipids and lipid-like molecules,Fatty Acyls,Fatty alcohols
neg_8460,Itaconate,HMDB0002092,97-65-4,Organic compounds,Lipids and lipid-like molecules,Fatty Acyls,Fatty acids and conjugates
neg_8462,Wyerone,HMDB0030947,20079-30-5,Organic compounds,Lipids and lipid-like molecules,Fatty Acyls,Fatty acids and conjugates
neg_8464,4'-Hydroxyclobazam,HMDB0060771,--,Organic compounds,Organoheterocyclic compounds,Benzodiazepines,--
neg_8477,Dimethyl sulfoxide,HMDB0002151,67-68-5,Organic compounds,Organosulfur compounds,Sulfoxides,--
neg_8495,"4-[(2R,5R)-5-(6-Aminopurin-9-yl)-3,4-dihydroxyoxolan-2-yl]butanamide",HMDB0257574,--,Organic compounds,"Nucleosides, nucleotides, and analogues",5'-deoxyribonucleosides,--
neg_8516,Tetracycline,HMDB0014897,60-54-8,Organic compounds,Phenylpropanoids and polyketides,Tetracyclines,--
neg_8538,Rolipram,HMDB0257294,--,Organic compounds,Organoheterocyclic compounds,Pyrrolidines,Phenylpyrrolidines
neg_8541,bicyclo-PGE2,HMDB0060054,--,Organic compounds,Lipids and lipid-like molecules,Fatty Acyls,Eicosanoids
neg_8542,Lithocholic acid,HMDB0000761,434-13-9,Organic compounds,Lipids and lipid-like molecules,Steroids and steroid derivatives,"Bile acids, alcohols and derivatives"
neg_8570,Taurochenodeoxycholate-3-sulfate,HMDB0002486,67030-59-5,Organic compounds,Lipids and lipid-like molecules,Steroids and steroid derivatives,"Bile acids, alcohols and derivatives"
neg_8576,Lettucenin A,HMDB0036738,97915-46-3,Organic compounds,Organoheterocyclic compounds,Cycloheptafurans,--
neg_8579,triptolide,HMDB0259270,--,Organic compounds,Organoheterocyclic compounds,Oxepanes,--
neg_8603,"PS(18:2(9Z,12Z)/TXB2)",HMDB0281668,--,--,--,--,--
neg_8613,"(+/-)-trans- and cis-5-(2,2-Dimethylcyclopropyl)-3-methyl-2-pentenal",HMDB0303220,--,Organic compounds,Organic oxygen compounds,Organooxygen compounds,Carbonyl compounds
neg_8614,Icaridin,HMDB0253340,--,Organic compounds,Organoheterocyclic compounds,Piperidines,Piperidinecarboxylic acids and derivatives
neg_8615,Graveolinine,HMDB0030244,4179-37-7,Organic compounds,Organoheterocyclic compounds,Quinolines and derivatives,--
neg_8618,"3a,6b,7b,12a-Tetrahydroxy-5b-cholanoic acid",HMDB0000367,75110-48-4,Organic compounds,Lipids and lipid-like molecules,Sphingolipids,Glycosphingolipids
neg_8634,"(3b,4b,11b,14b)-11-Ethoxy-3,4-epoxy-14-hydroxy-12-cyathen-15-al 14-xyloside",HMDB0034617,178120-49-5,Organic compounds,Lipids and lipid-like molecules,Prenol lipids,Diterpenoids
neg_8643,"DG(17:0/22:6(4Z,7Z,10Z,12E,16Z,19Z)-OH(14)/0:0)",HMDB0295767,--,--,--,--,--
neg_8655,TUBULYSIN,HMDB0259321,--,Organic compounds,Organic acids and derivatives,Carboxylic acids and derivatives,"Amino acids, peptides, and analogues"
neg_8685,DGAT-1 inhibitor 2,HMDB0251103,--,Organic compounds,Organoheterocyclic compounds,Diazines,Pyrimidines and pyrimidine derivatives
neg_8701,Lisuride,HMDB0014727,18016-80-3,Organic compounds,Organoheterocyclic compounds,Quinolines and derivatives,Indoloquinolines
neg_8703,Zalcitabine,HMDB0015078,7481-89-2,Organic compounds,"Nucleosides, nucleotides, and analogues",Pyrimidine nucleosides,"Pyrimidine 2',3'-dideoxyribonucleosides"
neg_8704,(9Z)-12-oxo-dodec-9-enoate,HMDB0303984,--,Organic compounds,Lipids and lipid-like molecules,Fatty Acyls,Fatty acids and conjugates
neg_8705,Ethanol and folate,HMDB0252006,--,Organic compounds,Organic acids and derivatives,Carboxylic acids and derivatives,"Amino acids, peptides, and analogues"
neg_8706,Austalide I,HMDB0030155,96817-08-2,Organic compounds,Organoheterocyclic compounds,Benzopyrans,1-benzopyrans
neg_8720,Fludrocortisone acetate,HMDB0252329,--,Organic compounds,Lipids and lipid-like molecules,Steroids and steroid derivatives,Pregnane steroids
neg_8721,beta-Tocotrienol,HMDB0304597,--,Organic compounds,Lipids and lipid-like molecules,Prenol lipids,Quinone and hydroquinone lipids
neg_8723,CDP-DG(i-22:0/6 keto-PGF1alpha),HMDB0294325,--,--,--,--,--
neg_8739,"(4r,5s,6s,7r)-4,7-Dibenzyl-5,6-dihydroxy-1,3-bis[4-(hydroxymethyl)benzyl]-1,3-diazepan-2-one",HMDB0251543,--,Organic compounds,Benzenoids,Benzene and substituted derivatives,Benzyl alcohols
neg_8755,Pyridoxine,HMDB0000239,65-23-6,Organic compounds,Organoheterocyclic compounds,Pyridines and derivatives,Pyridoxines
neg_8756,DG(21:0/PGE2/0:0),HMDB0296487,--,--,--,--,--
neg_8763,Galabiosylceramide (d18:1/24:1(15Z)),HMDB0004837,--,Organic compounds,Lipids and lipid-like molecules,Sphingolipids,Glycosphingolipids
neg_8774,Taurochenodeoxycholate-7-sulfate,HMDB0002498,66874-12-2,Organic compounds,Lipids and lipid-like molecules,Steroids and steroid derivatives,"Bile acids, alcohols and derivatives"
neg_8777,PC(24:1(15Z)/PGE2),HMDB0288722,--,--,--,--,--
neg_8788,Isoxanthopterin,HMDB0000704,529-69-1,Organic compounds,Organoheterocyclic compounds,Pteridines and derivatives,Pterins and derivatives
neg_8791,"N,N-Diethyl-2-(2-(4-methoxyphenyl)-5,7-dimethylpyrazolo[1,5-a]pyrimidin-3-yl)acetamide",HMDB0259641,--,Organic compounds,Organoheterocyclic compounds,Azoles,Pyrazoles
neg_8792,5-Formiminotetrahydrofolate,HMDB0001534,2311-81-1,Organic compounds,Organoheterocyclic compounds,Pteridines and derivatives,Pterins and derivatives
neg_8799,18-Hydroxycorticosterone,HMDB0000319,561-65-9,Organic compounds,Lipids and lipid-like molecules,Steroids and steroid derivatives,Hydroxysteroids
neg_8805,Arginylasparagine,HMDB0028704,68040-95-9,Organic compounds,Organic acids and derivatives,Carboxylic acids and derivatives,"Amino acids, peptides, and analogues"
neg_8807,[6]-Gingerdiol 5-acetate,HMDB0040567,143519-16-8,Organic compounds,Benzenoids,Phenols,Methoxyphenols
neg_8808,METENEPROST,HMDB0254509,--,Organic compounds,Lipids and lipid-like molecules,Fatty Acyls,Fatty acids and conjugates
neg_8812,"PE(24:0/18:1(12Z)-2OH(9,10))",HMDB0284496,--,--,--,--,--
neg_8815,"(25R)-3beta,4beta-dihydroxycholest-5-en-26-oate(1-)",HMDB0062794,--,Organic compounds,Lipids and lipid-like molecules,Steroids and steroid derivatives,"Bile acids, alcohols and derivatives"
neg_8823,Loliolide,HMDB0302428,--,Organic compounds,Organoheterocyclic compounds,Benzofurans,--
neg_8824,Dehydrovomifoliol,HMDB0036819,15764-81-5,Organic compounds,Lipids and lipid-like molecules,Prenol lipids,Sesquiterpenoids
neg_8825,Galabiosylceramide (d18:1/25:0),HMDB0004841,--,Organic compounds,Lipids and lipid-like molecules,Sphingolipids,Glycosphingolipids
neg_8828,Epoxyeremopetasinorol,HMDB0029670,182127-78-2,Organic compounds,Organoheterocyclic compounds,Oxanes,--
neg_8829,3-(5'-Methylthio)pentylmalic acid,HMDB0304110,--,Organic compounds,Organic acids and derivatives,Hydroxy acids and derivatives,Medium-chain hydroxy acids and derivatives
neg_8835,Quinine,HMDB0014611,130-95-0,Organic compounds,Alkaloids and derivatives,Cinchona alkaloids,--
neg_8856,"2,6-Diamino-4-hydroxy-5-N-methylformamidopyrimidine",HMDB0011657,77440-13-2,Organic compounds,Organoheterocyclic compounds,Diazines,Pyrimidines and pyrimidine derivatives
neg_8868,Genistein,HMDB0003217,446-72-0,Organic compounds,Phenylpropanoids and polyketides,Isoflavonoids,Isoflav-2-enes
neg_8872,Fuziline,HMDB0252558,--,Organic compounds,Lipids and lipid-like molecules,Prenol lipids,Diterpenoids
neg_8880,N-Acetylhistamine,HMDB0013253,673-49-4,Organic compounds,Organic acids and derivatives,Carboxylic acids and derivatives,Carboxylic acid derivatives
neg_8898,Lovastatin acid,HMDB0254177,--,Organic compounds,Organic acids and derivatives,Hydroxy acids and derivatives,Medium-chain hydroxy acids and derivatives
neg_8900,ROSAMICIN,HMDB0257306,--,Organic compounds,Organic oxygen compounds,Organooxygen compounds,Carbohydrates and carbohydrate conjugates
neg_8924,Bilirubin,HMDB0000054,635-65-4,Organic compounds,Organoheterocyclic compounds,Tetrapyrroles and derivatives,Bilirubins
neg_8930,APC,HMDB0060661,--,Organic compounds,Organic oxygen compounds,Organooxygen compounds,Carbonyl compounds
neg_8947,5-Formyl-2H-pyran-6-carboxamide,HMDB0260351,--,Organic compounds,Organoheterocyclic compounds,Pyrans,--
neg_8962,Estradiol,HMDB0000151,50-28-2,Organic compounds,Lipids and lipid-like molecules,Steroids and steroid derivatives,Estrane steroids
neg_8963,7-Sulfocholic acid,HMDB0002421,60320-05-0,Organic compounds,Lipids and lipid-like molecules,Steroids and steroid derivatives,"Bile acids, alcohols and derivatives"
neg_8981,Dihydrolipoamide,HMDB0000985,3884-47-7,Organic compounds,Lipids and lipid-like molecules,Fatty Acyls,Fatty amides
neg_8989,Murrayenol,HMDB0029345,--,Organic compounds,Organic oxygen compounds,Organooxygen compounds,Carbohydrates and carbohydrate conjugates
neg_9007,Iophenoxic acid,HMDB0253546,--,Organic compounds,Phenylpropanoids and polyketides,Phenylpropanoic acids,--
neg_9013,Lusitanicoside,HMDB0034120,--,Organic compounds,Organic oxygen compounds,Organooxygen compounds,Carbohydrates and carbohydrate conjugates
neg_9026,Guanosine,HMDB0000133,118-00-3,Organic compounds,"Nucleosides, nucleotides, and analogues",Purine nucleosides,--
neg_9029,Bisnorcholic acid,HMDB0002082,--,Organic compounds,Lipids and lipid-like molecules,Steroids and steroid derivatives,"Bile acids, alcohols and derivatives"
neg_9044,"PI(22:3(10Z,13Z,16Z)/TXB2)",HMDB0277833,--,--,--,--,--
neg_9045,Pentosidine,HMDB0003933,124505-87-9,Organic compounds,Organic acids and derivatives,Carboxylic acids and derivatives,"Amino acids, peptides, and analogues"
neg_9050,Acarbose,HMDB0014429,56180-94-0,Organic compounds,Organic oxygen compounds,Organooxygen compounds,Carbohydrates and carbohydrate conjugates
neg_9051,Paromomycin,HMDB0015490,1263-89-4,Organic compounds,Organic oxygen compounds,Organooxygen compounds,Carbohydrates and carbohydrate conjugates
neg_9053,trans-2-Enoyl-OPC6-CoA,HMDB0011121,--,Organic compounds,Lipids and lipid-like molecules,Fatty Acyls,Fatty acyl thioesters
neg_9060,Ethyl methyl-p-tolylglycidate,HMDB0037492,74367-97-8,Organic compounds,Benzenoids,Benzene and substituted derivatives,Toluenes
neg_9065,Ergocornine,HMDB0251906,--,Organic compounds,Alkaloids and derivatives,Ergoline and derivatives,Lysergic acids and derivatives
neg_9066,Cyclo(glycylleucylvalylleucylprolylseryl),HMDB0303709,--,Organic compounds,Organic acids and derivatives,Carboxylic acids and derivatives,"Amino acids, peptides, and analogues"
neg_9077,tubercidin,HMDB0259318,--,Organic compounds,"Nucleosides, nucleotides, and analogues",Pyrrolopyrimidine nucleosides and nucleotides,--
neg_9078,Bisindolylmaleimide i,HMDB0249269,--,Organic compounds,Organoheterocyclic compounds,Indoles and derivatives,N-alkylindoles
neg_9094,Danazol,HMDB0002835,17230-88-5,Organic compounds,Lipids and lipid-like molecules,Steroids and steroid derivatives,Estrane steroids
neg_9096,"Digitoxigenin 3-[glucosyl-(1->6)-glucosyl-(1->4)-2,6-dideoxyribohexoside]",HMDB0034321,220710-06-5,Organic compounds,Lipids and lipid-like molecules,Steroids and steroid derivatives,Steroid lactones
neg_9101,MG(0:0/14:1(9Z)/0:0),HMDB0011531,--,Organic compounds,Lipids and lipid-like molecules,Glycerolipids,Monoradylglycerols
neg_9102,Hydrocortisone,HMDB0000063,50-23-7,Organic compounds,Lipids and lipid-like molecules,Steroids and steroid derivatives,Hydroxysteroids
neg_9106,2-Methyl-4-pentenoic acid,HMDB0031158,1575-74-2,Organic compounds,Lipids and lipid-like molecules,Fatty Acyls,Fatty acids and conjugates
neg_9110,Chenodeoxycholylglutamic acid,HMDB0242405,--,Organic compounds,Lipids and lipid-like molecules,Steroids and steroid derivatives,"Bile acids, alcohols and derivatives"
neg_9114,Peperinic acid,HMDB0038181,514-93-2,Organic compounds,Organoheterocyclic compounds,Benzofurans,--
neg_9121,gemeprost,HMDB0252671,--,Organic compounds,Lipids and lipid-like molecules,Fatty Acyls,Fatty alcohols
neg_9129,"p-Mentha-1,3,5,8-tetraene",HMDB0029641,1195-32-0,Organic compounds,Benzenoids,Benzene and substituted derivatives,Phenylpropenes
neg_9132,Citalopram N-oxide,HMDB0060654,--,Organic compounds,Benzenoids,Benzene and substituted derivatives,Phenylbutylamines
neg_9136,6-Keto-prostaglandin F1a,HMDB0002886,58962-34-8,Organic compounds,Lipids and lipid-like molecules,Fatty Acyls,Eicosanoids
neg_9137,Budesonide,HMDB0015353,51333-22-3,Organic compounds,Lipids and lipid-like molecules,Steroids and steroid derivatives,Hydroxysteroids
neg_9142,16-Acetylpriverogenin A,HMDB0034529,26339-85-5,Organic compounds,Lipids and lipid-like molecules,Prenol lipids,Triterpenoids
neg_9144,2-(3-Phenylpropyl)tetrahydrofuran,HMDB0036178,3208-40-0,Organic compounds,Benzenoids,Benzene and substituted derivatives,--
neg_9147,3-Epinobilin,HMDB0036690,--,Organic compounds,Lipids and lipid-like molecules,Prenol lipids,Terpene lactones
neg_9161,"Cer(d18:2(4E,14Z)/22:6(5Z,8E,10Z,13Z,15E,19Z)-2OH(7S, 17S))",HMDB0290079,--,--,--,--,--
neg_9162,Benzoic acid,HMDB0001870,65-85-0,Organic compounds,Benzenoids,Benzene and substituted derivatives,Benzoic acids and derivatives
neg_9163,Gnaphaliin,HMDB0030544,33803-42-8,Organic compounds,Phenylpropanoids and polyketides,Flavonoids,O-methylated flavonoids
neg_9164,"1-(2-Benzoylphenyl)-1,3-dimethylurea",HMDB0260229,--,Organic compounds,Benzenoids,Benzene and substituted derivatives,Benzophenones
neg_9168,Glycitin,HMDB0002219,--,Organic compounds,Phenylpropanoids and polyketides,Isoflavonoids,Isoflavonoid O-glycosides
neg_9169,"5-(2'-Carboxyethyl)-4,6-dihydroxypicolinate",HMDB0006794,--,Organic compounds,Organoheterocyclic compounds,Pyridines and derivatives,Hydropyridines
neg_9174,Thromboxane B3,HMDB0005099,71953-80-5,Organic compounds,Lipids and lipid-like molecules,Fatty Acyls,Eicosanoids
neg_9180,"[1,1'-Biphenyl]-4-carbonitrile, 4'-(heptyloxy)-",HMDB0246906,--,Organic compounds,Benzenoids,Benzene and substituted derivatives,Biphenyls and derivatives
neg_9181,Corchorusoside B,HMDB0032821,210637-16-4,Organic compounds,Lipids and lipid-like molecules,Steroids and steroid derivatives,Steroid lactones
neg_9186,(+)-cis-Khellactone,HMDB0243535,--,Organic compounds,Phenylpropanoids and polyketides,Coumarins and derivatives,Pyranocoumarins
neg_9187,Biochanin a 7-sulfate,HMDB0240484,--,Organic compounds,Phenylpropanoids and polyketides,Isoflavonoids,O-methylated isoflavonoids
neg_9192,6-Keto-prostaglandin E1,4241,--,--,--,--,--
neg_9209,"Validene 4,5-dihydrophthalide",HMDB0302723,--,Organic compounds,Organoheterocyclic compounds,Isobenzofurans,--
neg_9221,Solasodine,HMDB0035282,126-17-0,Organic compounds,Lipids and lipid-like molecules,Steroids and steroid derivatives,Steroidal alkaloids
neg_9228,Apigenin 7-arabinoside,HMDB0303810,--,Organic compounds,Phenylpropanoids and polyketides,Flavonoids,Flavonoid glycosides
neg_9236,"A-D-Glucopyranoside,6-O-acetyl-1,3,4-tris-O-(2-methyl-1-oxopropyl)-B-D-fructofuranosyl, 6-acetate2,3,4-tris(2-methylpropanoate)",HMDB0258030,--,Organic compounds,Organic oxygen compounds,Organooxygen compounds,Carbohydrates and carbohydrate conjugates
neg_9239,Licoagroside A,HMDB0035448,--,Organic compounds,Organic oxygen compounds,Organooxygen compounds,Carbohydrates and carbohydrate conjugates
neg_9249,"PC(2:0/18:3(10,12,15)-OH(9))",HMDB0288890,--,--,--,--,--
neg_9259,"3-Heptadeca-1,3-dienyloxirene-2-carboxylic acid",HMDB0257627,--,Organic compounds,Organoheterocyclic compounds,Oxirenes,--
neg_9281,"7a,12a-Dihydroxy-3-oxo-4-cholenoic acid",HMDB0000447,13587-11-6,Organic compounds,Lipids and lipid-like molecules,Steroids and steroid derivatives,"Bile acids, alcohols and derivatives"
neg_9284,1-Oleoyl-sn-glycero-3-phosphocholine,HMDB0002815,19420-56-5,Organic compounds,Lipids and lipid-like molecules,Glycerophospholipids,Glycerophosphocholines
neg_9291,Rhapontigenin,HMDB0031842,500-65-2,Organic compounds,Phenylpropanoids and polyketides,Stilbenes,--
neg_9292,Glycochenodeoxycholate,HMDB0000637,640-79-9,Organic compounds,Lipids and lipid-like molecules,Steroids and steroid derivatives,"Bile acids, alcohols and derivatives"
neg_9297,Dihydrojasmonic Acid,HMDB0033601,98674-52-3,Organic compounds,Lipids and lipid-like molecules,Fatty Acyls,Lineolic acids and derivatives
neg_9322,Lysylarginine,HMDB0028945,29586-66-1,Organic compounds,Organic acids and derivatives,Carboxylic acids and derivatives,"Amino acids, peptides, and analogues"
neg_9324,Macrophorin C,HMDB0030455,85764-11-0,Organic compounds,Organic oxygen compounds,Organooxygen compounds,Carbonyl compounds
neg_9335,Encelin,HMDB0034723,15569-50-3,Organic compounds,Lipids and lipid-like molecules,Prenol lipids,Terpene lactones
neg_9336,"18-Hydroperoxyoctadeca-2,4-dienoic acid",HMDB0257631,--,Organic compounds,Lipids and lipid-like molecules,Fatty Acyls,Lineolic acids and derivatives
neg_9338,Brivaracetam,HMDB0249388,--,Organic compounds,Organic acids and derivatives,Carboxylic acids and derivatives,"Amino acids, peptides, and analogues"
neg_9339,3-Ketopetromyzonol sulfate,HMDB0259539,--,Organic compounds,Lipids and lipid-like molecules,Steroids and steroid derivatives,"Bile acids, alcohols and derivatives"
neg_9363,Cortisol,HMDB0000063,50-23-7,Organic compounds,Lipids and lipid-like molecules,Steroids and steroid derivatives,Hydroxysteroids
neg_9369,Mibefradil,HMDB0254702,--,Organic compounds,Benzenoids,Tetralins,--
neg_9371,Hexaethylene glycol,HMDB0061822,2615-15-8,Organic compounds,Organic oxygen compounds,Organooxygen compounds,Ethers
neg_9372,PG(a-13:0/i-18:0),HMDB0116648,--,Organic compounds,Lipids and lipid-like molecules,Glycerophospholipids,Glycerophosphoglycerols
neg_9391,Atractyligenin,HMDB0061114,--,Organic compounds,Lipids and lipid-like molecules,Prenol lipids,Diterpenoids
neg_9393,N-Palmitoyl Arginine,HMDB0241920,--,Organic compounds,Lipids and lipid-like molecules,Steroids and steroid derivatives,Androstane steroids
neg_9403,2'-O-Methylcajanone,HMDB0033806,71765-79-2,Organic compounds,Phenylpropanoids and polyketides,Isoflavonoids,Isoflavans
neg_9407,THF-L-glutamate,HMDB0006825,--,Organic compounds,Organoheterocyclic compounds,Pteridines and derivatives,Pterins and derivatives
neg_9413,17-Hydroxypregnenolone sulfate,HMDB0000416,2477-77-2,Organic compounds,Lipids and lipid-like molecules,Steroids and steroid derivatives,Sulfated steroids
neg_9415,3-[7-[3-(4-Acetyl-3-hydroxy-2-propylphenoxy)-2-hydroxypropoxy]-4-oxo-8-propylchromen-2-yl]propanoic acid,HMDB0252479,--,Organic compounds,Organic oxygen compounds,Organooxygen compounds,Carbonyl compounds
neg_9416,Corchorosol A,HMDB0041137,23838-13-3,Organic compounds,Lipids and lipid-like molecules,Steroids and steroid derivatives,Steroid lactones
neg_9424,Palmitoylglycine,HMDB0013034,158305-64-7,Organic compounds,Organic acids and derivatives,Carboxylic acids and derivatives,"Amino acids, peptides, and analogues"
neg_9425,Tetrahydrocortisone,HMDB0000903,1953/5/4,Organic compounds,Lipids and lipid-like molecules,Steroids and steroid derivatives,Hydroxysteroids
neg_9433,milbemycin alpha9,HMDB0254726,--,Organic compounds,Phenylpropanoids and polyketides,Macrolides and analogues,Milbemycins
neg_9442,PI(16:1(9Z)/5-iso PGF2VI),HMDB0276176,--,--,--,--,--
neg_9468,Eltoprazine,HMDB0251757,--,Organic compounds,Organoheterocyclic compounds,Diazinanes,Piperazines
neg_9469,Phenylacetylglutamine,HMDB0006344,28047-15-6,Organic compounds,Organic acids and derivatives,Carboxylic acids and derivatives,"Amino acids, peptides, and analogues"
neg_9470,"[2,2'-Biquinoline]-4,4'-dicarboxylic acid",HMDB0244480,--,Organic compounds,Organoheterocyclic compounds,Quinolines and derivatives,Quinoline carboxylic acids
neg_9476,"SM(d16:1/20:3(6,8,11)-OH(5))",HMDB0290293,--,--,--,--,--
neg_9479,16-Glucuronide-estriol,HMDB0006766,1852-50-2,Organic compounds,Lipids and lipid-like molecules,Steroids and steroid derivatives,Steroidal glycosides
neg_9488,Abscisic aldehyde,HMDB0303940,--,Organic compounds,Lipids and lipid-like molecules,Prenol lipids,Sesquiterpenoids
neg_9489,2-(3-carboxy-3-(trimethylammonio)propyl)-L-histidine,HMDB0059617,--,Organic compounds,Organic acids and derivatives,Carboxylic acids and derivatives,"Amino acids, peptides, and analogues"
neg_9500,"1-(4-O-beta-D-glucopyranosyl-3-methoxyphenyl)-3,5-dihydroxydecane",HMDB0303085,--,Organic compounds,Organic oxygen compounds,Organooxygen compounds,Carbohydrates and carbohydrate conjugates
neg_9501,Androsterone glucuronide,HMDB0002829,1852-43-3,Organic compounds,Lipids and lipid-like molecules,Steroids and steroid derivatives,Steroidal glycosides
neg_9513,Phenylalanyl-Tyrosine,HMDB0029007,17355-18-9,Organic compounds,Organic acids and derivatives,Carboxylic acids and derivatives,"Amino acids, peptides, and analogues"
neg_9514,N-Arachidonoyl Proline,HMDB0242002,--,--,--,--,--
neg_9524,Cholylserine,HMDB0242388,--,Organic compounds,Lipids and lipid-like molecules,Steroids and steroid derivatives,"Bile acids, alcohols and derivatives"
neg_9547,10-Hydroxycarbazepine,HMDB0060676,--,Organic compounds,Organoheterocyclic compounds,Benzazepines,Dibenzazepines
neg_9549,Formononetin,HMDB0005808,485-72-3,Organic compounds,Phenylpropanoids and polyketides,Isoflavonoids,O-methylated isoflavonoids
neg_9550,"3,4-Dihydro-6-methoxy-2,2-dimethyl-2H-1-benzopyran-4-ol",HMDB0041411,65383-71-3,Organic compounds,Organoheterocyclic compounds,Benzopyrans,1-benzopyrans
neg_9560,"10beta-12,13-Dinor-8-oxo-6-eremophilen-11-al",HMDB0037604,348119-86-8,Organic compounds,Organic oxygen compounds,Organooxygen compounds,Carbonyl compounds
neg_9562,N-Methyltryptamine,HMDB0004370,61-49-4,Organic compounds,Organoheterocyclic compounds,Indoles and derivatives,Tryptamines and derivatives
neg_9563,5b-Cyprinol sulfate,HMDB0006888,--,Organic compounds,Lipids and lipid-like molecules,Steroids and steroid derivatives,"Bile acids, alcohols and derivatives"
neg_9564,Gemfibrozil,HMDB0015371,25812-30-0,Organic compounds,Benzenoids,Phenol ethers,--
neg_9567,"3,8-Dihydroxy-6-methoxy-7(11)-eremophilen-12,8-olide",HMDB0041551,--,Organic compounds,Lipids and lipid-like molecules,Prenol lipids,Terpene lactones
neg_9569,Prostaglandin I3,HMDB0256856,--,Organic compounds,Lipids and lipid-like molecules,Fatty Acyls,Eicosanoids
neg_9580,Yucalexin P21,HMDB0036754,119626-54-9,Organic compounds,Lipids and lipid-like molecules,Prenol lipids,Diterpenoids
neg_9583,PZ-Peptide,HMDB0257011,--,Organic compounds,Organic acids and derivatives,Carboxylic acids and derivatives,"Amino acids, peptides, and analogues"
neg_9589,2-Hydroxyglutaric acid lactone,HMDB0059743,--,Organic compounds,Organoheterocyclic compounds,Lactones,Gamma butyrolactones
neg_9591,Cyclopropyl-methoxycarbonyl metomidate,HMDB0259618,--,Organic compounds,Organoheterocyclic compounds,Azoles,Imidazoles
neg_9593,Dodecyl benzenesulfonate,HMDB0251568,--,Organic compounds,Benzenoids,Benzene and substituted derivatives,Benzenesulfonic acids and derivatives
neg_9596,Gemfibrozil 1-O-beta-Glucuronide,HMDB0247652,--,Organic compounds,Organic oxygen compounds,Organooxygen compounds,Carbohydrates and carbohydrate conjugates
neg_9597,"Methyl 11,17,21-trihydroxy-3,20-dioxopregna-1,4-diene-16-carboxylate",HMDB0254561,--,--,--,--,--
neg_9598,2-Hydroxy-5-[2-[[2-hydroxy-3-[4-[1-methyl-4-(trifluoromethyl)imidazol-2-yl]phenoxy]propyl]amino]ethoxy]benzamide,HMDB0249859,--,Organic compounds,Organoheterocyclic compounds,Azoles,Imidazoles
neg_9609,3-Carbamoyl-2-phenylpropionic acid,HMDB0060367,--,Organic compounds,Benzenoids,Benzene and substituted derivatives,--
neg_9617,Tecastemizole,HMDB0255721,--,Organic compounds,Organoheterocyclic compounds,Benzimidazoles,--
neg_9628,5-Hydroxy-2-(1-hydroxy-5-methyl-4-hexenyl)benzofuran,HMDB0031916,197971-79-2,Organic compounds,Organoheterocyclic compounds,Benzofurans,--
neg_9632,Prostaglandin E3,HMDB0002664,802-31-3,Organic compounds,Lipids and lipid-like molecules,Fatty Acyls,Eicosanoids
neg_9634,Ethyl vanillin isobutyrate,HMDB0037683,188417-26-7,Organic compounds,Benzenoids,Phenol esters,--
neg_9641,Spirolide D,HMDB0030493,170713-73-2,Organic compounds,Organoheterocyclic compounds,Azepines,--
neg_969,Thiosulfate,HMDB0000257,14383-50-7,Inorganic compounds,Homogeneous non-metal compounds,Non-metal oxoanionic compounds,Non-metal thiosulfates
neg_9696,Phthalic anhydride,HMDB0256501,--,Organic compounds,Organoheterocyclic compounds,Benzofurans,Benzofuranones
neg_9698,2-Methylpropyl benzoate,HMDB0040583,120-50-3,Organic compounds,Benzenoids,Benzene and substituted derivatives,Benzoic acids and derivatives
neg_9702,Octylphenol,HMDB0255918,--,Organic compounds,Benzenoids,Phenols,1-hydroxy-4-unsubstituted benzenoids
neg_9707,Ganoderic acid Mc,HMDB0035725,--,Organic compounds,Lipids and lipid-like molecules,Prenol lipids,Triterpenoids
neg_9713,"3,4-Dihydroxy-2-methoxy-4-methyl-3-[2-methyl-3-(3-methyl-but-2-enyl)-oxiranyl]-cyclohexanone",HMDB0246031,--,Organic compounds,Organic oxygen compounds,Organooxygen compounds,Alcohols and polyols
neg_9720,(+)-7-Isojasmonic acid CoA,HMDB0060298,--,Organic compounds,Organic acids and derivatives,Carboxylic acids and derivatives,"Amino acids, peptides, and analogues"
neg_9727,Ciprostene,HMDB0250270,--,Organic compounds,Lipids and lipid-like molecules,Fatty Acyls,Eicosanoids
neg_9737,veratrine,HMDB0259783,--,Organic compounds,Lipids and lipid-like molecules,Steroids and steroid derivatives,Steroidal alkaloids
neg_9739,"(S)-5,7-Dihydroxy-6,8-dimethylflavanone",HMDB0030694,56297-79-1,Organic compounds,Phenylpropanoids and polyketides,Flavonoids,Flavans
neg_9747,3-carboxy-4-methyl-5-pentyl-2-furanpropanoic acid,HMDB0061643,--,Organic compounds,Lipids and lipid-like molecules,Fatty Acyls,Fatty acids and conjugates
neg_9749,Enokipodin D,HMDB0038399,359701-29-4,Organic compounds,Lipids and lipid-like molecules,Prenol lipids,Quinone and hydroquinone lipids
neg_9752,Reserpine,HMDB0014351,50-55-5,Organic compounds,Alkaloids and derivatives,Yohimbine alkaloids,--
neg_9755,Monascoflavin,HMDB0030792,21516-68-7,Organic compounds,Organic oxygen compounds,Organooxygen compounds,Carbonyl compounds
neg_9759,Angeloylsenkyunolide F,HMDB0039858,112899-64-6,Organic compounds,Organoheterocyclic compounds,Isobenzofurans,--
neg_9763,Menadione,HMDB0001892,58-27-5,Organic compounds,Benzenoids,Naphthalenes,Naphthoquinones
neg_9771,Hexadecanedioate,HMDB0304377,--,Organic compounds,Lipids and lipid-like molecules,Fatty Acyls,Fatty acids and conjugates
neg_9772,"(9Z,12Z,14E)-16-Hydroxy-9,12,14-octadecatrienoic acid",HMDB0034586,81325-65-7,Organic compounds,Lipids and lipid-like molecules,Fatty Acyls,Lineolic acids and derivatives
neg_9773,Androstenedione,HMDB0000053,1963/5/8,Organic compounds,Lipids and lipid-like molecules,Steroids and steroid derivatives,Androstane steroids
neg_9779,Macrophorin B,HMDB0030456,85764-12-1,Organic compounds,Organic oxygen compounds,Organooxygen compounds,Carbonyl compounds
neg_9781,PS(LTE4/20:0),HMDB0282080,--,--,--,--,--
neg_9802,"(2E,4E)-N-[2-[[(2R,3R,4R,5R,6S)-2-(1,2-Dihydroxyethyl)-4,5-dihydroxy-6-(7H-purin-6-ylamino)oxan-3-yl]amino]-2-oxoethyl]tetradeca-2,4-dienamide",HMDB0253826,--,Organic compounds,Organic acids and derivatives,Carboxylic acids and derivatives,"Amino acids, peptides, and analogues"
neg_9816,Lovastatin,HMDB0014372,75330-75-5,Organic compounds,Organoheterocyclic compounds,Lactones,Delta valerolactones
neg_9828,Pentamidine,HMDB0014876,100-33-4,Organic compounds,Benzenoids,Phenol ethers,--
neg_9829,"MG(0:0/20:4(5Z,8Z,11Z,14Z)/0:0)",HMDB0004666,53847-30-6,Organic compounds,Lipids and lipid-like molecules,Endocannabinoids,--
neg_9833,N-Eicosapentaenoyl Glutamine,HMDB0242069,--,--,--,--,--
neg_9835,PE(20:0/TXB2),HMDB0261856,--,--,--,--,--
neg_9845,Corchorifatty acid F,HMDB0035919,95341-44-9,Organic compounds,Lipids and lipid-like molecules,Fatty Acyls,Lineolic acids and derivatives
neg_9907,"(1beta,2beta,5beta)-p-Menth-3-ene-1,2,5-triol",HMDB0038978,359875-80-2,Organic compounds,Lipids and lipid-like molecules,Prenol lipids,Monoterpenoids
neg_9909,vamorolone,HMDB0259760,--,Organic compounds,Lipids and lipid-like molecules,Steroids and steroid derivatives,Hydroxysteroids
neg_9924,"9,12,13-TriHOME",HMDB0004708,--,Organic compounds,Lipids and lipid-like molecules,Fatty Acyls,Fatty acids and conjugates
neg_9926,"PC(6:2(3E,5E)/14:2(11E,13E))",HMDB0256166,--,Organic compounds,Lipids and lipid-like molecules,Glycerophospholipids,Glycerophosphocholines
neg_9936,1-tetradecanoyl-sn-glycero-3-phosphate,HMDB0062321,--,Organic compounds,Lipids and lipid-like molecules,Glycerophospholipids,Glycerophosphates
neg_9945,Ponasterone A,HMDB0256697,--,Organic compounds,Lipids and lipid-like molecules,Steroids and steroid derivatives,"Bile acids, alcohols and derivatives"
neg_9946,"PA(22:4(7Z,10Z,13Z,16Z)/22:0)",HMDB0115340,--,Organic compounds,Lipids and lipid-like molecules,Glycerophospholipids,Glycerophosphates
neg_9957,Sterebin B,HMDB0035338,--,Organic compounds,Lipids and lipid-like molecules,Prenol lipids,Sesquiterpenoids
neg_9965,Prometon,HMDB0256804,--,Organic compounds,Organoheterocyclic compounds,Triazines,"1,3,5-triazines"
neg_9966,Dolichosterone,HMDB0034336,85797-15-5,Organic compounds,Lipids and lipid-like molecules,Steroids and steroid derivatives,"Bile acids, alcohols and derivatives"
neg_9969,3-Methylidene-4-oxopentyl angelate,HMDB0302499,--,Organic compounds,Lipids and lipid-like molecules,Fatty Acyls,Fatty acid esters
neg_9976,4-(Methylnitrosamino)-1-(1-oxido-3-pyridinyl)-1-butanone,HMDB0062375,76014-82-9,Organic compounds,Organic oxygen compounds,Organooxygen compounds,Carbonyl compounds
neg_9985,Avocadyne,HMDB0035473,129099-96-3,Organic compounds,Lipids and lipid-like molecules,Fatty Acyls,Fatty alcohols
neg_9988,"LysoPE(0:0/20:2(11Z,14Z))",HMDB0011483,--,Organic compounds,Lipids and lipid-like molecules,Glycerophospholipids,Glycerophosphoethanolamines
neg_9997,19-Hydroxytestosterone,HMDB0006769,2126-37-6,Organic compounds,Organoheterocyclic compounds,Indoles and derivatives,--
