#ID,name,HMDB_ID,CAS,kingdom(HMDB),super_class(HMDB),class(HMDB),sub_class(HMDB)
pos_10000,Gibberellin A25,HMDB0303460,--,Organic compounds,Lipids and lipid-like molecules,Prenol lipids,Diterpenoids
pos_10004,11-beta-Hydroxyandrosterone-3-glucuronide,HMDB0010351,--,Organic compounds,Organoheterocyclic compounds,Indoles and derivatives,Hydroxyindoles
pos_1001,Formyl-5-hydroxykynurenamine,HMDB0012948,958733-17-0,Organic compounds,Organic oxygen compounds,Organooxygen compounds,Carbonyl compounds
pos_10011,3'-DEOXY-3'-FLUOROTHYMIDINE,HMDB0246092,--,Organic compounds,"Nucleosides, nucleotides, and analogues",Pyrimidine nucleosides,"Pyrimidine 2',3'-dideoxyribonucleosides"
pos_1004,Capsi-amide,HMDB0040940,64317-66-4,Organic compounds,Organic acids and derivatives,Carboxylic acids and derivatives,Carboxylic acid derivatives
pos_10041,N-Oleoyl Arginine,HMDB0241954,--,--,--,--,--
pos_10060,Dopexamine,HMDB0041882,86197-47-9,Organic compounds,Benzenoids,Phenols,Benzenediols
pos_10061,PA(14:1(9Z)/6 keto-PGF1alpha),HMDB0263086,--,--,--,--,--
pos_1007,Sonchuionoside C,HMDB0035212,126585-76-0,Organic compounds,Lipids and lipid-like molecules,Prenol lipids,Terpene glycosides
pos_10072,Roxithromycin,HMDB0014916,80214-83-1,Organic compounds,Benzenoids,Benzene and substituted derivatives,--
pos_10073,Macrocin,HMDB0039122,55750-86-2,Organic compounds,Lipids and lipid-like molecules,Prenol lipids,Diterpenoids
pos_10077,Solanine,HMDB0034202,20562-02-1,Organic compounds,Phenylpropanoids and polyketides,Depsides and depsidones,--
pos_10080,4-Methyl-4-penten-2-one,HMDB0031564,3744/2/3,Organic compounds,Organic oxygen compounds,Organooxygen compounds,Carbonyl compounds
pos_10081,2-Butoxyethanol,HMDB0031327,111-76-2,Organic compounds,Organic oxygen compounds,Organooxygen compounds,Ethers
pos_10082,Brincidofovir,HMDB0249384,--,Organic compounds,Organoheterocyclic compounds,Diazines,Pyrimidines and pyrimidine derivatives
pos_10089,"(3beta,17alpha,23S)-17,23-Epoxy-3,29-dihydroxy-27-norlanost-8-en-24-one",HMDB0035142,--,Organic compounds,Lipids and lipid-like molecules,Prenol lipids,Triterpenoids
pos_10110,4-(Dodecylamino)Phenol,HMDB0256035,--,Organic compounds,Organic nitrogen compounds,Organonitrogen compounds,Amines
pos_10112,Austroinulin,HMDB0036802,62868-75-1,Organic compounds,Lipids and lipid-like molecules,Prenol lipids,Diterpenoids
pos_10113,2-(2-Butoxyethoxy)ethanol,HMDB0244918,--,Organic compounds,Organic oxygen compounds,Organooxygen compounds,Ethers
pos_10115,16-Nitroxystearate,HMDB0246923,--,Organic compounds,Lipids and lipid-like molecules,Fatty Acyls,Fatty acids and conjugates
pos_10116,Obtusifoliol,HMDB0001242,16910-32-0,Organic compounds,Lipids and lipid-like molecules,Steroids and steroid derivatives,Ergostane steroids
pos_10130,Calendasaponin C,HMDB0039010,358732-33-9,Organic compounds,Lipids and lipid-like molecules,Prenol lipids,Terpene glycosides
pos_10137,MG(19:0/0:0/0:0),HMDB0072839,--,Organic compounds,Lipids and lipid-like molecules,Glycerolipids,Monoradylglycerols
pos_10151,"PC(20:0/18:1(12Z)-O(9S,10R))",HMDB0286990,--,--,--,--,--
pos_10161,Spisulosine,HMDB0258433,--,Organic compounds,Organic nitrogen compounds,Organonitrogen compounds,Amines
pos_10162,"6,10,14-Trimethyl-2-methylenepentadecanal",HMDB0034496,83725-57-9,Organic compounds,Lipids and lipid-like molecules,Prenol lipids,Sesquiterpenoids
pos_10164,Octadecanol,HMDB0002350,112-92-5,Organic compounds,Lipids and lipid-like molecules,Fatty Acyls,Fatty alcohols
pos_10166,12-hydroxyicosanoic acid,HMDB0061664,--,Organic compounds,Lipids and lipid-like molecules,Fatty Acyls,Fatty acids and conjugates
pos_10178,"3-Buten-2-one 1-(2,3,6-trimethyl phenyl)",HMDB0059677,--,Organic compounds,Benzenoids,Benzene and substituted derivatives,--
pos_10180,Geranyl diphosphate,HMDB0001285,763-10-0,Organic compounds,Lipids and lipid-like molecules,Prenol lipids,Isoprenoid phosphates
pos_10186,Ethyl 3-hydroxydodecanoate,HMDB0059850,--,Organic compounds,Lipids and lipid-like molecules,Fatty Acyls,Fatty alcohols
pos_10190,o-Xylene,HMDB0059851,--,Organic compounds,Benzenoids,Benzene and substituted derivatives,Xylenes
pos_10195,(4-Methylphenyl)acetaldehyde,HMDB0029639,104-09-6,Organic compounds,Benzenoids,Benzene and substituted derivatives,Phenylacetaldehydes
pos_10196,hydrocinnamic acid,HMDB0000764,501-52-0,Organic compounds,Phenylpropanoids and polyketides,Phenylpropanoic acids,--
pos_10197,1-(Methylthio)-1-hexanethiol,HMDB0039783,53897-65-7,Organic compounds,Organic oxygen compounds,Organooxygen compounds,Ethers
pos_10211,Dodecanoic acid,HMDB0000638,143-07-7,Organic compounds,Lipids and lipid-like molecules,Fatty Acyls,Fatty acids and conjugates
pos_10215,Pectachol,HMDB0039064,81729-14-8,Organic compounds,Phenylpropanoids and polyketides,Coumarins and derivatives,--
pos_10218,Diacetazotol,HMDB0251119,--,Organic compounds,Organoheterocyclic compounds,Azobenzenes,--
pos_10220,"N,N'-Bis(salicylidene)-1,2-phenylenediamine",HMDB0246247,--,Organic compounds,Benzenoids,Phenols,1-hydroxy-4-unsubstituted benzenoids
pos_10222,1-Cyclohexene-1-carboxylic acid,HMDB0243852,--,Organic compounds,Organic acids and derivatives,Carboxylic acids and derivatives,Carboxylic acids
pos_10225,Indene,HMDB0253451,--,Organic compounds,Benzenoids,Indenes and isoindenes,--
pos_10233,N-Stearoyl Arginine,HMDB0241937,--,Organic compounds,Organic acids and derivatives,Carboxylic acids and derivatives,"Amino acids, peptides, and analogues"
pos_10234,4-(N-Nitrosomethylamino)-1-(3-pyridyl)-1-butanone,HMDB0011603,64091-91-4,Organic compounds,Organic oxygen compounds,Organooxygen compounds,Carbonyl compounds
pos_10254,Deoxycholylproline,HMDB0242438,--,--,--,--,--
pos_10255,Angiotensin A,HMDB0248424,--,Organic compounds,Organic acids and derivatives,Carboxylic acids and derivatives,"Amino acids, peptides, and analogues"
pos_10256,Angiotensin II,HMDB0001035,11128-99-7,Organic compounds,Organic acids and derivatives,Carboxylic acids and derivatives,"Amino acids, peptides, and analogues"
pos_10258,Glutethimide,HMDB0015505,77-21-4,Organic compounds,Organoheterocyclic compounds,Piperidines,Phenylpiperidines
pos_10260,Nepetaside,HMDB0038149,114076-56-1,Organic compounds,Lipids and lipid-like molecules,Prenol lipids,Terpene glycosides
pos_10278,LysoPC(16:1(9Z)/0:0),HMDB0010383,76790-27-7,Organic compounds,Lipids and lipid-like molecules,Glycerophospholipids,Glycerophosphocholines
pos_10284,2-Phenylethanol,HMDB0033944,1960/12/8,Organic compounds,Benzenoids,Benzene and substituted derivatives,--
pos_10289,"(2S,4R)-p-Mentha-1(7),8-dien-2-ol",HMDB0037010,2102-62-7,Organic compounds,Lipids and lipid-like molecules,Prenol lipids,Monoterpenoids
pos_10293,1-Acetyl-4-isopropenylcyclopentene,HMDB0036070,2704-76-9,Organic compounds,Lipids and lipid-like molecules,Prenol lipids,Monoterpenoids
pos_10301,"N'-(1,6-Dihydro-6-oxo-2-pyridinyl)-N,N-dipropylmethanimidamide",HMDB0249850,--,Organic compounds,Organoheterocyclic compounds,Pyridines and derivatives,Hydropyridines
pos_10304,Punicic acid,HMDB0030963,544-72-9,Organic compounds,Lipids and lipid-like molecules,Fatty Acyls,Lineolic acids and derivatives
pos_10307,Geranyl hexanoate,HMDB0029351,10032-02-7,Organic compounds,Lipids and lipid-like molecules,Fatty Acyls,Fatty alcohol esters
pos_10308,Tanacetol B,HMDB0035075,86787-28-2,Organic compounds,Lipids and lipid-like molecules,Prenol lipids,Sesquiterpenoids
pos_10321,Sodium deoxycholate,HMDB0000626,83-44-3,Organic compounds,Lipids and lipid-like molecules,Steroids and steroid derivatives,"Bile acids, alcohols and derivatives"
pos_10328,Medicagenic acid,HMDB0034551,599-07-5,Organic compounds,Lipids and lipid-like molecules,Prenol lipids,Triterpenoids
pos_10338,"5,5-Dimethyl-2(5H)-furanone",HMDB0040260,20019-64-1,Organic compounds,Organoheterocyclic compounds,Dihydrofurans,Furanones
pos_10341,3-Methyl-1-pentyn-3-ol,HMDB0245924,--,Organic compounds,Organic oxygen compounds,Organooxygen compounds,Carbonyl compounds
pos_10344,"PG(18:0/20:4(7E,9E,11Z,13E)-3OH(5S,6R,15S))",HMDB0268803,--,--,--,--,--
pos_10345,"PC(18:1(12Z)-2OH(9,10)/DiMe(11,5))",HMDB0289065,--,--,--,--,--
pos_10346,PG(TXB2/i-19:0),HMDB0271815,--,--,--,--,--
pos_10348,3-Methyl-2-cyclohexen-1-one,HMDB0031541,1193-18-6,Organic compounds,Organic oxygen compounds,Organooxygen compounds,Carbonyl compounds
pos_10360,PC-M6,HMDB0038568,133613-76-0,Organic compounds,Organoheterocyclic compounds,Naphthopyrans,--
pos_10368,3-Phenyl-2-propenyl,HMDB0250264,--,Organic compounds,Benzenoids,Benzene and substituted derivatives,--
pos_10371,L-Asparagine,HMDB0000168,70-47-3,Organic compounds,Organic acids and derivatives,Carboxylic acids and derivatives,"Amino acids, peptides, and analogues"
pos_10376,"8-Deoxy-11,13-dihydroxygrosheimin",HMDB0041144,83551-03-5,Organic compounds,Lipids and lipid-like molecules,Prenol lipids,Terpene lactones
pos_10377,Aspartame,HMDB0001894,22839-47-0,Organic compounds,Organic acids and derivatives,Carboxylic acids and derivatives,"Amino acids, peptides, and analogues"
pos_10379,8-Epiloganic acid,HMDB0247433,--,Organic compounds,Lipids and lipid-like molecules,Prenol lipids,Terpene glycosides
pos_10381,N-Oleoyl GABA,HMDB0062335,--,Organic compounds,Organic acids and derivatives,Carboxylic acids and derivatives,"Amino acids, peptides, and analogues"
pos_10385,Armillaripin,HMDB0030404,129741-56-6,Organic compounds,Lipids and lipid-like molecules,Prenol lipids,Sesquiterpenoids
pos_10386,Triamcinolone Diacetate,HMDB0014758,124-94-7,Organic compounds,Lipids and lipid-like molecules,Steroids and steroid derivatives,Hydroxysteroids
pos_10390,Hordatine B,HMDB0030459,10502-21-3,Organic compounds,Phenylpropanoids and polyketides,2-arylbenzofuran flavonoids,--
pos_10394,"PE(P-16:0/20:5(5Z,8Z,11Z,14Z,16E)-OH(18R))",HMDB0285230,--,--,--,--,--
pos_10398,CPA(16:0/0:0),HMDB0007003,--,Organic compounds,Lipids and lipid-like molecules,Glycerophospholipids,Glycerophosphates
pos_10407,Eicosanoyl-EA,HMDB0248559,--,Organic compounds,Organic nitrogen compounds,Organonitrogen compounds,Amines
pos_10412,Tetracosanedioic acid,HMDB0302983,--,Organic compounds,Lipids and lipid-like molecules,Fatty Acyls,Fatty acids and conjugates
pos_10416,ANETHOLE,HMDB0030837,4180-23-8,Organic compounds,Benzenoids,Phenol ethers,Anisoles
pos_10417,Tartaric acid,HMDB0000956,87-69-4,Organic compounds,Organic oxygen compounds,Organooxygen compounds,Carbohydrates and carbohydrate conjugates
pos_10418,"6-(Hydroxymethyl)-2,4(1H,3H)-pteridinedione",HMDB0033245,10129-99-4,Organic compounds,Organoheterocyclic compounds,Pteridines and derivatives,--
pos_10419,Chrycorin,HMDB0035149,91362-90-2,Organic compounds,Organoheterocyclic compounds,Oxanes,--
pos_10433,3-Hydroxy-4-butanolide,HMDB0034681,211107-44-7,Organic compounds,Organic oxygen compounds,Organooxygen compounds,Carbohydrates and carbohydrate conjugates
pos_10438,Phytantriol,HMDB0256517,--,Organic compounds,Lipids and lipid-like molecules,Prenol lipids,Diterpenoids
pos_10448,Cyclosquamosin G,HMDB0303372,--,Organic compounds,Organic acids and derivatives,Carboxylic acids and derivatives,"Amino acids, peptides, and analogues"
pos_10455,Phytocassane B,HMDB0041055,166547-22-4,Organic compounds,Lipids and lipid-like molecules,Prenol lipids,Diterpenoids
pos_10457,Cervonoyl ethanolamide,HMDB0013627,--,Organic compounds,Lipids and lipid-like molecules,Fatty Acyls,Fatty acid esters
pos_10458,7b-Hydroxy-3-oxo-5b-cholanoic acid,HMDB0000541,77060-26-5,Organic compounds,Lipids and lipid-like molecules,Steroids and steroid derivatives,"Bile acids, alcohols and derivatives"
pos_10459,Solanocardinol,HMDB0038836,138665-46-0,Organic compounds,Lipids and lipid-like molecules,Steroids and steroid derivatives,Steroidal alkaloids
pos_10460,Baccatin,HMDB0248837,--,Organic compounds,Lipids and lipid-like molecules,Prenol lipids,Sesterterpenoids
pos_10467,"2,3-Dimethyl-2-cyclohexen-1-one",HMDB0031414,1122-20-9,Organic compounds,Organic oxygen compounds,Organooxygen compounds,Carbonyl compounds
pos_10472,"17,18-EpETE",HMDB0010212,131339-23-6,Organic compounds,Lipids and lipid-like molecules,Fatty Acyls,Fatty acids and conjugates
pos_10473,"2-Cyclohexen-1-one, 3-(15-hydroxypentadecyl)-2,4,4-trimethyl-",HMDB0258756,--,Organic compounds,Lipids and lipid-like molecules,Fatty Acyls,Fatty alcohols
pos_10474,Cyclopamine,HMDB0250664,--,Organic compounds,Lipids and lipid-like molecules,Steroids and steroid derivatives,Steroidal alkaloids
pos_10500,n-Butylbenzene,HMDB0059812,--,Organic compounds,Benzenoids,Benzene and substituted derivatives,--
pos_10502,"Ethyl (2E,4E,7Z)-Decatrienoate",HMDB0035375,28290-88-2,Organic compounds,Lipids and lipid-like molecules,Fatty Acyls,Fatty acid esters
pos_10509,Glutamyl-Gamma-glutamate,HMDB0028833,--,Organic compounds,Organic acids and derivatives,Carboxylic acids and derivatives,"Amino acids, peptides, and analogues"
pos_10513,8-Acetoxy-4-acoren-3-one,HMDB0030974,185154-95-4,Organic compounds,Organic oxygen compounds,Organooxygen compounds,Carbonyl compounds
pos_10515,Ranitidine,HMDB0001930,82530-72-1,Organic compounds,Organic nitrogen compounds,Organonitrogen compounds,Amines
pos_10516,Hydroxyprolyl-Asparagine,HMDB0028858,--,Organic compounds,Organic acids and derivatives,Carboxylic acids and derivatives,"Amino acids, peptides, and analogues"
pos_10519,Androsterone sulfate,HMDB0002759,2479-86-9,Organic compounds,Lipids and lipid-like molecules,Steroids and steroid derivatives,Sulfated steroids
pos_10520,Biocytin,HMDB0003134,576-19-2,Organic compounds,Organic acids and derivatives,Carboxylic acids and derivatives,"Amino acids, peptides, and analogues"
pos_10521,"5,6-DHET",HMDB0002343,213382-49-1,Organic compounds,Lipids and lipid-like molecules,Fatty Acyls,Eicosanoids
pos_10525,"1-Phenyl-1,3-nonadecanedione",HMDB0035584,--,Organic compounds,Organic oxygen compounds,Organooxygen compounds,Carbonyl compounds
pos_10526,"Furost-5-ene-3beta,22,26-triol",HMDB0303029,--,Organic compounds,Lipids and lipid-like molecules,Steroids and steroid derivatives,Furostanes and derivatives
pos_10543,"LysoPC(18:2(9Z,12Z)/0:0)",HMDB0010386,22252-07-9,Organic compounds,Lipids and lipid-like molecules,Glycerophospholipids,Glycerophosphocholines
pos_10572,Temsirolimus,HMDB0015632,162635-04-3,Organic compounds,Phenylpropanoids and polyketides,Macrolide lactams,--
pos_10586,7-Aminoheptanoic acid,HMDB0247233,--,Organic compounds,Lipids and lipid-like molecules,Fatty Acyls,Fatty acids and conjugates
pos_10594,"LysoPC(22:6(4Z,7Z,10Z,13Z,16Z,19Z))",HMDB0010404,162440-05-3,Organic compounds,Lipids and lipid-like molecules,Glycerophospholipids,Glycerophosphocholines
pos_10601,Majoroside F2,HMDB0030513,114019-97-5,Organic compounds,Lipids and lipid-like molecules,Prenol lipids,Triterpenoids
pos_10626,SM(d18:1/PGJ2),HMDB0290520,--,--,--,--,--
pos_10640,3'-Hydroxyamobarbital,HMDB0246097,--,Organic compounds,Organoheterocyclic compounds,Diazines,Pyrimidines and pyrimidine derivatives
pos_10641,N-(L-Arginino)succinate,HMDB0000052,2387-71-5,Organic compounds,Organic acids and derivatives,Carboxylic acids and derivatives,"Amino acids, peptides, and analogues"
pos_10643,Cyclocalopin F,HMDB0039825,--,Organic compounds,Organoheterocyclic compounds,Furopyrans,--
pos_10647,Oleoylcarnitine,HMDB0005065,38677-66-6,Organic compounds,Lipids and lipid-like molecules,Fatty Acyls,Fatty acid esters
pos_10648,Armillarin,HMDB0039380,83329-14-0,Organic compounds,Organic oxygen compounds,Organooxygen compounds,Carbohydrates and carbohydrate conjugates
pos_10667,S-(3-Methyl-2-butenyl) ethanethioate,HMDB0031698,33049-93-3,Organic compounds,Organic acids and derivatives,Thiocarboxylic acids and derivatives,Thioesters
pos_10668,trans-cinnamate,HMDB0000930,140-10-3,Organic compounds,Phenylpropanoids and polyketides,Cinnamic acids and derivatives,Cinnamic acids
pos_10669,"2-Amino-3,7-dideoxy-D-threo-hept-6-ulosonic acid",HMDB0304057,--,Organic compounds,Organic acids and derivatives,Carboxylic acids and derivatives,"Amino acids, peptides, and analogues"
pos_10670,Phenol A,HMDB0256407,--,Organic compounds,Benzenoids,Benzene and substituted derivatives,Phenylpropanes
pos_10671,Aspartyl-Threonine,HMDB0028763,--,Organic compounds,Organic acids and derivatives,Carboxylic acids and derivatives,"Amino acids, peptides, and analogues"
pos_10672,1-Hydroxyepiacorone,HMDB0030918,185154-96-5,Organic compounds,Organic oxygen compounds,Organooxygen compounds,Carbonyl compounds
pos_10673,3-methylcytidine,HMDB0240577,2140-64-9,--,--,--,--
pos_10676,Cocaethylene,HMDB0041860,529-38-4,Organic compounds,Benzenoids,Benzene and substituted derivatives,Benzoic acids and derivatives
pos_10677,alpha-Zearalenol,HMDB0041824,36455-72-8,Organic compounds,Phenylpropanoids and polyketides,Macrolides and analogues,--
pos_10683,Lefradafibanum,HMDB0254003,--,Organic compounds,Benzenoids,Benzene and substituted derivatives,Biphenyls and derivatives
pos_10685,Cinncassiol C1 19-glucoside,HMDB0035167,--,Organic compounds,Lipids and lipid-like molecules,Prenol lipids,Terpene glycosides
pos_10687,D-Urobilinogen,HMDB0004158,17208-65-0,Organic compounds,Organoheterocyclic compounds,Tetrapyrroles and derivatives,Bilirubins
pos_10690,Candidin,HMDB0259425,--,Organic compounds,Organic oxygen compounds,Organooxygen compounds,Carbohydrates and carbohydrate conjugates
pos_10694,Dixyrazine,HMDB0251503,--,Organic compounds,Organoheterocyclic compounds,Benzothiazines,Phenothiazines
pos_10706,Nodularin-R,HMDB0255693,--,Organic compounds,Organic acids and derivatives,Peptidomimetics,Hybrid peptides
pos_10713,Campesterol,HMDB0002869,474-62-4,Organic compounds,Lipids and lipid-like molecules,Steroids and steroid derivatives,Ergostane steroids
pos_10717,S-(PGA1)-glutathione,HMDB0013061,--,Organic compounds,Organic acids and derivatives,Carboxylic acids and derivatives,"Amino acids, peptides, and analogues"
pos_10725,L-Proline,HMDB0000162,147-85-3,Organic compounds,Organic acids and derivatives,Carboxylic acids and derivatives,"Amino acids, peptides, and analogues"
pos_10750,Pipercitine,HMDB0039937,--,Organic compounds,Organoheterocyclic compounds,Piperidines,N-acylpiperidines
pos_10753,"LysoPE(18:2(9Z,12Z)/0:0)",HMDB0011507,85046-18-0,Organic compounds,Lipids and lipid-like molecules,Glycerophospholipids,Glycerophosphoethanolamines
pos_10756,"LysoPE(22:6(4Z,7Z,10Z,13Z,16Z,19Z)/0:0)",HMDB0011526,--,Organic compounds,Lipids and lipid-like molecules,Glycerophospholipids,Glycerophosphoethanolamines
pos_10770,"taxa-4(20),11-dien-5alpha-ol",HMDB0304494,--,Organic compounds,Lipids and lipid-like molecules,Prenol lipids,Diterpenoids
pos_10775,arachidonoylethanolamine,HMDB0248558,--,Organic compounds,Organic oxygen compounds,Organooxygen compounds,Carbohydrates and carbohydrate conjugates
pos_10778,Prostaglandin A2,HMDB0002752,13345-50-1,Organic compounds,Lipids and lipid-like molecules,Fatty Acyls,Eicosanoids
pos_10780,TRIMOPROSTIL,HMDB0259247,--,Organic compounds,Lipids and lipid-like molecules,Fatty Acyls,Eicosanoids
pos_10781,DG(8:0/10:0/0:0),HMDB0092901,--,Organic compounds,Lipids and lipid-like molecules,Glycerolipids,Diradylglycerols
pos_10782,N-Linoleoyl Isoleucine,HMDB0241978,--,--,--,--,--
pos_10791,"LysoPE(20:4(8Z,11Z,14Z,17Z)/0:0)",HMDB0011518,--,Organic compounds,Lipids and lipid-like molecules,Glycerophospholipids,Glycerophosphoethanolamines
pos_10805,Biolimus A9,HMDB0249224,--,Organic compounds,Phenylpropanoids and polyketides,Macrolide lactams,--
pos_1081,N-Palmitoyl tyrosine,HMDB0062340,--,Organic compounds,Organic acids and derivatives,Carboxylic acids and derivatives,"Amino acids, peptides, and analogues"
pos_10815,Gramicidin S,HMDB0252932,--,Organic compounds,Organic acids and derivatives,Carboxylic acids and derivatives,"Amino acids, peptides, and analogues"
pos_10819,Nopalinic acid,HMDB0029437,63409-16-5,Organic compounds,Organic acids and derivatives,Carboxylic acids and derivatives,"Amino acids, peptides, and analogues"
pos_10832,Talinumoside I,HMDB0040957,145826-48-8,Organic compounds,Lipids and lipid-like molecules,Prenol lipids,Terpene glycosides
pos_10860,Milbemycin beta1,HMDB0254727,--,Organic compounds,Phenylpropanoids and polyketides,Macrolides and analogues,Milbemycins
pos_10864,Tetrahydrobiopterin,HMDB0000027,62989-33-7,Organic compounds,Organoheterocyclic compounds,Pteridines and derivatives,Pterins and derivatives
pos_10885,Phosphocholine,HMDB0001565,3616/4/4,Organic compounds,Organic nitrogen compounds,Organonitrogen compounds,Quaternary ammonium salts
pos_10916,"LysoPC(20:4(5Z,8Z,11Z,14Z)/0:0)",HMDB0010395,60701-99-7,Organic compounds,Lipids and lipid-like molecules,Glycerophospholipids,Glycerophosphocholines
pos_10918,Vinaginsenoside R12,HMDB0040782,156398-71-9,Organic compounds,Benzenoids,Phenols,Benzenediols
pos_10925,Phytolaccoside E,HMDB0034637,65497-07-6,Organic compounds,Lipids and lipid-like molecules,Prenol lipids,Triterpenoids
pos_10932,"3,4-Hexanedione",HMDB0031492,4437-51-8,Organic compounds,Organic oxygen compounds,Organooxygen compounds,Carbonyl compounds
pos_10939,21-Hydroxypregnenolone,HMDB0004026,1164-98-3,Organic compounds,Lipids and lipid-like molecules,Steroids and steroid derivatives,Hydroxysteroids
pos_10940,N-Myristoyl Arginine,HMDB0242046,--,Organic compounds,Organic acids and derivatives,Carboxylic acids and derivatives,"Amino acids, peptides, and analogues"
pos_10950,"PA(P-16:0/18:2(9Z,12Z))",HMDB0011155,937723-92-7,Organic compounds,Lipids and lipid-like molecules,Glycerophospholipids,Glycerophosphates
pos_10966,Glycerol 1-(5-hydroxydodecanoate),HMDB0040168,26446-32-2,Organic compounds,Lipids and lipid-like molecules,Fatty Acyls,Fatty alcohols
pos_10988,Prostaglandin E1,HMDB0001442,745-65-3,Organic compounds,Lipids and lipid-like molecules,Fatty Acyls,Eicosanoids
pos_10999,Cholylcysteine,HMDB0242372,--,Organic compounds,Lipids and lipid-like molecules,Steroids and steroid derivatives,"Bile acids, alcohols and derivatives"
pos_11005,Gestrinone,HMDB0002720,16320-04-0,Organic compounds,Lipids and lipid-like molecules,Steroids and steroid derivatives,Estrane steroids
pos_11012,2-O-Protocatechuoylalphitolic acid,HMDB0029779,182682-95-7,Organic compounds,Lipids and lipid-like molecules,Prenol lipids,Triterpenoids
pos_11028,2-METHOXYXANTHONE,HMDB0032998,1214-20-6,Organic compounds,Organoheterocyclic compounds,Benzopyrans,1-benzopyrans
pos_11031,Egonol,HMDB0034279,530-22-3,Organic compounds,Phenylpropanoids and polyketides,2-arylbenzofuran flavonoids,--
pos_11034,"(2S,4S,6S)-2-[2-(4-Hydroxy-3-meyhoxyphenyl)ethyl]tetrahydro-6-(4,5-dihydroxy-3-methoxyphenyl)-2H-pyran-4-ol",HMDB0030502,182227-93-6,Organic compounds,Phenylpropanoids and polyketides,Diarylheptanoids,Linear diarylheptanoids
pos_11036,Janthitrem C,HMDB0040684,73561-91-8,Organic compounds,Organic acids and derivatives,Peptidomimetics,Depsipeptides
pos_1104,[7]-Gingerol,HMDB0302128,--,Organic compounds,Benzenoids,Phenols,Methoxyphenols
pos_11042,N-Acetyl-3-hydroxyprocainamide,HMDB0060996,--,Organic compounds,Benzenoids,Benzene and substituted derivatives,Benzoic acids and derivatives
pos_1105,"Bis(2-methylpropanoyloxy)-9,10-epoxy-p-mentha-1,3,5-triene",HMDB0032698,22518-06-5,Organic compounds,Benzenoids,Phenol esters,--
pos_11072,Stearoylcarnitine,HMDB0000848,25597-09-5,Organic compounds,Lipids and lipid-like molecules,Fatty Acyls,Fatty acid esters
pos_11081,PG(a-25:0/PGJ2),HMDB0270977,--,--,--,--,--
pos_11098,Ethenyl acetate,HMDB0031209,108-05-4,Organic compounds,Organic acids and derivatives,Carboxylic acids and derivatives,Carboxylic acid derivatives
pos_11099,Choline phosphate,HMDB0001565,3616/4/4,Organic compounds,Organic nitrogen compounds,Organonitrogen compounds,Quaternary ammonium salts
pos_11110,10-Oxo-11-octadecen-13-olide,HMDB0029786,--,Organic compounds,Phenylpropanoids and polyketides,Macrolides and analogues,--
pos_11114,Alfuzosin,HMDB0014490,81403-80-7,Organic compounds,Organoheterocyclic compounds,Diazanaphthalenes,Benzodiazines
pos_11115,LysoPC(16:0/0:0),HMDB0010382,17364-16-8,Organic compounds,Lipids and lipid-like molecules,Glycerophospholipids,Glycerophosphocholines
pos_11126,Butyryl trihexyl citrate,HMDB0247498,--,Organic compounds,Organic acids and derivatives,Carboxylic acids and derivatives,Tetracarboxylic acids and derivatives
pos_11136,Isoprene,HMDB0253673,--,Organic compounds,Hydrocarbons,Unsaturated hydrocarbons,Branched unsaturated hydrocarbons
pos_11145,Barogenin,HMDB0034403,64161-55-3,Organic compounds,Lipids and lipid-like molecules,Steroids and steroid derivatives,"Bile acids, alcohols and derivatives"
pos_11151,Citrusin III,HMDB0303682,--,Organic compounds,Organic acids and derivatives,Carboxylic acids and derivatives,"Amino acids, peptides, and analogues"
pos_11155,Carvyl acetate,HMDB0038046,97-42-7,Organic compounds,Lipids and lipid-like molecules,Prenol lipids,Monoterpenoids
pos_11163,Acetoacetate,HMDB0304256,--,Organic compounds,Organic acids and derivatives,Keto acids and derivatives,Short-chain keto acids and derivatives
pos_11164,3alpha-Hydroxynorethynodrel,HMDB0246253,--,Organic compounds,Lipids and lipid-like molecules,Steroids and steroid derivatives,Hydroxysteroids
pos_11166,Mangalkanyl glucoside,HMDB0036015,259144-63-3,Organic compounds,Organic oxygen compounds,Organooxygen compounds,Carbohydrates and carbohydrate conjugates
pos_11173,17-Dimethylaminogeldanamycin,HMDB0244766,--,Organic compounds,Phenylpropanoids and polyketides,Macrolactams,--
pos_11176,S-(9-deoxy-delta12-PGD2)-glutathione,HMDB0013057,--,Organic compounds,Organic acids and derivatives,Carboxylic acids and derivatives,"Amino acids, peptides, and analogues"
pos_11181,Tenuifolin,HMDB0258821,--,Organic compounds,Lipids and lipid-like molecules,Prenol lipids,Terpene glycosides
pos_11192,Porrigenin A,HMDB0032783,196607-75-7,Organic compounds,Lipids and lipid-like molecules,Prenol lipids,Triterpenoids
pos_11193,"3a,7a,12a-Trihydroxy-5b-cholestan-26-al",HMDB0003533,3836/1/9,Organic compounds,Lipids and lipid-like molecules,Steroids and steroid derivatives,"Bile acids, alcohols and derivatives"
pos_11197,Salannin,HMDB0257456,--,Organic compounds,Lipids and lipid-like molecules,Prenol lipids,Triterpenoids
pos_11203,Nodularin,HMDB0255692,--,Organic compounds,Organic acids and derivatives,Carboxylic acids and derivatives,"Amino acids, peptides, and analogues"
pos_11214,"(S,E)-Zearalenone",HMDB0031752,17924-92-4,Organic compounds,Phenylpropanoids and polyketides,Macrolides and analogues,Zearalenones
pos_11216,Behenic acid,HMDB0000944,112-85-6,Organic compounds,Lipids and lipid-like molecules,Fatty Acyls,Fatty acids and conjugates
pos_11221,"3beta,7alpha-Dihydroxy-5-cholestenoate",HMDB0012454,115538-84-6,Organic compounds,Lipids and lipid-like molecules,Steroids and steroid derivatives,"Bile acids, alcohols and derivatives"
pos_11240,Pitheduloside D,HMDB0031358,189161-64-6,Organic compounds,Lipids and lipid-like molecules,Prenol lipids,Terpene glycosides
pos_11259,Butyl (S)-3-hydroxybutyrate glucoside,HMDB0031694,--,Organic compounds,Lipids and lipid-like molecules,Fatty Acyls,Fatty acyl glycosides
pos_11263,Arachidyl alcohol,HMDB0011619,629-96-9,Organic compounds,Lipids and lipid-like molecules,Fatty Acyls,Fatty alcohols
pos_11264,2(R)-hydroxydocosanoic acid,HMDB0061660,--,Organic compounds,Lipids and lipid-like molecules,Fatty Acyls,Fatty acids and conjugates
pos_11267,24-Hydroxytetracosanoic acid,HMDB0302964,--,Organic compounds,Lipids and lipid-like molecules,Fatty Acyls,Fatty acids and conjugates
pos_11277,"LysoPC(22:5(4Z,7Z,10Z,13Z,16Z))",HMDB0010402,--,Organic compounds,Lipids and lipid-like molecules,Glycerophospholipids,Glycerophosphocholines
pos_11296,Medicagenic acid 28-O-[b-D-xylosyl-(1->4)-a-L-rhamnosyl-(1->2)-a-L-arabinosyl] ester,HMDB0039295,129570-95-2,Organic compounds,Lipids and lipid-like molecules,Prenol lipids,Triterpenoids
pos_113,1-Butyl-1-nitrosourea,HMDB0243841,--,Organic compounds,Organic acids and derivatives,Organic carbonic acids and derivatives,Ureas
pos_11301,(15Z)-Tetracosenoic acid,HMDB0002368,506-37-6,Organic compounds,Lipids and lipid-like molecules,Fatty Acyls,Fatty acids and conjugates
pos_11303,LysoPC(P-18:1(9Z)/0:0),HMDB0010408,--,Organic compounds,Lipids and lipid-like molecules,Glycerophospholipids,Glycerophosphocholines
pos_11305,Bafilomycin A1(Baf-A1),HMDB0247559,--,Organic compounds,Phenylpropanoids and polyketides,Macrolides and analogues,--
pos_11306,PE(14:0/P-16:0),HMDB0008850,--,Organic compounds,Lipids and lipid-like molecules,Glycerophospholipids,Glycerophosphoethanolamines
pos_11318,"24,25-Dihydrolanosterol",HMDB0006839,79-62-9,Organic compounds,Lipids and lipid-like molecules,Prenol lipids,Triterpenoids
pos_11323,L-Serine,HMDB0000187,56-45-1,Organic compounds,Organic acids and derivatives,Carboxylic acids and derivatives,"Amino acids, peptides, and analogues"
pos_11324,Geranyl acetoacetate,HMDB0038256,10032-00-5,Organic compounds,Lipids and lipid-like molecules,Fatty Acyls,Fatty alcohol esters
pos_11326,"(2E,11Z)-Wyerone acid",HMDB0030946,--,Organic compounds,Lipids and lipid-like molecules,Fatty Acyls,Fatty acids and conjugates
pos_11331,Retinol,HMDB0000305,68-26-8,Organic compounds,Lipids and lipid-like molecules,Prenol lipids,Retinoids
pos_11333,1-Palmitoylglycerol,HMDB0011564,32899-41-5,Organic compounds,Lipids and lipid-like molecules,Glycerolipids,Monoradylglycerols
pos_11335,all-trans-4-Oxoretinoic acid,HMDB0006280,64907-22-8,Organic compounds,Lipids and lipid-like molecules,Prenol lipids,Retinoids
pos_11336,1-(Carboxyethylthio)tetradecane,HMDB0243801,--,Organic compounds,Lipids and lipid-like molecules,Fatty Acyls,Fatty acids and conjugates
pos_11338,2-Hydroxy-6-(8-tridecenyl)benzoic acid,HMDB0038521,88640-88-4,Organic compounds,Benzenoids,Benzene and substituted derivatives,Benzoic acids and derivatives
pos_11339,"MG(0:0/20:4(8Z,11Z,14Z,17Z)/0:0)",HMDB0011549,--,Organic compounds,Lipids and lipid-like molecules,Endocannabinoids,--
pos_11340,"Ethanol, 2-(pentyl(5-(1-piperidinyl)(1,2,4)triazolo(1,5-a)pyrimidin-7-yl)amino)-",HMDB0259700,--,Organic compounds,Organoheterocyclic compounds,Triazolopyrimidines,--
pos_11341,Visnadin,HMDB0259839,--,Organic compounds,Phenylpropanoids and polyketides,Coumarins and derivatives,Pyranocoumarins
pos_11348,1-docosanoyl-glycero-3-phosphate,HMDB0062314,--,Organic compounds,Lipids and lipid-like molecules,Glycerophospholipids,Glycerophosphates
pos_11364,Oleoylcholine,HMDB0240596,127165-03-1,Organic compounds,Organic nitrogen compounds,Organonitrogen compounds,Quaternary ammonium salts
pos_11393,"PC(22:5(4Z,7Z,10Z,13Z,16Z)/PGF1alpha)",HMDB0288378,--,--,--,--,--
pos_11417,Phosphorylcholine,HMDB0001565,3616/4/4,Organic compounds,Organic nitrogen compounds,Organonitrogen compounds,Quaternary ammonium salts
pos_11419,Glycerophosphocholine,HMDB0000086,28319-77-9,Organic compounds,Lipids and lipid-like molecules,Glycerophospholipids,Glycerophosphocholines
pos_11445,"20,26-Dihydroxyecdysone",HMDB0245570,--,Organic compounds,Lipids and lipid-like molecules,Steroids and steroid derivatives,"Bile acids, alcohols and derivatives"
pos_11463,LysoPA(0:0/18:1(9Z)),HMDB0007851,--,Organic compounds,Lipids and lipid-like molecules,Glycerophospholipids,Glycerophosphates
pos_11478,"PC(DiMe(13,5)/MonoMe(11,5))",HMDB0061414,--,Organic compounds,Lipids and lipid-like molecules,Glycerophospholipids,Glycerophosphocholines
pos_11479,Ginsenoside Rb1,HMDB0035892,41753-43-9,Organic compounds,Lipids and lipid-like molecules,Prenol lipids,Triterpenoids
pos_11509,"1,2-Di-O-palmitoyl-3-O-(6-sulfoquinovopyranosyl)glycerol",HMDB0041202,122991-48-4,Organic compounds,Lipids and lipid-like molecules,Glycerolipids,Glycosylglycerols
pos_11515,"11H-14,15-EETA",HMDB0004693,219535-29-2,Organic compounds,Lipids and lipid-like molecules,Fatty Acyls,Fatty acids and conjugates
pos_11539,Histidinyl-Isoleucine,HMDB0028888,129050-48-2,Organic compounds,Organic acids and derivatives,Carboxylic acids and derivatives,"Amino acids, peptides, and analogues"
pos_11541,"4-Hydroxy-3-methoxy-2,10-bisaboladien-9-one",HMDB0033917,--,Organic compounds,Lipids and lipid-like molecules,Prenol lipids,Sesquiterpenoids
pos_11542,all-trans-4-Hydroxyretinoic acid,HMDB0006254,66592-72-1,Organic compounds,Lipids and lipid-like molecules,Prenol lipids,Retinoids
pos_11575,Neoporrigenin B,HMDB0032680,196607-74-6,Organic compounds,Lipids and lipid-like molecules,Prenol lipids,Triterpenoids
pos_11595,"9,10-DHOME",HMDB0004704,125356-86-7,Organic compounds,Lipids and lipid-like molecules,Fatty Acyls,Fatty acids and conjugates
pos_11597,isopropyl unoprostone,HMDB0253677,--,Organic compounds,Lipids and lipid-like molecules,Fatty Acyls,Eicosanoids
pos_11620,"Androstan-3alpha,17beta-diol",HMDB0060437,--,Organic compounds,Organic nitrogen compounds,Organonitrogen compounds,Nitrogen mustard compounds
pos_11639,3-Phenylpropyl hexanoate,HMDB0036390,6281-40-9,Organic compounds,Lipids and lipid-like molecules,Fatty Acyls,Fatty acid esters
pos_11641,"17alpha,20alpha-Dihydroxypregn-4-en-3-one",HMDB0011653,652-69-7,Organic compounds,Lipids and lipid-like molecules,Steroids and steroid derivatives,Pregnane steroids
pos_11652,Madlongiside C,HMDB0037904,67258-70-2,Organic compounds,Lipids and lipid-like molecules,Prenol lipids,Triterpenoids
pos_11654,Hexyl glucoside,HMDB0031688,59080-45-4,Organic compounds,Lipids and lipid-like molecules,Fatty Acyls,Fatty acyl glycosides
pos_11656,Pentoxifylline,HMDB0014944,6493/5/6,Organic compounds,Organoheterocyclic compounds,Imidazopyrimidines,Purines and purine derivatives
pos_11657,4-Oxoretinol,HMDB0012329,62702-55-0,Organic compounds,Lipids and lipid-like molecules,Prenol lipids,Retinoids
pos_11658,Macrophorin A,HMDB0030454,85754-70-7,Organic compounds,Organic oxygen compounds,Organooxygen compounds,Carbonyl compounds
pos_11659,N-alpha-Acetyl-L-lysine,HMDB0000446,1946-82-3,Organic compounds,Organic acids and derivatives,Carboxylic acids and derivatives,"Amino acids, peptides, and analogues"
pos_11675,Glycylserylprolylmethionylphenylalanylvalinamide,HMDB0033242,115525-98-9,Organic compounds,Organic acids and derivatives,Carboxylic acids and derivatives,"Amino acids, peptides, and analogues"
pos_11680,"PC(15:0/22:4(7Z,10Z,13Z,16Z))",HMDB0007955,--,Organic compounds,Lipids and lipid-like molecules,Glycerophospholipids,Glycerophosphocholines
pos_11686,2-Ethoxyethyl acetate,HMDB0245111,--,Organic compounds,Organic acids and derivatives,Carboxylic acids and derivatives,Carboxylic acid derivatives
pos_11689,Stigmasterol,HMDB0000937,83-48-7,Organic compounds,Lipids and lipid-like molecules,Steroids and steroid derivatives,Stigmastanes and derivatives
pos_11690,sphingosylphosphorylcholine,HMDB0258420,--,Organic compounds,Lipids and lipid-like molecules,Sphingolipids,Phosphosphingolipids
pos_11699,"DG(12:0/22:6(5Z,8E,10Z,13Z,15E,19Z)-2OH(7S, 17S)/0:0)",HMDB0294749,--,--,--,--,--
pos_11711,Butyl hexanoate,HMDB0040211,626-82-4,Organic compounds,Lipids and lipid-like molecules,Fatty Acyls,Fatty acid esters
pos_11714,Dimethylbenzyl carbinyl hexanoate,HMDB0032228,891781-90-1,Organic compounds,Benzenoids,Benzene and substituted derivatives,Phenylpropanes
pos_11715,Exaltolide,HMDB0034455,106-02-5,Organic compounds,Phenylpropanoids and polyketides,Macrolides and analogues,--
pos_11719,Rumenic acid,HMDB0003797,2540-56-9,Organic compounds,Lipids and lipid-like molecules,Fatty Acyls,Lineolic acids and derivatives
pos_11728,3beta-Hydroxypregn-5-en-20-one sulfate,HMDB0060382,--,Organic compounds,Lipids and lipid-like molecules,Steroids and steroid derivatives,Sulfated steroids
pos_11729,L-Palmitoylcarnitine,HMDB0240774,--,Organic compounds,Lipids and lipid-like molecules,Fatty Acyls,Fatty acid esters
pos_11737,Lysyl-Threonine,HMDB0028961,97791-84-9,Organic compounds,Organic acids and derivatives,Carboxylic acids and derivatives,"Amino acids, peptides, and analogues"
pos_11767,Falcarindione,HMDB0033680,65892-84-4,Organic compounds,Organic oxygen compounds,Organooxygen compounds,Carbonyl compounds
pos_11776,"PC(PGJ2/DiMe(13,5))",HMDB0289146,--,--,--,--,--
pos_11792,"PS(14:1(9Z)/18:4(6Z,9Z,12Z,15Z))",HMDB0112309,--,Organic compounds,Lipids and lipid-like molecules,Glycerophospholipids,Glycerophosphoserines
pos_11812,Cimicifugoside,HMDB0250252,--,Organic compounds,Lipids and lipid-like molecules,Steroids and steroid derivatives,Cycloartanols and derivatives
pos_11824,Momordin IIa,HMDB0041019,95851-50-6,Organic compounds,Lipids and lipid-like molecules,Prenol lipids,Terpene glycosides
pos_11844,"2-(4,4-Difluoro-1-piperidinyl)-6-methoxy-N-[1-(1-methylethyl)-4-piperidinyl]-7-[3-(1-pyrrolidinyl)propoxy]-4-quinazolinamine",HMDB0259403,--,Organic compounds,Organoheterocyclic compounds,Diazanaphthalenes,Benzodiazines
pos_11857,Tfllr-NH2,HMDB0258946,--,Organic compounds,Organic acids and derivatives,Carboxylic acids and derivatives,"Amino acids, peptides, and analogues"
pos_1187,N-Stearoyl Valine,HMDB0241952,--,Organic compounds,Organic acids and derivatives,Carboxylic acids and derivatives,"Amino acids, peptides, and analogues"
pos_11871,Arginylglycine,HMDB0028709,2418-67-9,Organic compounds,Organic acids and derivatives,Carboxylic acids and derivatives,"Amino acids, peptides, and analogues"
pos_1188,"2,3-Dihydro-5-(5-methyl-2-furanyl)-1H-pyrrolizine",HMDB0040012,--,Organic compounds,Organoheterocyclic compounds,Pyrrolizines,--
pos_11892,2-Amino-3-methyl-1-butanol,HMDB0244984,--,Organic compounds,Organic nitrogen compounds,Organonitrogen compounds,Amines
pos_11897,sn-Glycero-3-phosphocholine,HMDB0000086,28319-77-9,Organic compounds,Lipids and lipid-like molecules,Glycerophospholipids,Glycerophosphocholines
pos_11917,(2R)-N-[(2S)-1-[[(2S)-5-(Diaminomethylideneamino)-1-(heptylamino)-1-oxopentan-2-yl]amino]-1-oxo-3-phenylpropan-2-yl]pyrrolidine-2-carboxamide,HMDB0247398,--,Organic compounds,Organic acids and derivatives,Carboxylic acids and derivatives,"Amino acids, peptides, and analogues"
pos_11932,"all-trans-13,14-Dihydroretinol",HMDB0011618,115797-14-3,Organic compounds,Lipids and lipid-like molecules,Prenol lipids,Retinoids
pos_11933,Leukotriene E4,HMDB0002200,75715-89-8,Organic compounds,Lipids and lipid-like molecules,Fatty Acyls,Eicosanoids
pos_11950,1-O-Hexadecyl-sn-glycero-3-phosphocholine,HMDB0243890,--,Organic compounds,Lipids and lipid-like molecules,Glycerophospholipids,Glycerophosphocholines
pos_11956,"3,5-Pyridinedicarboxylic acid, 1,4-dihydro-2,4,6-trimethyl-, diethyl ester",HMDB0247156,--,Organic compounds,Organoheterocyclic compounds,Pyridines and derivatives,Hydropyridines
pos_11969,"PE(DiMe(13,5)/DiMe(13,5))",HMDB0061491,--,Organic compounds,Lipids and lipid-like molecules,Glycerophospholipids,Glycerophosphoethanolamines
pos_11975,1-Naphthylmethanol,HMDB0060322,--,Organic compounds,Benzenoids,Naphthalenes,--
pos_11985,Pregeijerene,HMDB0036759,--,Organic compounds,Hydrocarbons,Unsaturated hydrocarbons,Branched unsaturated hydrocarbons
pos_11986,"7-Ethyl-5,6-dihydro-1,4-dimethylazulene",HMDB0035759,18454-89-2,Organic compounds,Hydrocarbons,Unsaturated hydrocarbons,Branched unsaturated hydrocarbons
pos_11988,"11,12,13-Trinor-1,3,5-bisabolatrien-10-oic acid",HMDB0039643,--,Organic compounds,Lipids and lipid-like molecules,Prenol lipids,Monoterpenoids
pos_11989,Cinnamyl butyrate,HMDB0041316,103-61-7,Organic compounds,Benzenoids,Benzene and substituted derivatives,Styrenes
pos_1199,Hv-NCC-1,HMDB0039005,135972-64-4,Organic compounds,Organoheterocyclic compounds,Tetrapyrroles and derivatives,--
pos_11990,"2-((4,5-Dihydro-1H-imidazol-2-yl)methyl)-2,3-dihydro-1-methyl-1H-isoindole",HMDB0249390,--,Organic compounds,Organoheterocyclic compounds,Isoindoles and derivatives,Isoindoles
pos_11991,(R)-ar-Turmerone,HMDB0035612,532-65-0,Organic compounds,Lipids and lipid-like molecules,Prenol lipids,Sesquiterpenoids
pos_11992,Eremopetasidione,HMDB0040778,163135-94-2,Organic compounds,Lipids and lipid-like molecules,Prenol lipids,Sesquiterpenoids
pos_11993,Germacrenone,HMDB0035887,99957-12-7,Organic compounds,Lipids and lipid-like molecules,Prenol lipids,Sesquiterpenoids
pos_11995,Octadecatrienoic acid,HMDB0255900,--,Organic compounds,Lipids and lipid-like molecules,Fatty Acyls,Lineolic acids and derivatives
pos_11996,alpha-Amylcinnamyl acetate,HMDB0036207,7493-78-9,Organic compounds,Benzenoids,Benzene and substituted derivatives,--
pos_12009,LysoPC(P-16:0/0:0),HMDB0010407,--,Organic compounds,Lipids and lipid-like molecules,Glycerophospholipids,Glycerophosphocholines
pos_12012,Ginsenoside Rh2,HMDB0039544,78214-33-2,Organic compounds,Lipids and lipid-like molecules,Prenol lipids,Triterpenoids
pos_12015,"Penta-1,3-diene",HMDB0256243,--,Organic compounds,Hydrocarbons,Unsaturated hydrocarbons,Olefins
pos_12019,SM(d19:1/LTE4),HMDB0290677,--,--,--,--,--
pos_12025,"exo-5,6-Dimethylbicyclo[2.2.1]hept-5-en-2-ol",HMDB0036091,--,Organic compounds,Organic oxygen compounds,Organooxygen compounds,Alcohols and polyols
pos_12028,"(8R,9S,10S,13S,14S,17R)-17-Ethyl-3,17-dihydroxy-10,13-dimethyl-3,4,5,6,7,8,9,11,12,14,15,16-dodecahydro-1H-cyclopenta[a]phenanthren-2-one",HMDB0257629,--,Organic compounds,Lipids and lipid-like molecules,Steroids and steroid derivatives,Pregnane steroids
pos_12029,5alpha-Pregnan-20alpha-ol-3-one,HMDB0060408,--,Organic compounds,Lipids and lipid-like molecules,Steroids and steroid derivatives,Pregnane steroids
pos_12041,Pantetheine 4'-phosphate,HMDB0001416,2226-71-3,Organic compounds,Organic acids and derivatives,Carboxylic acids and derivatives,"Amino acids, peptides, and analogues"
pos_12059,Tanacetol A,HMDB0035722,86778-06-5,Organic compounds,Lipids and lipid-like molecules,Prenol lipids,Sesquiterpenoids
pos_12062,"CPA(18:2(9Z,12Z)/0:0)",HMDB0007007,--,Organic compounds,Lipids and lipid-like molecules,Fatty Acyls,Lineolic acids and derivatives
pos_12063,"LysoPE(0:0/22:2(13Z,16Z))",HMDB0011492,--,Organic compounds,Lipids and lipid-like molecules,Glycerophospholipids,Glycerophosphoethanolamines
pos_12097,"LysoPC(22:4(7Z,10Z,13Z,16Z)/0:0)",HMDB0010401,--,Organic compounds,Lipids and lipid-like molecules,Glycerophospholipids,Glycerophosphocholines
pos_12104,2-Methoxyestrone,HMDB0000010,362-08-3,Organic compounds,Lipids and lipid-like molecules,Steroids and steroid derivatives,Estrane steroids
pos_12116,5-Octadecynoic acid,HMDB0031097,676-30-2,Organic compounds,Lipids and lipid-like molecules,Fatty Acyls,Fatty acids and conjugates
pos_12150,"5-Hydroxy-p-mentha-6,8-dien-2-one",HMDB0037011,56423-48-4,Organic compounds,Lipids and lipid-like molecules,Prenol lipids,Monoterpenoids
pos_12151,"5-Phenyl-1,3-pentadiyne",HMDB0032948,41268-41-1,Organic compounds,Benzenoids,Benzene and substituted derivatives,--
pos_12154,alpha-Amylcinnamaldehyde,HMDB0031313,122-40-7,Organic compounds,Phenylpropanoids and polyketides,Cinnamaldehydes,--
pos_12156,alpha-Santalal,HMDB0036813,59331-83-8,Organic compounds,Lipids and lipid-like molecules,Prenol lipids,Sesquiterpenoids
pos_12157,Arginyl-Serine,HMDB0028718,70921-62-9,Organic compounds,Organic acids and derivatives,Carboxylic acids and derivatives,"Amino acids, peptides, and analogues"
pos_12162,2-Methyltestosterone,HMDB0245239,--,Organic compounds,Lipids and lipid-like molecules,Steroids and steroid derivatives,Androstane steroids
pos_12169,"LysoPA(20:4(8Z,11Z,14Z,17Z)/0:0)",HMDB0114742,--,Organic compounds,Lipids and lipid-like molecules,Glycerophospholipids,Glycerophosphates
pos_12170,Phytyl diphosphate,HMDB0011116,--,Organic compounds,Lipids and lipid-like molecules,Prenol lipids,Diterpenoids
pos_12180,Estrone,HMDB0000145,53-16-7,Organic compounds,Lipids and lipid-like molecules,Steroids and steroid derivatives,Estrane steroids
pos_12189,Septacidin,HMDB0258241,--,Organic compounds,Organic acids and derivatives,Carboxylic acids and derivatives,"Amino acids, peptides, and analogues"
pos_12199,Dehydroepiandrosterone,HMDB0000077,53-43-0,Organic compounds,Lipids and lipid-like molecules,Steroids and steroid derivatives,Androstane steroids
pos_12201,Anandamide,HMDB0004080,94421-68-8,Organic compounds,Organic nitrogen compounds,Organonitrogen compounds,Amines
pos_12207,Linoleate,HMDB0000673,60-33-3,Organic compounds,Lipids and lipid-like molecules,Fatty Acyls,Lineolic acids and derivatives
pos_12209,"(3R,5S,6R,7R,8S,9S,10S,13R,14S,17R)-6-Ethyl-17-((R)-4-hydroxybutan-2-yl)-10,13-dimethylhexadecahydro-1H-cyclopenta[a]phenanthrene-3,7-diol",HMDB0248866,--,Organic compounds,Lipids and lipid-like molecules,Steroids and steroid derivatives,"Bile acids, alcohols and derivatives"
pos_12210,4alpha-Methylzymosterol,HMDB0001217,7448/3/5,Organic compounds,Lipids and lipid-like molecules,Steroids and steroid derivatives,Cholestane steroids
pos_12211,Trenbolone acetate,HMDB0259120,--,Organic compounds,Organoheterocyclic compounds,Pyrrolidines,N-alkylpyrrolidines
pos_12228,"4alpha-Carboxy-5alpha-cholesta-8,24-dien-3beta-ol",HMDB0062385,--,Organic compounds,Lipids and lipid-like molecules,Steroids and steroid derivatives,Cholestane steroids
pos_12239,Benzyloxycarbonyl-Val-Ala-Asp(OMe)-fluoromethylketone,HMDB0244824,--,Organic compounds,Organoheterocyclic compounds,Azaspirodecane derivatives,--
pos_12253,"(6E,8E)-4,6,8-Megastigmatriene",HMDB0035180,51468-86-1,Organic compounds,Hydrocarbons,Unsaturated hydrocarbons,Branched unsaturated hydrocarbons
pos_12270,LysoPC(17:0/0:0),HMDB0012108,50930-23-9,Organic compounds,Lipids and lipid-like molecules,Glycerophospholipids,Glycerophosphocholines
pos_12281,True blue,HMDB0259305,--,Organic compounds,Organoheterocyclic compounds,Benzofurans,--
pos_12283,35S-Methylokadaic acid 7-hexadecanoate,HMDB0030443,--,Organic compounds,Lipids and lipid-like molecules,Fatty Acyls,Fatty acid esters
pos_12289,3beta-Hydroxy-5-cholestenoate,HMDB0012453,56845-87-5,Organic compounds,Lipids and lipid-like molecules,Steroids and steroid derivatives,"Bile acids, alcohols and derivatives"
pos_12292,"LysoPC(20:2(11Z,14Z))",HMDB0010392,--,Organic compounds,Lipids and lipid-like molecules,Glycerophospholipids,Glycerophosphocholines
pos_12308,"7,8-Dehydroastaxanthianthin",HMDB0036872,19866-02-5,Organic compounds,Lipids and lipid-like molecules,Prenol lipids,Triterpenoids
pos_12310,DG(6 keto-PGF1alpha/15:0/0:0),HMDB0295248,--,--,--,--,--
pos_12317,Arachidonate,HMDB0001043,506-32-1,Organic compounds,Lipids and lipid-like molecules,Fatty Acyls,Fatty acids and conjugates
pos_12328,Pinolenic Acid,HMDB0256562,--,Organic compounds,Lipids and lipid-like molecules,Fatty Acyls,Lineolic acids and derivatives
pos_12331,1-(5-Phospho-D-ribosyl)-5-amino-4-imidazolecarboxylate,HMDB0006273,6001-14-5,Organic compounds,Organic oxygen compounds,Organooxygen compounds,Carbohydrates and carbohydrate conjugates
pos_12332,Deoxyuridine,HMDB0000012,951-78-0,Organic compounds,"Nucleosides, nucleotides, and analogues",Pyrimidine nucleosides,Pyrimidine 2'-deoxyribonucleosides
pos_12354,"2,3-Hexanedione",HMDB0031491,3848-24-6,Organic compounds,Organic oxygen compounds,Organooxygen compounds,Carbonyl compounds
pos_12355,N-Nitrosodimethylamine,HMDB0031419,62-75-9,Organic compounds,Organic nitrogen compounds,Organonitrogen compounds,Organic nitroso compounds
pos_12356,Taribavirin,HMDB0258728,--,Organic compounds,"Nucleosides, nucleotides, and analogues",Triazole ribonucleosides and ribonucleotides,--
pos_12359,"8,9-EET",HMDB0002232,81246-85-7,Organic compounds,Lipids and lipid-like molecules,Fatty Acyls,Fatty acids and conjugates
pos_12364,N-Methylserotonin,HMDB0004369,1134-01-6,Organic compounds,Organoheterocyclic compounds,Indoles and derivatives,Tryptamines and derivatives
pos_12365,"(ent-2b,4S,9a)-2,4,9-Trihydroxy-10(14)-oplopen-3-one 2-(2-methylbutanoate) 9-(3-methyl-2E-pentenoate)",HMDB0040993,80489-86-7,Organic compounds,Lipids and lipid-like molecules,Prenol lipids,Sesquiterpenoids
pos_12379,Ethyl furoate,HMDB0059862,--,Organic compounds,Organoheterocyclic compounds,Furans,Furoic acid and derivatives
pos_12407,Hexadecasphingosine,HMDB0242181,--,Organic compounds,Organic nitrogen compounds,Organonitrogen compounds,Amines
pos_12410,Isocarbacyclin,HMDB0253615,--,Organic compounds,Lipids and lipid-like molecules,Prenol lipids,Monoterpenoids
pos_12428,"10-(2,3-Dihydroxypropoxy)-10-oxodecanoic acid",HMDB0257660,--,Organic compounds,Lipids and lipid-like molecules,Fatty Acyls,Fatty acids and conjugates
pos_12463,Dopamine quinone,HMDB0012219,50673-96-6,Organic compounds,Organic oxygen compounds,Organooxygen compounds,Carbonyl compounds
pos_12464,"3,4-Dihydroxybenzaldehyde",HMDB0059965,139-85-5,Organic compounds,Organic oxygen compounds,Organooxygen compounds,Carbonyl compounds
pos_12465,Phthalic acid,HMDB0002107,88-99-3,Organic compounds,Benzenoids,Benzene and substituted derivatives,Benzoic acids and derivatives
pos_12467,Anofinic acid,HMDB0033303,34818-56-9,Organic compounds,Organoheterocyclic compounds,Benzopyrans,1-benzopyrans
pos_12472,5-O-a-L-Arabinofuranosyl-L-arabinose,HMDB0038880,--,Organic compounds,Organic oxygen compounds,Organooxygen compounds,Carbohydrates and carbohydrate conjugates
pos_12473,"2-(1,2,3,4-Tetrahydroxybutyl)thiazolidine-4-carboxylic acid",HMDB0244783,--,Organic compounds,Organic acids and derivatives,Carboxylic acids and derivatives,"Amino acids, peptides, and analogues"
pos_12474,Phthalic acid Mono-2-ethylhexyl Ester,HMDB0013248,4376-20-9,Organic compounds,Benzenoids,Benzene and substituted derivatives,Benzoic acids and derivatives
pos_12491,Leukotriene F4,HMDB0006465,--,Organic compounds,Lipids and lipid-like molecules,Fatty Acyls,Eicosanoids
pos_12506,PIP(6 keto-PGF1alpha/18:0),HMDB0278756,--,--,--,--,--
pos_12507,Dulcin,HMDB0040616,160955-43-1,Organic compounds,Lipids and lipid-like molecules,Prenol lipids,Terpene glycosides
pos_12508,5-Phenyl-1-pentanol,HMDB0031624,10521-91-2,Organic compounds,Lipids and lipid-like molecules,Fatty Acyls,Fatty alcohols
pos_12510,"(6Z,9Z,12Z)-Octadecatrienoic acid",HMDB0003073,506-26-3,Organic compounds,Lipids and lipid-like molecules,Fatty Acyls,Lineolic acids and derivatives
pos_12511,Thymidine,HMDB0000273,50-89-5,Organic compounds,"Nucleosides, nucleotides, and analogues",Pyrimidine nucleosides,Pyrimidine 2'-deoxyribonucleosides
pos_12512,18-Hydroxyoctadecadienoic acid,HMDB0244806,--,Organic compounds,Lipids and lipid-like molecules,Fatty Acyls,Lineolic acids and derivatives
pos_12516,BENSULFURON-METHYL,HMDB0248961,--,Organic compounds,Benzenoids,Benzene and substituted derivatives,Benzoic acids and derivatives
pos_12526,"3alpha,21-Dihydroxy-5beta-pregnane-11,20-dione",HMDB0006755,566-03-0,Organic compounds,Lipids and lipid-like molecules,Steroids and steroid derivatives,Hydroxysteroids
pos_12536,3-propyl acrolein,HMDB0253154,--,Organic compounds,Organic oxygen compounds,Organooxygen compounds,Carbonyl compounds
pos_12538,"1,3-Diisopropylbenzene",HMDB0013806,99-62-7,Organic compounds,Benzenoids,Benzene and substituted derivatives,Cumenes
pos_12555,"1,3-Dithiane",HMDB0031473,505-23-7,Organic compounds,Organoheterocyclic compounds,Dithianes,--
pos_12564,Picrocrocin,HMDB0005796,138-55-6,Organic compounds,Organic oxygen compounds,Organooxygen compounds,Carbohydrates and carbohydrate conjugates
pos_12565,Granisetron,HMDB0015026,109889-09-0,Organic compounds,Organoheterocyclic compounds,Benzopyrazoles,Indazoles
pos_12595,Tetracosapentenoic acid,HMDB0258880,--,Organic compounds,Lipids and lipid-like molecules,Fatty Acyls,Fatty acids and conjugates
pos_12597,Bamethan,HMDB0248857,--,Organic compounds,Benzenoids,Phenols,1-hydroxy-2-unsubstituted benzenoids
pos_12598,Aminoglutethimide,HMDB0014501,125-84-8,Organic compounds,Benzenoids,Benzene and substituted derivatives,Aniline and substituted anilines
pos_12608,Elamipretide,HMDB0251733,--,Organic compounds,Organic acids and derivatives,Carboxylic acids and derivatives,"Amino acids, peptides, and analogues"
pos_12623,"(Z)-5-[(2R,3S,4S)-4-Hydroxy-2-[(E)-3-hydroxyoct-1-enyl]oxan-3-yl]pent-3-enoic acid",HMDB0244345,--,Organic compounds,Organic acids and derivatives,Hydroxy acids and derivatives,Medium-chain hydroxy acids and derivatives
pos_12644,Tetracosanoic acid,HMDB0002003,557-59-5,Organic compounds,Lipids and lipid-like molecules,Fatty Acyls,Fatty acids and conjugates
pos_12681,2-hexadecenal,HMDB0060482,--,Organic compounds,Lipids and lipid-like molecules,Fatty Acyls,Fatty aldehydes
pos_1269,Methyl prednisolonate,HMDB0254608,--,Organic compounds,Lipids and lipid-like molecules,Steroids and steroid derivatives,Pregnane steroids
pos_12693,Threoninyl-Gamma-glutamate,HMDB0029075,--,Organic compounds,Organic acids and derivatives,Carboxylic acids and derivatives,"Amino acids, peptides, and analogues"
pos_12695,"5-(14-Nonadecenyl)-1,3-benzenediol",HMDB0031677,187523-39-3,Organic compounds,Benzenoids,Phenols,Benzenediols
pos_12718,5-Methylcytidine,HMDB0000982,2140-61-6,Organic compounds,"Nucleosides, nucleotides, and analogues",Pyrimidine nucleosides,--
pos_12720,Abscisate,HMDB0029382,639-46-3,Organic compounds,Lipids and lipid-like molecules,Prenol lipids,Sesquiterpenoids
pos_12722,2-Deoxycastasterone,HMDB0034423,87734-68-7,Organic compounds,Lipids and lipid-like molecules,Steroids and steroid derivatives,"Bile acids, alcohols and derivatives"
pos_12737,1-Octadecanoyl-sn-glycero-3-phosphoethanolamine,HMDB0011130,69747-55-3,Organic compounds,Lipids and lipid-like molecules,Glycerophospholipids,Glycerophosphoethanolamines
pos_12750,4-Tert-butyl-N-methyl-N-phenylbenzamide,HMDB0246583,--,Organic compounds,Benzenoids,Benzene and substituted derivatives,Anilides
pos_12769,"N,N,N-Trimethylethenaminium",HMDB0059961,--,Organic compounds,Organic nitrogen compounds,Organonitrogen compounds,Quaternary ammonium salts
pos_1277,"SM(d16:2(4E,8Z)/TXB2)",HMDB0290315,--,--,--,--,--
pos_1278,"PC(P-16:0/20:4(8Z,11Z,14Z,17Z)-2OH(5S,6R))",HMDB0289499,--,--,--,--,--
pos_12783,Phytocassane E,HMDB0031773,181524-78-7,Organic compounds,Lipids and lipid-like molecules,Prenol lipids,Diterpenoids
pos_12787,Ritonavir,HMDB0014646,155213-67-5,Organic compounds,Organic acids and derivatives,Carboxylic acids and derivatives,"Amino acids, peptides, and analogues"
pos_1279,"PG(a-21:0/22:6(4Z,7Z,10Z,13E,15E,19Z)-OH(17))",HMDB0270923,--,--,--,--,--
pos_12797,Diterpene alkaloid,HMDB0251489,--,Organic compounds,Lipids and lipid-like molecules,Prenol lipids,Diterpenoids
pos_1280,"PC(20:3(8Z,11Z,14Z)/20:4(5Z,8Z,11Z,14Z)-OH(20))",HMDB0287351,--,--,--,--,--
pos_12810,LysoPC(20:0/0:0),HMDB0010390,108341-80-6,Organic compounds,Lipids and lipid-like molecules,Glycerophospholipids,Glycerophosphocholines
pos_12813,Antibiotic X 14889A,HMDB0033336,97671-96-0,Organic compounds,Lipids and lipid-like molecules,Prenol lipids,Sesterterpenoids
pos_12833,"1-Phenyl-1,3-octadecanedione",HMDB0035583,--,Organic compounds,Organic oxygen compounds,Organooxygen compounds,Carbonyl compounds
pos_12845,Coroloside,HMDB0033703,57361-71-4,Organic compounds,Lipids and lipid-like molecules,Glycerolipids,Triradylcglycerols
pos_12850,Coenzyme Q1,HMDB0002012,727-81-1,Organic compounds,Lipids and lipid-like molecules,Prenol lipids,Quinone and hydroquinone lipids
pos_12869,Urate-3-ribonucleoside,HMDB0029920,2124-54-1,Organic compounds,Organoheterocyclic compounds,Imidazopyrimidines,Purines and purine derivatives
pos_12870,"2-Hydroxy-6-(8,11,14-pentadecatrienyl)benzoic acid",HMDB0031059,103904-73-0,Organic compounds,Benzenoids,Benzene and substituted derivatives,Benzoic acids and derivatives
pos_12874,Prostaglandin B2,HMDB0004236,13367-85-6,Organic compounds,Lipids and lipid-like molecules,Fatty Acyls,Eicosanoids
pos_12900,Eicosapentaenoic Acid ethyl ester,HMDB0249402,--,Organic compounds,Lipids and lipid-like molecules,Fatty Acyls,Fatty acid esters
pos_12906,Protoporphyrinogen IX,HMDB0001097,7412-77-3,Organic compounds,Organoheterocyclic compounds,Tetrapyrroles and derivatives,Porphyrins
pos_12913,1-Hydroxy-1-phenyl-3-hexadecanone,HMDB0035676,--,Organic compounds,Lipids and lipid-like molecules,Fatty Acyls,Fatty alcohols
pos_12930,"3,4-Dimethylcyclohexanol",HMDB0061912,--,Organic compounds,Organic oxygen compounds,Organooxygen compounds,Alcohols and polyols
pos_12933,5beta-Cyprinolsulfate,HMDB0006888,--,Organic compounds,Lipids and lipid-like molecules,Steroids and steroid derivatives,"Bile acids, alcohols and derivatives"
pos_12950,EPIISOPILOTURINE,HMDB0251850,--,Organic compounds,Organoheterocyclic compounds,Azoles,Imidazoles
pos_12953,Thromboxane,HMDB0003208,66719-58-2,Organic compounds,Lipids and lipid-like molecules,Fatty Acyls,Eicosanoids
pos_12956,CPA(18:0/0:0),HMDB0007004,--,Organic compounds,Lipids and lipid-like molecules,Glycerophospholipids,Glycerophosphates
pos_12980,Nicotine,HMDB0001934,1954/11/5,Organic compounds,Organoheterocyclic compounds,Pyridines and derivatives,Pyrrolidinylpyridines
pos_12987,Decursin,HMDB0250923,--,Organic compounds,Phenylpropanoids and polyketides,Coumarins and derivatives,Pyranocoumarins
pos_12993,"24,25-Dihydroxyvitamin D",HMDB0000430,40013-87-4,Organic compounds,Lipids and lipid-like molecules,Steroids and steroid derivatives,Vitamin D and derivatives
pos_13030,Digoxin,HMDB0001917,20830-75-5,Organic compounds,Lipids and lipid-like molecules,Steroids and steroid derivatives,Steroid lactones
pos_13034,"PE(15:0/22:2(13Z,16Z))",HMDB0008909,--,Organic compounds,Lipids and lipid-like molecules,Glycerophospholipids,Glycerophosphoethanolamines
pos_13041,PE-NMe(20:1(11Z)/18:0),HMDB0113313,--,Organic compounds,Lipids and lipid-like molecules,Glycerophospholipids,Glycerophosphoethanolamines
pos_13047,3-Ureidopropionate,HMDB0000026,462-88-4,Organic compounds,Organic acids and derivatives,Organic carbonic acids and derivatives,Ureas
pos_13056,D-Phe-Gln-Trp-Ala-Val-Gly-His-Sta-Leu-NH2,HMDB0249981,--,Organic compounds,Organic acids and derivatives,Peptidomimetics,Hybrid peptides
pos_13058,Levonorgestrel acetate,HMDB0254058,--,Organic compounds,Lipids and lipid-like molecules,Steroids and steroid derivatives,Steroid esters
pos_13074,Geraniol,HMDB0005812,106-25-2,Organic compounds,Lipids and lipid-like molecules,Prenol lipids,Monoterpenoids
pos_13086,Hebevinoside II,HMDB0035727,89456-98-4,Organic compounds,Phenylpropanoids and polyketides,Flavonoids,Flavonoid glycosides
pos_1310,o-Cymene,HMDB0037050,527-84-4,Organic compounds,Benzenoids,Benzene and substituted derivatives,Cumenes
pos_13116,PC(0:0/18:0),HMDB0011128,4421-58-3,Organic compounds,Lipids and lipid-like molecules,Glycerophospholipids,Glycerophosphocholines
pos_13119,DG(a-25:0/LTE4/0:0),HMDB0298170,--,--,--,--,--
pos_13121,"(7b,10a)-3-Hydroxy-1,3,5-cadinatrien-9-one",HMDB0040981,155662-80-9,Organic compounds,Lipids and lipid-like molecules,Prenol lipids,Sesquiterpenoids
pos_13134,"3beta-Hydroxy-5,7-androstadien-17-one",HMDB0245889,--,Organic compounds,Lipids and lipid-like molecules,Steroids and steroid derivatives,Androstane steroids
pos_13140,beta-D-Glucosyloxydestruxin B,HMDB0040136,--,Organic compounds,Phenylpropanoids and polyketides,Flavonoids,Flavonoid glycosides
pos_13155,ADP,HMDB0001341,58-64-0,Organic compounds,"Nucleosides, nucleotides, and analogues",Purine nucleotides,Purine ribonucleotides
pos_13168,Kallidin,HMDB0253760,--,Organic compounds,Organic Polymers,Polypeptides,--
pos_13177,"(1R,4R,4'R,5S,5'S,6R,6'S,7R,9R,11R,12R,13S,14S)-12-[(3R,4S,6R)-4-(Dimethylamino)-3-hydroxy-6-methyloxan-2-yl]oxy-4-ethyl-5,5',6,11-tetrahydroxy-4'-methoxy-4',5,6',7,9,11,13-heptamethylspiro[3,15,17-trioxabicyclo[12.4.0]octadecane-16,2'-oxane]-2,8-dione",HMDB0242335,--,Organic compounds,Organic oxygen compounds,Organooxygen compounds,Carbohydrates and carbohydrate conjugates
pos_1320,Pimonidazole,HMDB0256554,--,Organic compounds,"Organic 1,3-dipolar compounds","Allyl-type 1,3-dipolar organic compounds",Organic nitro compounds
pos_13200,TRAP-6,HMDB0259111,--,Organic compounds,Organic acids and derivatives,Carboxylic acids and derivatives,"Amino acids, peptides, and analogues"
pos_13206,Rifabutin,HMDB0014753,72559-06-9,Organic compounds,Phenylpropanoids and polyketides,Macrolactams,--
pos_13210,20-Hydroxyecdysone,HMDB0030180,5289-74-7,Organic compounds,Lipids and lipid-like molecules,Steroids and steroid derivatives,"Bile acids, alcohols and derivatives"
pos_13236,6-Deoxodolichosterone,HMDB0034332,87833-55-4,Organic compounds,Lipids and lipid-like molecules,Steroids and steroid derivatives,"Bile acids, alcohols and derivatives"
pos_13247,Filipin II,HMDB0252258,--,Organic compounds,Phenylpropanoids and polyketides,Macrolides and analogues,--
pos_13256,6-beta-Naltrexol,HMDB0060784,--,Organic compounds,Benzenoids,Phenanthrenes and derivatives,--
pos_13274,FTY720,HMDB0252262,--,Organic compounds,Organic nitrogen compounds,Organonitrogen compounds,Amines
pos_13291,Dorsteniol,HMDB0032838,80794-85-0,Organic compounds,Phenylpropanoids and polyketides,Coumarins and derivatives,Furanocoumarins
pos_13292,Estradiol-17beta,HMDB0000151,50-28-2,Organic compounds,Lipids and lipid-like molecules,Steroids and steroid derivatives,Estrane steroids
pos_13297,Melleolide G,HMDB0038793,117258-75-0,Organic compounds,Lipids and lipid-like molecules,Prenol lipids,Sesquiterpenoids
pos_13314,Cholesterol,HMDB0000067,57-88-5,Organic compounds,Lipids and lipid-like molecules,Steroids and steroid derivatives,Cholestane steroids
pos_1332,Valyl-Asparagine,HMDB0029122,66170-00-1,Organic compounds,Organic acids and derivatives,Carboxylic acids and derivatives,"Amino acids, peptides, and analogues"
pos_13326,2-Hydroxynaphthaldehydebenzoylhydrazone,HMDB0244678,--,Organic compounds,Benzenoids,Naphthalenes,Naphthols and derivatives
pos_1334,7alpha-Hydroxycholest-4-en-3-one,HMDB0001993,3862-25-7,Organic compounds,Lipids and lipid-like molecules,Steroids and steroid derivatives,Cholestane steroids
pos_13353,Alanyl-Tyrosine,HMDB0304776,--,Organic compounds,Organic acids and derivatives,Carboxylic acids and derivatives,"Amino acids, peptides, and analogues"
pos_13363,Deoxycholylcitrulline,HMDB0242436,--,--,--,--,--
pos_13367,"1,3-Diacetoxy-4,6,12-tetradecatriene-8,10-diyne",HMDB0030922,29576-66-7,Organic compounds,Lipids and lipid-like molecules,Fatty Acyls,Fatty alcohol esters
pos_13369,Stearaldehyde,HMDB0002384,638-66-4,Organic compounds,Lipids and lipid-like molecules,Fatty Acyls,Fatty aldehydes
pos_13373,LysoPC(20:1(11Z)),HMDB0010391,--,Organic compounds,Lipids and lipid-like molecules,Glycerophospholipids,Glycerophosphocholines
pos_13395,"(1R,7S,13S,15S)-2,15-Dihydroxy-7-methyl-6-oxabicyclo[11.3.0]hexadeca-3,11-dien-5-one",HMDB0242339,--,Organic compounds,Phenylpropanoids and polyketides,Macrolides and analogues,--
pos_13415,3-Hydroxylidocaine,HMDB0060655,--,Organic compounds,Organic acids and derivatives,Carboxylic acids and derivatives,"Amino acids, peptides, and analogues"
pos_13429,"[(3S,4S,5S,6R)-3,4,5-Trihydroxy-6-(hydroxymethyl)oxan-2-yl] octadec-9-enoate",HMDB0260228,--,Organic compounds,Lipids and lipid-like molecules,Fatty Acyls,Fatty acyl glycosides
pos_1344,"1-(beta-Mercapto-beta,beta-cyclopentamethylenepropionic acid)-2-(O-ethyl-tyr)-4-val-arginine vasopressin",HMDB0250813,--,Organic compounds,Organic acids and derivatives,Carboxylic acids and derivatives,"Amino acids, peptides, and analogues"
pos_13442,Coniferyl alcohol,HMDB0012915,32811-40-8,Organic compounds,Benzenoids,Phenols,Methoxyphenols
pos_13443,"2,5-Furandicarboxylic acid",HMDB0004812,3238-40-2,Organic compounds,Organoheterocyclic compounds,Furans,Furoic acid and derivatives
pos_13444,1-Nitroheptane,HMDB0013811,693-39-0,Organic compounds,"Organic 1,3-dipolar compounds","Allyl-type 1,3-dipolar organic compounds",Organic nitro compounds
pos_13445,Acetyl citrate,HMDB0059808,--,Organic compounds,Organic acids and derivatives,Carboxylic acids and derivatives,Tetracarboxylic acids and derivatives
pos_13449,1-(beta-D-Glucopyranosyloxy)-3-octanone,HMDB0031315,194919-40-9,Organic compounds,Lipids and lipid-like molecules,Fatty Acyls,Fatty acyl glycosides
pos_13451,Acetyl tributyl citrate,HMDB0034159,77-90-7,Organic compounds,Organic acids and derivatives,Carboxylic acids and derivatives,Tetracarboxylic acids and derivatives
pos_13475,PA(8:0/PGE1),HMDB0266679,--,--,--,--,--
pos_13481,"PE(18:3(9Z,12Z,15Z)/24:0)",HMDB0009178,--,Organic compounds,Lipids and lipid-like molecules,Glycerophospholipids,Glycerophosphoethanolamines
pos_13484,5a-Androstan-3b-ol,HMDB0005830,1224-92-6,Organic compounds,Lipids and lipid-like molecules,Steroids and steroid derivatives,Androstane steroids
pos_13490,Testosterone glucuronide,HMDB0003193,1180-25-2,Organic compounds,Lipids and lipid-like molecules,Steroids and steroid derivatives,Steroidal glycosides
pos_13491,Sagopilone,HMDB0257445,--,Organic compounds,Phenylpropanoids and polyketides,Macrolides and analogues,--
pos_1351,Dicrocin,HMDB0002353,57710-64-2,Organic compounds,Lipids and lipid-like molecules,Prenol lipids,Diterpenoids
pos_13517,I-Urobilinogen,HMDB0001898,14684-37-8,Organic compounds,Organoheterocyclic compounds,Tetrapyrroles and derivatives,Bilirubins
pos_13533,3-Cyano-L-alanine,HMDB0060245,6232-19-5,Organic compounds,Organic acids and derivatives,Carboxylic acids and derivatives,"Amino acids, peptides, and analogues"
pos_13534,Germacrene D,HMDB0302240,--,Organic compounds,Lipids and lipid-like molecules,Prenol lipids,Sesquiterpenoids
pos_13537,Vitamin A,HMDB0000305,68-26-8,Organic compounds,Lipids and lipid-like molecules,Prenol lipids,Retinoids
pos_13544,Glycerol 2-phosphate,HMDB0002520,17181-54-3,Organic compounds,Lipids and lipid-like molecules,Glycerophospholipids,Glycerophosphates
pos_13566,1-Piperidinecarboxaldehyde,HMDB0031702,2591-86-8,Organic compounds,Organoheterocyclic compounds,Piperidines,--
pos_13567,"2,6-Nonadien-1-ol",HMDB0031262,7786-44-9,Organic compounds,Lipids and lipid-like molecules,Fatty Acyls,Fatty alcohols
pos_13569,"(3xi,5Z)-1,5-Octadien-3-ol",HMDB0030966,50306-18-8,Organic compounds,Lipids and lipid-like molecules,Fatty Acyls,Fatty alcohols
pos_13572,Perillyl alcohol,HMDB0003634,536-59-4,Organic compounds,Lipids and lipid-like molecules,Prenol lipids,Monoterpenoids
pos_13573,Nerol,HMDB0005812,106-25-2,Organic compounds,Lipids and lipid-like molecules,Prenol lipids,Monoterpenoids
pos_13574,Norbicycloekasantalal,HMDB0036719,37720-84-6,Organic compounds,Lipids and lipid-like molecules,Prenol lipids,Monoterpenoids
pos_13575,"(Z,Z)-3,6-Dodecadien-1-ol",HMDB0031102,29125-78-8,Organic compounds,Lipids and lipid-like molecules,Fatty Acyls,Fatty alcohols
pos_13579,Tricycloekasantal,HMDB0031194,16933-18-9,Organic compounds,Lipids and lipid-like molecules,Prenol lipids,Monoterpenoids
pos_13580,2-Methylcyclododecanone,HMDB0041404,16837-94-8,Organic compounds,Organic oxygen compounds,Organooxygen compounds,Carbonyl compounds
pos_13581,Homodihydrojasmone,HMDB0031181,4868-24-0,Organic compounds,Organic oxygen compounds,Organooxygen compounds,Carbonyl compounds
pos_13583,"3-Methyl-4-(2,6,6-trimethyl-2-cyclohexen-1-yl)-3-buten-2-one",HMDB0031738,127-51-5,Organic compounds,Lipids and lipid-like molecules,Prenol lipids,Sesquiterpenoids
pos_13584,"(Z)-1,3-Octadiene",HMDB0061897,--,Organic compounds,Hydrocarbons,Unsaturated hydrocarbons,Olefins
pos_13629,1-Methylcyclohexanol,HMDB0059693,--,Organic compounds,Organic oxygen compounds,Organooxygen compounds,Alcohols and polyols
pos_13634,Veliparib,HMDB0259777,--,Organic compounds,Organoheterocyclic compounds,Benzimidazoles,--
pos_13638,Phenylalanylleucine,HMDB0253025,--,Organic compounds,Organic acids and derivatives,Carboxylic acids and derivatives,"Amino acids, peptides, and analogues"
pos_13640,"6,7-Dimethoxy-2-(piperazin-1-yl)quinazolin-4-amine",HMDB0247128,--,Organic compounds,Organoheterocyclic compounds,Diazinanes,Piperazines
pos_13641,Pantetheine,HMDB0003426,496-65-1,Organic compounds,Organic acids and derivatives,Carboxylic acids and derivatives,"Amino acids, peptides, and analogues"
pos_13643,Histidylarginine,HMDB0028879,77369-21-2,Organic compounds,Organic acids and derivatives,Carboxylic acids and derivatives,"Amino acids, peptides, and analogues"
pos_1365,1-Ipomeanol,HMDB0030473,34435-70-6,Organic compounds,Organoheterocyclic compounds,Heteroaromatic compounds,--
pos_13650,Arlacel A,HMDB0248604,--,Organic compounds,Organoheterocyclic compounds,Furofurans,Isosorbides
pos_13656,delta-Tocotrienol,HMDB0030008,25612-59-3,Organic compounds,Lipids and lipid-like molecules,Prenol lipids,Quinone and hydroquinone lipids
pos_13657,Undecylprodigiosin,HMDB0259405,--,Organic compounds,Organoheterocyclic compounds,Pyrroles,Substituted pyrroles
pos_13658,Chenodeoxycholic acid sulfate,HMDB0002522,59132-31-9,Organic compounds,Lipids and lipid-like molecules,Steroids and steroid derivatives,"Bile acids, alcohols and derivatives"
pos_13696,"(3S,7E,9S)-9-Hydroxy-4,7-megastigmadien-3-one 9-glucoside",HMDB0036822,--,Organic compounds,Lipids and lipid-like molecules,Fatty Acyls,Fatty acyl glycosides
pos_13706,Brevetoxin 3,HMDB0249378,--,Organic compounds,Phenylpropanoids and polyketides,Brevetoxins and derivatives,--
pos_13708,PG(20:1(11Z)/LTE4),HMDB0269525,--,--,--,--,--
pos_13710,Asparagoside G,HMDB0030117,60267-27-8,Organic compounds,Lipids and lipid-like molecules,Steroids and steroid derivatives,Steroidal glycosides
pos_13712,3-Hydroxybutyl acetate,HMDB0245894,--,Organic compounds,Organic acids and derivatives,Carboxylic acids and derivatives,Carboxylic acid derivatives
pos_13718,Diplodiatoxin,HMDB0031471,41060-01-9,Organic compounds,Organic acids and derivatives,Keto acids and derivatives,Gamma-keto acids and derivatives
pos_13720,cis-15-Octadecenoic acid,HMDB0304765,--,Organic compounds,Lipids and lipid-like molecules,Fatty Acyls,Fatty acids and conjugates
pos_13724,Secalciferol,HMDB0060508,--,Organic compounds,Lipids and lipid-like molecules,Steroids and steroid derivatives,Vitamin D and derivatives
pos_13740,Farnesylcysteine,HMDB0011627,68000-92-0,Organic compounds,Lipids and lipid-like molecules,Prenol lipids,Sesquiterpenoids
pos_13746,Phosphoric acid,HMDB0001429,14265-44-2,Inorganic compounds,Homogeneous non-metal compounds,Non-metal oxoanionic compounds,Non-metal phosphates
pos_13747,THIARABINE,HMDB0258974,--,Organic compounds,"Nucleosides, nucleotides, and analogues",Nucleoside and nucleotide analogues,Thionucleosides
pos_13753,"DG(8:0/20:3(8Z,11Z,14Z)-2OH(5,6)/0:0)",HMDB0297147,--,--,--,--,--
pos_13765,9(10)-EpOME,HMDB0004701,--,Organic compounds,Lipids and lipid-like molecules,Fatty Acyls,Fatty acids and conjugates
pos_13774,"PA(20:5(5Z,8Z,11Z,14Z,17Z)/TXB2)",HMDB0265381,--,--,--,--,--
pos_13779,Lysyl-Glycine,HMDB0304784,--,Organic compounds,Organic acids and derivatives,Carboxylic acids and derivatives,"Amino acids, peptides, and analogues"
pos_13782,alpha-Terpineol,HMDB0004043,7785-53-7,Organic compounds,Lipids and lipid-like molecules,Prenol lipids,Monoterpenoids
pos_13788,Phylloquinone,HMDB0304722,--,Organic compounds,Lipids and lipid-like molecules,Glycerolipids,Triradylcglycerols
pos_13789,"LysoPA(0:0/18:2(9Z,12Z))",HMDB0007852,--,Organic compounds,Lipids and lipid-like molecules,Glycerophospholipids,Glycerophosphates
pos_13803,"15-Deoxy-Delta12,14-PGJ2",HMDB0005079,87893-55-8,Organic compounds,Lipids and lipid-like molecules,Fatty Acyls,Eicosanoids
pos_13808,PA(17:0/LTE4),HMDB0263507,--,--,--,--,--
pos_13822,Rifaximin,HMDB0015351,80621-81-4,Organic compounds,Phenylpropanoids and polyketides,Macrolactams,--
pos_13823,Pectenotoxin 7,HMDB0032711,--,Organic compounds,Phenylpropanoids and polyketides,Macrolides and analogues,Pectenotoxins and derivatives
pos_13825,Alpha-Linolenoyl ethanolamide,HMDB0013624,--,Organic compounds,Organic nitrogen compounds,Organonitrogen compounds,Amines
pos_13826,"1-(3,4-Dimethoxyphenyl)-1,2-ethanediol 2-O-b-D-glucoside",HMDB0034627,251913-30-1,Organic compounds,Organic oxygen compounds,Organooxygen compounds,Carbohydrates and carbohydrate conjugates
pos_13828,Neolinustatin,HMDB0038482,72229-42-6,Organic compounds,Organic oxygen compounds,Organooxygen compounds,Carbohydrates and carbohydrate conjugates
pos_13844,Cortisone,HMDB0002802,1953/6/5,Organic compounds,Lipids and lipid-like molecules,Steroids and steroid derivatives,Hydroxysteroids
pos_13866,(S)-Nerolidol 3-O-[a-L-Rhamnopyranosyl-(1->4)-a-L-rhamnopyranosyl-(1->2)-b-D-glucopyranoside],HMDB0040845,--,Organic compounds,Organic oxygen compounds,Organooxygen compounds,Carbohydrates and carbohydrate conjugates
pos_13873,Octadec-11-en-9-ynoic acid,HMDB0255892,--,Organic compounds,Lipids and lipid-like molecules,Fatty Acyls,Fatty acids and conjugates
pos_13874,Cornoside,HMDB0302801,--,Organic compounds,Organic oxygen compounds,Organooxygen compounds,Carbohydrates and carbohydrate conjugates
pos_13879,Withaferin A,HMDB0259897,--,Organic compounds,Lipids and lipid-like molecules,Steroids and steroid derivatives,Steroid lactones
pos_13896,Coixinden B,HMDB0040906,151466-74-9,Organic compounds,Benzenoids,Indenes and isoindenes,--
pos_13897,Isolinderenolide,HMDB0038104,139328-80-6,Organic compounds,Organoheterocyclic compounds,Tetrahydrofurans,--
pos_13900,Tyrosyl-alanyl-glycine,HMDB0253030,--,Organic compounds,Organic acids and derivatives,Carboxylic acids and derivatives,"Amino acids, peptides, and analogues"
pos_13910,Salidroside,HMDB0257463,--,Organic compounds,Organic oxygen compounds,Organooxygen compounds,Carbohydrates and carbohydrate conjugates
pos_13929,Felbamate,HMDB0015084,25451-15-4,Organic compounds,Benzenoids,Benzene and substituted derivatives,--
pos_13940,CDP-DG(PGF2alpha/a-21:0),HMDB0293082,--,--,--,--,--
pos_13941,2-Azaspiro[4.5]decan-3-one,HMDB0247166,--,Organic compounds,Organoheterocyclic compounds,Azaspirodecane derivatives,--
pos_13942,2-(Difluoromethyl)arginine,HMDB0247212,--,Organic compounds,Organic acids and derivatives,Carboxylic acids and derivatives,"Amino acids, peptides, and analogues"
pos_13943,Gabapentin,HMDB0005015,60142-96-3,Organic compounds,Organic acids and derivatives,Carboxylic acids and derivatives,"Amino acids, peptides, and analogues"
pos_13944,(-)-Jasmonic acid,HMDB0032797,59366-47-1,Organic compounds,Lipids and lipid-like molecules,Fatty Acyls,Lineolic acids and derivatives
pos_13947,Fexofenadine,HMDB0005030,83799-24-0,Organic compounds,Benzenoids,Benzene and substituted derivatives,Diphenylmethanes
pos_13950,Pisumoside B,HMDB0037125,333334-43-3,Organic compounds,Lipids and lipid-like molecules,Prenol lipids,Terpene glycosides
pos_13958,"2-([1,1'-Biphenyl]-2-yl)acetic acid",HMDB0244909,--,Organic compounds,Benzenoids,Benzene and substituted derivatives,Biphenyls and derivatives
pos_1396,Stearamide,HMDB0034146,124-26-5,Organic compounds,Organic acids and derivatives,Carboximidic acids and derivatives,Carboximidic acids
pos_13962,NNAL-N-glucuronide,HMDB0060498,--,Organic compounds,Organic oxygen compounds,Organooxygen compounds,Carbohydrates and carbohydrate conjugates
pos_13975,Descladinose roxithromycin,HMDB0060814,--,Organic compounds,Organic oxygen compounds,Organooxygen compounds,Carbohydrates and carbohydrate conjugates
pos_13981,Rifampicin,HMDB0257225,--,Organic compounds,Phenylpropanoids and polyketides,Macrolactams,--
pos_1399,Lanosterol,HMDB0001251,79-63-0,Organic compounds,Lipids and lipid-like molecules,Prenol lipids,Triterpenoids
pos_14015,8-hydroxymirtazapine,HMDB0060957,--,Organic compounds,Organoheterocyclic compounds,Piperazinoazepines,--
pos_14016,Prometryn,HMDB0256805,--,Organic compounds,Organoheterocyclic compounds,Triazines,"1,3,5-triazines"
pos_14020,1-[5-(Thiophen-2-ylmethoxy)-1H-indol-3-yl]propan-2-amine,HMDB0249491,--,Organic compounds,Organoheterocyclic compounds,Indoles and derivatives,Tryptamines and derivatives
pos_14049,"Cer(d20:1/20:5(7Z,9Z,11E,13E,17Z)-3OH(5,6,15))",HMDB0290132,--,--,--,--,--
pos_14062,3-Phenylpropyl formate,HMDB0034471,104-64-3,Organic compounds,Benzenoids,Benzene and substituted derivatives,--
pos_14064,8-Aminoguanosine,HMDB0247416,--,Organic compounds,"Nucleosides, nucleotides, and analogues",Purine nucleosides,--
pos_14067,alpha-Tocopherol,HMDB0001893,1959/2/9,Organic compounds,Lipids and lipid-like molecules,Prenol lipids,Quinone and hydroquinone lipids
pos_14086,7-Dehydrodesmosterol,HMDB0003896,1715-86-2,Organic compounds,Lipids and lipid-like molecules,Steroids and steroid derivatives,Cholestane steroids
pos_14105,Sclareol,HMDB0036827,515-03-7,Organic compounds,Lipids and lipid-like molecules,Prenol lipids,Diterpenoids
pos_14121,Demethylphylloquinol,HMDB0304329,--,Organic compounds,Lipids and lipid-like molecules,Prenol lipids,Diterpenoids
pos_14148,cis-3-Hexenyl phenylacetate,HMDB0038281,42436-07-7,Organic compounds,Benzenoids,Benzene and substituted derivatives,--
pos_14151,"(5Z,8Z,11Z,14Z,17Z)-Icosapentaenoic acid",HMDB0001999,10417-94-4,Organic compounds,Lipids and lipid-like molecules,Fatty Acyls,Fatty acids and conjugates
pos_14159,"DG(16:0/22:6(5Z,8E,10Z,13Z,15E,19Z)-2OH(7S, 17S)/0:0)",HMDB0295535,--,--,--,--,--
pos_14273,"7,8-Diaminononanoate",HMDB0304236,--,Organic compounds,Lipids and lipid-like molecules,Fatty Acyls,Fatty acids and conjugates
pos_14289,Palmitic amide,HMDB0012273,629-54-9,Organic compounds,Lipids and lipid-like molecules,Fatty Acyls,Fatty amides
pos_14304,"xi-2,3-Dihydro-3-methylfuran",HMDB0037788,--,Organic compounds,Organoheterocyclic compounds,Dihydrofurans,--
pos_14314,cis-3-Hexenyl hexanoate,HMDB0033378,31501-11-8,Organic compounds,Lipids and lipid-like molecules,Fatty Acyls,Fatty acid esters
pos_14316,5-Heptyltetrahydro-2-oxo-3-furancarboxylic acid,HMDB0030994,--,Organic compounds,Organoheterocyclic compounds,Lactones,Gamma butyrolactones
pos_14317,2-Carboxy-4-dodecanolide,HMDB0030987,--,Organic compounds,Organoheterocyclic compounds,Lactones,Gamma butyrolactones
pos_14322,6-Gingerol,HMDB0005783,58253-27-3,Organic compounds,Benzenoids,Phenols,Methoxyphenols
pos_14325,Docosahexaenoic acid,HMDB0002183,6217-54-5,Organic compounds,Lipids and lipid-like molecules,Fatty Acyls,Fatty acids and conjugates
pos_14327,"2,3-Dinor-6-keto-prostaglandin F1 a",HMDB0002277,--,Organic compounds,Lipids and lipid-like molecules,Fatty Acyls,Eicosanoids
pos_14329,"(5Z,9Z,12Z)-Octadeca-5,9,12-trienoylcarnitine",HMDB0241551,--,Organic compounds,Lipids and lipid-like molecules,Fatty Acyls,Fatty acid esters
pos_14338,PS(22:0/PGF1alpha),HMDB0282972,--,--,--,--,--
pos_14355,Eicosapentaenoyl Ethanolamide,HMDB0013649,109001-03-8,Organic compounds,Organic nitrogen compounds,Organonitrogen compounds,Amines
pos_1436,4-Hydroxy-D4-neuroprostane,HMDB0012777,--,Organic compounds,Lipids and lipid-like molecules,Fatty Acyls,Eicosanoids
pos_14376,16alpha-Hydroxyestrone,HMDB0000313,966-06-3,Organic compounds,Lipids and lipid-like molecules,Steroids and steroid derivatives,Estrane steroids
pos_14378,L-Histidine,HMDB0000177,71-00-1,Organic compounds,Organic acids and derivatives,Carboxylic acids and derivatives,"Amino acids, peptides, and analogues"
pos_14379,3-Methyl-3-butenyl apiosyl-(1->6)-glucoside,HMDB0031954,198832-72-3,Organic compounds,Lipids and lipid-like molecules,Fatty Acyls,Fatty acyl glycosides
pos_14390,"PE(18:3(6Z,9Z,12Z)/5-iso PGF2VI)",HMDB0261550,--,--,--,--,--
pos_14397,Alanyl-Leucine,HMDB0028691,3303-34-2,Organic compounds,Organic acids and derivatives,Carboxylic acids and derivatives,"Amino acids, peptides, and analogues"
pos_14401,Erucic acid,HMDB0002068,112-86-7,Organic compounds,Lipids and lipid-like molecules,Fatty Acyls,Fatty acids and conjugates
pos_14421,2-Oxothiazolidine-4-carboxylic acid,HMDB0245287,--,Organic compounds,Organic acids and derivatives,Carboxylic acids and derivatives,"Amino acids, peptides, and analogues"
pos_14427,(2-Acetyloxy-3-hydroxypropyl) (E)-octadec-9-enoate,HMDB0242459,--,Organic compounds,Lipids and lipid-like molecules,Glycerolipids,Diradylglycerols
pos_14429,4alpha-Methylzymosterol-4-carboxylate,HMDB0001181,--,Organic compounds,Lipids and lipid-like molecules,Prenol lipids,Triterpenoids
pos_14450,"2,4-Undecadiene-8,10-diynoic acid 2,3-dehydropiperidide",HMDB0033525,52704-38-8,Organic compounds,Organoheterocyclic compounds,Pyridines and derivatives,Hydropyridines
pos_14451,Palmitic acid,HMDB0000220,1957/10/3,Organic compounds,Lipids and lipid-like molecules,Fatty Acyls,Fatty acids and conjugates
pos_14456,"MG(20:4(6E,8Z,11Z,14Z)+=O(5)/0:0/0:0)",HMDB0260486,--,--,--,--,--
pos_14558,4-Hydroxy-6-methyl-3-(1-oxobutyl)-2H-pyran-2-one,HMDB0040637,22073-85-4,Organic compounds,Organic oxygen compounds,Organooxygen compounds,Carbonyl compounds
pos_14565,Basilimoside,HMDB0302040,--,Organic compounds,Lipids and lipid-like molecules,Steroids and steroid derivatives,Stigmastanes and derivatives
pos_14568,AS 1-1,HMDB0032794,--,Organic compounds,Lipids and lipid-like molecules,Sphingolipids,Glycosphingolipids
pos_14583,"1,2-Dihydro-1,1,6-trimethylnaphthalene",HMDB0040284,30364-38-6,Organic compounds,Benzenoids,Naphthalenes,--
pos_14586,"9-Hydroxymegastigma-4,6,7-trien-3-one",HMDB0303053,--,Organic compounds,Lipids and lipid-like molecules,Prenol lipids,Sesquiterpenoids
pos_14587,"(6R,8Z)-6-Hydroxy-3-oxotetradecenoic acid",HMDB0062363,--,Organic compounds,Lipids and lipid-like molecules,Fatty Acyls,Fatty acids and conjugates
pos_14590,Eicosatetraenoic acid,HMDB0251721,--,Organic compounds,Lipids and lipid-like molecules,Fatty Acyls,Fatty acids and conjugates
pos_14595,Cellobioside,HMDB0249793,--,Organic compounds,Organic oxygen compounds,Organooxygen compounds,Carbohydrates and carbohydrate conjugates
pos_14605,"1-(7Z,10Z,13Z,16Z-docosatetraenoyl)-glycero-3-phosphate",HMDB0062310,--,Organic compounds,Lipids and lipid-like molecules,Glycerophospholipids,Glycerophosphates
pos_14606,Sucrose laurate,HMDB0258550,--,Organic compounds,Lipids and lipid-like molecules,Fatty Acyls,Fatty acyl glycosides
pos_1462,Notoginsenoside R2,HMDB0035362,80418-25-3,Organic compounds,Lipids and lipid-like molecules,Prenol lipids,Triterpenoids
pos_14622,"PC(22:6(5Z,7Z,10Z,13Z,16Z,19Z)-OH(4)/P-16:0)",HMDB0289502,--,--,--,--,--
pos_14624,PC(P-18:0/PGJ2),HMDB0289561,--,--,--,--,--
pos_14625,"PC(18:3(9Z,12Z,15Z)/20:0)",HMDB0008208,--,Organic compounds,Lipids and lipid-like molecules,Glycerophospholipids,Glycerophosphocholines
pos_14628,"PC(20:3(5Z,8Z,11Z)/20:4(5Z,8Z,11Z,14Z)-OH(20))",HMDB0287247,--,--,--,--,--
pos_14630,PS(20:0/PGF1alpha),HMDB0282141,--,--,--,--,--
pos_14640,2-Phenylpropanal,HMDB0031626,93-53-8,Organic compounds,Benzenoids,Benzene and substituted derivatives,Phenylacetaldehydes
pos_14642,2-(4-Methylphenyl)propanal,HMDB0033382,99-72-9,Organic compounds,Lipids and lipid-like molecules,Prenol lipids,Monoterpenoids
pos_14645,5-Acetamidopentanoate,HMDB0012175,--,Organic compounds,Lipids and lipid-like molecules,Fatty Acyls,Fatty acids and conjugates
pos_14648,Benzaldehyde,HMDB0006115,100-52-7,Organic compounds,Benzenoids,Benzene and substituted derivatives,Benzoyl derivatives
pos_14649,(-)-Huperzine A (HupA),HMDB0242212,--,Organic compounds,Organoheterocyclic compounds,Quinolines and derivatives,Quinolones and derivatives
pos_14661,4-Hydroxy-3-methyl-2-(2-propynyl)-2-cyclopentene-1-one,HMDB0246651,--,Organic compounds,Organic oxygen compounds,Organooxygen compounds,Alcohols and polyols
pos_14663,L-Pipecolate,HMDB0000716,3105-95-1,Organic compounds,Organic acids and derivatives,Carboxylic acids and derivatives,"Amino acids, peptides, and analogues"
pos_14664,6-Oxocampestanol,HMDB0304234,--,Organic compounds,Lipids and lipid-like molecules,Steroids and steroid derivatives,Ergostane steroids
pos_14667,Telmisartan glucuronide,HMDB0258792,--,Organic compounds,Organic oxygen compounds,Organooxygen compounds,Carbohydrates and carbohydrate conjugates
pos_14673,Tacrolimus,HMDB0015002,104987-11-3,Organic compounds,Phenylpropanoids and polyketides,Macrolide lactams,--
pos_14682,Octahydro-2H-1-benzopyran-2-one,HMDB0037276,4430-31-3,Organic compounds,Organoheterocyclic compounds,Benzopyrans,--
pos_14683,Hexahydro-4-methylphthalic anhydride,HMDB0244846,--,Organic compounds,Organoheterocyclic compounds,Isobenzofurans,--
pos_14685,2-Hydroxyestradiol,HMDB0000338,362-05-0,Organic compounds,Lipids and lipid-like molecules,Steroids and steroid derivatives,Estrane steroids
pos_14686,2-cis-abscisate,HMDB0304067,--,Organic compounds,Lipids and lipid-like molecules,Prenol lipids,Sesquiterpenoids
pos_14687,Veranisatin A,HMDB0040663,153445-92-2,Organic compounds,Lipids and lipid-like molecules,Prenol lipids,Terpene lactones
pos_14693,Glycerol phenylbutyrate,HMDB0252844,--,Organic compounds,Lipids and lipid-like molecules,Glycerolipids,Triradylcglycerols
pos_14703,"PC(2:0/22:6(4Z,7Z,10Z,13E,15E,19Z)-OH(17))",HMDB0288884,--,--,--,--,--
pos_14721,Garcinia lactone dibutyl ester,HMDB0040462,--,Organic compounds,Organic acids and derivatives,Carboxylic acids and derivatives,Tricarboxylic acids and derivatives
pos_14724,1-Palmitoyl-sn-glycero-3-phosphocholine,HMDB0010382,17364-16-8,Organic compounds,Lipids and lipid-like molecules,Glycerophospholipids,Glycerophosphocholines
pos_14737,Gly-Pro-Gly-Arg-Ala-Phe,HMDB0252833,--,Organic compounds,Organic acids and derivatives,Carboxylic acids and derivatives,"Amino acids, peptides, and analogues"
pos_14746,"PG(a-13:0/22:6(4Z,7Z,11E,13Z,15E,19Z)-2OH(10S,17))",HMDB0270614,--,--,--,--,--
pos_14747,"PA(20:3(8Z,11Z,14Z)/PGJ2)",HMDB0265063,--,--,--,--,--
pos_14752,xi-5-Isopropyl-2(5H)-furanone,HMDB0041474,100019-33-8,Organic compounds,Organoheterocyclic compounds,Dihydrofurans,Furanones
pos_14753,5-Aminopentanoate,HMDB0003355,660-88-8,Organic compounds,Organic acids and derivatives,Carboxylic acids and derivatives,"Amino acids, peptides, and analogues"
pos_14758,2-Ethylidenehexanal,HMDB0037152,25409-08-9,Organic compounds,Organic oxygen compounds,Organooxygen compounds,Carbonyl compounds
pos_14759,"2,6-nonadienal",HMDB0033857,557-48-2,Organic compounds,Organic oxygen compounds,Organooxygen compounds,Carbonyl compounds
pos_14761,Dihydroisophorol,HMDB0029557,116-02-9,Organic compounds,Organic oxygen compounds,Organooxygen compounds,Alcohols and polyols
pos_14763,"4,8-Dimethyl-1,3(E),7-nonatriene",HMDB0035792,19945-61-0,Organic compounds,Lipids and lipid-like molecules,Prenol lipids,Monoterpenoids
pos_14764,"(1R*,2S*,3S*,6S*)-2-Caranol",HMDB0035955,118395-91-8,Organic compounds,Lipids and lipid-like molecules,Prenol lipids,Monoterpenoids
pos_14766,"2,4-Undecadienal",HMDB0031359,13162-46-4,Organic compounds,Organic oxygen compounds,Organooxygen compounds,Carbonyl compounds
pos_14771,"(Z)-1,5-Tridecadiene",HMDB0041081,84348-07-2,Organic compounds,Hydrocarbons,Unsaturated hydrocarbons,Olefins
pos_14776,"8,8-Dimethoxy-2,6-dimethyl-2-octanol",HMDB0040219,141-92-4,Organic compounds,Organic oxygen compounds,Organooxygen compounds,Alcohols and polyols
pos_14777,"trans,trans-Farnesol",HMDB0004305,4602-84-0,Organic compounds,Lipids and lipid-like molecules,Prenol lipids,Sesquiterpenoids
pos_14784,Octadecanamide,HMDB0034146,124-26-5,Organic compounds,Organic acids and derivatives,Carboximidic acids and derivatives,Carboximidic acids
pos_14785,Manool,HMDB0302943,--,Organic compounds,Lipids and lipid-like molecules,Prenol lipids,Diterpenoids
pos_14795,Z-Gly-Gly-Arg-AMC,HMDB0259965,--,Organic compounds,Organic acids and derivatives,Carboxylic acids and derivatives,"Amino acids, peptides, and analogues"
pos_14809,PA(15:0/LTE4),HMDB0263196,--,--,--,--,--
pos_14819,"PE(DiMe(13,5)/20:3(8Z,11Z,14Z)-2OH(5,6))",HMDB0284900,--,--,--,--,--
pos_14821,"2-Methyl-1,3-cyclohexadiene",HMDB0032395,1489-57-2,Organic compounds,Hydrocarbons,Unsaturated hydrocarbons,Branched unsaturated hydrocarbons
pos_14822,3-Ethylfuran,HMDB0040588,67363-95-5,Organic compounds,Organoheterocyclic compounds,Heteroaromatic compounds,--
pos_14834,N-[4-Chloro-3-(3-methylbut-2-enoxy)phenyl]-2-methylthiophene-3-carbothioamide,HMDB0259382,--,Organic compounds,Benzenoids,Phenol ethers,--
pos_14835,2-(6'-methylthio)hexylmalate,HMDB0304053,--,Organic compounds,Organic acids and derivatives,Hydroxy acids and derivatives,Medium-chain hydroxy acids and derivatives
pos_14836,Atorvastatin,HMDB0005006,134523-00-5,Organic compounds,Organoheterocyclic compounds,Pyrroles,Substituted pyrroles
pos_14861,"Benzo[d][2]benzazepine-5,7-dione",HMDB0251445,--,Organic compounds,Organoheterocyclic compounds,Benzazepines,--
pos_14870,"N1,N5,N10-Tris-trans-p-coumaroylspermine",HMDB0039962,--,Organic compounds,Phenylpropanoids and polyketides,Cinnamic acids and derivatives,Hydroxycinnamic acids and derivatives
pos_14871,"PE-NMe(14:1(9Z)/20:5(5Z,8Z,11Z,14Z,17Z))",HMDB0113009,--,Organic compounds,Lipids and lipid-like molecules,Glycerophospholipids,Glycerophosphoethanolamines
pos_14898,alpha-Fluoromethylhistamine,HMDB0243592,--,Organic compounds,Organic nitrogen compounds,Organonitrogen compounds,Amines
pos_14901,2-Benzylidene-1-heptanol,HMDB0036170,101-85-9,Organic compounds,Phenylpropanoids and polyketides,Cinnamyl alcohols,--
pos_14906,Fumonisin B1,HMDB0034702,116355-83-0,Organic compounds,Organic acids and derivatives,Carboxylic acids and derivatives,Fumonisins
pos_14910,PC(LTE4/22:0),HMDB0287798,--,--,--,--,--
pos_14912,PC(24:0/LTE4),HMDB0288628,--,--,--,--,--
pos_14940,"(3S)-3,6-Diaminohexanoate",HMDB0012114,4299-56-3,Organic compounds,Organic acids and derivatives,Carboxylic acids and derivatives,"Amino acids, peptides, and analogues"
pos_14943,1-Penten-3-ol,HMDB0031605,616-25-1,Organic compounds,Organic oxygen compounds,Organooxygen compounds,Alcohols and polyols
pos_14950,"cis- and trans-2-Isobutyl-4-methyl-1,3-dioxolane",HMDB0032203,18433-93-7,Organic compounds,Organoheterocyclic compounds,Dioxolanes,"1,3-dioxolanes"
pos_14952,MG(0:0/16:0/0:0),HMDB0011533,--,Organic compounds,Lipids and lipid-like molecules,Glycerolipids,Monoradylglycerols
pos_1496,Oleoyl Ethanolamide,HMDB0002088,111-58-0,Organic compounds,Organic nitrogen compounds,Organonitrogen compounds,Amines
pos_14961,Isopentyl gentiobioside,HMDB0041512,178275-89-3,Organic compounds,Lipids and lipid-like molecules,Fatty Acyls,Fatty acyl glycosides
pos_14963,alpha-Carboxy-delta-nonalactone,HMDB0030990,--,Organic compounds,Organoheterocyclic compounds,Lactones,Delta valerolactones
pos_14965,T2 Toxin,HMDB0036600,21259-20-1,Organic compounds,Lipids and lipid-like molecules,Prenol lipids,Sesquiterpenoids
pos_14975,Cholic acid glucuronide,HMDB0002577,76060-22-5,Organic compounds,Lipids and lipid-like molecules,Steroids and steroid derivatives,Steroidal glycosides
pos_14991,"1-O-beta-D-Glucopyranosyl-2,3-di-O-(8-hexadecenoyl)glycerol",HMDB0031133,--,Organic compounds,Lipids and lipid-like molecules,Glycerolipids,Glycosylglycerols
pos_14993,PC(16:0/20:1(11Z)),HMDB0007978,--,Organic compounds,Lipids and lipid-like molecules,Glycerophospholipids,Glycerophosphocholines
pos_14996,"PC(18:0/20:3(5Z,8Z,11Z))",HMDB0008046,--,Organic compounds,Lipids and lipid-like molecules,Glycerophospholipids,Glycerophosphocholines
pos_15004,Ethyl crotonate,HMDB0039581,623-70-1,Organic compounds,Lipids and lipid-like molecules,Fatty Acyls,Fatty acid esters
pos_15010,"all-trans-3,4-Didehydroretinol",HMDB0013117,79-80-1,Organic compounds,Lipids and lipid-like molecules,Prenol lipids,Retinoids
pos_15015,alpha-Ionol O-[arabinosyl-(1->6)-glucoside],HMDB0038732,--,Organic compounds,Lipids and lipid-like molecules,Fatty Acyls,Fatty acyl glycosides
pos_15028,3-Hydroxy-1-phenyl-1-hexadecanone,HMDB0035677,--,Organic compounds,Lipids and lipid-like molecules,Fatty Acyls,Fatty alcohols
pos_15032,"LysoPE(0:0/22:5(4Z,7Z,10Z,13Z,16Z))",HMDB0011494,--,Organic compounds,Lipids and lipid-like molecules,Glycerophospholipids,Glycerophosphoethanolamines
pos_15046,CDP-DG(a-21:0/PGD1),HMDB0293145,--,--,--,--,--
pos_1506,Sarmentosin,HMDB0030697,71933-54-5,Organic compounds,Lipids and lipid-like molecules,Fatty Acyls,Fatty acyl glycosides
pos_15068,"PC(P-18:1(11Z)/20:5(5Z,8Z,11Z,14Z,16E)-OH(18R))",HMDB0289693,--,--,--,--,--
pos_15083,Cholylcitrulline,HMDB0242383,--,--,--,--,--
pos_15085,Baccatin III,HMDB0248838,--,Organic compounds,Lipids and lipid-like molecules,Prenol lipids,Diterpenoids
pos_15102,Sebacic acid,HMDB0000792,111-20-6,Organic compounds,Lipids and lipid-like molecules,Fatty Acyls,Fatty acids and conjugates
pos_15105,Tetradecadienyl-l-carnitine,HMDB0258883,--,Organic compounds,Lipids and lipid-like molecules,Fatty Acyls,Fatty acids and conjugates
pos_15126,Asparaginylcysteine,HMDB0028728,71190-89-1,Organic compounds,Organic acids and derivatives,Carboxylic acids and derivatives,"Amino acids, peptides, and analogues"
pos_15129,cis-3-Hexenyl b-primeveroside,HMDB0031690,132278-37-6,Organic compounds,Lipids and lipid-like molecules,Fatty Acyls,Fatty acyl glycosides
pos_15148,"PS(24:0/22:6(5Z,7Z,10Z,13Z,16Z,19Z)-OH(4))",HMDB0283679,--,--,--,--,--
pos_15152,"2,3-Dinor-TXB2",HMDB0002904,63250-09-9,Organic compounds,Lipids and lipid-like molecules,Fatty Acyls,Eicosanoids
pos_15165,Protease-Activated Receptor-4,HMDB0256865,--,Organic compounds,Organic acids and derivatives,Carboxylic acids and derivatives,"Amino acids, peptides, and analogues"
pos_15171,3-(Methylthio)propanoate,HMDB0304155,--,Organic compounds,Lipids and lipid-like molecules,Fatty Acyls,Fatty acids and conjugates
pos_15181,Goshonoside F3,HMDB0038376,90851-26-6,Organic compounds,Lipids and lipid-like molecules,Prenol lipids,Terpene glycosides
pos_15195,"PC(18:0/22:6(5Z,7Z,10Z,13Z,16Z,19Z)-OH(4))",HMDB0286283,--,--,--,--,--
pos_152,XTP,HMDB0000293,6253-56-1,Organic compounds,"Nucleosides, nucleotides, and analogues",Purine nucleotides,Purine ribonucleotides
pos_15200,Carnitine,HMDB0000062,541-15-1,Organic compounds,Organic nitrogen compounds,Organonitrogen compounds,Quaternary ammonium salts
pos_15210,Simvastatin,HMDB0005007,79902-63-9,Organic compounds,Organoheterocyclic compounds,Lactones,Delta valerolactones
pos_15214,Psychosine,HMDB0000648,2238-90-6,Organic compounds,Lipids and lipid-like molecules,Sphingolipids,Glycosphingolipids
pos_15228,17-Aminogeldanamycin,HMDB0259661,--,Organic compounds,Phenylpropanoids and polyketides,Macrolactams,--
pos_15230,Resiniferatoxin,HMDB0242596,--,Organic compounds,Lipids and lipid-like molecules,Prenol lipids,Diterpenoids
pos_15237,"PS(22:0/20:4(5Z,8Z,11Z,14Z)-OH(20))",HMDB0282881,--,--,--,--,--
pos_15240,3-Mercaptohexyl hexanoate,HMDB0037766,145937-76-4,Organic compounds,Lipids and lipid-like molecules,Fatty Acyls,Fatty acid esters
pos_15251,PL,HMDB0302594,--,Organic compounds,Phenylpropanoids and polyketides,Macrolides and analogues,--
pos_15267,gamma-L-Glutamylputrescine,HMDB0012230,--,Organic compounds,Organic acids and derivatives,Carboxylic acids and derivatives,"Amino acids, peptides, and analogues"
pos_15268,Acorenone,HMDB0035704,5956/5/8,Organic compounds,Organic oxygen compounds,Organooxygen compounds,Carbonyl compounds
pos_15270,ALVERINE,HMDB0015554,150-59-4,Organic compounds,Benzenoids,Benzene and substituted derivatives,Phenylpropylamines
pos_15291,Pyridoxamine,HMDB0001431,85-87-0,Organic compounds,Organoheterocyclic compounds,Pyridines and derivatives,Pyridoxamines
pos_15300,Cinncassiol A 19-glucoside,HMDB0035165,73599-12-9,Organic compounds,Lipids and lipid-like molecules,Prenol lipids,Terpene glycosides
pos_15327,Dextran-70,HMDB0256672,--,Organic compounds,Organic oxygen compounds,Organooxygen compounds,Carbohydrates and carbohydrate conjugates
pos_15328,trans-2-Hexyl-1-cyclopropaneacetic acid,HMDB0031087,--,Organic compounds,Organic acids and derivatives,Carboxylic acids and derivatives,Carboxylic acids
pos_15365,"N-(1-Hydroxypropan-2-yl)icosa-5,8,11,14-tetraenamide",HMDB0243685,--,Organic compounds,Lipids and lipid-like molecules,Fatty Acyls,Fatty amides
pos_15377,Tobramycin,HMDB0014822,32986-56-4,Organic compounds,Organic oxygen compounds,Organooxygen compounds,Carbohydrates and carbohydrate conjugates
pos_15380,10-Deacetylbaccatin III,HMDB0244264,--,Organic compounds,Lipids and lipid-like molecules,Prenol lipids,Diterpenoids
pos_1539,MG(0:0/24:1(15Z)/0:0),HMDB0011559,--,Organic compounds,Lipids and lipid-like molecules,Glycerolipids,Monoradylglycerols
pos_1541,Saccharopine,HMDB0000279,997-68-2,Organic compounds,Organic acids and derivatives,Carboxylic acids and derivatives,"Amino acids, peptides, and analogues"
pos_15410,bemegride,HMDB0248936,--,Organic compounds,Organoheterocyclic compounds,Piperidines,Piperidinones
pos_15411,Tranylcypromine,HMDB0014890,155-09-9,Organic compounds,Organic nitrogen compounds,Organonitrogen compounds,Amines
pos_15413,Heptadecanal,HMDB0031039,629-90-3,Organic compounds,Lipids and lipid-like molecules,Fatty Acyls,Fatty aldehydes
pos_15435,Creatine ethyl ester,HMDB0250523,--,Organic compounds,Organic acids and derivatives,Carboxylic acids and derivatives,"Amino acids, peptides, and analogues"
pos_15436,4-Isopropylbenzaldehyde,HMDB0002214,122-03-2,Organic compounds,Lipids and lipid-like molecules,Prenol lipids,Monoterpenoids
pos_15441,"3,7-Dimethyl-9-(2,6,6-trimethylcyclohexen-1-yl)nona-2,4,6,8-tetraenamide",HMDB0250571,--,Organic compounds,Lipids and lipid-like molecules,Prenol lipids,Retinoids
pos_15444,"9,12-Hexadecadienoylcarnitine",HMDB0013334,1911579-97-9,Organic compounds,Lipids and lipid-like molecules,Fatty Acyls,Fatty acid esters
pos_15478,"cis- and trans-2-Isopropyl-4-methyl-1,3-dioxolane",HMDB0032204,67879-60-1,Organic compounds,Organoheterocyclic compounds,Dioxolanes,"1,3-dioxolanes"
pos_15479,11-Hydroxy-D4-neuroprostane,HMDB0062283,--,Organic compounds,Lipids and lipid-like molecules,Fatty Acyls,Fatty alcohols
pos_15480,11-Hydroperoxy-H4-neuroprostane,HMDB0062282,--,Organic compounds,Lipids and lipid-like molecules,Fatty Acyls,Eicosanoids
pos_15498,Methionyl-Arginine,HMDB0028967,--,Organic compounds,Organic acids and derivatives,Carboxylic acids and derivatives,"Amino acids, peptides, and analogues"
pos_15499,N-Stearoyl Proline,HMDB0241948,--,Organic compounds,Organic acids and derivatives,Carboxylic acids and derivatives,"Amino acids, peptides, and analogues"
pos_15508,Asi-222,HMDB0260432,--,Organic compounds,Lipids and lipid-like molecules,Steroids and steroid derivatives,Steroid lactones
pos_15529,Ametryn,HMDB0248288,--,Organic compounds,Organoheterocyclic compounds,Triazines,"1,3,5-triazines"
pos_15538,N-Eicosapentaenoyl Alanine,HMDB0242064,--,Organic compounds,Organic acids and derivatives,Carboxylic acids and derivatives,"Amino acids, peptides, and analogues"
pos_15542,3-Hydroxysebacic acid,HMDB0000350,446881-43-2,Organic compounds,Organic acids and derivatives,Hydroxy acids and derivatives,Medium-chain hydroxy acids and derivatives
pos_15548,Fosinopril,HMDB0014635,98048-97-6,Organic compounds,Organic acids and derivatives,Carboxylic acids and derivatives,"Amino acids, peptides, and analogues"
pos_1555,"Tetrahydro-2,5-dimethyl-2H-pyranmethanol",HMDB0061931,--,Organic compounds,Organoheterocyclic compounds,Oxanes,--
pos_15558,Erythromycylamine,HMDB0251939,--,Organic compounds,Organic oxygen compounds,Organooxygen compounds,Carbohydrates and carbohydrate conjugates
pos_1556,"Methyl (7Z,9Z,9'Z)-6'-apo-y-caroten-6'-oate",HMDB0031381,174206-07-6,Organic compounds,Lipids and lipid-like molecules,Prenol lipids,Triterpenoids
pos_15567,PC(24:1(15Z)/PGF2alpha),HMDB0288728,--,--,--,--,--
pos_15573,2-(5-Methyl-2-furanyl)piperidine,HMDB0039836,97073-18-2,Organic compounds,Organic nitrogen compounds,Organonitrogen compounds,Amines
pos_15574,Hercynine,HMDB0029422,534-30-5,Organic compounds,Organic acids and derivatives,Carboxylic acids and derivatives,"Amino acids, peptides, and analogues"
pos_15575,Pentaethylene glycol,HMDB0256256,--,Organic compounds,Organic oxygen compounds,Organooxygen compounds,Ethers
pos_1559,Lysylhydroxyproline,HMDB0028952,870233-57-1,Organic compounds,Organic acids and derivatives,Carboxylic acids and derivatives,"Amino acids, peptides, and analogues"
pos_15598,Quercetin 3-O-glucoside,HMDB0037362,482-35-9,Organic compounds,Phenylpropanoids and polyketides,Flavonoids,Flavonoid glycosides
pos_15599,Propionyladenylate,HMDB0006806,--,Organic compounds,"Nucleosides, nucleotides, and analogues",Purine nucleotides,Purine ribonucleotides
pos_15600,N-Acetyl-L-citrulline,HMDB0000856,33965-42-3,Organic compounds,Organic acids and derivatives,Carboxylic acids and derivatives,"Amino acids, peptides, and analogues"
pos_15603,Dehydroisoandrosterone 3-glucuronide,HMDB0010327,--,Organic compounds,Lipids and lipid-like molecules,Steroids and steroid derivatives,Steroidal glycosides
pos_1562,all-trans-Retinoic acid,HMDB0001852,302-79-4,Organic compounds,Lipids and lipid-like molecules,Prenol lipids,Retinoids
pos_15641,Alisol A 24-acetate,HMDB0260413,--,Organic compounds,Lipids and lipid-like molecules,Prenol lipids,Triterpenoids
pos_15653,xi-1-Butoxy-1-methoxyethane,HMDB0037636,--,Organic compounds,Organic oxygen compounds,Organooxygen compounds,Ethers
pos_15654,"Hexanal butane-2,3-diol acetal",HMDB0032315,155639-75-1,Organic compounds,Organoheterocyclic compounds,Dioxolanes,"1,3-dioxolanes"
pos_15667,Neoxanthin,HMDB0003020,14660-91-4,Organic compounds,Lipids and lipid-like molecules,Prenol lipids,Tetraterpenoids
pos_15700,Angiotensin (1-7),HMDB0248423,--,Organic compounds,Organic acids and derivatives,Carboxylic acids and derivatives,"Amino acids, peptides, and analogues"
pos_15705,Crosatoside B,HMDB0039253,139742-28-2,Organic compounds,Organic oxygen compounds,Organooxygen compounds,Carbohydrates and carbohydrate conjugates
pos_15711,"PGP(i-14:0/20:4(5Z,8Z,11Z,14Z)-OH(20))",HMDB0274997,--,--,--,--,--
pos_15716,Isoleucyl-Threonine,HMDB0028917,--,Organic compounds,Organic acids and derivatives,Carboxylic acids and derivatives,"Amino acids, peptides, and analogues"
pos_15722,Eszopiclone,HMDB0014546,138729-47-2,Organic compounds,Organoheterocyclic compounds,Pyrrolopyrazines,Cyclopyrrolones
pos_15723,LysoSM(d18:1),HMDB0006482,1670-26-4,Organic compounds,Lipids and lipid-like molecules,Sphingolipids,Phosphosphingolipids
pos_15749,8-Aminooctanoic acid,HMDB0247418,--,Organic compounds,Lipids and lipid-like molecules,Fatty Acyls,Fatty acids and conjugates
pos_15755,Mukonidine,HMDB0030214,24949-00-6,Organic compounds,Organoheterocyclic compounds,Indoles and derivatives,Carbazoles
pos_15756,"LysoPE(0:0/20:5(5Z,8Z,11Z,14Z,17Z))",HMDB0011489,--,Organic compounds,Lipids and lipid-like molecules,Glycerophospholipids,Glycerophosphoethanolamines
pos_1654,"3-Methyl-3H-imidazo[4,5-f]quinoxalin-2-amine",HMDB0040443,108354-47-8,Organic compounds,Organoheterocyclic compounds,Diazanaphthalenes,Benzodiazines
pos_1677,Cadabicine,HMDB0033451,99964-83-7,Organic compounds,Organic oxygen compounds,Organooxygen compounds,Ethers
pos_1679,Homoanserine,HMDB0005767,20314-38-9,Organic compounds,Organic acids and derivatives,Peptidomimetics,Hybrid peptides
pos_1703,2-(Ethoxymethyl)furan,HMDB0040445,6270-56-0,Organic compounds,Organoheterocyclic compounds,Heteroaromatic compounds,--
pos_1766,Decoquinate,HMDB0250922,--,Organic compounds,Organoheterocyclic compounds,Quinolines and derivatives,Quinolones and derivatives
pos_1783,5-Methylcytosine,HMDB0002894,554-01-8,Organic compounds,Organoheterocyclic compounds,Diazines,Pyrimidines and pyrimidine derivatives
pos_1797,"PE(P-18:0/20:4(6E,8Z,11Z,13E)-2OH(5S,15S))",HMDB0285346,--,--,--,--,--
pos_181,Creatinine bicarbonate,HMDB0250527,--,Organic compounds,Organic acids and derivatives,Carboxylic acids and derivatives,"Amino acids, peptides, and analogues"
pos_1828,Phytal,HMDB0035654,13754-69-3,Organic compounds,Lipids and lipid-like molecules,Prenol lipids,Diterpenoids
pos_1829,(-)-Quebrachamine,HMDB0030260,4850-21-9,Organic compounds,Alkaloids and derivatives,Quebrachamine alkaloids,--
pos_1839,8-(Methylthio)octanenitrile,HMDB0038438,58214-93-0,Organic compounds,Organic nitrogen compounds,Organonitrogen compounds,Organic cyanides
pos_1844,"n6,2'-o-dibutyryladenosine",HMDB0255304,--,Organic compounds,"Nucleosides, nucleotides, and analogues",Purine nucleosides,--
pos_1845,CDP-choline,HMDB0001413,987-78-0,Organic compounds,Organoheterocyclic compounds,Pteridines and derivatives,Pterins and derivatives
pos_1846,L-2-Aminoadipate adenylate,HMDB0006941,--,Organic compounds,"Nucleosides, nucleotides, and analogues",Purine nucleotides,Purine ribonucleotides
pos_187,IMP,HMDB0000175,131-99-7,Organic compounds,"Nucleosides, nucleotides, and analogues",Purine nucleotides,Purine ribonucleotides
pos_1890,Adrenoyl ethanolamide,HMDB0013626,150314-35-5,Organic compounds,Organic nitrogen compounds,Organonitrogen compounds,Amines
pos_1906,"(4Z,7Z,10S,11E)-10-Hydroxy-12-[(1S,2R,3R)-3-hydroxy-5-oxo-2-[(2Z)-pent-2-en-1-yl]cyclopentyl]dodeca-4,7,11-trienoylcarnitine",HMDB0241814,--,Organic compounds,Lipids and lipid-like molecules,Fatty Acyls,Fatty acid esters
pos_1916,Ouabain,HMDB0015224,630-60-4,Organic compounds,Benzenoids,Naphthalenes,--
pos_1933,PE(PGJ2/P-18:0),HMDB0285307,--,--,--,--,--
pos_1961,"PE(P-16:0/22:6(4Z,7Z,10Z,13E,15E,19Z)-OH(17))",HMDB0285252,--,--,--,--,--
pos_2014,"1,2-Bis(1-ethoxyethoxy)propane",HMDB0037163,67715-79-1,Organic compounds,Organic oxygen compounds,Organooxygen compounds,Ethers
pos_2020,Puromycin,HMDB0256926,--,Organic compounds,"Nucleosides, nucleotides, and analogues",Purine nucleosides,Purine 3'-deoxyribonucleosides
pos_2034,"(1R,2S,3S,4R)-p-Menthane-2,3-diol",HMDB0035723,51745-21-2,Organic compounds,Lipids and lipid-like molecules,Prenol lipids,Monoterpenoids
pos_2102,L-Hyoscyamine,HMDB0003573,51-34-3,Organic compounds,Organic acids and derivatives,Hydroxy acids and derivatives,Beta hydroxy acids and derivatives
pos_2144,Mavoglurant,HMDB0254351,--,Organic compounds,Organoheterocyclic compounds,Indoles and derivatives,--
pos_2161,Vanylglycol,HMDB0001490,534-82-7,Organic compounds,Benzenoids,Phenols,Methoxyphenols
pos_2162,"1,2-dibutyrin",HMDB0304007,--,Organic compounds,Lipids and lipid-like molecules,Glycerolipids,Diradylglycerols
pos_2206,Cochliobolin A,HMDB0250395,--,Organic compounds,Lipids and lipid-like molecules,Prenol lipids,Sesterterpenoids
pos_2210,Lysylasparagine,HMDB0028946,19908-06-6,Organic compounds,Organic acids and derivatives,Carboxylic acids and derivatives,"Amino acids, peptides, and analogues"
pos_2220,"PE(18:1(11Z)/20:4(5Z,8Z,11Z,14Z)-OH(20))",HMDB0261198,--,--,--,--,--
pos_2246,"PC(24:0/20:5(5Z,8Z,11Z,14Z,16E)-OH(18))",HMDB0288656,--,--,--,--,--
pos_2247,"PIP(20:3(8Z,11Z,14Z)/PGE2)",HMDB0279892,--,--,--,--,--
pos_2261,Cyclohexyl propan-2-yl carbonate,HMDB0250658,--,Organic compounds,Organic acids and derivatives,Organic carbonic acids and derivatives,Carbonic acid diesters
pos_2274,CDP-DG(a-15:0/PGF2alpha),HMDB0292873,--,--,--,--,--
pos_2279,"PGP(22:4(7Z,10Z,13Z,16Z)/PGJ2)",HMDB0273882,--,--,--,--,--
pos_2282,"4,4-Dimethyl-5alpha-cholesta-8-en-3beta-ol",HMDB0006840,--,Organic compounds,Organoheterocyclic compounds,Pteridines and derivatives,Pterins and derivatives
pos_2345,[Bala8]-Neurokinin A(4-10),HMDB0244469,--,Organic compounds,Organic acids and derivatives,Carboxylic acids and derivatives,"Amino acids, peptides, and analogues"
pos_2368,(2s)-7-Amino-2-{[(R)-Hydroxy{(1r)-2-Methyl-1-[(3-Phenylpropanoyl)amino]propyl}phosphoryl]methyl}heptanoic Acid,HMDB0249940,--,Organic compounds,Lipids and lipid-like molecules,Fatty Acyls,Fatty acids and conjugates
pos_2371,Tyr-pro-phe-pro-gly-pro-ile,HMDB0259346,--,Organic compounds,Organic acids and derivatives,Carboxylic acids and derivatives,"Amino acids, peptides, and analogues"
pos_2386,"(2R,3S,9R)-5-Acetyl-8,8-dimethyl-7,16-diazapentacyclo[9.6.1.02,9.03,7.015,18]octadeca-1(17),11(18),12,14-tetraene-4,6-dione",HMDB0260125,--,Organic compounds,Organoheterocyclic compounds,Indoles and derivatives,Indoles
pos_2394,Dihydrotestosterone diglucuronide,HMDB0251334,--,Organic compounds,Lipids and lipid-like molecules,Steroids and steroid derivatives,Steroidal glycosides
pos_2395,"{4-[4-(6-Carbamoyl-3,5-dimethylpyrazin-2-yl)phenyl]cyclohexyl}acetic acid",HMDB0248788,--,Organic compounds,Organoheterocyclic compounds,Diazines,Pyrazines
pos_2398,Glutaminylphenylalanine,HMDB0028804,92327-75-8,Organic compounds,Organic acids and derivatives,Carboxylic acids and derivatives,"Amino acids, peptides, and analogues"
pos_2400,Anhydrocinnzeylanol,HMDB0036863,65230-04-8,Organic compounds,Lipids and lipid-like molecules,Prenol lipids,Terpene lactones
pos_2427,Vitamin D3,HMDB0000876,67-97-0,Organic compounds,Lipids and lipid-like molecules,Steroids and steroid derivatives,Vitamin D and derivatives
pos_2434,25-Hydroxytachysterol3,HMDB0006722,39932-44-0,Organic compounds,Lipids and lipid-like molecules,Steroids and steroid derivatives,Vitamin D and derivatives
pos_2465,L-phenylalanyl-L-proline,HMDB0011177,7669-65-0,Organic compounds,Organic acids and derivatives,Carboxylic acids and derivatives,"Amino acids, peptides, and analogues"
pos_2467,beta-Citraurin,HMDB0035091,650-69-1,Organic compounds,Lipids and lipid-like molecules,Prenol lipids,Triterpenoids
pos_2478,"SM(d19:1/20:4(7E,9E,11Z,13E)-3OH(5S,6R,15S))",HMDB0290680,--,--,--,--,--
pos_2496,"3,4-Heptanediol",HMDB0246037,--,Organic compounds,Organic oxygen compounds,Organooxygen compounds,Alcohols and polyols
pos_2497,4-Acetoxy-2-hexyltetrahydrofuran,HMDB0037398,10039-39-1,Organic compounds,Organoheterocyclic compounds,Tetrahydrofurans,--
pos_2513,Melongoside K,HMDB0040948,94696-62-5,Organic compounds,Lipids and lipid-like molecules,Fatty Acyls,Fatty alcohols
pos_2516,Sorbitan oleate,HMDB0029886,1338-43-8,Organic compounds,Lipids and lipid-like molecules,Fatty Acyls,Fatty acid esters
pos_2535,Glycyl-Lysine,HMDB0028846,--,Organic compounds,Organic acids and derivatives,Carboxylic acids and derivatives,"Amino acids, peptides, and analogues"
pos_2570,Antibiotic X 14889D,HMDB0033334,97671-94-8,Organic compounds,Lipids and lipid-like molecules,Prenol lipids,Sesterterpenoids
pos_2579,Nervonyl carnitine,HMDB0006509,1242471-01-7,--,--,--,--
pos_2582,22-Angeloyltheasapogenol A,HMDB0032831,200492-44-0,Organic compounds,Lipids and lipid-like molecules,Prenol lipids,Triterpenoids
pos_2594,4-Vinylcyclohexene,HMDB0246592,--,Organic compounds,Hydrocarbons,Unsaturated hydrocarbons,Olefins
pos_2595,"1,3-Octadiene",HMDB0040966,1002-33-1,Organic compounds,Hydrocarbons,Unsaturated hydrocarbons,Olefins
pos_2596,DMPO,HMDB0246162,--,Organic compounds,Organoheterocyclic compounds,Pyrrolines,--
pos_2598,Santene,HMDB0038140,529-16-8,Organic compounds,Hydrocarbons,Unsaturated hydrocarbons,Branched unsaturated hydrocarbons
pos_2600,"3,5,5-Trimethyl-2-cyclohexen-1-one",HMDB0031195,78-59-1,Organic compounds,Organic oxygen compounds,Organooxygen compounds,Carbonyl compounds
pos_2601,PELLETIERINE,HMDB0030324,2858-66-4,Organic compounds,Organoheterocyclic compounds,Piperidines,--
pos_2602,(S)-(-)-Perillyl alcohol,HMDB0003634,536-59-4,Organic compounds,Lipids and lipid-like molecules,Prenol lipids,Monoterpenoids
pos_2603,"2,6,6-Trimethyl-1-cyclohexen-1-acetaldehyde",HMDB0032540,472-66-2,Organic compounds,Organic oxygen compounds,Organooxygen compounds,Carbonyl compounds
pos_2614,Lysylvaline,HMDB0028964,20556-11-0,Organic compounds,Organic acids and derivatives,Carboxylic acids and derivatives,"Amino acids, peptides, and analogues"
pos_2641,"PS(24:0/20:5(5Z,8Z,11Z,14Z,16E)-OH(18))",HMDB0283665,--,--,--,--,--
pos_2648,3-Methylcyclohexanol,HMDB0031538,591-23-1,Organic compounds,Organic oxygen compounds,Organooxygen compounds,Alcohols and polyols
pos_2653,Ala-Ala-Ala,HMDB0248092,--,Organic compounds,Organic acids and derivatives,Carboxylic acids and derivatives,"Amino acids, peptides, and analogues"
pos_2671,Milbemycin beta2,HMDB0254728,--,Organic compounds,Phenylpropanoids and polyketides,Macrolides and analogues,Milbemycins
pos_2736,2-Propylglutaric acid,HMDB0060684,--,Organic compounds,Lipids and lipid-like molecules,Fatty Acyls,Fatty acids and conjugates
pos_2737,"(3b,16a,21b,22a)-12-Oleanene-3,16,21,23,28-pentol-22-angeloyloxy-23-al",HMDB0032832,200492-42-8,Organic compounds,Lipids and lipid-like molecules,Prenol lipids,Triterpenoids
pos_2813,PE-NMe(11D5/13M5),HMDB0113770,--,Organic compounds,Lipids and lipid-like molecules,Glycerophospholipids,Glycerophosphoethanolamines
pos_2828,6-(Pyridin-3-YL)hexanoic acid,HMDB0245979,--,Organic compounds,Lipids and lipid-like molecules,Fatty Acyls,Fatty acids and conjugates
pos_2829,Octadecadienylcarnitine,HMDB0255895,--,Organic compounds,Lipids and lipid-like molecules,Fatty Acyls,Eicosanoids
pos_2842,PC(PGE2/P-18:0),HMDB0289554,--,--,--,--,--
pos_2861,"PS(24:0/18:1(12Z)-O(9S,10R))",HMDB0283660,--,--,--,--,--
pos_2868,3-Methyl-4-phenyl-3-buten-2-one,HMDB0031567,1901-26-4,Organic compounds,Benzenoids,Benzene and substituted derivatives,--
pos_2885,"4-Hydroxy-2,6-dimethylaniline",HMDB0060681,--,Organic compounds,Benzenoids,Phenols,Cresols
pos_2889,"1-Acetoxy-2-hydroxy-5,12,15-heneicosatrien-4-one",HMDB0035273,--,Organic compounds,Lipids and lipid-like molecules,Fatty Acyls,Fatty alcohols
pos_2907,"PA(a-25:0/20:4(6E,8Z,11Z,14Z)-OH(5S))",HMDB0267217,--,--,--,--,--
pos_2917,5-Aminopentanoic acid,HMDB0003355,660-88-8,Organic compounds,Organic acids and derivatives,Carboxylic acids and derivatives,"Amino acids, peptides, and analogues"
pos_2919,Isopropyl hexanoate,HMDB0040430,2311-46-8,Organic compounds,Lipids and lipid-like molecules,Fatty Acyls,Fatty acid esters
pos_2920,Cerulenin,HMDB0015168,17397-89-6,Organic compounds,Organoheterocyclic compounds,Epoxides,Oxirane carboxylic acids and derivatives
pos_2921,Alosetron,HMDB0015104,122852-42-0,Organic compounds,Organoheterocyclic compounds,Indoles and derivatives,N-alkylindoles
pos_2938,Tyr-D-thr-gly-phe-leu-thr,HMDB0251632,--,Organic compounds,Organic acids and derivatives,Carboxylic acids and derivatives,"Amino acids, peptides, and analogues"
pos_2972,Urocanic acid,HMDB0000301,3465-72-3,Organic compounds,Organoheterocyclic compounds,Azoles,Imidazoles
pos_2988,Dihydrothymine,HMDB0000079,19140-80-8,Organic compounds,Organoheterocyclic compounds,Diazines,Pyrimidines and pyrimidine derivatives
pos_2989,Methylpyrazine,HMDB0033112,109-08-0,Organic compounds,Organoheterocyclic compounds,Diazines,Pyrazines
pos_3009,Oxoglutaric acid,HMDB0000208,328-50-7,Organic compounds,Organic acids and derivatives,Keto acids and derivatives,Gamma-keto acids and derivatives
pos_3141,2-Thiohydantoin,HMDB0245322,--,Organic compounds,Organic acids and derivatives,Carboxylic acids and derivatives,"Amino acids, peptides, and analogues"
pos_3222,Serylvalylglycylglutamic acid,HMDB0302163,--,Organic compounds,Organic acids and derivatives,Carboxylic acids and derivatives,"Amino acids, peptides, and analogues"
pos_3223,Pantothenamide,HMDB0041313,7757-97-3,Organic compounds,Organic acids and derivatives,Carboxylic acids and derivatives,"Amino acids, peptides, and analogues"
pos_3224,Dihydroxyphenylethyleneglycol,HMDB0251347,--,Organic compounds,Benzenoids,Benzene and substituted derivatives,--
pos_3225,gamma-Glutamylvaline,HMDB0011172,2746-34-1,Organic compounds,Organic acids and derivatives,Carboxylic acids and derivatives,"Amino acids, peptides, and analogues"
pos_3227,3-Isopropenylpentanedioic acid,HMDB0032352,6839-75-4,Organic compounds,Lipids and lipid-like molecules,Fatty Acyls,Fatty acids and conjugates
pos_3228,Hygromycin B,HMDB0034229,31282-04-9,Organic compounds,Organic oxygen compounds,Organooxygen compounds,Carbohydrates and carbohydrate conjugates
pos_3235,"3-Carboxy-2,3,4,9-tetrahydro-1H-pyrido[3,4-b]indole-1-propanoic acid",HMDB0034881,--,Organic compounds,Alkaloids and derivatives,Harmala alkaloids,--
pos_3237,Formylfusarochromanone,HMDB0038970,136685-28-4,Organic compounds,Organoheterocyclic compounds,Benzopyrans,1-benzopyrans
pos_3248,Isoleucyl-Glutamate,HMDB0028906,--,Organic compounds,Organic acids and derivatives,Carboxylic acids and derivatives,"Amino acids, peptides, and analogues"
pos_3254,3-(2-Hydroxyethyl)histidine,HMDB0245773,--,Organic compounds,Organic acids and derivatives,Carboxylic acids and derivatives,"Amino acids, peptides, and analogues"
pos_3256,Lysylaspartic acid,HMDB0028947,20556-18-7,Organic compounds,Organic acids and derivatives,Carboxylic acids and derivatives,"Amino acids, peptides, and analogues"
pos_3264,Indole-3-carbinol,HMDB0005785,700-06-1,Organic compounds,Organoheterocyclic compounds,Indoles and derivatives,Indoles
pos_3267,1-Benzazepine,HMDB0244865,--,Organic compounds,Organoheterocyclic compounds,Benzazepines,--
pos_3268,"4,8-Dihydroxyquinoline",HMDB0060289,--,Organic compounds,Organoheterocyclic compounds,Quinolines and derivatives,Quinolones and derivatives
pos_3276,5-[(2R)-2-Aminopropyl]-2-hydroxybenzoic acid,HMDB0257825,--,Organic compounds,Benzenoids,Benzene and substituted derivatives,Phenethylamines
pos_3280,Cysteinyl-Phenylalanine,HMDB0028782,--,Organic compounds,Organic acids and derivatives,Carboxylic acids and derivatives,"Amino acids, peptides, and analogues"
pos_3288,"4,6-Heptadiyne-1,3-diol",HMDB0038963,--,Organic compounds,Lipids and lipid-like molecules,Fatty Acyls,Fatty alcohols
pos_3290,(2R)-2-Amino-4-(amino-butyl-oxo-lambda6-sulfanylidene)butanoic acid,HMDB0242762,--,Organic compounds,Organic acids and derivatives,Carboxylic acids and derivatives,"Amino acids, peptides, and analogues"
pos_3291,D-4'-Phosphopantothenate,HMDB0001016,5875-50-3,Organic compounds,Organic acids and derivatives,Carboxylic acids and derivatives,"Amino acids, peptides, and analogues"
pos_3297,Aminomethyl fluorescein,HMDB0248324,--,Organic compounds,Organoheterocyclic compounds,Benzopyrans,1-benzopyrans
pos_3304,Digalacturonate,HMDB0039721,5894-59-7,Organic compounds,Organic oxygen compounds,Organooxygen compounds,Carbohydrates and carbohydrate conjugates
pos_3305,Adipate semialdehyde,HMDB0012882,928-81-4,Organic compounds,Lipids and lipid-like molecules,Fatty Acyls,Fatty acids and conjugates
pos_3306,"2,3-Butanediol glucoside",HMDB0040822,146763-54-4,Organic compounds,Organic oxygen compounds,Organooxygen compounds,Carbohydrates and carbohydrate conjugates
pos_3322,Bacopaside I,HMDB0248841,--,Organic compounds,Lipids and lipid-like molecules,Prenol lipids,Triterpenoids
pos_3323,1-(5'-Phosphoribosyl)-5-formamido-4-imidazolecarboxamide,HMDB0001439,13018-54-7,Organic compounds,"Nucleosides, nucleotides, and analogues",Imidazole ribonucleosides and ribonucleotides,1-ribosyl-imidazolecarboxamides
pos_3329,CDP-DG(18:1(11Z)/PGJ2),HMDB0291107,--,--,--,--,--
pos_3333,Dimethyl-3-hydroxypyrid-4-one,HMDB0251390,--,Organic compounds,Organoheterocyclic compounds,Pyridines and derivatives,Hydropyridines
pos_3334,5-FU,HMDB0014684,51-21-8,Organic compounds,Organoheterocyclic compounds,Diazines,Pyrimidines and pyrimidine derivatives
pos_3374,UDP-glucuronate,HMDB0000935,2616-64-0,Organic compounds,Organoheterocyclic compounds,Lactones,Gamma butyrolactones
pos_3378,2-Methyltetrahydrofuran-3-one,HMDB0031178,3188-00-9,Organic compounds,Organoheterocyclic compounds,Dihydrofurans,Furanones
pos_3391,Diethyltoluamide,HMDB0250930,--,Organic compounds,Benzenoids,Benzene and substituted derivatives,Toluenes
pos_3401,Amygdalin,HMDB0035030,29883-15-6,Organic compounds,Organic oxygen compounds,Organooxygen compounds,Carbohydrates and carbohydrate conjugates
pos_3404,2-Amino-3-(4-hydroxyphenyl)propanal,HMDB0244978,--,Organic compounds,Benzenoids,Benzene and substituted derivatives,Phenethylamines
pos_3407,Ggstop,HMDB0252708,--,Organic compounds,Organic acids and derivatives,Carboxylic acids and derivatives,"Amino acids, peptides, and analogues"
pos_3408,"1,2,5,6-Tetrahydro-4H-pyrrolo[3,2,1-ij]quinolin-4-one",HMDB0037113,57369-32-1,Organic compounds,Organoheterocyclic compounds,Quinolines and derivatives,Quinolones and derivatives
pos_3414,Kynurenic acid,HMDB0000715,492-27-3,Organic compounds,Organoheterocyclic compounds,Quinolines and derivatives,Quinoline carboxylic acids
pos_3416,"N6,N6,N6-Trimethyl-L-lysine",HMDB0001325,19253-88-4,Organic compounds,Organic acids and derivatives,Carboxylic acids and derivatives,"Amino acids, peptides, and analogues"
pos_3417,4-Fluorocyclohexane-1-carboxylic acid,HMDB0246426,--,Organic compounds,Organohalogen compounds,Alkyl halides,Cyclohexyl halides
pos_3419,Ceanothine B,HMDB0029339,19471-43-3,Organic compounds,Organic acids and derivatives,Carboxylic acids and derivatives,"Amino acids, peptides, and analogues"
pos_3423,Omega-Carboxy-trinor-leukotriene B4,HMDB0013032,--,Organic compounds,Lipids and lipid-like molecules,Fatty Acyls,Fatty acids and conjugates
pos_3426,Tyrosyl-Isoleucine,HMDB0029108,--,Organic compounds,Organic acids and derivatives,Carboxylic acids and derivatives,"Amino acids, peptides, and analogues"
pos_3427,N2-Succinyl-L-ornithine,HMDB0001199,899816-95-6,Organic compounds,Organic acids and derivatives,Carboxylic acids and derivatives,"Amino acids, peptides, and analogues"
pos_3434,DL-2-Aminooctanoic acid,HMDB0000991,644-90-6,Organic compounds,Organic acids and derivatives,Carboxylic acids and derivatives,"Amino acids, peptides, and analogues"
pos_3435,L-Phenylalanine,HMDB0000159,63-91-2,Organic compounds,Organic acids and derivatives,Carboxylic acids and derivatives,"Amino acids, peptides, and analogues"
pos_3436,3-Amino-2-oxopropyl phosphate,HMDB0000370,5652-28-8,Organic compounds,Organic acids and derivatives,Carboxylic acids and derivatives,"Amino acids, peptides, and analogues"
pos_3437,N-Formyl-L-glutamate,HMDB0003470,1681-96-5,Organic compounds,Organic acids and derivatives,Carboxylic acids and derivatives,"Amino acids, peptides, and analogues"
pos_3446,Amlexanox,HMDB0015160,68302-57-8,Organic compounds,Organoheterocyclic compounds,Benzopyrans,1-benzopyrans
pos_3449,5-Acetylamino-6-amino-3-methyluracil,HMDB0004400,19893-78-8,Organic compounds,Organic nitrogen compounds,Organonitrogen compounds,N-arylamides
pos_3452,Prenol,HMDB0030124,556-82-1,Organic compounds,Organic oxygen compounds,Organooxygen compounds,Alcohols and polyols
pos_3454,"xi-3,5-Dimethyl-2(5H)-furanone",HMDB0039778,--,Organic compounds,Organoheterocyclic compounds,Dihydrofurans,Furanones
pos_3456,Labienoxime,HMDB0036031,81783-01-9,Organic compounds,Organic nitrogen compounds,Organonitrogen compounds,Oximes
pos_3467,GATIFLOXACIN,HMDB0015178,112811-59-3,Organic compounds,Organoheterocyclic compounds,Quinolines and derivatives,Quinoline carboxylic acids
pos_3475,"3h-Indole-3-propanoic acid,a-amino-",HMDB0246269,--,Organic compounds,Organoheterocyclic compounds,Indoles and derivatives,Indolyl carboxylic acids and derivatives
pos_3476,Lansiumarin C,HMDB0034838,205115-75-9,Organic compounds,Phenylpropanoids and polyketides,Coumarins and derivatives,Furanocoumarins
pos_3479,Marshrin,HMDB0033783,--,Organic compounds,Phenylpropanoids and polyketides,Coumarins and derivatives,--
pos_3480,Dihydroferulic acid 4-O-glucuronide,HMDB0041723,--,Organic compounds,Organic oxygen compounds,Organooxygen compounds,Carbohydrates and carbohydrate conjugates
pos_3482,Daidzein 4'-glucuronide-7-sulfate,HMDB0240494,--,Organic compounds,Phenylpropanoids and polyketides,Diarylheptanoids,Linear diarylheptanoids
pos_3486,Armillane,HMDB0035779,126006-69-7,Organic compounds,Lipids and lipid-like molecules,Prenol lipids,Diterpenoids
pos_3491,5-[2H-Pyrrol-4-(3H)-ylidenemethyl]-2-furanmethanol,HMDB0040045,--,Organic compounds,Organoheterocyclic compounds,Heteroaromatic compounds,--
pos_3492,D-Tryptophan,HMDB0013609,153-94-6,Organic compounds,Organoheterocyclic compounds,Indoles and derivatives,Indolyl carboxylic acids and derivatives
pos_3506,Policapram,HMDB0256664,--,--,--,--,--
pos_3507,Glycylvaline,HMDB0028854,1963-21-9,Organic compounds,Organic acids and derivatives,Carboxylic acids and derivatives,"Amino acids, peptides, and analogues"
pos_3508,Tropine,HMDB0259297,--,Organic compounds,Alkaloids and derivatives,Tropane alkaloids,--
pos_3522,Lysyl-Valine,HMDB0028964,20556-11-0,Organic compounds,Organic acids and derivatives,Carboxylic acids and derivatives,"Amino acids, peptides, and analogues"
pos_3531,epsilon-Caprolactam,HMDB0062769,105-60-2,Organic compounds,Organoheterocyclic compounds,Lactams,Caprolactams
pos_3536,"10-Hydroxy-3-methoxy-1,3,5,7-cadinatetraen-9-one",HMDB0036456,72843-51-7,Organic compounds,Lipids and lipid-like molecules,Prenol lipids,Sesquiterpenoids
pos_3539,L-Arginine,HMDB0000517,74-79-3,Organic compounds,Organic acids and derivatives,Carboxylic acids and derivatives,"Amino acids, peptides, and analogues"
pos_3551,3-Methylcyclopentene,HMDB0031544,1120-62-3,Organic compounds,Hydrocarbons,Unsaturated hydrocarbons,Olefins
pos_3554,5-Methoxyindole-2-carboxylic acid,HMDB0246823,--,Organic compounds,Organoheterocyclic compounds,Indoles and derivatives,Indolecarboxylic acids and derivatives
pos_3555,3-Aminopropiononitrile,HMDB0004101,151-18-8,Organic compounds,Organic nitrogen compounds,Organonitrogen compounds,Organic cyanides
pos_3559,2-Indolecarboxylic acid,HMDB0002285,1477-50-5,Organic compounds,Organoheterocyclic compounds,Indoles and derivatives,Indolecarboxylic acids and derivatives
pos_3560,"2,8-Dihydroxyquinoline-beta-D-glucuronide",HMDB0011658,--,Organic compounds,Organic oxygen compounds,Organooxygen compounds,Carbohydrates and carbohydrate conjugates
pos_3564,Dehydromonocrotaline,HMDB0250956,--,Organic compounds,Organoheterocyclic compounds,Pyrrolizines,--
pos_3567,6-Methylquinoline,HMDB0033115,91-62-3,Organic compounds,Organoheterocyclic compounds,Quinolines and derivatives,--
pos_3568,"4-Amino-2,2,6,6-tetramethylpiperidin-1-ol",HMDB0246342,--,Organic compounds,Organoheterocyclic compounds,Piperidines,Aminopiperidines
pos_3573,2'-Deoxy-2'-fluorocytidine,HMDB0245531,--,Organic compounds,"Nucleosides, nucleotides, and analogues",Pyrimidine nucleosides,Pyrimidine 2'-deoxyribonucleosides
pos_3575,Isoleucyl-Leucine,HMDB0028911,--,Organic compounds,Organic acids and derivatives,Carboxylic acids and derivatives,"Amino acids, peptides, and analogues"
pos_3578,Glycyl-histidyl-arginyl-proline,HMDB0252877,--,Organic compounds,Organic acids and derivatives,Carboxylic acids and derivatives,"Amino acids, peptides, and analogues"
pos_3584,Dmean,HMDB0251537,--,Organic compounds,Benzenoids,Naphthalenes,--
pos_3587,Glyurallin B,HMDB0031927,199331-53-8,Organic compounds,Phenylpropanoids and polyketides,Isoflavonoids,Isoflav-2-enes
pos_3593,Ketoleucine,HMDB0000695,816-66-0,Organic compounds,Organic acids and derivatives,Keto acids and derivatives,Short-chain keto acids and derivatives
pos_3601,3-(1-Hydroxymethyl-1-propenyl)pentanedioic acid,HMDB0033092,--,Organic compounds,Lipids and lipid-like molecules,Fatty Acyls,Fatty acids and conjugates
pos_3602,g-Nitro-l-arginine methyl ester,HMDB0252563,--,Organic compounds,Organic acids and derivatives,Carboxylic acids and derivatives,"Amino acids, peptides, and analogues"
pos_3607,"1,4,8,11-Tetraoxacyclotetradecane",HMDB0244226,--,Organic compounds,Organic oxygen compounds,Organooxygen compounds,Ethers
pos_3613,"15-Hydroxynorandrostene-3,17-dione glucuronide",HMDB0010353,131749-23-0,Organic compounds,Lipids and lipid-like molecules,Steroids and steroid derivatives,Steroidal glycosides
pos_3618,"1,2,3,4,5,6-Hexahydro-5-(1-hydroxyethylidene)-7H-cyclopenta[b]pyridin-7-one",HMDB0039655,118355-70-7,Organic compounds,Organoheterocyclic compounds,Pyridines and derivatives,Hydropyridines
pos_3620,3-O-Methyl-D-glucopyranose,HMDB0245958,--,Organic compounds,Organic oxygen compounds,Organooxygen compounds,Carbohydrates and carbohydrate conjugates
pos_3631,Methylergonovine,HMDB0014497,113-42-8,Organic compounds,Alkaloids and derivatives,Ergoline and derivatives,Lysergic acids and derivatives
pos_3633,"3,4-Pyrrolidinediol, 2-(p-methoxybenzyl)-, 3-acetate, (2S,3R,4R)-",HMDB0243530,--,Organic compounds,Benzenoids,Phenol ethers,Anisoles
pos_3634,(S)-2-Amino-4-methylsulfanyl-butane-1-thiol,HMDB0249989,--,Organic compounds,Organosulfur compounds,Thiols,Alkylthiols
pos_3635,TRIETHYLENE GLYCOL,HMDB0259193,--,Organic compounds,Organic oxygen compounds,Organooxygen compounds,Ethers
pos_3639,"3-[1-(3-Aminopropyl)-1H-indol-3-YL]-4-(1-methyl-1H-indol-3-YL)-1H-pyrrole-2,5-dione",HMDB0257261,--,Organic compounds,Organoheterocyclic compounds,Indoles and derivatives,N-alkylindoles
pos_3642,Ascorbigen,HMDB0029839,26676-89-1,Organic compounds,Organoheterocyclic compounds,Furofurans,Isosorbides
pos_3648,Streptidine,HMDB0258506,--,Organic compounds,Organic oxygen compounds,Organooxygen compounds,Alcohols and polyols
pos_3654,Hippuric acid,HMDB0000714,495-69-2,Organic compounds,Benzenoids,Benzene and substituted derivatives,Benzoic acids and derivatives
pos_3656,Isoquinolinesulfonamide,HMDB0253686,--,Organic compounds,Organoheterocyclic compounds,Isoquinolines and derivatives,--
pos_3657,Rosmarinate,HMDB0257311,--,Organic compounds,Phenylpropanoids and polyketides,Cinnamic acids and derivatives,Hydroxycinnamic acids and derivatives
pos_3658,Neodiospyrin,HMDB0029538,33916-25-5,Organic compounds,Benzenoids,Naphthalenes,Naphthoquinones
pos_3660,Benzene,HMDB0001505,71-43-2,Organic compounds,Benzenoids,Benzene and substituted derivatives,--
pos_3661,5-Hydroxy-2-imino-1-methylimidazolidin-4-one,HMDB0244988,--,Organic compounds,Organic acids and derivatives,Carboxylic acids and derivatives,"Amino acids, peptides, and analogues"
pos_3662,N-Chlorophenylalanine,HMDB0255100,--,Organic compounds,Organic acids and derivatives,Carboxylic acids and derivatives,"Amino acids, peptides, and analogues"
pos_3663,Furazolidone,HMDB0014752,67-45-8,Organic compounds,Organoheterocyclic compounds,Furans,Nitrofurans
pos_3672,Benzoic acid sulfate,HMDB0240374,72021-45-5,Organic compounds,Benzenoids,Benzene and substituted derivatives,Benzoic acids and derivatives
pos_3673,6-Hydroxy-5-methoxyindole glucuronide,HMDB0010362,77463-72-0,Organic compounds,Organic oxygen compounds,Organooxygen compounds,Carbohydrates and carbohydrate conjugates
pos_3674,Riboflavin,HMDB0000244,83-88-5,Organic compounds,Organoheterocyclic compounds,Pteridines and derivatives,Alloxazines and isoalloxazines
pos_3677,Naratriptan,HMDB0015087,121679-13-8,Organic compounds,Organoheterocyclic compounds,Indoles and derivatives,Indoles
pos_3678,Levofloxacin,HMDB0001929,100986-85-4,Organic compounds,Organoheterocyclic compounds,Quinolines and derivatives,Quinoline carboxylic acids
pos_3681,trans-2-Enoyl-OPC4-CoA,HMDB0011120,--,Organic compounds,Lipids and lipid-like molecules,Fatty Acyls,Fatty acyl thioesters
pos_3683,Tridecanoylglycine,HMDB0013317,--,Organic compounds,Organic acids and derivatives,Carboxylic acids and derivatives,"Amino acids, peptides, and analogues"
pos_3688,Cyclohexylamine,HMDB0031404,108-91-8,Organic compounds,Organic nitrogen compounds,Organonitrogen compounds,Cyclohexylamines
pos_3692,"2-Hexyl-4,5-dimethyloxazole",HMDB0037895,--,Organic compounds,Organoheterocyclic compounds,Azoles,Oxazoles
pos_3730,6-Keto-prostaglandin F1alpha,HMDB0002886,58962-34-8,Organic compounds,Lipids and lipid-like molecules,Fatty Acyls,Eicosanoids
pos_3731,Octaethylene glycol,HMDB0094680,--,Organic compounds,Organic oxygen compounds,Organooxygen compounds,Ethers
pos_3746,Isopentyl beta-D-glucoside,HMDB0034750,--,Organic compounds,Lipids and lipid-like molecules,Fatty Acyls,Fatty acyl glycosides
pos_3750,4-(1-(2-Fluoro-4-biphenyl)ethyl)-2-methylaminothiazole,HMDB0258341,--,Organic compounds,Benzenoids,Benzene and substituted derivatives,Biphenyls and derivatives
pos_3751,MG(0:0/18:1(11Z)/0:0),HMDB0011536,--,Organic compounds,Lipids and lipid-like molecules,Glycerolipids,Monoradylglycerols
pos_3762,Linoleoyl ethanolamide,HMDB0012252,68171-52-8,Organic compounds,Organic nitrogen compounds,Organonitrogen compounds,Amines
pos_3768,Hypromellosum,HMDB0256007,--,Organic compounds,Organic oxygen compounds,Organooxygen compounds,Carbohydrates and carbohydrate conjugates
pos_3789,D-Glucosaminide,HMDB0004270,78341-33-0,Organic compounds,Organic oxygen compounds,Organooxygen compounds,Carbohydrates and carbohydrate conjugates
pos_3796,Deramciclane,HMDB0251023,--,Organic compounds,Lipids and lipid-like molecules,Prenol lipids,Monoterpenoids
pos_3820,Phenazopyridine,HMDB0015506,94-78-0,Organic compounds,Organoheterocyclic compounds,Pyridines and derivatives,Aminopyridines and derivatives
pos_3826,Obelin,HMDB0255880,--,Organic compounds,Organoheterocyclic compounds,Quinolines and derivatives,Benzoquinolines
pos_3828,Kanamycin,HMDB0015303,8063/7/8,Organic compounds,Organic oxygen compounds,Organooxygen compounds,Carbohydrates and carbohydrate conjugates
pos_3829,Morph,HMDB0254890,--,Organic compounds,Organoheterocyclic compounds,Oxazinanes,Morpholines
pos_3836,Balapiravir,HMDB0248852,--,Organic compounds,Organic oxygen compounds,Organooxygen compounds,Carbohydrates and carbohydrate conjugates
pos_3838,Galactoarabinan,HMDB0252576,--,Organic compounds,Organic oxygen compounds,Organooxygen compounds,Carbohydrates and carbohydrate conjugates
pos_3853,Naloxazone,HMDB0255434,--,Organic compounds,Benzenoids,Phenanthrenes and derivatives,--
pos_3858,Nartograstim,HMDB0255464,--,Organic compounds,Organic acids and derivatives,Carboxylic acids and derivatives,"Amino acids, peptides, and analogues"
pos_3862,2-Methylpiperidine,HMDB0032416,109-05-7,Organic compounds,Organoheterocyclic compounds,Piperidines,--
pos_3864,CDP-DG(a-15:0/PGF1alpha),HMDB0292939,--,--,--,--,--
pos_3866,"(3x,5x,10x)-9,10-Didehydroisohumbertiol O-[rhamnopyranosyl-(1->4)-rhamnopyranosyl-(1->2)-[(E)-feruloyl-(->4)-rhamnosyl-(1->6)]-glucoside]",HMDB0040688,143363-61-5,Organic compounds,Organic oxygen compounds,Organooxygen compounds,Carbohydrates and carbohydrate conjugates
pos_3867,CDP-DG(a-15:0/LTE4),HMDB0292877,--,--,--,--,--
pos_3869,Conhydrinone,HMDB0033364,97073-23-9,Organic compounds,Organoheterocyclic compounds,Piperidines,--
pos_3870,Indole-3-carboxylic acid,HMDB0003320,771-50-6,Organic compounds,Organoheterocyclic compounds,Indoles and derivatives,Indolecarboxylic acids and derivatives
pos_3871,11-nitro-1-undecene,HMDB0062669,--,Organic compounds,"Organic 1,3-dipolar compounds","Allyl-type 1,3-dipolar organic compounds",Organic nitro compounds
pos_3872,Valyl-Aspartate,HMDB0029123,20556-16-5,Organic compounds,Organic acids and derivatives,Carboxylic acids and derivatives,"Amino acids, peptides, and analogues"
pos_3908,(R)-3-((2-(2-(4-Methylpiperidin-1-yl)ethyl)pyrrolidin-1-yl)sulfonyl)phenol,HMDB0245575,--,Organic compounds,Benzenoids,Benzene and substituted derivatives,Benzenesulfonamides
pos_3923,Caryoptosidic acid,HMDB0034249,220271-92-1,Organic compounds,Lipids and lipid-like molecules,Prenol lipids,Terpene glycosides
pos_3925,Chitobiose,HMDB0003556,577-76-4,Organic compounds,Organic oxygen compounds,Organooxygen compounds,Carbohydrates and carbohydrate conjugates
pos_3931,Codeine-6-glucuronide,HMDB0060464,20736-11-2,Organic compounds,Alkaloids and derivatives,Morphinans,--
pos_3940,Cys-Arg-Glu-Lys-Ala,HMDB0250699,--,Organic compounds,Organic acids and derivatives,Carboxylic acids and derivatives,"Amino acids, peptides, and analogues"
pos_3941,Neomycin B,HMDB0015129,1404-04-2,Organic compounds,Organic oxygen compounds,Organooxygen compounds,Carbohydrates and carbohydrate conjugates
pos_3954,Nonioside B,HMDB0303582,--,Organic compounds,Organic oxygen compounds,Organooxygen compounds,Carbohydrates and carbohydrate conjugates
pos_3970,Mepartricin,HMDB0253564,--,Organic compounds,Organic oxygen compounds,Organooxygen compounds,Carbohydrates and carbohydrate conjugates
pos_3974,Sativoside R2,HMDB0039829,126643-24-1,Organic compounds,Lipids and lipid-like molecules,Steroids and steroid derivatives,Steroidal glycosides
pos_3976,7-Isopropyl-5-methylbicyclo[2.2.2]oct-5-en-2-one,HMDB0036681,73069-42-8,Organic compounds,Organic oxygen compounds,Organooxygen compounds,Carbonyl compounds
pos_3981,Arginyl-Cysteine,HMDB0304777,--,Organic compounds,Organic acids and derivatives,Carboxylic acids and derivatives,"Amino acids, peptides, and analogues"
pos_3982,Nifedipine,HMDB0015247,21829-25-4,Organic compounds,Organoheterocyclic compounds,Pyridines and derivatives,Hydropyridines
pos_3983,Pyroglutamyl-3-methylhistidyl-prolinamide,HMDB0245915,--,Organic compounds,Organic acids and derivatives,Carboxylic acids and derivatives,"Amino acids, peptides, and analogues"
pos_4025,"PIP(20:1(11Z)/18:3(10,12,15)-OH(9))",HMDB0279644,--,--,--,--,--
pos_4026,Dakh peptide,HMDB0250831,--,Organic compounds,Organic acids and derivatives,Peptidomimetics,--
pos_4027,Barbital,HMDB0248870,--,Organic compounds,Organoheterocyclic compounds,Diazines,Pyrimidines and pyrimidine derivatives
pos_4028,Glutaminyl-Proline,HMDB0028805,139370-58-4,Organic compounds,Organic acids and derivatives,Carboxylic acids and derivatives,"Amino acids, peptides, and analogues"
pos_4039,Capecitabine,HMDB0015233,154361-50-9,Organic compounds,"Nucleosides, nucleotides, and analogues",5'-deoxyribonucleosides,--
pos_4049,"2,5-Dioxopyrrolidin-1-yl 6-(5-((3aS,4S,6aR)-2-oxohexahydro-1H-thieno[3,4-d]imidazol-4-yl)pentanamido)hexanoate",HMDB0247319,--,Organic compounds,Organoheterocyclic compounds,Biotin and derivatives,--
pos_4056,Desglucocheirotoxin,HMDB0034362,5822-57-1,Organic compounds,Lipids and lipid-like molecules,Steroids and steroid derivatives,Steroid lactones
pos_4061,Butirosina,HMDB0248282,--,Organic compounds,Organic oxygen compounds,Organooxygen compounds,Carbohydrates and carbohydrate conjugates
pos_4085,Vomifoliol 9-[glucosyl-(1->4)-xylosyl-(1->6)-glucoside],HMDB0038449,141947-49-1,Organic compounds,Organic oxygen compounds,Organooxygen compounds,Carbohydrates and carbohydrate conjugates
pos_4087,Vindesine,HMDB0014454,59917-39-4,Organic compounds,Alkaloids and derivatives,Vinca alkaloids,--
pos_4092,"(3x,5x,10x)-9,10-Didehydroisohumbertiol O-[rhamnosyl-(1->4)-rhamnosyl-(1->2)-[rhamnosyl-(1->6)]-glucoside]",HMDB0040687,143376-49-2,Organic compounds,Organic oxygen compounds,Organooxygen compounds,Carbohydrates and carbohydrate conjugates
pos_4094,Piperidine,HMDB0034301,110-89-4,Organic compounds,Organoheterocyclic compounds,Piperidines,--
pos_4099,Zosuquidar,HMDB0260047,--,Organic compounds,Benzenoids,Dibenzocycloheptenes,--
pos_4101,Asparaginyl-Proline,HMDB0028739,--,Organic compounds,Organic acids and derivatives,Carboxylic acids and derivatives,"Amino acids, peptides, and analogues"
pos_4107,17a-Ethynylestradiol,HMDB0001926,57-63-6,Organic compounds,Lipids and lipid-like molecules,Steroids and steroid derivatives,Estrane steroids
pos_4115,12-OxoETE,HMDB0013633,108437-64-5,Organic compounds,Lipids and lipid-like molecules,Fatty Acyls,Fatty acids and conjugates
pos_4128,(R)-Acetoin,HMDB0303161,--,Organic compounds,Organic oxygen compounds,Organooxygen compounds,Carbonyl compounds
pos_4133,Gentamicin,HMDB0014936,1403-66-3,Organic compounds,Organic oxygen compounds,Organooxygen compounds,Carbohydrates and carbohydrate conjugates
pos_4139,Feruloyl-2-hydroxyputrescine,HMDB0033465,--,Organic compounds,Phenylpropanoids and polyketides,Cinnamic acids and derivatives,Hydroxycinnamic acids and derivatives
pos_414,"Phosphono [2,3,4-trihydroxy-5,6-bis[[hydroxy(phosphonooxy)phosphoryl]oxy]cyclohexyl] hydrogen phosphate",HMDB0257772,--,Organic compounds,Organic oxygen compounds,Organooxygen compounds,Alcohols and polyols
pos_4148,"2,2-Dimethyl-5-hydroxy-1-pyrrolidinyloxy",HMDB0247851,--,Organic compounds,Organoheterocyclic compounds,Pyrrolidines,--
pos_4149,Leucyl-Serine,HMDB0028938,--,Organic compounds,Organic acids and derivatives,Carboxylic acids and derivatives,"Amino acids, peptides, and analogues"
pos_4150,Penmacric acid,HMDB0029436,55297-13-7,Organic compounds,Organic acids and derivatives,Carboxylic acids and derivatives,"Amino acids, peptides, and analogues"
pos_4154,Linamarin,HMDB0033699,554-35-8,Organic compounds,Organic oxygen compounds,Organooxygen compounds,Carbohydrates and carbohydrate conjugates
pos_4157,arabinofuranosylguanine,HMDB0061067,--,Organic compounds,"Nucleosides, nucleotides, and analogues",Purine nucleosides,--
pos_4181,"ethyl ((3,4,5-trihydroxy-6-((4-(4-isopropoxybenzyl)-1-isopropyl-5-methyl-1H-pyrazol-3-yl)oxy)tetrahydro-2H-pyran-2-yl)methyl) carbonate",HMDB0252023,--,Organic compounds,Organic oxygen compounds,Organooxygen compounds,Carbohydrates and carbohydrate conjugates
pos_4192,PA(8:0/PGD1),HMDB0266681,--,--,--,--,--
pos_4208,Kiwiionoside,HMDB0038691,141897-12-3,Organic compounds,Lipids and lipid-like molecules,Prenol lipids,Terpene glycosides
pos_4210,piperidino,HMDB0256578,--,Organic compounds,Organoheterocyclic compounds,Piperidines,--
pos_4214,Deltorphin,HMDB0250986,--,Organic compounds,Organic acids and derivatives,Carboxylic acids and derivatives,"Amino acids, peptides, and analogues"
pos_4227,Carinol,HMDB0030657,58139-12-1,Organic compounds,"Lignans, neolignans and related compounds",Dibenzylbutane lignans,Dibenzylbutanediol lignans
pos_4232,"CDP-DG(22:3(10Z,13Z,16Z)/PGE2)",HMDB0292347,--,--,--,--,--
pos_4239,CDP-DG(i-20:0/LTE4),HMDB0294124,--,--,--,--,--
pos_4263,Ketotifen-N-glucuronide,HMDB0060596,--,Organic compounds,Organic oxygen compounds,Organooxygen compounds,Carbohydrates and carbohydrate conjugates
pos_4265,NPC,HMDB0060499,--,Organic compounds,Alkaloids and derivatives,Camptothecins,--
pos_4266,Daglutril,HMDB0250830,--,Organic compounds,Organic acids and derivatives,Carboxylic acids and derivatives,"Amino acids, peptides, and analogues"
pos_4267,Histidylprolineamide,HMDB0253186,--,Organic compounds,Organic acids and derivatives,Carboxylic acids and derivatives,"Amino acids, peptides, and analogues"
pos_4281,Naldemedine,HMDB0255430,--,Organic compounds,Alkaloids and derivatives,Morphinans,--
pos_4286,N-Ribosylhistidine,HMDB0002089,98379-91-0,Organic compounds,Organic acids and derivatives,Carboxylic acids and derivatives,"Amino acids, peptides, and analogues"
pos_4314,"PI(20:3(5Z,8Z,11Z)/20:5(7Z,9Z,11E,13E,17Z)-3OH(5,6,15))",HMDB0277345,--,--,--,--,--
pos_4315,Tomatine,HMDB0034103,17406-45-0,Organic compounds,Lipids and lipid-like molecules,Steroids and steroid derivatives,Steroidal glycosides
pos_4319,5-Ethyl-2-hexyl-4-methyloxazole,HMDB0037899,84028-19-3,Organic compounds,Organoheterocyclic compounds,Azoles,Oxazoles
pos_4325,(Z)-1-Methyl-2-(tridec-8-en-1-yl)quinolin-4(1H)-one,HMDB0252136,--,Organic compounds,Organoheterocyclic compounds,Quinolines and derivatives,Quinolones and derivatives
pos_4343,Galantamine,HMDB0014812,357-70-0,Organic compounds,Alkaloids and derivatives,Amaryllidaceae alkaloids,Galanthamine-type amaryllidaceae alkaloids
pos_4344,Muricin A,HMDB0036977,--,Organic compounds,Lipids and lipid-like molecules,Fatty Acyls,Fatty alcohols
pos_4360,8-Amino-7-oxononanoate,HMDB0240687,682799-71-9,Organic compounds,Lipids and lipid-like molecules,Fatty Acyls,Fatty acids and conjugates
pos_4386,"PGP(i-19:0/20:3(8Z,11Z,14Z)-2OH(5,6))",HMDB0275553,--,--,--,--,--
pos_4391,Asparaginyl-Methionine,HMDB0028737,--,Organic compounds,Organic acids and derivatives,Carboxylic acids and derivatives,"Amino acids, peptides, and analogues"
pos_4393,Isofucosterol,HMDB0002374,481-14-1,Organic compounds,Lipids and lipid-like molecules,Steroids and steroid derivatives,Stigmastanes and derivatives
pos_4396,Tezacitabine,HMDB0258943,--,Organic compounds,Organoheterocyclic compounds,Diazines,Pyrimidines and pyrimidine derivatives
pos_4398,Gentamicin C,HMDB0252688,--,Organic compounds,Organic oxygen compounds,Organooxygen compounds,Carbohydrates and carbohydrate conjugates
pos_4403,"PGP(16:1(9Z)/18:3(9,11,15)-OH(13))",HMDB0272486,--,--,--,--,--
pos_4414,Indole,HMDB0000738,120-72-9,Organic compounds,Organoheterocyclic compounds,Indoles and derivatives,Indoles
pos_4415,L-4-Hydroxyglutamate semialdehyde,HMDB0006556,--,Organic compounds,Organic acids and derivatives,Carboxylic acids and derivatives,"Amino acids, peptides, and analogues"
pos_4419,5-Hydroxyindole-3-acetic acid,HMDB0000763,54-16-0,Organic compounds,Organoheterocyclic compounds,Indoles and derivatives,Indolyl carboxylic acids and derivatives
pos_4420,N-Acetylkynurenine,HMDB0240342,3428/8/8,Organic compounds,Organic oxygen compounds,Organooxygen compounds,Carbonyl compounds
pos_4440,2-Methylpyridine,HMDB0061888,109-06-8,Organic compounds,Organoheterocyclic compounds,Pyridines and derivatives,Methylpyridines
pos_4441,6-Aminohexanoate,HMDB0001901,60-32-2,Organic compounds,Lipids and lipid-like molecules,Fatty Acyls,Fatty acids and conjugates
pos_4442,epsilon-(Carboxyethyl)lysine,HMDB0251886,--,Organic compounds,Organic acids and derivatives,Carboxylic acids and derivatives,"Amino acids, peptides, and analogues"
pos_4443,Hydroxyisonobilin,HMDB0034475,--,Organic compounds,Lipids and lipid-like molecules,Prenol lipids,Terpene lactones
pos_4451,Caffeoyl tyrosine,HMDB0029295,124027-56-1,Organic compounds,Organic acids and derivatives,Carboxylic acids and derivatives,"Amino acids, peptides, and analogues"
pos_4453,17-AAG,HMDB0244762,--,Organic compounds,Phenylpropanoids and polyketides,Macrolactams,--
pos_4455,N-Dihydroferuloyltyramine,HMDB0033028,184877-32-5,Organic compounds,Benzenoids,Phenols,Methoxyphenols
pos_4459,"2-[(3-Phenyl-5,6-dihydro-2h-1,2,4-oxadiazin-6-yl)methyl]-1,2,3,4-tetrahydroisoquinoline",HMDB0256918,--,Organic compounds,Organoheterocyclic compounds,Tetrahydroisoquinolines,--
pos_4463,Tyrosyl-Arginine,HMDB0029099,--,Organic compounds,Organic acids and derivatives,Carboxylic acids and derivatives,"Amino acids, peptides, and analogues"
pos_4464,L-Glutamyl 5-phosphate,HMDB0001228,13254-53-0,Organic compounds,Organic acids and derivatives,Carboxylic acids and derivatives,"Amino acids, peptides, and analogues"
pos_4468,Mesaconitine,HMDB0254473,--,Organic compounds,Lipids and lipid-like molecules,Prenol lipids,Diterpenoids
pos_4470,(6S)-Tetrahydro-L-biopterin,HMDB0257928,--,Organic compounds,Organoheterocyclic compounds,Pteridines and derivatives,Pterins and derivatives
pos_4481,2-Hydroxyestrone,HMDB0000343,362-06-1,Organic compounds,Lipids and lipid-like molecules,Steroids and steroid derivatives,Estrane steroids
pos_4485,Deltorphin II,HMDB0250987,--,Organic compounds,Organic acids and derivatives,Carboxylic acids and derivatives,"Amino acids, peptides, and analogues"
pos_4492,Dihydrodigoxin,HMDB0041879,5297/10/9,Organic compounds,Lipids and lipid-like molecules,Steroids and steroid derivatives,Steroid lactones
pos_4501,"(3R,4S,5R)-3,4,5,6-Tetrahydroxyhexanoyl fluoride",HMDB0258135,--,Organic compounds,Organic oxygen compounds,Organooxygen compounds,Alcohols and polyols
pos_4502,2-Methyl-4-propyloxazole,HMDB0037853,126484-99-9,Organic compounds,Organoheterocyclic compounds,Azoles,Oxazoles
pos_4510,Cincassiol B,HMDB0036855,73599-13-0,Organic compounds,Lipids and lipid-like molecules,Prenol lipids,Diterpenoids
pos_4515,Pipemidic acid,HMDB0041989,51940-44-4,Organic compounds,Organoheterocyclic compounds,Diazinanes,Piperazines
pos_4521,Isoleucyl-Proline,HMDB0011174,37462-92-3,Organic compounds,Organic acids and derivatives,Carboxylic acids and derivatives,"Amino acids, peptides, and analogues"
pos_4523,Threonyltryptophan,HMDB0029072,186761-42-2,Organic compounds,Organic acids and derivatives,Carboxylic acids and derivatives,"Amino acids, peptides, and analogues"
pos_4528,2-Fluoroamphetamine,HMDB0245131,--,Organic compounds,Benzenoids,Benzene and substituted derivatives,Phenethylamines
pos_4534,P-Cttlvc-T,HMDB0257121,--,Organic compounds,Organic acids and derivatives,Carboxylic acids and derivatives,"Amino acids, peptides, and analogues"
pos_4536,p-Hydroxyphenylethylbiguanide,HMDB0259540,--,Organic compounds,Organic nitrogen compounds,Organonitrogen compounds,Guanidines
pos_4537,Thalictroidine,HMDB0034684,248259-06-5,Organic compounds,Organic oxygen compounds,Organooxygen compounds,Carbonyl compounds
pos_4538,Glycerol 1-propanoate diacetate,HMDB0031640,36600-62-1,Organic compounds,Lipids and lipid-like molecules,Glycerolipids,Triradylcglycerols
pos_4539,N-Palmitoyl Alanine,HMDB0241919,--,--,--,--,--
pos_4540,(-)-Epigallocatechin 3'-glucuronide,HMDB0041638,--,Organic compounds,Phenylpropanoids and polyketides,Flavonoids,Flavonoid glycosides
pos_4542,Genistein 4'-glucuronide-7-sulfate,HMDB0240520,--,Organic compounds,Phenylpropanoids and polyketides,Flavonoids,Flavans
pos_4549,Neuromedin C 1-8,HMDB0013019,157623-03-5,Organic compounds,Organic acids and derivatives,Carboxylic acids and derivatives,"Amino acids, peptides, and analogues"
pos_4554,2-Nitrotoluene,HMDB0245268,--,Organic compounds,Benzenoids,Benzene and substituted derivatives,Nitrobenzenes
pos_4561,4-(3-Pyridyl)-3-butenoic acid,HMDB0001424,--,Organic compounds,Organoheterocyclic compounds,Pyridines and derivatives,--
pos_4562,N-methylphenylalanine,HMDB0029224,--,Organic compounds,Organic acids and derivatives,Carboxylic acids and derivatives,"Amino acids, peptides, and analogues"
pos_4568,3H-Dopamine,HMDB0246265,--,Organic compounds,Organic oxygen compounds,Organooxygen compounds,Alcohols and polyols
pos_4569,3-Methyloxindole,HMDB0304943,--,Organic compounds,Organoheterocyclic compounds,Indoles and derivatives,Indolines
pos_4570,1-Oxo-1H-2-benzopyran-3-carboxaldehyde,HMDB0030577,34328-51-3,Organic compounds,Phenylpropanoids and polyketides,Isocoumarins and derivatives,--
pos_4573,3-(6'-Methylthio)hexylmalic acid,HMDB0304111,--,Organic compounds,Organic acids and derivatives,Hydroxy acids and derivatives,Medium-chain hydroxy acids and derivatives
pos_4583,"2-Oxa-4,7,12-triazatridecan-13-oic acid, 9-hydroxy-5-(1-methylethyl)-3,6-dioxo-8,11-bis(phenylmethyl)-1-(2-pyridinyl)-, 3-pyridinylmethyl ester, (5S,8S,9S,11S)-",HMDB0244627,--,Organic compounds,Organic acids and derivatives,Carboxylic acids and derivatives,"Amino acids, peptides, and analogues"
pos_4586,Tyr(Me)AVP,HMDB0259349,--,Organic compounds,Organic acids and derivatives,Carboxylic acids and derivatives,"Amino acids, peptides, and analogues"
pos_4587,4-Ethyl-5-methyl-2-pentyloxazol,HMDB0037897,84028-14-8,Organic compounds,Organoheterocyclic compounds,Azoles,Oxazoles
pos_4588,Isoleucyl-Alanine,HMDB0028900,--,Organic compounds,Organic acids and derivatives,Carboxylic acids and derivatives,"Amino acids, peptides, and analogues"
pos_4592,Dhlnl,HMDB0246853,--,Organic compounds,Organic acids and derivatives,Carboxylic acids and derivatives,"Amino acids, peptides, and analogues"
pos_4622,Ciprofloxacin,HMDB0014677,85721-33-1,Organic compounds,Organoheterocyclic compounds,Quinolines and derivatives,Quinoline carboxylic acids
pos_4644,"(3beta,6beta)-Furanoeremophilane-3,6-diol 6-acetate",HMDB0034930,34335-95-0,Organic compounds,Lipids and lipid-like molecules,Prenol lipids,Sesquiterpenoids
pos_4649,(2S)-6-Amino-2-(hexanoylamino)hexanoic Acid,HMDB0253148,--,Organic compounds,Organic acids and derivatives,Carboxylic acids and derivatives,"Amino acids, peptides, and analogues"
pos_4659,Leu-Leu-Leu,HMDB0094648,--,Organic compounds,Organic acids and derivatives,Carboxylic acids and derivatives,"Amino acids, peptides, and analogues"
pos_4675,Hippurate,HMDB0000714,495-69-2,Organic compounds,Benzenoids,Benzene and substituted derivatives,Benzoic acids and derivatives
pos_4678,15-OxoETE,HMDB0010210,81416-72-0,Organic compounds,Lipids and lipid-like molecules,Fatty Acyls,Fatty acids and conjugates
pos_4694,16-Acetylgitoxin,HMDB0244719,--,Organic compounds,Lipids and lipid-like molecules,Steroids and steroid derivatives,Steroid lactones
pos_4696,Met-glu-his-phe-arg-trp-gly,HMDB0254491,--,Organic compounds,Organic acids and derivatives,Carboxylic acids and derivatives,"Amino acids, peptides, and analogues"
pos_4697,Vdavp,HMDB0246591,--,Organic compounds,Organic acids and derivatives,Carboxylic acids and derivatives,"Amino acids, peptides, and analogues"
pos_4698,Ethyl maltol,HMDB0031735,4940/11/8,Organic compounds,Organoheterocyclic compounds,Pyrans,Pyranones and derivatives
pos_4699,"2,4-Dimethyl-5-propyloxazole",HMDB0037868,84027-86-1,Organic compounds,Organoheterocyclic compounds,Azoles,Oxazoles
pos_4701,Dihydrodaidzein,HMDB0005760,17238-05-0,Organic compounds,Phenylpropanoids and polyketides,Isoflavonoids,Isoflavans
pos_4706,Dihydrodaidzein 7-O-glucuronide,HMDB0041722,--,Organic compounds,Phenylpropanoids and polyketides,Isoflavonoids,Isoflavonoid O-glycosides
pos_4711,Endoxifen O-glucuronide,HMDB0060622,--,Organic compounds,Phenylpropanoids and polyketides,Stilbenes,Stilbene glycosides
pos_4723,"2,3-Dihydroxypropyl octanoate",HMDB0254850,--,Organic compounds,Lipids and lipid-like molecules,Glycerolipids,Monoradylglycerols
pos_4725,Ergoloid,HMDB0240271,--,Organic compounds,Alkaloids and derivatives,Ergoline and derivatives,Lysergic acids and derivatives
pos_4733,S-Adenosyl-L-methionine,HMDB0001185,485-80-3,Organic compounds,"Nucleosides, nucleotides, and analogues",5'-deoxyribonucleosides,5'-deoxy-5'-thionucleosides
pos_4735,"5,9,11-trihydroxyprosta-6E,14Z-dien-1-oate",HMDB0062413,80998-07-8,Organic compounds,Lipids and lipid-like molecules,Prenol lipids,Diterpenoids
pos_4741,Withaperuvin H,HMDB0034061,--,Organic compounds,Lipids and lipid-like molecules,Steroids and steroid derivatives,Steroid lactones
pos_4750,Libenzapril,HMDB0254077,--,Organic compounds,Organic acids and derivatives,Carboxylic acids and derivatives,"Amino acids, peptides, and analogues"
pos_4751,Schiff base,HMDB0258164,--,Organic compounds,Benzenoids,Benzene and substituted derivatives,Aniline and substituted anilines
pos_4755,Oxytocin,HMDB0002865,50-56-6,Organic compounds,Organic acids and derivatives,Carboxylic acids and derivatives,"Amino acids, peptides, and analogues"
pos_4758,Nalfurafine,HMDB0255431,--,Organic compounds,Benzenoids,Phenanthrenes and derivatives,--
pos_4759,Prednisolone hemisuccinate,HMDB0245744,--,Organic compounds,Lipids and lipid-like molecules,Steroids and steroid derivatives,Pregnane steroids
pos_4761,"4-[2-[2-[3-Acetamido-2,5-dihydroxy-6-(hydroxymethyl)oxan-4-yl]oxypropanoylamino]propanoylamino]-5-amino-5-oxopentanoic acid",HMDB0246932,--,Organic compounds,Organic acids and derivatives,Carboxylic acids and derivatives,"Amino acids, peptides, and analogues"
pos_4768,gamma-Glutamylphenylalanine,HMDB0000594,7432-24-8,Organic compounds,Organic acids and derivatives,Carboxylic acids and derivatives,"Amino acids, peptides, and analogues"
pos_4774,2'-O-Methylphaseollinisoflavan,HMDB0034412,49594-01-6,Organic compounds,Phenylpropanoids and polyketides,Isoflavonoids,O-methylated isoflavonoids
pos_4777,"CDP-DG(a-13:0/18:2(9Z,11E)+=O(13))",HMDB0292791,--,--,--,--,--
pos_4782,Lanabecestat,HMDB0253964,--,Organic compounds,Benzenoids,Indanes,--
pos_4786,Catechin 3-glucuronide,HMDB0240434,94495-57-5,Organic compounds,Phenylpropanoids and polyketides,Flavonoids,Flavonoid glycosides
pos_4789,Quercetin 7-glucuronide 3-rhamnoside,HMDB0036264,--,Organic compounds,Lipids and lipid-like molecules,Prenol lipids,Terpene glycosides
pos_4799,Conophylline,HMDB0250438,--,Organic compounds,Alkaloids and derivatives,Aspidospermatan-type alkaloids,--
pos_4807,Zearalenone,HMDB0031752,17924-92-4,Organic compounds,Phenylpropanoids and polyketides,Macrolides and analogues,Zearalenones
pos_4810,Antagonist G,HMDB0248454,--,Organic compounds,Lipids and lipid-like molecules,Prenol lipids,Diterpenoids
pos_4817,Serylarginine,HMDB0029033,13261-11-5,Organic compounds,Organic acids and derivatives,Carboxylic acids and derivatives,"Amino acids, peptides, and analogues"
pos_4818,N-[(Ethoxycarbonyl)methyl)-p-menthane-3-carboxamide,HMDB0032255,68489-14-5,Organic compounds,Organic acids and derivatives,Carboxylic acids and derivatives,"Amino acids, peptides, and analogues"
pos_4822,"(3beta,5alpha,6alpha,7alpha,22E,24R)-5,6-Epoxyergosta-8,14,22-triene-3,7-diol",HMDB0036304,276864-98-3,Organic compounds,Lipids and lipid-like molecules,Steroids and steroid derivatives,Ergostane steroids
pos_4824,Cholesterol sulfate,HMDB0000653,1256-86-6,Organic compounds,Lipids and lipid-like molecules,Steroids and steroid derivatives,Cholestane steroids
pos_4845,Grazoprevir,HMDB0252939,--,Organic compounds,Organic acids and derivatives,Carboxylic acids and derivatives,"Amino acids, peptides, and analogues"
pos_4849,(Z)-3-Nonen-1-ol,HMDB0030959,10340-23-5,Organic compounds,Lipids and lipid-like molecules,Fatty Acyls,Fatty alcohols
pos_4850,"1-Hydroxy-2,2,6,6-tetramethyl-4-piperidinone",HMDB0243896,--,Organic compounds,Organoheterocyclic compounds,Piperidines,Piperidinones
pos_4851,N-Decanoylglycine,HMDB0013267,--,Organic compounds,Organic acids and derivatives,Carboxylic acids and derivatives,"Amino acids, peptides, and analogues"
pos_4854,"2-(4-Amino-1-isopropyl-1H-pyrazolo[3,4-d]pyrimidin-3-yl)-1H-indol-5-ol",HMDB0256714,--,Organic compounds,Organoheterocyclic compounds,Indoles and derivatives,Hydroxyindoles
pos_4859,Octanoic acid,HMDB0000482,124-07-2,Organic compounds,Lipids and lipid-like molecules,Fatty Acyls,Fatty acids and conjugates
pos_4863,7alpha-Hydroxytestosterone,HMDB0003956,2141-17-5,Organic compounds,Lipids and lipid-like molecules,Steroids and steroid derivatives,Androstane steroids
pos_4864,Sedridine,HMDB0302907,--,Organic compounds,Organoheterocyclic compounds,Piperidines,--
pos_4869,Streptolydigin,HMDB0258509,--,Organic compounds,Organic acids and derivatives,Carboxylic acids and derivatives,"Amino acids, peptides, and analogues"
pos_4871,"N2,N2-Dimethylguanosine",HMDB0004824,2140-67-2,Organic compounds,"Nucleosides, nucleotides, and analogues",Purine nucleosides,--
pos_4888,"(d(CH2)51,Tyr(Me)2,Arg8)-Vasopressin",HMDB0243635,--,Organic compounds,Organic acids and derivatives,Carboxylic acids and derivatives,"Amino acids, peptides, and analogues"
pos_4892,Norfloxacin,HMDB0015192,70458-96-7,Organic compounds,Organic acids and derivatives,Carboxylic acids and derivatives,"Amino acids, peptides, and analogues"
pos_4895,13-(3-Methyl-5-propylfuran-2-yl)tridecanoylcarnitine,HMDB0241839,--,Organic compounds,Lipids and lipid-like molecules,Fatty Acyls,Fatty acid esters
pos_4917,Verteporfin,HMDB0014603,129497-78-5,Organic compounds,Organoheterocyclic compounds,Tetrapyrroles and derivatives,Chlorins
pos_4923,"5,10-Methylenetetrahydromethanopterin",HMDB0060401,--,Organic compounds,"Nucleosides, nucleotides, and analogues",Pyrimidine nucleosides,--
pos_4924,Porphyrin a,HMDB0256707,--,Organic compounds,Organoheterocyclic compounds,Tetrapyrroles and derivatives,--
pos_4928,Desglugastrin,HMDB0251042,--,Organic compounds,Organic acids and derivatives,Carboxylic acids and derivatives,"Amino acids, peptides, and analogues"
pos_4929,Sabinene hydrate,HMDB0036112,--,Organic compounds,Lipids and lipid-like molecules,Prenol lipids,Monoterpenoids
pos_4937,Celanide,HMDB0249790,--,Organic compounds,Lipids and lipid-like molecules,Steroids and steroid derivatives,Steroid lactones
pos_4938,Tyramine,HMDB0000306,51-67-2,Organic compounds,Benzenoids,Benzene and substituted derivatives,Phenethylamines
pos_4945,Heptanoic acid,HMDB0000666,111-14-8,Organic compounds,Lipids and lipid-like molecules,Fatty Acyls,Fatty acids and conjugates
pos_4949,(+)-Zeylenol,HMDB0029541,113532-12-0,Organic compounds,Benzenoids,Benzene and substituted derivatives,Benzoic acids and derivatives
pos_4950,Prostaglandin E2,HMDB0001220,363-24-6,Organic compounds,Lipids and lipid-like molecules,Fatty Acyls,Eicosanoids
pos_4971,Natamycin,HMDB0014964,7681-93-8,Organic compounds,Organic oxygen compounds,Organooxygen compounds,Carbohydrates and carbohydrate conjugates
pos_4983,Anthroylouabain,HMDB0248471,--,Organic compounds,Lipids and lipid-like molecules,Steroids and steroid derivatives,Steroid lactones
pos_4991,2-(2-Furanyl)-3-piperidinol,HMDB0039837,--,Organic compounds,Organic nitrogen compounds,Organonitrogen compounds,Amines
pos_4995,Dehydroisochalciporone,HMDB0033527,--,Organic compounds,Organoheterocyclic compounds,Azepines,--
pos_5027,trans-4-Aminocyclohexanecarboxylic acid,HMDB0246355,--,Organic compounds,Organic acids and derivatives,Carboxylic acids and derivatives,"Amino acids, peptides, and analogues"
pos_5028,4-Aminohex-5-ynoic acid,HMDB0252607,--,Organic compounds,Organic acids and derivatives,Carboxylic acids and derivatives,"Amino acids, peptides, and analogues"
pos_5029,N2-Acetylornithine,HMDB0003357,6205/8/9,Organic compounds,Organic acids and derivatives,Carboxylic acids and derivatives,"Amino acids, peptides, and analogues"
pos_5030,Glabrin A,HMDB0301777,162157-00-8,Organic compounds,Organic acids and derivatives,Carboxylic acids and derivatives,"Amino acids, peptides, and analogues"
pos_5031,5-Butyl-2-ethyloxazole,HMDB0037862,77311-04-7,Organic compounds,Organoheterocyclic compounds,Azoles,Oxazoles
pos_5056,Hydroxyatrazine,HMDB0062766,2163-68-0,Organic compounds,Organoheterocyclic compounds,Triazines,"1,3,5-triazines"
pos_5073,3-Dehydro-6-deoxoteasterone,HMDB0304120,--,Organic compounds,Lipids and lipid-like molecules,Steroids and steroid derivatives,"Bile acids, alcohols and derivatives"
pos_5093,2-Methylpyrrole,HMDB0033114,636-41-9,Organic compounds,Organoheterocyclic compounds,Pyrroles,Substituted pyrroles
pos_5094,2-Methylfuran,HMDB0013749,534-22-5,Organic compounds,Organoheterocyclic compounds,Heteroaromatic compounds,--
pos_5095,3-Hexenol,HMDB0302313,--,Organic compounds,Lipids and lipid-like molecules,Fatty Acyls,Fatty alcohols
pos_5106,Felypressin,HMDB0252190,--,Organic compounds,Organic acids and derivatives,Carboxylic acids and derivatives,"Amino acids, peptides, and analogues"
pos_5108,"(Deamino-Pen1,Tyr(Me)2,Arg8)-Vasopressin",HMDB0247184,--,Organic compounds,Lipids and lipid-like molecules,Prenol lipids,Triterpenoids
pos_5109,n-Butylhydroperoxide,HMDB0255095,--,Organic compounds,Organic oxygen compounds,Organic hydroperoxides,--
pos_5146,N-[4-(3-Amino-1h-indazol-4-yl)phenyl]-n1-(2-fluoro-5-methylphenyl) urea,HMDB0257638,--,Organic compounds,Benzenoids,Benzene and substituted derivatives,N-phenylureas
pos_5160,N(4)-Octadecyl-1-arabinofuranosylcytosine,HMDB0248147,--,Organic compounds,"Nucleosides, nucleotides, and analogues",Pyrimidine nucleosides,--
pos_5166,(S)-Isosclerone,HMDB0038712,54712-38-8,Organic compounds,Benzenoids,Tetralins,--
pos_5173,7-Methylguanosine,HMDB0001107,20244-86-4,Organic compounds,"Nucleosides, nucleotides, and analogues",Purine nucleosides,--
pos_5197,4-Hydroxy-3-methoxycinnamaldehyde,HMDB0141782,20649-42-7,Organic compounds,Benzenoids,Phenols,Methoxyphenols
pos_5198,Nateglinide,HMDB0014869,105816-04-4,Organic compounds,Organic acids and derivatives,Carboxylic acids and derivatives,"Amino acids, peptides, and analogues"
pos_5217,Choloyl-CoA,HMDB0001374,--,Organic compounds,Lipids and lipid-like molecules,Glycerolipids,Triradylcglycerols
pos_5222,Withaperuvin C,HMDB0034077,81644-34-0,Organic compounds,Lipids and lipid-like molecules,Steroids and steroid derivatives,Steroid lactones
pos_5245,Vincristine,HMDB0014681,57-22-7,Organic compounds,Organic acids and derivatives,Carboxylic acids and derivatives,"Amino acids, peptides, and analogues"
pos_5270,N-Stearoyl Lysine,HMDB0241946,--,Organic compounds,Organic acids and derivatives,Carboxylic acids and derivatives,"Amino acids, peptides, and analogues"
pos_5284,"(1S,2S,4R,8S)-p-Menthane-1,2,8,9-tetrol 2-glucoside",HMDB0039975,402593-52-6,Organic compounds,Lipids and lipid-like molecules,Prenol lipids,Terpene glycosides
pos_5293,4-Deoxypyridoxine,HMDB0246408,--,Organic compounds,Organoheterocyclic compounds,Pyridines and derivatives,Methylpyridines
pos_5295,Indolelactic acid,HMDB0000671,7417-65-4,Organic compounds,Organoheterocyclic compounds,Indoles and derivatives,Indolyl carboxylic acids and derivatives
pos_530,Hydrocinnamate-(orn-Pro-dcha-Trp-Arg),HMDB0256653,--,Organic compounds,Organic acids and derivatives,Carboxylic acids and derivatives,"Amino acids, peptides, and analogues"
pos_531,"PI(16:0/18:3(10,12,15)-OH(9))",HMDB0276116,--,--,--,--,--
pos_5321,Harmalol,HMDB0029838,525-57-5,Organic compounds,Alkaloids and derivatives,Harmala alkaloids,--
pos_5323,Gemcitabine,HMDB0014584,95058-81-4,Organic compounds,"Nucleosides, nucleotides, and analogues",Pyrimidine nucleosides,Pyrimidine 2'-deoxyribonucleosides
pos_5328,Phenylalanyl-Lysine,HMDB0029000,6456-72-0,Organic compounds,Organic acids and derivatives,Carboxylic acids and derivatives,"Amino acids, peptides, and analogues"
pos_5347,Ranitidine S-oxide,HMDB0257111,--,Organic compounds,Organic nitrogen compounds,Organonitrogen compounds,Amines
pos_536,"PS(22:5(4Z,7Z,10Z,13Z,16Z)/22:5(4Z,7Z,10Z,13Z,19Z)-O(16,17))",HMDB0283378,--,--,--,--,--
pos_5360,Lucidenic acid D1,HMDB0038199,97653-95-7,Organic compounds,Lipids and lipid-like molecules,Prenol lipids,Sesquiterpenoids
pos_5361,(-)-Epigallocatechin 7-glucuronide,HMDB0041640,--,Organic compounds,Phenylpropanoids and polyketides,Flavonoids,Flavonoid glycosides
pos_5366,serofendic acid,HMDB0258253,--,Organic compounds,Lipids and lipid-like molecules,Prenol lipids,Diterpenoids
pos_537,"PS(20:3(5Z,8Z,11Z)/6 keto-PGF1alpha)",HMDB0282385,--,--,--,--,--
pos_5370,3-(1-Pyrrolidinyl)-2-butanone,HMDB0039840,97073-15-9,Organic compounds,Organoheterocyclic compounds,Pyrrolidines,N-alkylpyrrolidines
pos_5371,2-Butyl-5-methyl-4-propyloxazole,HMDB0037894,94794-09-9,Organic compounds,Organoheterocyclic compounds,Azoles,Oxazoles
pos_538,Cynarasaponin J,HMDB0039560,117804-15-6,Organic compounds,Lipids and lipid-like molecules,Prenol lipids,Terpene glycosides
pos_5382,hydroxyisovaleroyl carnitine,HMDB0062555,--,Organic compounds,Lipids and lipid-like molecules,Fatty Acyls,Fatty acid esters
pos_5398,Homodolicholide,HMDB0033907,86630-40-2,Organic compounds,Organoheterocyclic compounds,Benzopyrans,1-benzopyrans
pos_5401,Allysine,HMDB0001263,6665/12/9,Organic compounds,Organic acids and derivatives,Carboxylic acids and derivatives,"Amino acids, peptides, and analogues"
pos_5402,trans-3-Hydroxy-L-proline,HMDB0059659,--,Organic compounds,Organic acids and derivatives,Carboxylic acids and derivatives,"Amino acids, peptides, and analogues"
pos_5403,Phenylphosphonic acid,HMDB0256444,--,Organic compounds,Benzenoids,Benzene and substituted derivatives,--
pos_5409,Glycerol 1-myristate,HMDB0304951,--,Organic compounds,Lipids and lipid-like molecules,Glycerolipids,Monoradylglycerols
pos_5448,"(13Z,16Z)-Docosadienoic acid",HMDB0061714,17735-98-7,Organic compounds,Lipids and lipid-like molecules,Fatty Acyls,Fatty acids and conjugates
pos_5457,5-Hydroxyhexanoic acid,HMDB0000525,44843-89-2,Organic compounds,Lipids and lipid-like molecules,Fatty Acyls,Fatty acids and conjugates
pos_5458,Nosantine,HMDB0255755,--,Organic compounds,Organoheterocyclic compounds,Imidazopyrimidines,Purines and purine derivatives
pos_5468,"N-Acetyl-1,6-diaminohexane",HMDB0255016,--,Organic compounds,Organic acids and derivatives,Carboxylic acids and derivatives,Carboxylic acid derivatives
pos_547,"(13Z,16Z)-Docosadienoyl-CoA",HMDB0062220,--,Organic compounds,Organic nitrogen compounds,Organonitrogen compounds,Amines
pos_5479,Xanthoxin,HMDB0014693,298-81-7,Organic compounds,Phenylpropanoids and polyketides,Coumarins and derivatives,Furanocoumarins
pos_5483,TR-Saponin A,HMDB0035341,288153-01-5,Organic compounds,Lipids and lipid-like molecules,Prenol lipids,Terpene glycosides
pos_5484,3-Deazaneplanocin,HMDB0245851,--,Organic compounds,Organoheterocyclic compounds,Imidazopyridines,"Imidazo-[4,5-c]pyridines"
pos_5489,Diosmin,HMDB0029548,520-27-4,Organic compounds,Phenylpropanoids and polyketides,Flavonoids,Flavonoid glycosides
pos_5496,2-Amino-2-deoxy-D-gluconate,HMDB0250755,--,Organic compounds,Organic acids and derivatives,Carboxylic acids and derivatives,"Amino acids, peptides, and analogues"
pos_5504,"PG(i-14:0/20:5(5Z,8Z,11Z,14Z,16E)-OH(18R))",HMDB0271316,--,--,--,--,--
pos_5511,[(2R)-Oxiran-2-yl]methyl 2-methylprop-2-enoate,HMDB0243756,--,Organic compounds,Organic acids and derivatives,Carboxylic acids and derivatives,Carboxylic acid derivatives
pos_5513,Succinylacetone,HMDB0000635,51568-18-4,Organic compounds,Organic acids and derivatives,Keto acids and derivatives,Medium-chain keto acids and derivatives
pos_5514,Cinnamaldehyde,HMDB0003441,104-55-2,Organic compounds,Phenylpropanoids and polyketides,Cinnamaldehydes,--
pos_5518,2-(6'-Methylthio)hexylmalic acid,HMDB0304053,--,Organic compounds,Organic acids and derivatives,Hydroxy acids and derivatives,Medium-chain hydroxy acids and derivatives
pos_5522,Equol 4'-O-glucuronide,HMDB0041731,--,Organic compounds,Phenylpropanoids and polyketides,Flavonoids,Flavans
pos_5542,(-)-Naringenin,HMDB0002670,480-41-1,Organic compounds,Phenylpropanoids and polyketides,Flavonoids,Flavans
pos_5555,N-Stearoyl Histidine,HMDB0241943,--,Organic compounds,Organic acids and derivatives,Carboxylic acids and derivatives,"Amino acids, peptides, and analogues"
pos_556,2-(2-Thienyl)furan,HMDB0029715,27521-80-8,Organic compounds,Organoheterocyclic compounds,Heteroaromatic compounds,--
pos_5564,"Ethyl 2,4-dioxohexanoate",HMDB0034851,13246-52-1,Organic compounds,Organic acids and derivatives,Keto acids and derivatives,Gamma-keto acids and derivatives
pos_5565,trans-Jasmone,HMDB0031454,6261-18-3,Organic compounds,Organic oxygen compounds,Organooxygen compounds,Carbonyl compounds
pos_5566,gamma-Diosphenol,HMDB0037014,54783-36-7,Organic compounds,Lipids and lipid-like molecules,Prenol lipids,Monoterpenoids
pos_5586,Tanabalin,HMDB0041330,172548-61-7,Organic compounds,Lipids and lipid-like molecules,Prenol lipids,Terpene lactones
pos_5592,L-Citrulline,HMDB0000904,372-75-8,Organic compounds,Organic acids and derivatives,Carboxylic acids and derivatives,"Amino acids, peptides, and analogues"
pos_5601,"PE(DiMe(9,5)/6 keto-PGF1alpha)",HMDB0285094,--,--,--,--,--
pos_5607,Butofilolol,HMDB0249467,--,Organic compounds,Organic oxygen compounds,Organooxygen compounds,Carbonyl compounds
pos_5622,N-((R)-Pantothenoyl)-L-cysteine,HMDB0006834,--,Organic compounds,Organic acids and derivatives,Peptidomimetics,Hybrid peptides
pos_5623,Batelapine,HMDB0248879,--,Organic compounds,Organoheterocyclic compounds,Diazinanes,Piperazines
pos_5632,Phenethyl,HMDB0252062,--,Organic compounds,Benzenoids,Benzene and substituted derivatives,--
pos_5633,"2,5-Dimethylbenzaldehyde",HMDB0032014,34341-29-2,Organic compounds,Benzenoids,Benzene and substituted derivatives,Benzoyl derivatives
pos_5634,L-Rhamnose,HMDB0000849,3615-41-6,Organic compounds,Organic oxygen compounds,Organooxygen compounds,Carbohydrates and carbohydrate conjugates
pos_5635,5-Butyl-4-methyl-2-propyloxazole,HMDB0037896,84028-11-5,Organic compounds,Organoheterocyclic compounds,Azoles,Oxazoles
pos_5643,Toxin T2 tetrol,HMDB0036159,34114-99-3,Organic compounds,Lipids and lipid-like molecules,Prenol lipids,Sesquiterpenoids
pos_5646,"Benzyl alcohol, 4-(2,4-diamino-5-pyrimidinylmethyl)-2,6-dimethoxy-alpha,alpha-dimethyl-",HMDB0249395,--,Organic compounds,Benzenoids,Benzene and substituted derivatives,Methoxybenzenes
pos_5647,"13,14-Dihydro PGF2a",HMDB0004239,27376-74-5,Organic compounds,Lipids and lipid-like molecules,Fatty Acyls,Eicosanoids
pos_5653,DG(8:0/0:0/13:0),HMDB0092908,--,Organic compounds,Lipids and lipid-like molecules,Glycerolipids,Diradylglycerols
pos_5684,Luteolin 4'-methyl ether 7-glucuronide,HMDB0037452,35110-20-4,Organic compounds,Phenylpropanoids and polyketides,Flavonoids,Flavonoid glycosides
pos_5693,1-Methyl-4-piperidyl acetate,HMDB0243931,--,Organic compounds,Organoheterocyclic compounds,Piperidines,--
pos_5695,3-Amino-3-(4-hydroxyphenyl)propanoate,HMDB0003831,--,Organic compounds,Organic acids and derivatives,Carboxylic acids and derivatives,"Amino acids, peptides, and analogues"
pos_5705,1-palmitoyl-dihydroxyacetone-phosphate,HMDB0062190,17378-38-0,Organic compounds,Organic oxygen compounds,Organooxygen compounds,Carbonyl compounds
pos_5708,Norbixin,HMDB0035832,--,Organic compounds,Lipids and lipid-like molecules,Prenol lipids,Diterpenoids
pos_5720,Calcitetrol,HMDB0006228,56142-94-0,Organic compounds,Lipids and lipid-like molecules,Steroids and steroid derivatives,Vitamin D and derivatives
pos_5738,3-Pyridinebutanoic acid,HMDB0001007,477251-67-5,Organic compounds,Organoheterocyclic compounds,Pyridines and derivatives,--
pos_5741,Riesling acetal,HMDB0037562,--,Organic compounds,Organoheterocyclic compounds,Tetrahydrofurans,--
pos_575,"PE(DiMe(9,3)/22:6(5Z,8E,10Z,13Z,15E,19Z)-2OH(7S, 17S))",HMDB0285030,--,--,--,--,--
pos_5762,Citramalic acid,HMDB0000426,597-44-4,Organic compounds,Lipids and lipid-like molecules,Fatty Acyls,Fatty acids and conjugates
pos_5769,Lumichrome,HMDB0254199,--,Organic compounds,Organoheterocyclic compounds,Pteridines and derivatives,Alloxazines and isoalloxazines
pos_5777,"DG(15:0/22:6(4Z,7Z,10Z,13Z,16Z,19Z)/0:0)",HMDB0007092,--,Organic compounds,Lipids and lipid-like molecules,Glycerolipids,Diradylglycerols
pos_5781,Fluoromisonidazole,HMDB0252385,--,Organic compounds,"Organic 1,3-dipolar compounds","Allyl-type 1,3-dipolar organic compounds",Organic nitro compounds
pos_5784,p-CHLOROPHENYLALANINE,HMDB0033261,101365-03-1,Organic compounds,Phenylpropanoids and polyketides,2-arylbenzofuran flavonoids,--
pos_5787,5-Phosphoribosylamine,HMDB0001128,6062/6/2,Organic compounds,Organic oxygen compounds,Organooxygen compounds,Carbohydrates and carbohydrate conjugates
pos_5789,6-Hydroxyindoxyl sulfate,HMDB0304937,--,--,--,--,--
pos_5799,S-(11-hydroxy-9-deoxy-delta12-PGD2)-glutathione,HMDB0013055,--,Organic compounds,Organic acids and derivatives,Carboxylic acids and derivatives,"Amino acids, peptides, and analogues"
pos_5804,Phenoxymethyl,HMDB0256417,--,--,--,--,--
pos_5806,"Thieno[2,3-b]pyridin-4-ol",HMDB0258984,--,Organic compounds,Organoheterocyclic compounds,Thienopyridines,--
pos_5807,N-(3-(Aminomethyl)benzyl)acetamidine,HMDB0254998,--,Organic compounds,Benzenoids,Benzene and substituted derivatives,Phenylmethylamines
pos_5814,(+/-)-Ethyl 2-hydroxy-3-methylvalerate,HMDB0032270,24323-38-4,Organic compounds,Lipids and lipid-like molecules,Fatty Acyls,Fatty acid esters
pos_5820,Luteolin,HMDB0005800,491-70-3,Organic compounds,Phenylpropanoids and polyketides,Flavonoids,Flavones
pos_5825,2-[(Tetrahydrofurfuryl)oxy]ethanol,HMDB0252869,--,Organic compounds,Organoheterocyclic compounds,Tetrahydrofurans,--
pos_583,Emamectin,HMDB0251763,--,Organic compounds,Organic oxygen compounds,Organooxygen compounds,Carbohydrates and carbohydrate conjugates
pos_5838,"1,2-Propanediol, 3-(octyloxy)-",HMDB0245961,--,Organic compounds,Lipids and lipid-like molecules,Glycerolipids,Monoradylglycerols
pos_584,PG(a-15:0/LTE4),HMDB0270668,--,--,--,--,--
pos_5851,"TG(22:2(13Z,16Z)/18:4(6Z,9Z,12Z,15Z)/22:6(4Z,7Z,10Z,13Z,16Z,19Z))",HMDB0054589,--,Organic compounds,Lipids and lipid-like molecules,Glycerolipids,Triradylcglycerols
pos_5885,3-Octaprenyl-4-hydroxybenzoate,HMDB0304144,--,Organic compounds,Lipids and lipid-like molecules,Prenol lipids,Polyprenylphenols
pos_5890,"5-Ethyl-2,4-dimethyloxazole",HMDB0037867,33318-74-0,Organic compounds,Organoheterocyclic compounds,Azoles,Oxazoles
pos_5893,(R)-Pelletierine,HMDB0030324,2858-66-4,Organic compounds,Organoheterocyclic compounds,Piperidines,--
pos_5899,Esaprazole,HMDB0251940,--,Organic compounds,Organic acids and derivatives,Carboxylic acids and derivatives,"Amino acids, peptides, and analogues"
pos_5914,"15H-11,12-EETA",HMDB0005050,877878-78-9,Organic compounds,Organic acids and derivatives,Hydroxy acids and derivatives,Medium-chain hydroxy acids and derivatives
pos_5931,cyclohexylammonium,HMDB0062716,--,Organic compounds,Organic nitrogen compounds,Organonitrogen compounds,Cyclohexylamines
pos_5960,(E)-3-decen-1-ol,HMDB0013810,10339-60-3,Organic compounds,Lipids and lipid-like molecules,Fatty Acyls,Fatty alcohols
pos_5969,Triethanolamine,HMDB0032538,102-71-6,Organic compounds,Organic nitrogen compounds,Organonitrogen compounds,Amines
pos_5994,Idremcinal,HMDB0253381,--,Organic compounds,Organic oxygen compounds,Organooxygen compounds,Carbohydrates and carbohydrate conjugates
pos_5997,Ramipril,HMDB0014324,87333-19-5,Organic compounds,Organic acids and derivatives,Carboxylic acids and derivatives,"Amino acids, peptides, and analogues"
pos_6000,3-Methyl-2-oxindole,HMDB0304943,--,Organic compounds,Organoheterocyclic compounds,Indoles and derivatives,Indolines
pos_6001,Solketal,HMDB0258367,--,Organic compounds,Organic oxygen compounds,Organooxygen compounds,Ethers
pos_6002,"4,1-Benzoxazepine",HMDB0246595,--,Organic compounds,Organoheterocyclic compounds,Benzoxazepines,--
pos_6003,4-(3-Pyridyl)-butanoic acid,HMDB0001007,477251-67-5,Organic compounds,Organoheterocyclic compounds,Pyridines and derivatives,--
pos_6005,Butanoic acid,HMDB0000039,107-92-6,Organic compounds,Lipids and lipid-like molecules,Fatty Acyls,Fatty acids and conjugates
pos_6007,5-Hydroxyindoleacetic acid,HMDB0000763,54-16-0,Organic compounds,Organoheterocyclic compounds,Indoles and derivatives,Indolyl carboxylic acids and derivatives
pos_6008,N-Acetyl-L-phenylalanine,HMDB0000512,2018-61-3,Organic compounds,Organic acids and derivatives,Carboxylic acids and derivatives,"Amino acids, peptides, and analogues"
pos_6009,Oseltamivir,HMDB0014343,204255-11-8,Organic compounds,Organic acids and derivatives,Carboxylic acids and derivatives,"Amino acids, peptides, and analogues"
pos_6023,"5S,6S-epoxy-15R-hydroxy-ETE",HMDB0062236,--,Organic compounds,Organic oxygen compounds,Organooxygen compounds,Ethers
pos_6024,Indole-3-ethanol,HMDB0003447,526-55-6,Organic compounds,Organoheterocyclic compounds,Indoles and derivatives,Indoles
pos_6025,Epijasminoside A,HMDB0033111,189148-81-0,Organic compounds,Organic oxygen compounds,Organooxygen compounds,Carbohydrates and carbohydrate conjugates
pos_603,Pyroglutamine,HMDB0062558,29883-25-8,Organic compounds,Organic acids and derivatives,Carboxylic acids and derivatives,"Amino acids, peptides, and analogues"
pos_6032,"4-Amino-1-[(2R,5R)-5-(hydroxymethyl)-4-sulfanyloxolan-2-yl]pyrimidin-2-one",HMDB0257848,--,Organic compounds,"Nucleosides, nucleotides, and analogues",Pyrimidine nucleosides,"Pyrimidine 2',3'-dideoxyribonucleosides"
pos_6042,Withaperuvin E,HMDB0030127,--,Organic compounds,Lipids and lipid-like molecules,Prenol lipids,Terpene lactones
pos_6044,Deoxycytidine,HMDB0000014,951-77-9,Organic compounds,"Nucleosides, nucleotides, and analogues",Pyrimidine nucleosides,Pyrimidine 2'-deoxyribonucleosides
pos_6056,"3,11,12-Trihydroxy-1(10)-spirovetiven-2-one",HMDB0038154,84321-96-0,Organic compounds,Lipids and lipid-like molecules,Prenol lipids,Sesquiterpenoids
pos_6059,Azelaic acid,HMDB0000784,123-99-9,Organic compounds,Lipids and lipid-like molecules,Fatty Acyls,Fatty acids and conjugates
pos_6087,Leucyl-leucine,HMDB0254039,--,Organic compounds,Organic acids and derivatives,Carboxylic acids and derivatives,"Amino acids, peptides, and analogues"
pos_6098,"Androsta-4,16-dien-3-one",HMDB0248405,--,Organic compounds,Lipids and lipid-like molecules,Steroids and steroid derivatives,Androstane steroids
pos_6110,"MG(20:3(8Z,11Z,14Z)-2OH(5,6)/0:0/0:0)",HMDB0260484,--,--,--,--,--
pos_6121,3-(2-Hydroxyethyl)indole,HMDB0003447,526-55-6,Organic compounds,Organoheterocyclic compounds,Indoles and derivatives,Indoles
pos_6122,2-trans-6-cis-Dodecadienal,HMDB0032531,21662-13-5,Organic compounds,Organic oxygen compounds,Organooxygen compounds,Carbonyl compounds
pos_6124,Diethylcarbamazine,HMDB0014849,90-89-1,Organic compounds,Organoheterocyclic compounds,Diazinanes,Piperazines
pos_613,D-Glucarate,HMDB0000663,87-73-0,Organic compounds,Organic oxygen compounds,Organooxygen compounds,Carbohydrates and carbohydrate conjugates
pos_6133,3-Hydroxylinoleoylcarnitine,HMDB0240768,--,Organic compounds,Lipids and lipid-like molecules,Fatty Acyls,Fatty acid esters
pos_6138,12-Hydroxydodecanoic acid,HMDB0002059,505-95-3,Organic compounds,Organic acids and derivatives,Hydroxy acids and derivatives,Medium-chain hydroxy acids and derivatives
pos_6141,Phytolaccoside A,HMDB0034642,65608-00-6,Organic compounds,Lipids and lipid-like molecules,Prenol lipids,Triterpenoids
pos_6143,Fumigaclavine A,HMDB0030202,6879-59-0,Organic compounds,Alkaloids and derivatives,Ergoline and derivatives,Clavines and derivatives
pos_615,N-Acetylhistidine,HMDB0032055,2497/2/1,Organic compounds,Organic acids and derivatives,Carboxylic acids and derivatives,"Amino acids, peptides, and analogues"
pos_6156,Cholylglutamic acid,HMDB0242384,--,--,--,--,--
pos_6166,N-Docosahexaenoyl Arginine,HMDB0242008,--,--,--,--,--
pos_6168,"Pyrrole, 2-pentyl",HMDB0256996,--,Organic compounds,Organoheterocyclic compounds,Pyrroles,Substituted pyrroles
pos_6170,Nepetalactam,HMDB0038597,115421-73-3,Organic compounds,Organoheterocyclic compounds,Pyridines and derivatives,Hydropyridines
pos_619,N-Acetylmuramate,HMDB0060493,--,Organic compounds,Organic oxygen compounds,Organooxygen compounds,Carbohydrates and carbohydrate conjugates
pos_6190,"1-(8Z,11Z,14Z-eicosatrienoyl)-glycero-3-phosphate",HMDB0062313,--,Organic compounds,Lipids and lipid-like molecules,Glycerophospholipids,Glycerophosphates
pos_6207,"3-(3,4-Dihydroxyphenyl)-N-[2-(3,4-dihydroxyphenyl)ethyl]prop-2-enamide",HMDB0243579,--,Organic compounds,Phenylpropanoids and polyketides,Cinnamic acids and derivatives,Hydroxycinnamic acids and derivatives
pos_6210,"1,4,7,10,13,16-Hexaoxacyclooctadecane",HMDB0244804,--,Organic compounds,Organic oxygen compounds,Organooxygen compounds,Ethers
pos_6213,Lutein,HMDB0003233,127-40-2,Organic compounds,Lipids and lipid-like molecules,Prenol lipids,Tetraterpenoids
pos_6216,"3,4',5-Biphenyltriol",HMDB0032713,74276-54-3,Organic compounds,Benzenoids,Benzene and substituted derivatives,Biphenyls and derivatives
pos_6222,Agnuside,HMDB0036561,11027-63-7,Organic compounds,Lipids and lipid-like molecules,Prenol lipids,Terpene glycosides
pos_6233,Graveolone,HMDB0033735,16499-05-1,Organic compounds,Phenylpropanoids and polyketides,Coumarins and derivatives,Pyranocoumarins
pos_6235,R-2-Hydroxy-3-methylbutanoic acid 3-Methylbutanoyl,HMDB0031510,--,Organic compounds,Lipids and lipid-like molecules,Fatty Acyls,Fatty acid esters
pos_6245,Ecabet,HMDB0015613,86408-72-2,Organic compounds,Lipids and lipid-like molecules,Prenol lipids,Diterpenoids
pos_6266,(x)-2-Heptanol glucoside,HMDB0035028,--,Organic compounds,Lipids and lipid-like molecules,Fatty Acyls,Fatty acyl glycosides
pos_6272,Decyl alcohol,HMDB0011624,112-30-1,Organic compounds,Lipids and lipid-like molecules,Fatty Acyls,Fatty alcohols
pos_6319,Phenylacetaldehyde,HMDB0006236,122-78-1,Organic compounds,Benzenoids,Benzene and substituted derivatives,Phenylacetaldehydes
pos_6321,Enol-phenylpyruvate,HMDB0012225,5801-57-0,Organic compounds,Benzenoids,Benzene and substituted derivatives,Phenylpyruvic acid derivatives
pos_6323,O-Desmethylangolensin,HMDB0004629,21255-69-6,Organic compounds,Phenylpropanoids and polyketides,Alpha-methyldeoxybenzoin flavonoids,--
pos_6332,Zeaxanthin,HMDB0002789,144-68-3,Organic compounds,Lipids and lipid-like molecules,Prenol lipids,Tetraterpenoids
pos_6334,N-(2-Hydroxyethyl)-morpholine,HMDB0060650,--,Organic compounds,Organoheterocyclic compounds,Oxazinanes,Morpholines
pos_634,thioinosine monophosphate,HMDB0259014,--,Organic compounds,"Nucleosides, nucleotides, and analogues",Purine nucleotides,Purine deoxyribonucleotides
pos_6343,"1,2-Benzisothiazol-3(2H)-one",HMDB0034413,2634-33-5,Organic compounds,Organoheterocyclic compounds,Benzothiazoles,--
pos_6362,3-Methyl-3-butenyl acetate,HMDB0032391,5205/7/2,Organic compounds,Organic acids and derivatives,Carboxylic acids and derivatives,Carboxylic acid derivatives
pos_6369,3-Methyl-5-propyl-2-furannonanoic acid,HMDB0094642,81516-58-7,Organic compounds,Lipids and lipid-like molecules,Fatty Acyls,Fatty acids and conjugates
pos_6389,Ilmofosine,HMDB0253400,--,Organic compounds,Organic nitrogen compounds,Organonitrogen compounds,Quaternary ammonium salts
pos_6397,"PE(14:0/20:2(11Z,14Z))",HMDB0008835,--,Organic compounds,Lipids and lipid-like molecules,Glycerophospholipids,Glycerophosphoethanolamines
pos_6405,Floionolic acid,HMDB0034295,17705-68-9,Organic compounds,Lipids and lipid-like molecules,Fatty Acyls,Fatty acids and conjugates
pos_641,D-Fructose,HMDB0000660,53188-23-1,Organic compounds,Organic oxygen compounds,Organooxygen compounds,Carbohydrates and carbohydrate conjugates
pos_6412,Daidzein,HMDB0003312,486-66-8,Organic compounds,Phenylpropanoids and polyketides,Isoflavonoids,Isoflav-2-enes
pos_6429,Farnisin,HMDB0031428,54867-60-6,Organic compounds,Phenylpropanoids and polyketides,Flavonoids,O-methylated flavonoids
pos_6443,Gibberellin A9,HMDB0303451,--,Organic compounds,Lipids and lipid-like molecules,Prenol lipids,Diterpenoids
pos_6446,Sandosaponin B,HMDB0031883,--,Organic compounds,Lipids and lipid-like molecules,Prenol lipids,Terpene glycosides
pos_6468,2-[[9-(1-Methylethyl)-6-[(phenylmethyl)amino]-9H-purin-2-yl]amino]-1-butanol,HMDB0244822,--,Organic compounds,Organoheterocyclic compounds,Imidazopyrimidines,Purines and purine derivatives
pos_6470,Milbemycin A3,HMDB0254720,--,Organic compounds,Phenylpropanoids and polyketides,Macrolides and analogues,Milbemycins
pos_6483,"2,5-Diethylthiazole",HMDB0040097,15729-76-7,Organic compounds,Organoheterocyclic compounds,Azoles,Thiazoles
pos_6484,Indoleacrylic acid,HMDB0000734,29953-71-7,Organic compounds,Organoheterocyclic compounds,Indoles and derivatives,Indoles
pos_6494,"LysoPE(0:0/24:6(6Z,9Z,12Z,15Z,18Z,21Z))",HMDB0011499,--,Organic compounds,Lipids and lipid-like molecules,Glycerophospholipids,Glycerophosphoethanolamines
pos_6495,Polypodoside B,HMDB0040744,120015-16-9,Organic compounds,Lipids and lipid-like molecules,Steroids and steroid derivatives,Steroidal glycosides
pos_6496,(+/-)-1-Acetoxy-1-ethoxyethane,HMDB0032158,1608-72-6,Organic compounds,Organic acids and derivatives,Carboxylic acids and derivatives,Carboxylic acid derivatives
pos_6498,Zeatin,HMDB0012204,1637-39-4,Organic compounds,Organoheterocyclic compounds,Imidazopyrimidines,Purines and purine derivatives
pos_6502,7-Methyl-cholic acid,HMDB0244296,--,Organic compounds,Lipids and lipid-like molecules,Steroids and steroid derivatives,"Bile acids, alcohols and derivatives"
pos_6505,"2-Ethyl-5-methyl-3,3-diphenyl-1-pyrroline",HMDB0060672,--,Organic compounds,Benzenoids,Benzene and substituted derivatives,Diphenylmethanes
pos_6507,Urobilinogen,HMDB0004158,17208-65-0,Organic compounds,Organoheterocyclic compounds,Tetrapyrroles and derivatives,Bilirubins
pos_6522,4-Methyl-2-pentyl-5-propyloxazole,HMDB0037900,84028-17-1,Organic compounds,Organoheterocyclic compounds,Azoles,Oxazoles
pos_6527,"N-3,7-Dimethyl-2,6-octadienylcyclopropylcarboxamide",HMDB0032240,744251-93-2,Organic compounds,Lipids and lipid-like molecules,Prenol lipids,Monoterpenoids
pos_6559,"2,4,6-Triethyl-1,3,5-trioxane",HMDB0034040,2396-42-1,Organic compounds,Organoheterocyclic compounds,Trioxanes,--
pos_6564,"1,2,3-Tris(1-ethoxyethoxy)propane",HMDB0037162,67715-82-6,Organic compounds,Lipids and lipid-like molecules,Glycerolipids,--
pos_6576,N-Linoleoyl Phenylalanine,HMDB0241982,--,Organic compounds,Organic acids and derivatives,Carboxylic acids and derivatives,"Amino acids, peptides, and analogues"
pos_6580,"1,1,1-Trifluoroheptadecan-2-one",HMDB0256073,--,Organic compounds,Organic oxygen compounds,Organooxygen compounds,Carbonyl compounds
pos_6583,Methyl isobutyl ketone,HMDB0002939,108-10-1,Organic compounds,Organic oxygen compounds,Organooxygen compounds,Carbonyl compounds
pos_6591,"2,2-Difluoro-n-(2-hydroxyethyl)-3-(2-nitro-1h-imidazol-1-yl)propanamide",HMDB0253829,--,Organic compounds,Organic nitrogen compounds,Organonitrogen compounds,Amines
pos_6602,Acetone,HMDB0001659,67-64-1,Organic compounds,Organic oxygen compounds,Organooxygen compounds,Carbonyl compounds
pos_6608,N-Oleoyl phenylalanine,HMDB0062336,--,Organic compounds,Organic acids and derivatives,Carboxylic acids and derivatives,"Amino acids, peptides, and analogues"
pos_6611,Hydroxyprogesterone caproate,HMDB0001830,57-83-0,Organic compounds,Lipids and lipid-like molecules,Steroids and steroid derivatives,Pregnane steroids
pos_6618,"(7E,10E,13E,16E)-3-Hydroxydocosa-7,10,13,16-tetraenoylcarnitine",HMDB0241607,--,Organic compounds,Lipids and lipid-like molecules,Fatty Acyls,Fatty acid esters
pos_6620,oleandomycin,HMDB0255932,--,Organic compounds,Organic oxygen compounds,Organooxygen compounds,Carbohydrates and carbohydrate conjugates
pos_6624,Chrysin,HMDB0036619,480-40-0,Organic compounds,Phenylpropanoids and polyketides,Flavonoids,Flavones
pos_6625,1-Nitropyrene,HMDB0243967,--,Organic compounds,Benzenoids,Pyrenes,--
pos_6627,(S)-N-Methylcoclaurine,HMDB0060319,--,Organic compounds,Organoheterocyclic compounds,Isoquinolines and derivatives,Benzylisoquinolines
pos_6648,"SM(d18:0/18:2(10E,12Z)+=O(9))",HMDB0290477,--,--,--,--,--
pos_6671,Sulfoglycolithocholate(2-),HMDB0062801,--,Organic compounds,Lipids and lipid-like molecules,Steroids and steroid derivatives,"Bile acids, alcohols and derivatives"
pos_6674,3-Hydroxyvaleric acid,HMDB0000531,10237-77-1,Organic compounds,Lipids and lipid-like molecules,Fatty Acyls,Fatty acids and conjugates
pos_6675,Pentenyltetrazol,HMDB0256283,--,Organic compounds,Organoheterocyclic compounds,Azoles,Tetrazoles
pos_6676,Allyl isovalerate,HMDB0038036,2835-39-4,Organic compounds,Lipids and lipid-like molecules,Fatty Acyls,Fatty acid esters
pos_6677,5-Hydroxyvalproic acid,HMDB0013898,53660-23-4,Organic compounds,Lipids and lipid-like molecules,Fatty Acyls,Fatty acids and conjugates
pos_6678,alpha-[3-(Nitrosoamino)propyl]-3-pyridinemethanol,HMDB0062443,--,Organic compounds,Organoheterocyclic compounds,Pyridines and derivatives,--
pos_6680,Dihydrobiopterin,HMDB0000038,6779-87-9,Organic compounds,Organoheterocyclic compounds,Pteridines and derivatives,Pterins and derivatives
pos_6683,11alpha-Hydroxyprogesterone,HMDB0000920,312-90-3,Organic compounds,Lipids and lipid-like molecules,Steroids and steroid derivatives,Pregnane steroids
pos_6692,Glycolithocholic acid,HMDB0000698,474-74-8,Organic compounds,Lipids and lipid-like molecules,Steroids and steroid derivatives,"Bile acids, alcohols and derivatives"
pos_670,N-Propyl-N-nitrosourea,HMDB0255236,--,Organic compounds,Organic acids and derivatives,Organic carbonic acids and derivatives,Ureas
pos_6708,Diosmetin,HMDB0029676,520-34-3,Organic compounds,Phenylpropanoids and polyketides,Flavonoids,O-methylated flavonoids
pos_671,Betaine,HMDB0000043,6915-17-9,Organic compounds,Organic acids and derivatives,Carboxylic acids and derivatives,"Amino acids, peptides, and analogues"
pos_6713,Dehydrodidemnin B,HMDB0250948,--,Organic compounds,Organic acids and derivatives,Peptidomimetics,Depsipeptides
pos_6714,2-Acetylpyrrolidine,HMDB0037293,60026-20-2,Organic compounds,Organoheterocyclic compounds,Pyrrolidines,--
pos_6718,"1-Pyrrolidinyloxy, 3-(methoxycarbonyl)-2,2,5,5-tetramethyl-",HMDB0254362,--,Organic compounds,Organoheterocyclic compounds,Pyrrolidines,Pyrrolidine carboxylic acids and derivatives
pos_6719,2-Cyclooctyl-2-hydroxyethylamine,HMDB0245091,--,Organic compounds,Organic nitrogen compounds,Organonitrogen compounds,Amines
pos_6723,N-Cyclohexylformamide,HMDB0255105,--,Organic compounds,Organic acids and derivatives,Carboxylic acids and derivatives,Carboxylic acid derivatives
pos_6726,Cyclopentolate,HMDB0015114,512-15-2,Organic compounds,Benzenoids,Benzene and substituted derivatives,--
pos_673,(Z)-2-methyl-peroxyaminoacrylate,HMDB0304002,--,Organic compounds,Organic acids and derivatives,Carboxylic acids and derivatives,Peroxycarboxylic acids and derivatives
pos_674,Nicotinurate,HMDB0003269,583-08-4,Organic compounds,Organic acids and derivatives,Carboxylic acids and derivatives,"Amino acids, peptides, and analogues"
pos_6777,4-Guanidinobutanoate,HMDB0003464,463-00-3,Organic compounds,Organic acids and derivatives,Carboxylic acids and derivatives,"Amino acids, peptides, and analogues"
pos_6783,PE(14:1(9Z)/14:1(9Z)),HMDB0008855,--,Organic compounds,Lipids and lipid-like molecules,Glycerophospholipids,Glycerophosphoethanolamines
pos_6792,3-Hexaprenyl-4-hydroxybenzoate,HMDB0006816,65848-03-5,Organic compounds,Lipids and lipid-like molecules,Prenol lipids,Polyprenylphenols
pos_6794,Isoquinoline,HMDB0034244,119-65-3,Organic compounds,Organoheterocyclic compounds,Isoquinolines and derivatives,--
pos_6796,Methyl indole-3-acetate,HMDB0029738,1912-33-0,Organic compounds,Organoheterocyclic compounds,Indoles and derivatives,Indolyl carboxylic acids and derivatives
pos_6798,alpha-D-Glucosamine 1-phosphate,HMDB0001109,--,Organic compounds,Organic oxygen compounds,Organooxygen compounds,Carbohydrates and carbohydrate conjugates
pos_6799,Indoleacetyl glutamine,HMDB0013240,6899/4/3,Organic compounds,Organic acids and derivatives,Carboxylic acids and derivatives,"Amino acids, peptides, and analogues"
pos_6802,N-Cyclopropyl-trans-2-cis-6-nonadienamide,HMDB0032210,608514-55-2,Organic compounds,Lipids and lipid-like molecules,Fatty Acyls,Fatty amides
pos_6808,Ethylmorphine,HMDB0015509,76-58-4,Organic compounds,Alkaloids and derivatives,Morphinans,--
pos_681,"2-Deoxy-2,3-dehydro-n-acetyl-neuraminic acid",HMDB0245680,--,Organic compounds,Organic acids and derivatives,Carboxylic acids and derivatives,Carboxylic acid derivatives
pos_683,5'-N-Ethylcarboxamidoadenosine,HMDB0255498,--,Organic compounds,"Nucleosides, nucleotides, and analogues",Purine nucleosides,--
pos_6830,Senkyunolide N,HMDB0302272,--,Organic compounds,Organoheterocyclic compounds,Isobenzofurans,--
pos_6838,"(2xi,3xi,6E)-3,7-Dimethyl-6-octene-1,2,3,8-tetrol",HMDB0033642,240495-79-8,Organic compounds,Lipids and lipid-like molecules,Prenol lipids,Monoterpenoids
pos_6840,beta-Alanyl-L-arginine,HMDB0060441,--,Organic compounds,Organic acids and derivatives,Peptidomimetics,Hybrid peptides
pos_685,UDP-apiose,HMDB0012301,20230-91-5,Organic compounds,"Nucleosides, nucleotides, and analogues",Pyrimidine nucleotides,Pyrimidine ribonucleotides
pos_6852,Paraldehyde,HMDB0032456,123-63-7,Organic compounds,Organoheterocyclic compounds,Trioxanes,--
pos_6853,3-Hydroxyisoheptanoic acid,HMDB0002207,40309-49-7,Organic compounds,Organic acids and derivatives,Hydroxy acids and derivatives,Medium-chain hydroxy acids and derivatives
pos_6854,Tetraethylene glycol,HMDB0094708,--,Organic compounds,Organic oxygen compounds,Organooxygen compounds,Ethers
pos_6865,Irilone 4'-glucoside,HMDB0033818,50868-47-8,Organic compounds,Phenylpropanoids and polyketides,Isoflavonoids,Isoflavonoid O-glycosides
pos_6870,Butyric acid,HMDB0000039,107-92-6,Organic compounds,Lipids and lipid-like molecules,Fatty Acyls,Fatty acids and conjugates
pos_6889,L-Lysine,HMDB0000182,56-87-1,Organic compounds,Organic acids and derivatives,Carboxylic acids and derivatives,"Amino acids, peptides, and analogues"
pos_6890,2-Butylfuran,HMDB0040272,4466-24-4,Organic compounds,Organoheterocyclic compounds,Heteroaromatic compounds,--
pos_6892,2-Methyl-3-(2-pentenyl)-2-cyclopenten-1-one,HMDB0037294,11050-62-7,Organic compounds,Organic oxygen compounds,Organooxygen compounds,Carbonyl compounds
pos_6898,N-octanoyl-L-Homoserine lactone,HMDB0255213,--,Organic compounds,Organic acids and derivatives,Carboxylic acids and derivatives,"Amino acids, peptides, and analogues"
pos_6901,N(6)-(Octanoyl)lysine,HMDB0011684,--,Organic compounds,Organic acids and derivatives,Carboxylic acids and derivatives,"Amino acids, peptides, and analogues"
pos_6904,"(Z)-8-Decene-4,6-diyn-1-yl 3-methylbutanoate",HMDB0031000,--,Organic compounds,Lipids and lipid-like molecules,Fatty Acyls,Fatty alcohol esters
pos_6921,Cyclo(glycylglycylleucylleucylleucylprolylprolylphenylalanyl),HMDB0303710,--,Organic compounds,Organic acids and derivatives,Carboxylic acids and derivatives,"Amino acids, peptides, and analogues"
pos_693,N-Acetylneuraminate,HMDB0000230,19342-33-7,Organic compounds,Organic oxygen compounds,Organooxygen compounds,Carbohydrates and carbohydrate conjugates
pos_6931,trans-Grandmarin,HMDB0039030,119239-48-4,Organic compounds,Phenylpropanoids and polyketides,Coumarins and derivatives,Pyranocoumarins
pos_694,Sucrose,HMDB0000258,57-50-1,Organic compounds,Organic oxygen compounds,Organooxygen compounds,Carbohydrates and carbohydrate conjugates
pos_6951,Citronellyl beta-sophoroside,HMDB0032839,209681-41-4,Organic compounds,Lipids and lipid-like molecules,Prenol lipids,Terpene glycosides
pos_696,Kaltostat,HMDB0253761,--,Organic compounds,Organic oxygen compounds,Organooxygen compounds,Carbohydrates and carbohydrate conjugates
pos_6960,(+)-Isofebrifugine,HMDB0242253,--,Organic compounds,Organoheterocyclic compounds,Diazanaphthalenes,Benzodiazines
pos_697,ATP,HMDB0000538,56-65-5,Organic compounds,"Nucleosides, nucleotides, and analogues",Purine nucleotides,Purine ribonucleotides
pos_6976,Echinocandin B,HMDB0251688,--,Organic compounds,Organic acids and derivatives,Carboxylic acids and derivatives,"Amino acids, peptides, and analogues"
pos_6987,Pterosin E,HMDB0036605,52528-78-6,Organic compounds,Benzenoids,Indanes,Indanones
pos_6989,Lersivirine,HMDB0254020,--,Organic compounds,Organic oxygen compounds,Organooxygen compounds,Ethers
pos_699,Anthranilate,HMDB0001123,118-92-3,Organic compounds,Benzenoids,Benzene and substituted derivatives,Benzoic acids and derivatives
pos_7000,ribostamycin,HMDB0257216,--,Organic compounds,Organic oxygen compounds,Organooxygen compounds,Carbohydrates and carbohydrate conjugates
pos_7004,Epothilone C,HMDB0251875,--,Organic compounds,Phenylpropanoids and polyketides,Macrolides and analogues,Epothilones and analogues
pos_7016,"7,8-Dihydro-3b,6a-dihydroxy-alpha-ionol 9-[apiosyl-(1->6)-glucoside]",HMDB0041579,177261-73-3,Organic compounds,Lipids and lipid-like molecules,Fatty Acyls,Fatty acyl glycosides
pos_702,Asparagine glutamate,HMDB0248666,--,Organic compounds,Organic acids and derivatives,Carboxylic acids and derivatives,"Amino acids, peptides, and analogues"
pos_7023,Hypoglycin B,HMDB0029428,502-37-4,Organic compounds,Organic acids and derivatives,Carboxylic acids and derivatives,"Amino acids, peptides, and analogues"
pos_7039,Vinorelbine,HMDB0014505,71486-22-1,Organic compounds,Alkaloids and derivatives,Vinca alkaloids,--
pos_7041,Collagen,HMDB0303213,--,Organic compounds,Organic acids and derivatives,Carboxylic acids and derivatives,"Amino acids, peptides, and analogues"
pos_7046,"PC(20:5(5Z,8Z,11Z,14Z,17Z)/PGJ2)",HMDB0287691,--,--,--,--,--
pos_705,Levan,HMDB0003539,9013-95-0,Organic compounds,Organic oxygen compounds,Organooxygen compounds,Carbohydrates and carbohydrate conjugates
pos_706,L-Pipecolic acid,HMDB0000716,3105-95-1,Organic compounds,Organic acids and derivatives,Carboxylic acids and derivatives,"Amino acids, peptides, and analogues"
pos_7060,"8-Cyclopentyl-1,3-dimethylxanthine",HMDB0247431,--,Organic compounds,Organoheterocyclic compounds,Imidazopyrimidines,Purines and purine derivatives
pos_7061,Inflatine,HMDB0254137,--,Organic compounds,Organic oxygen compounds,Organooxygen compounds,Carbonyl compounds
pos_7063,Erythratine,HMDB0030181,5550-20-9,Organic compounds,Alkaloids and derivatives,Erythrina alkaloids,Erythrinanes
pos_7074,"1,4,10,13-Tetraoxa-7,16-diazacyclooctadecane",HMDB0244223,--,Organic compounds,Organic nitrogen compounds,Organonitrogen compounds,Amines
pos_708,Vigabatrin,HMDB0015212,60643-86-9,Organic compounds,Organic acids and derivatives,Carboxylic acids and derivatives,"Amino acids, peptides, and analogues"
pos_7088,Tryptophyl-Lysine,HMDB0029088,--,Organic compounds,Organic acids and derivatives,Carboxylic acids and derivatives,"Amino acids, peptides, and analogues"
pos_7114,CDP-DG(18:1(11Z)/PGE2),HMDB0291099,--,--,--,--,--
pos_7120,Mepartricin B,HMDB0254450,--,Organic compounds,Organic oxygen compounds,Organooxygen compounds,Carbohydrates and carbohydrate conjugates
pos_7131,L-Isoleucine,HMDB0000172,73-32-5,Organic compounds,Organic acids and derivatives,Carboxylic acids and derivatives,"Amino acids, peptides, and analogues"
pos_7148,4-(Methylnitrosoamino)-4-(3-pyridyl)-1-butanol,HMDB0247003,--,Organic compounds,Organoheterocyclic compounds,Pyridines and derivatives,--
pos_7151,Aminodeoxykanamycin,HMDB0242522,--,Organic compounds,Organic oxygen compounds,Organooxygen compounds,Carbohydrates and carbohydrate conjugates
pos_7164,Gly-Pro-Arg-Pro-Lys,HMDB0252830,--,Organic compounds,Organic acids and derivatives,Carboxylic acids and derivatives,"Amino acids, peptides, and analogues"
pos_718,Methylgeranate,HMDB0302475,--,Organic compounds,Lipids and lipid-like molecules,Prenol lipids,Monoterpenoids
pos_7187,Imigliptin,HMDB0253428,--,Organic compounds,Organoheterocyclic compounds,Imidazopyridines,--
pos_7188,"(11S,14S,17R,20S,23R)-20-Benzyl-17-[3-(diaminomethylideneamino)propyl]-14-(1H-indol-3-ylmethyl)-2,5,13,16,19,22-hexaoxo-1,6,12,15,18,21-hexazabicyclo[21.3.0]hexacosane-11-carboxamide",HMDB0260063,--,Organic compounds,Organic acids and derivatives,Carboxylic acids and derivatives,"Amino acids, peptides, and analogues"
pos_722,Meprobamate,HMDB0014515,57-53-4,Organic compounds,Organic acids and derivatives,Carboxylic acids and derivatives,"Amino acids, peptides, and analogues"
pos_723,(3R)-3-Hydroxy-N-[(3S)-2-oxooxolan-3-yl]butanamide,HMDB0243607,--,Organic compounds,Organic acids and derivatives,Carboxylic acids and derivatives,"Amino acids, peptides, and analogues"
pos_7237,Leucinic acid,HMDB0000665,498-36-2,Organic compounds,Lipids and lipid-like molecules,Fatty Acyls,Fatty acids and conjugates
pos_7239,3-[(5-Methyl-2-furanyl)methyl]-1H-pyrrole,HMDB0040042,118248-37-6,Organic compounds,Organoheterocyclic compounds,Pyrroles,Substituted pyrroles
pos_7241,"2-Ethoxy-1-ethoxycarbonyl-1,2-dihydroquinoline",HMDB0244738,--,Organic compounds,Organoheterocyclic compounds,Quinolines and derivatives,Quinolones and derivatives
pos_726,5-(Hydroxymethyl)-1H-pyrrole-2-carbaldehyde,HMDB0246729,--,Organic compounds,Organic oxygen compounds,Organooxygen compounds,Carbonyl compounds
pos_7262,Annomuricatin B,HMDB0303182,--,Organic compounds,Organic acids and derivatives,Carboxylic acids and derivatives,"Amino acids, peptides, and analogues"
pos_727,N-(1-Deoxy-1-fructosyl)proline,HMDB0038493,29118-61-4,Organic compounds,Organic acids and derivatives,Carboxylic acids and derivatives,"Amino acids, peptides, and analogues"
pos_728,Arginylisoleucine,HMDB0028712,62632-70-6,Organic compounds,Organic acids and derivatives,Carboxylic acids and derivatives,"Amino acids, peptides, and analogues"
pos_7285,Hemorphin-7,HMDB0253085,--,Organic compounds,Organic acids and derivatives,Carboxylic acids and derivatives,"Amino acids, peptides, and analogues"
pos_7303,Ustiloxin D,HMDB0041054,158243-18-6,Organic compounds,Organic acids and derivatives,Carboxylic acids and derivatives,"Amino acids, peptides, and analogues"
pos_7308,Cytochalasin B,HMDB0250718,--,Organic compounds,Alkaloids and derivatives,Cytochalasans,Cytochalasins
pos_7312,Episterol,HMDB0006847,474-68-0,Organic compounds,Lipids and lipid-like molecules,Steroids and steroid derivatives,Ergostane steroids
pos_7322,Chembl4513510,HMDB0260357,--,Organic compounds,Organoheterocyclic compounds,Indoles and derivatives,Indolecarboxylic acids and derivatives
pos_7342,3-Hydroxy-1-phenyl-1-octadecanone,HMDB0035680,--,Organic compounds,Lipids and lipid-like molecules,Fatty Acyls,Fatty alcohols
pos_735,Cytosine,HMDB0000630,71-30-7,Organic compounds,Organoheterocyclic compounds,Diazines,Pyrimidines and pyrimidine derivatives
pos_7350,6-Deoxoteasterone,HMDB0304225,--,Organic compounds,Lipids and lipid-like molecules,Steroids and steroid derivatives,"Bile acids, alcohols and derivatives"
pos_7359,6alpha-Hydroxy-castasterone,HMDB0304235,--,Organic compounds,Lipids and lipid-like molecules,Steroids and steroid derivatives,"Bile acids, alcohols and derivatives"
pos_736,Allopurinol riboside,HMDB0000481,16220-07-8,Organic compounds,"Nucleosides, nucleotides, and analogues","Pyrazolo[3,4-d]pyrimidine glycosides",--
pos_7379,"PC(2:0/20:5(5Z,8Z,11Z,14Z,16E)-OH(18R))",HMDB0288862,--,--,--,--,--
pos_7380,PA(17:0/6 keto-PGF1alpha),HMDB0263501,--,--,--,--,--
pos_7382,Muramic acid,HMDB0003254,1114-41-6,Organic compounds,Organic oxygen compounds,Organooxygen compounds,Carbohydrates and carbohydrate conjugates
pos_739,(+/-)-Ethyl 2-hydroxy-2-methylbutyrate,HMDB0032269,77-70-3,Organic compounds,Lipids and lipid-like molecules,Fatty Acyls,Fatty acid esters
pos_740,METHACHOLINE,HMDB0015654,55-92-5,Organic compounds,Organic nitrogen compounds,Organonitrogen compounds,Quaternary ammonium salts
pos_7404,Metaldehyde,HMDB0254499,--,Organic compounds,Organic oxygen compounds,Organooxygen compounds,Ethers
pos_7406,(5R)-5-Hydroxyhexanoic acid,HMDB0000409,83972-61-6,Organic compounds,Lipids and lipid-like molecules,Fatty Acyls,Fatty acids and conjugates
pos_741,Uridine,HMDB0000296,58-96-8,Organic compounds,"Nucleosides, nucleotides, and analogues",Pyrimidine nucleosides,--
pos_7414,Homocitrulline,HMDB0000679,1190-49-4,Organic compounds,Organic acids and derivatives,Carboxylic acids and derivatives,"Amino acids, peptides, and analogues"
pos_742,l-arginine nitrite,HMDB0253871,--,Organic compounds,Organic acids and derivatives,Carboxylic acids and derivatives,"Amino acids, peptides, and analogues"
pos_743,Neuraminic acid,HMDB0000830,114-04-5,Organic compounds,Lipids and lipid-like molecules,Fatty Acyls,Fatty acid esters
pos_7438,"PE-NMe(22:6(4Z,7Z,10Z,13Z,16Z,19Z)/24:1(15Z))",HMDB0113700,--,Organic compounds,Lipids and lipid-like molecules,Glycerophospholipids,Glycerophosphoethanolamines
pos_745,Mergepta,HMDB0254467,--,Organic compounds,Lipids and lipid-like molecules,Fatty Acyls,Fatty acids and conjugates
pos_747,5-Fluorouridine,HMDB0060396,--,Organic compounds,"Nucleosides, nucleotides, and analogues",Pyrimidine nucleosides,--
pos_748,2-(Formamido)-N1-(5'-phosphoribosyl)acetamidine,HMDB0002305,6157-85-3,Organic compounds,Organic oxygen compounds,Organooxygen compounds,Carbohydrates and carbohydrate conjugates
pos_7507,Acetoin,HMDB0003243,513-86-0,Organic compounds,Organic oxygen compounds,Organooxygen compounds,Carbonyl compounds
pos_7508,Alprenolol,HMDB0015004,13655-52-2,Organic compounds,Benzenoids,Phenol ethers,--
pos_751,Plantagonine,HMDB0033482,21857-97-6,Organic compounds,Organoheterocyclic compounds,Pyridines and derivatives,Pyridinecarboxylic acids and derivatives
pos_7518,PGP(a-15:0/PGE1),HMDB0274461,--,--,--,--,--
pos_7525,N-Docosahexaenoyl Histidine,HMDB0242015,--,Organic compounds,Organic acids and derivatives,Carboxylic acids and derivatives,"Amino acids, peptides, and analogues"
pos_753,Glutaminylglycine,HMDB0028797,2650-65-9,Organic compounds,Organic acids and derivatives,Carboxylic acids and derivatives,"Amino acids, peptides, and analogues"
pos_7534,"(E)-5-(3,4,5,6-Tetrahydro-3-pyridylidenemethyl)-2-furanmethanol",HMDB0033560,--,Organic compounds,Organoheterocyclic compounds,Pyridines and derivatives,Hydropyridines
pos_754,Octopine,HMDB0255912,--,Organic compounds,Organic acids and derivatives,Carboxylic acids and derivatives,"Amino acids, peptides, and analogues"
pos_7541,"DG(10:0/20:3(8Z,11Z,14Z)-2OH(5,6)/0:0)",HMDB0294489,--,--,--,--,--
pos_7554,"(8alpha,10alpha,13alpha,17beta)-17-[(4-Hydroxyphenyl)carbonyl]androsta-3,5-diene-3-carboxylic acid",HMDB0243632,--,Organic compounds,Lipids and lipid-like molecules,Steroids and steroid derivatives,Steroid acids
pos_758,2-n-Propyl-4-oxopentanoic acid,HMDB0060683,--,Organic compounds,Organic acids and derivatives,Keto acids and derivatives,Gamma-keto acids and derivatives
pos_759,"5,6-Dihydrouridine",HMDB0000497,5627/5/4,Organic compounds,Organic oxygen compounds,Organooxygen compounds,Carbohydrates and carbohydrate conjugates
pos_7598,Aglycone C,HMDB0244417,--,Organic compounds,Benzenoids,Naphthacenes,Tetracenequinones
pos_7599,Estradiol-17beta 3-glucuronide,HMDB0006224,15270-30-1,Organic compounds,Lipids and lipid-like molecules,Steroids and steroid derivatives,Steroidal glycosides
pos_760,N-(1-Deoxy-1-fructosyl)valine,HMDB0037844,--,Organic compounds,Organic acids and derivatives,Carboxylic acids and derivatives,"Amino acids, peptides, and analogues"
pos_7603,Jubanine C,HMDB0037300,159226-00-3,Organic compounds,Organic acids and derivatives,Carboxylic acids and derivatives,"Amino acids, peptides, and analogues"
pos_7616,2'-Apo-beta-carotenal,HMDB0035150,5525-46-2,Organic compounds,Lipids and lipid-like molecules,Prenol lipids,Sesquaterpenoids
pos_7617,Capsianoside I,HMDB0002318,121924-04-7,Organic compounds,Lipids and lipid-like molecules,Fatty Acyls,Fatty acyl glycosides
pos_7619,Mitemcinal,HMDB0254757,--,Organic compounds,Organic oxygen compounds,Organooxygen compounds,Carbohydrates and carbohydrate conjugates
pos_763,Glucoerucin,HMDB0038403,21973-56-8,Organic compounds,Organic oxygen compounds,Organooxygen compounds,Carbohydrates and carbohydrate conjugates
pos_7630,"3a,7b,12a-Trihydroxyoxocholanyl-Glycine",HMDB0000331,68753-51-5,Organic compounds,Lipids and lipid-like molecules,Steroids and steroid derivatives,"Bile acids, alcohols and derivatives"
pos_7640,"18-Nor-4(19),8,11,13-abietatetraene",HMDB0041371,22478-62-2,Organic compounds,Lipids and lipid-like molecules,Prenol lipids,Diterpenoids
pos_7641,"(8S,9S,10S,11S,13S,14S,17R)-11,17-Dihydroxy-17-(2-hydroxyacetyl)-10,13-dimethyl-1,4,5,6,7,8,9,11,12,14,15,16-dodecahydrocyclopenta[a]phenanthrene-2,3-dione",HMDB0260196,--,Organic compounds,Lipids and lipid-like molecules,Steroids and steroid derivatives,Hydroxysteroids
pos_766,"1,2,3-Trihydroxybenzene",HMDB0013674,87-66-1,Organic compounds,Benzenoids,Phenols,Benzenetriols and derivatives
pos_7662,"DG(14:0/18:3(6Z,9Z,12Z)/0:0)",HMDB0007017,--,Organic compounds,Lipids and lipid-like molecules,Fatty Acyls,Lineolic acids and derivatives
pos_767,Norvaline,HMDB0013716,760-78-1,Organic compounds,Organic acids and derivatives,Carboxylic acids and derivatives,"Amino acids, peptides, and analogues"
pos_7676,Heptadecatrienal,HMDB0041333,56797-44-5,Organic compounds,Lipids and lipid-like molecules,Fatty Acyls,Fatty aldehydes
pos_7678,"27-Nor-5b-cholestane-3a,7a,12a,24,25-pentol",HMDB0002126,78648-95-0,Organic compounds,Lipids and lipid-like molecules,Steroids and steroid derivatives,"Bile acids, alcohols and derivatives"
pos_768,Uric acid,HMDB0000289,69-93-2,Organic compounds,Organoheterocyclic compounds,Imidazopyrimidines,Purines and purine derivatives
pos_77,D-Pipecolic acid,HMDB0005960,1723-00-8,Organic compounds,Organic acids and derivatives,Carboxylic acids and derivatives,"Amino acids, peptides, and analogues"
pos_770,alpha-Methyl-m-tyrosine,HMDB0248232,--,Organic compounds,Phenylpropanoids and polyketides,Phenylpropanoic acids,--
pos_771,"4-[(2,4-Dihydroxy-3,3-dimethylbutanoyl)amino]butanoic acid",HMDB0246316,--,Organic compounds,Organic acids and derivatives,Carboxylic acids and derivatives,"Amino acids, peptides, and analogues"
pos_7716,LysoSM(d18:0),HMDB0012082,--,Organic compounds,Lipids and lipid-like molecules,Sphingolipids,Phosphosphingolipids
pos_7718,Ponasteroside A,HMDB0034091,20117-33-3,Organic compounds,Lipids and lipid-like molecules,Steroids and steroid derivatives,Steroidal glycosides
pos_7723,3-Hexen-1-ol,HMDB0030003,928-96-1,Organic compounds,Lipids and lipid-like molecules,Fatty Acyls,Fatty alcohols
pos_7731,"7(14)-Bisabolene-2,3,10,11-tetrol",HMDB0035918,122470-42-2,Organic compounds,Lipids and lipid-like molecules,Prenol lipids,Sesquiterpenoids
pos_7735,delta-Hexanolactone,HMDB0000453,823-22-3,Organic compounds,Organoheterocyclic compounds,Lactones,Delta valerolactones
pos_7745,"3-(L-Menthoxy)-2-methylpropane-1,2-diol",HMDB0032417,195863-84-4,Organic compounds,Lipids and lipid-like molecules,Prenol lipids,Monoterpenoids
pos_7751,"1,2-Dilinolenoyl-3-(4-aminobutyryl)propane-1,2,3-triol",HMDB0244079,--,Organic compounds,Lipids and lipid-like molecules,Glycerolipids,Triradylcglycerols
pos_7754,"PGP(18:2(9Z,11Z)/5-iso PGF2VI)",HMDB0272855,--,--,--,--,--
pos_7756,N2-Methyl-L-arginine,HMDB0255294,--,Organic compounds,Organic acids and derivatives,Carboxylic acids and derivatives,"Amino acids, peptides, and analogues"
pos_7757,Taurocholate,HMDB0000036,81-24-3,Organic compounds,Lipids and lipid-like molecules,Steroids and steroid derivatives,"Bile acids, alcohols and derivatives"
pos_7760,Benextramine,HMDB0248948,--,Organic compounds,Benzenoids,Benzene and substituted derivatives,Phenylmethylamines
pos_7763,MG(a-13:0/0:0/0:0)[rac],HMDB0072841,--,Organic compounds,Lipids and lipid-like molecules,Glycerolipids,Monoradylglycerols
pos_7772,"3-Hexaprenyl-4,5-dihydroxybenzoate",HMDB0001063,63975-40-6,Organic compounds,Lipids and lipid-like molecules,Prenol lipids,Polyprenylphenols
pos_7776,5-((6-((Aminomethyl)amino)-1-oxohexyl)amino)pentanoic acid,HMDB0258266,--,Organic compounds,Lipids and lipid-like molecules,Fatty Acyls,Fatty amides
pos_778,"3-Hydroxy-4,6-heptadiyne-1-yl 1-glucoside",HMDB0038964,--,Organic compounds,Lipids and lipid-like molecules,Fatty Acyls,Fatty acyl glycosides
pos_7783,Isovaleric acid,HMDB0000718,503-74-2,Organic compounds,Lipids and lipid-like molecules,Fatty Acyls,Fatty acids and conjugates
pos_7784,4-Hydroxyvalproic acid,HMDB0013900,60113-82-8,Organic compounds,Lipids and lipid-like molecules,Fatty Acyls,Fatty acids and conjugates
pos_7786,3-Methoxy-4-hydroxymandelate,HMDB0000291,13244-77-4,Organic compounds,Benzenoids,Phenols,Methoxyphenols
pos_7790,Myristoleic acid,HMDB0002000,544-64-9,Organic compounds,Lipids and lipid-like molecules,Fatty Acyls,Fatty acids and conjugates
pos_78,Dihydrouracil,HMDB0000076,504-07-4,Organic compounds,Organoheterocyclic compounds,Diazines,Pyrimidines and pyrimidine derivatives
pos_7806,THYMOPENTIN,HMDB0259057,--,Organic compounds,Organic acids and derivatives,Carboxylic acids and derivatives,"Amino acids, peptides, and analogues"
pos_7830,Thrombin receptor peptide sfllrnp,HMDB0259047,--,Organic compounds,Organic acids and derivatives,Carboxylic acids and derivatives,"Amino acids, peptides, and analogues"
pos_7833,11-Hydroxyprogesterone 11-glucuronide,HMDB0010364,77710-64-6,Organic compounds,Lipids and lipid-like molecules,Steroids and steroid derivatives,Steroidal glycosides
pos_7838,2-(4-Methyl-5-thiazolyl)ethyl formate,HMDB0032420,90731-56-9,Organic compounds,Organoheterocyclic compounds,Azoles,Thiazoles
pos_784,UDP-4-dehydro-6-deoxy-D-glucose,HMDB0012300,13094-28-5,Organic compounds,"Nucleosides, nucleotides, and analogues",Pyrimidine nucleotides,Pyrimidine nucleotide sugars
pos_7840,2-Mercaptobenzothiazole,HMDB0030524,149-30-4,Organic compounds,Organoheterocyclic compounds,Benzothiazoles,--
pos_7842,"1,2-Cyclohexanediol, 1-methyl-4-(1-methylethenyl)-",HMDB0256048,--,Organic compounds,Lipids and lipid-like molecules,Prenol lipids,Monoterpenoids
pos_7844,delta-9-tetrahydrocannabinolate,HMDB0304545,--,Organic compounds,Organoheterocyclic compounds,Benzopyrans,1-benzopyrans
pos_785,CMP-N-glycoloylneuraminate,HMDB0012206,98300-80-2,Organic compounds,Organic oxygen compounds,Organooxygen compounds,Carbohydrates and carbohydrate conjugates
pos_7863,Ethyl 3-hydroxybutyrate,HMDB0040409,35608-64-1,Organic compounds,Organic acids and derivatives,Hydroxy acids and derivatives,Beta hydroxy acids and derivatives
pos_7873,Methyl DL-Leucate,HMDB0036231,40348-72-9,Organic compounds,Lipids and lipid-like molecules,Fatty Acyls,Fatty acid esters
pos_7874,"(1S,2S,4R,8R)-p-Menthane-1,2,8,9-tetrol",HMDB0039974,402593-46-8,Organic compounds,Lipids and lipid-like molecules,Prenol lipids,Monoterpenoids
pos_7876,Arginyl-Alanine,HMDB0028702,40968-45-4,Organic compounds,Organic acids and derivatives,Carboxylic acids and derivatives,"Amino acids, peptides, and analogues"
pos_7877,2-Ethyl-6-hydroxyhexanoic acid,HMDB0245116,--,Organic compounds,Organic acids and derivatives,Hydroxy acids and derivatives,Medium-chain hydroxy acids and derivatives
pos_7880,milbemycin beta3,HMDB0254729,--,Organic compounds,Phenylpropanoids and polyketides,Macrolides and analogues,Milbemycins
pos_789,"1-(5-Hydroxy-2-oxo-2,3-dihydroimidazol-4-yl)urea",HMDB0248150,--,Organic compounds,Organoheterocyclic compounds,Azoles,Imidazoles
pos_7892,Thyroxine,HMDB0000248,51-48-9,Organic compounds,Organic acids and derivatives,Carboxylic acids and derivatives,"Amino acids, peptides, and analogues"
pos_7893,5-Isopropylbicyclo[3.1.0]hexan-2-one,HMDB0035229,513-20-2,Organic compounds,Organic oxygen compounds,Organooxygen compounds,Carbonyl compounds
pos_7894,Pantothenate,HMDB0000210,79-83-4,Organic compounds,Organic oxygen compounds,Organooxygen compounds,Alcohols and polyols
pos_7896,Oxdralazine,HMDB0255976,--,Organic compounds,Organic nitrogen compounds,Organonitrogen compounds,Amines
pos_790,Homostachydrine,HMDB0004827,471-87-4,Organic compounds,Organic acids and derivatives,Carboxylic acids and derivatives,"Amino acids, peptides, and analogues"
pos_7905,"(S)-2,3-Dihydro-7-hydroxy-2-methyl-4-oxo-4H-1-benzopyran-5-acetic acid",HMDB0040407,94356-37-3,Organic compounds,Organoheterocyclic compounds,Benzopyrans,1-benzopyrans
pos_7906,N-Undecanoylglycine,HMDB0013286,--,Organic compounds,Organic acids and derivatives,Carboxylic acids and derivatives,"Amino acids, peptides, and analogues"
pos_7916,PE(15:0/18:0),HMDB0008892,--,Organic compounds,Lipids and lipid-like molecules,Glycerophospholipids,Glycerophosphoethanolamines
pos_7920,Histidinyl-Arginine,HMDB0028879,77369-21-2,Organic compounds,Organic acids and derivatives,Carboxylic acids and derivatives,"Amino acids, peptides, and analogues"
pos_7924,Oxypertine,HMDB0256019,--,Organic compounds,Organoheterocyclic compounds,Diazinanes,Piperazines
pos_793,Dimethyl fumarate,HMDB0031257,624-49-7,Organic compounds,Lipids and lipid-like molecules,Fatty Acyls,Fatty acid esters
pos_7930,"PA(15:0/20:3(8Z,11Z,14Z))",HMDB0115509,--,Organic compounds,Lipids and lipid-like molecules,Glycerophospholipids,Glycerophosphates
pos_794,2-Pyrazinoylguanidine,HMDB0247125,--,Organic compounds,Organoheterocyclic compounds,Diazines,Pyrazines
pos_7941,Goshonoside F4,HMDB0038377,90851-27-7,Organic compounds,Lipids and lipid-like molecules,Prenol lipids,Terpene glycosides
pos_7946,13-HDoHE,HMDB0060043,--,Organic compounds,Lipids and lipid-like molecules,Fatty Acyls,Fatty alcohols
pos_7947,"ent-16b,19-Kauranediol 19-acetate",HMDB0036801,30320-70-8,Organic compounds,Lipids and lipid-like molecules,Prenol lipids,Diterpenoids
pos_796,Acetylcarnitine,HMDB0000201,3040-38-8,Organic compounds,Lipids and lipid-like molecules,Fatty Acyls,Fatty acid esters
pos_7962,"3alpha,7alpha-Dihydroxy-5beta-cholestanate",HMDB0000359,17974-66-2,Organic compounds,Lipids and lipid-like molecules,Steroids and steroid derivatives,"Bile acids, alcohols and derivatives"
pos_7975,Seocalcitol,HMDB0242642,--,Organic compounds,Lipids and lipid-like molecules,Steroids and steroid derivatives,Vitamin D and derivatives
pos_7988,4-Amino-2-methyl-5-(phosphooxymethyl)pyrimidine,HMDB0304169,--,Organic compounds,Organoheterocyclic compounds,Diazines,Pyrimidines and pyrimidine derivatives
pos_8005,Alpha-CEHC,HMDB0001518,4072-32-6,Organic compounds,Organoheterocyclic compounds,Benzopyrans,1-benzopyrans
pos_8056,Cynaratriol,HMDB0034983,70894-20-1,Organic compounds,Lipids and lipid-like molecules,Prenol lipids,Terpene lactones
pos_806,Ethyl nicotinate,HMDB0059846,--,Organic compounds,Organoheterocyclic compounds,Pyridines and derivatives,Pyridinecarboxylic acids and derivatives
pos_8061,N-Oleoyl Alanine,HMDB0241953,--,Organic compounds,Organic acids and derivatives,Carboxylic acids and derivatives,"Amino acids, peptides, and analogues"
pos_8073,THA,HMDB0002007,81247-23-6,Organic compounds,Lipids and lipid-like molecules,Fatty Acyls,Fatty acids and conjugates
pos_808,epsilon-Maleimido-lysine,HMDB0251891,--,Organic compounds,Organic acids and derivatives,Carboxylic acids and derivatives,"Amino acids, peptides, and analogues"
pos_8086,"2-Hexaprenyl-3-methyl-5-hydroxy-6-methoxy-1,4-benzoquinone",HMDB0006820,--,Organic compounds,Lipids and lipid-like molecules,Prenol lipids,Sesterterpenoids
pos_8088,Arbutin,HMDB0029943,497-76-7,Organic compounds,Organic oxygen compounds,Organooxygen compounds,Carbohydrates and carbohydrate conjugates
pos_809,1-O-Galloylglycerol,HMDB0039177,87087-60-3,Organic compounds,Benzenoids,Benzene and substituted derivatives,Benzoic acids and derivatives
pos_8090,Terbutryn,HMDB0258830,--,Organic compounds,Organoheterocyclic compounds,Triazines,"1,3,5-triazines"
pos_8091,L-Thyronine,HMDB0000667,1596-67-4,Organic compounds,Organic acids and derivatives,Carboxylic acids and derivatives,"Amino acids, peptides, and analogues"
pos_8092,"5,6-Dimethoxysterigmatocystin",HMDB0030592,65176-75-2,Organic compounds,Phenylpropanoids and polyketides,Sterigmatocystins,--
pos_8093,Prunitrin,HMDB0034149,154-36-9,Organic compounds,Phenylpropanoids and polyketides,Isoflavonoids,Isoflavonoid O-glycosides
pos_810,HMBOA dihexose,HMDB0304551,--,Organic compounds,Organic oxygen compounds,Organooxygen compounds,Carbohydrates and carbohydrate conjugates
pos_8100,5-Ethyl-4-methyl-2-pentyloxazole,HMDB0037889,84028-13-7,Organic compounds,Organoheterocyclic compounds,Azoles,Oxazoles
pos_8135,4-Butyl-5-ethylthiazole,HMDB0040065,57246-62-5,Organic compounds,Organoheterocyclic compounds,Azoles,Thiazoles
pos_814,(Z)-3-Methyl-3-decenoic acid,HMDB0031062,22882-87-7,Organic compounds,Lipids and lipid-like molecules,Fatty Acyls,Fatty acids and conjugates
pos_816,Pisatoside,HMDB0039127,18814-39-6,Organic compounds,Organic oxygen compounds,Organooxygen compounds,Carbohydrates and carbohydrate conjugates
pos_8163,"1,2-dihydrostilbene",HMDB0244093,--,Organic compounds,Phenylpropanoids and polyketides,Stilbenes,--
pos_8164,Pentadecanoic acid,HMDB0000826,1002-84-2,Organic compounds,Lipids and lipid-like molecules,Fatty Acyls,Fatty acids and conjugates
pos_817,Isoproterenol,HMDB0015197,7683-59-2,Organic compounds,Benzenoids,Phenols,Benzenediols
pos_8185,Traumatic acid,HMDB0000933,6402-36-4,Organic compounds,Lipids and lipid-like molecules,Fatty Acyls,Fatty acids and conjugates
pos_8187,MG(0:0/i-12:0/0:0),HMDB0072858,--,Organic compounds,Lipids and lipid-like molecules,Glycerolipids,Monoradylglycerols
pos_8188,Corticosterone,HMDB0001547,50-22-6,Organic compounds,Lipids and lipid-like molecules,Steroids and steroid derivatives,Hydroxysteroids
pos_8192,4-Hydroxyandrostenedione glucuronide,HMDB0010315,--,Organic compounds,Lipids and lipid-like molecules,Steroids and steroid derivatives,Cholestane steroids
pos_8195,Uzarigenin 3-[xylosyl-(1->2)-rhamnoside],HMDB0036296,255861-29-1,Organic compounds,Lipids and lipid-like molecules,Steroids and steroid derivatives,Steroid lactones
pos_8199,Carbocyclic thromboxane A2,HMDB0249633,--,Organic compounds,Lipids and lipid-like molecules,Fatty Acyls,Fatty acids and conjugates
pos_820,Cambinol,HMDB0249572,--,Organic compounds,Organoheterocyclic compounds,Diazines,Pyrimidines and pyrimidine derivatives
pos_8200,"2',4'-Dihydroxy-2-biphenylcarboxylic acid",HMDB0039209,--,Organic compounds,Benzenoids,Benzene and substituted derivatives,Biphenyls and derivatives
pos_8211,"(4E,7E,10Z,13E,16E,19E)-docosa-4,7,10,13,16,19-hexaenoic acid",HMDB0251558,--,Organic compounds,Lipids and lipid-like molecules,Fatty Acyls,Fatty acids and conjugates
pos_8212,pregnenolone sulfate,HMDB0000774,1247-64-9,Organic compounds,Lipids and lipid-like molecules,Steroids and steroid derivatives,Sulfated steroids
pos_8221,54-Deoxy-50-hydroxyciguatoxin,HMDB0039392,263336-54-5,Organic compounds,Lipids and lipid-like molecules,Prenol lipids,Triterpenoids
pos_8243,"PI(PGE2/16:2(9Z,12Z))",HMDB0276261,--,--,--,--,--
pos_8247,Rifametane,HMDB0257224,--,Organic compounds,Phenylpropanoids and polyketides,Macrolactams,--
pos_8252,"PI(20:2(11Z,14Z)/20:4(6E,8Z,11Z,13E)-2OH(5S,15S))",HMDB0277243,--,--,--,--,--
pos_8267,"Cyanidin 3,5-O-diglucoside",HMDB0304659,--,Organic compounds,Lipids and lipid-like molecules,Glycerophospholipids,Glycerophosphocholines
pos_828,L-Histidinal,HMDB0012234,23784-15-8,Organic compounds,Organic nitrogen compounds,Organonitrogen compounds,Amines
pos_8284,Theogallin,HMDB0039287,53584-43-3,Organic compounds,Organic oxygen compounds,Organooxygen compounds,Alcohols and polyols
pos_829,N-(1-Deoxy-1-fructosyl)methionine,HMDB0037841,20638-92-0,Organic compounds,Organic acids and derivatives,Carboxylic acids and derivatives,"Amino acids, peptides, and analogues"
pos_8294,pyrimidoindole,HMDB0256980,--,Organic compounds,Organoheterocyclic compounds,Diazanaphthalenes,Benzodiazines
pos_8295,"(2S,3R,4R)-2-Amino-3,4-dihydroxy-2-(hydroxymethyl)-14-oxoicos-6-enoic acid",HMDB0242536,--,Organic compounds,Lipids and lipid-like molecules,Fatty Acyls,Fatty acids and conjugates
pos_8301,Hydroxyprolyl-Isoleucine,HMDB0028866,--,Organic compounds,Organic acids and derivatives,Carboxylic acids and derivatives,"Amino acids, peptides, and analogues"
pos_8302,"(8R,9R,10R,13S,14S)-10,13-Dimethyl-4,5,6,7,8,9,11,12,14,15,16,17-dodecahydro-3H-cyclopenta[a]phenanthrene-3,17-diol",HMDB0257771,--,Organic compounds,Lipids and lipid-like molecules,Steroids and steroid derivatives,Androstane steroids
pos_8304,N-Myristoyl Glutamine,HMDB0242050,--,Organic compounds,Organic acids and derivatives,Carboxylic acids and derivatives,"Amino acids, peptides, and analogues"
pos_8312,Integerrimine,HMDB0242680,--,Organic compounds,Phenylpropanoids and polyketides,Macrolides and analogues,--
pos_8314,Prostaglandin B1,HMDB0002982,13345-51-2,Organic compounds,Lipids and lipid-like molecules,Fatty Acyls,Eicosanoids
pos_8323,Deltaline,HMDB0250984,--,Organic compounds,Lipids and lipid-like molecules,Prenol lipids,Diterpenoids
pos_8335,Alliospiroside C,HMDB0030914,114317-57-6,Organic compounds,Lipids and lipid-like molecules,Steroids and steroid derivatives,Steroidal glycosides
pos_835,2-Diethylaminoethanol,HMDB0033971,100-37-8,Organic compounds,Organic nitrogen compounds,Organonitrogen compounds,Amines
pos_8353,"PI(20:3(5Z,8Z,11Z)/6 keto-PGF1alpha)",HMDB0277303,--,--,--,--,--
pos_8356,Traumatin,HMDB0037326,65410-38-0,Organic compounds,Lipids and lipid-like molecules,Fatty Acyls,Fatty acids and conjugates
pos_8357,Mebeverine alcohol,HMDB0254390,--,Organic compounds,Benzenoids,Benzene and substituted derivatives,Phenethylamines
pos_8362,3-O-Methylniveusin A,HMDB0039084,--,Organic compounds,Lipids and lipid-like molecules,Prenol lipids,Terpene lactones
pos_8364,"2-Octaprenyl-3-methyl-6-methoxy-1,4-benzoquinol",HMDB0011661,--,Organic compounds,Lipids and lipid-like molecules,Prenol lipids,Sesterterpenoids
pos_837,Halleridone,HMDB0302803,--,Organic compounds,Organoheterocyclic compounds,Benzofurans,--
pos_8373,Manumycin A,HMDB0242678,--,Organic compounds,Organic oxygen compounds,Organooxygen compounds,Carbonyl compounds
pos_838,3-Methylbenzaldehyde,HMDB0029637,620-23-5,Organic compounds,Benzenoids,Benzene and substituted derivatives,Benzoyl derivatives
pos_839,Salicylaldehyde,HMDB0034170,1990/2/8,Organic compounds,Organic oxygen compounds,Organooxygen compounds,Carbonyl compounds
pos_8394,"p-Mentha-1,3,8-triene",HMDB0037013,18368-95-1,Organic compounds,Lipids and lipid-like molecules,Prenol lipids,Monoterpenoids
pos_8423,epsilon-Caprolactone,HMDB0060476,--,Organic compounds,Organoheterocyclic compounds,Lactones,--
pos_8425,Diacetone alcohol,HMDB0031511,123-42-2,Organic compounds,Organic oxygen compounds,Organooxygen compounds,Carbonyl compounds
pos_8431,Sativic acid,HMDB0302836,--,Organic compounds,Lipids and lipid-like molecules,Fatty Acyls,Fatty acids and conjugates
pos_8436,Propylene glycol,HMDB0001881,4254-14-2,Organic compounds,Organic oxygen compounds,Organooxygen compounds,Alcohols and polyols
pos_8445,Cinnamylideneacetone,HMDB0031621,4173-44-8,Organic compounds,Benzenoids,Benzene and substituted derivatives,Styrenes
pos_8454,"5,16-Androstadien-3beta-ol",HMDB0248392,--,Organic compounds,Lipids and lipid-like molecules,Steroids and steroid derivatives,Androstane steroids
pos_8456,Prostaglandin F2alpha,HMDB0001139,551-11-1,Organic compounds,Lipids and lipid-like molecules,Fatty Acyls,Eicosanoids
pos_846,methyl 2-amino-4-oxopentanoate,HMDB0254565,--,Organic compounds,Organic acids and derivatives,Carboxylic acids and derivatives,"Amino acids, peptides, and analogues"
pos_8462,omega-hydroxyfinasteride,HMDB0061030,--,Organic compounds,Lipids and lipid-like molecules,Steroids and steroid derivatives,Androstane steroids
pos_8463,Thromboxane B2,HMDB0003252,54397-85-2,Organic compounds,Lipids and lipid-like molecules,Fatty Acyls,Eicosanoids
pos_8478,Isopropenyl acetate,HMDB0032351,108-22-5,Organic compounds,Organic acids and derivatives,Carboxylic acids and derivatives,Carboxylic acid derivatives
pos_8482,7-Hydroxyoctanoic acid,HMDB0000486,17173-14-7,Organic compounds,Organic acids and derivatives,Hydroxy acids and derivatives,Medium-chain hydroxy acids and derivatives
pos_8489,Primaquine,HMDB0015219,90-34-6,Organic compounds,Organoheterocyclic compounds,Quinolines and derivatives,Aminoquinolines and derivatives
pos_849,m-Coumaric acid,HMDB0001713,14755-02-3,Organic compounds,Phenylpropanoids and polyketides,Cinnamic acids and derivatives,Hydroxycinnamic acids and derivatives
pos_8490,Embutramide,HMDB0251769,--,Organic compounds,Benzenoids,Benzene and substituted derivatives,Phenylpropanes
pos_8495,Irinotecan,HMDB0014900,100286-90-6,Organic compounds,Alkaloids and derivatives,Camptothecins,--
pos_8498,7alpha-Hydroxy-3-oxo-4-cholestenoate,HMDB0012458,115538-85-7,Organic compounds,Lipids and lipid-like molecules,Steroids and steroid derivatives,"Bile acids, alcohols and derivatives"
pos_8502,Biotin,HMDB0000030,58-85-5,Organic compounds,Organoheterocyclic compounds,Biotin and derivatives,--
pos_8503,Alanylarginine,HMDB0028681,16709-12-9,Organic compounds,Organic acids and derivatives,Carboxylic acids and derivatives,"Amino acids, peptides, and analogues"
pos_851,Levetiracetam,HMDB0015333,102767-28-2,Organic compounds,Organic acids and derivatives,Carboxylic acids and derivatives,"Amino acids, peptides, and analogues"
pos_8521,Gilteritinib,HMDB0252717,--,Organic compounds,Benzenoids,Benzene and substituted derivatives,Diphenylmethanes
pos_8525,Cer(d16:1/5-iso PGF2VI),HMDB0289859,--,--,--,--,--
pos_8531,Oxprenolol,HMDB0015520,6452-71-7,Organic compounds,Benzenoids,Phenol ethers,--
pos_8538,"3beta,15alpha-Diacetoxylanosta-8,24-dien-26-oic acid",HMDB0036442,117842-20-3,Organic compounds,Lipids and lipid-like molecules,Prenol lipids,Triterpenoids
pos_854,7-(2-Hydroxyethyl)guanine,HMDB0247221,--,Organic compounds,Organoheterocyclic compounds,Imidazopyrimidines,Purines and purine derivatives
pos_8544,Ganoderiol I,HMDB0037778,114567-49-6,Organic compounds,Lipids and lipid-like molecules,Prenol lipids,Triterpenoids
pos_8552,Melanotan II,HMDB0254419,--,Organic compounds,Organic acids and derivatives,Carboxylic acids and derivatives,"Amino acids, peptides, and analogues"
pos_8553,"6,7-Dihydro-7-hydroxyciguatoxin",HMDB0039388,263336-56-7,Organic compounds,Phenylpropanoids and polyketides,Ciguatera toxins,--
pos_856,L-Threo-3-Phenylserine,HMDB0002184,6254-48-4,Organic compounds,Organic acids and derivatives,Carboxylic acids and derivatives,"Amino acids, peptides, and analogues"
pos_857,Saccharin,HMDB0029723,1981/7/2,Organic compounds,Organoheterocyclic compounds,Benzothiazoles,--
pos_858,Rimiterol,HMDB0257235,--,Organic compounds,Benzenoids,Phenols,Benzenediols
pos_8582,"PA(22:5(4Z,7Z,10Z,13Z,16Z)/PGJ2)",HMDB0265997,--,--,--,--,--
pos_8586,"26-(2-Glucosyl-6-acetylglucosyl]-1,3,11,22-tetrahydroxyergosta-5,24-dien-26-oate",HMDB0040406,155510-76-2,Organic compounds,Lipids and lipid-like molecules,Fatty Acyls,Fatty acid esters
pos_8589,Homocarnosine,HMDB0000745,3650-73-5,Organic compounds,Organic acids and derivatives,Peptidomimetics,Hybrid peptides
pos_8590,Bis(ethylphenyl)ether,HMDB0249257,--,Organic compounds,Benzenoids,Benzene and substituted derivatives,--
pos_8593,"(1S,2S,3S,4R)-3-(1-Acetamido-2-ethylbutyl)-4-(diaminomethylideneamino)-2-hydroxycyclopentane-1-carboxylic acid",HMDB0242447,--,Organic compounds,Organic acids and derivatives,Carboxylic acids and derivatives,"Amino acids, peptides, and analogues"
pos_8594,1-Phenyl-1-cyclohexene,HMDB0243990,--,Organic compounds,Benzenoids,Benzene and substituted derivatives,--
pos_8599,4-Methylbiphenyl,HMDB0032610,644-08-6,Organic compounds,Benzenoids,Benzene and substituted derivatives,Biphenyls and derivatives
pos_860,3-Hydroxybutyrylcarnitine,HMDB0013127,1469900-92-2,Organic compounds,Lipids and lipid-like molecules,Fatty Acyls,Fatty acid esters
pos_8600,Cardanolmonoene,HMDB0030482,501-26-8,Organic compounds,Benzenoids,Phenols,1-hydroxy-4-unsubstituted benzenoids
pos_8614,1-Methylnaphthalene,HMDB0032860,90-12-0,Organic compounds,Benzenoids,Naphthalenes,--
pos_8621,"1,2,4-Tris(methylene)cyclohexane",HMDB0040458,14296-81-2,Organic compounds,Hydrocarbons,Unsaturated hydrocarbons,Branched unsaturated hydrocarbons
pos_8630,triacsin c,HMDB0259140,--,Organic compounds,Organic nitrogen compounds,Organonitrogen compounds,--
pos_8635,Kanamycin B,HMDB0242522,--,Organic compounds,Organic oxygen compounds,Organooxygen compounds,Carbohydrates and carbohydrate conjugates
pos_8639,16alpha-Hydroxydehydroepiandrosterone,HMDB0000352,1232-73-1,Organic compounds,Lipids and lipid-like molecules,Steroids and steroid derivatives,Androstane steroids
pos_864,N-(1-Deoxy-1-fructosyl)isoleucine,HMDB0039780,87304-79-8,Organic compounds,Organic oxygen compounds,Organooxygen compounds,Alcohols and polyols
pos_8640,Benztropine,HMDB0014390,86-13-5,Organic compounds,Benzenoids,Benzene and substituted derivatives,Diphenylmethanes
pos_8651,L-Histidinol,HMDB0003431,4836-52-6,Organic compounds,Organic nitrogen compounds,Organonitrogen compounds,Amines
pos_8652,5-Hydroxycarvone,HMDB0302755,--,Organic compounds,Lipids and lipid-like molecules,Prenol lipids,Monoterpenoids
pos_8654,"1,3-Diphenylpropane",HMDB0032564,1081-75-0,Organic compounds,Phenylpropanoids and polyketides,"Linear 1,3-diarylpropanoids",--
pos_8655,Ethylbenzene,HMDB0059905,100-41-4,Organic compounds,Benzenoids,Benzene and substituted derivatives,--
pos_8663,Alfaprostolum,HMDB0248132,--,Organic compounds,Lipids and lipid-like molecules,Fatty Acyls,Fatty acid esters
pos_867,Escitalopram,HMDB0005028,128196-01-0,Organic compounds,Benzenoids,Benzene and substituted derivatives,Phenylbutylamines
pos_8675,Avermectin A1a,HMDB0242563,--,Organic compounds,Phenylpropanoids and polyketides,Macrolides and analogues,--
pos_8678,"N-(2-Hydroxyisobutyl)-2,4,8,10,12-tetradecapentaenamide",HMDB0031183,127514-62-9,Organic compounds,Lipids and lipid-like molecules,Fatty Acyls,Fatty amides
pos_8683,4-Isopropylphenserine,HMDB0250692,--,Organic compounds,Organoheterocyclic compounds,Indoles and derivatives,Pyrroloindoles
pos_8710,"Cer(d16:1/20:4(6Z,8E,10E,14Z)-2OH(5S,12R))",HMDB0289855,--,--,--,--,--
pos_8720,18-Nitrooctadec-9-enoic acid,HMDB0257702,--,Organic compounds,Lipids and lipid-like molecules,Fatty Acyls,Fatty acids and conjugates
pos_8721,1-(9Z-Nonadecenoyl)-glycero-3-phosphoethanolamine,HMDB0243799,--,Organic compounds,Lipids and lipid-like molecules,Glycerophospholipids,Glycerophosphoethanolamines
pos_8724,"Methyl (2E,6Z)-dodecadienoate",HMDB0031014,28369-22-4,Organic compounds,Lipids and lipid-like molecules,Fatty Acyls,Fatty acid esters
pos_8739,N-palmitoyl glutamic acid,HMDB0241925,--,Organic compounds,Organic acids and derivatives,Carboxylic acids and derivatives,"Amino acids, peptides, and analogues"
pos_8742,(Z)-11-Hexadecenal,HMDB0243751,--,Organic compounds,Lipids and lipid-like molecules,Fatty Acyls,Fatty aldehydes
pos_8744,Sphinganine,HMDB0000269,764-22-7,Organic compounds,Organic nitrogen compounds,Organonitrogen compounds,Amines
pos_875,Apstatin,HMDB0248539,--,Organic compounds,Organic acids and derivatives,Peptidomimetics,Hybrid peptides
pos_8758,Tridecanol,HMDB0013316,--,Organic compounds,Lipids and lipid-like molecules,Fatty Acyls,Fatty alcohols
pos_8761,"(+)-15,16-Dihydroxyoctadecanoic acid",HMDB0031008,--,Organic compounds,Lipids and lipid-like molecules,Fatty Acyls,Fatty acids and conjugates
pos_8780,Ergosterol,HMDB0000878,57-87-4,Organic compounds,Lipids and lipid-like molecules,Steroids and steroid derivatives,Ergostane steroids
pos_8783,Cetylmannoside,HMDB0249840,--,Organic compounds,Lipids and lipid-like molecules,Fatty Acyls,Fatty acyl glycosides
pos_8786,Zeinoxanthin,HMDB0304533,--,Organic compounds,Lipids and lipid-like molecules,Prenol lipids,Tetraterpenoids
pos_8790,Vetiveryl acetate,HMDB0037832,62563-80-8,Organic compounds,Lipids and lipid-like molecules,Prenol lipids,Sesquiterpenoids
pos_8792,Solutol HS 15,HMDB0258368,--,Organic compounds,Lipids and lipid-like molecules,Fatty Acyls,Fatty alcohols
pos_8802,ascomycin,HMDB0248652,--,Organic compounds,Phenylpropanoids and polyketides,Macrolide lactams,--
pos_8812,Pubesenolide,HMDB0033728,98569-64-3,Organic compounds,Lipids and lipid-like molecules,Prenol lipids,Triterpenoids
pos_8813,"(3Z,6Z)-3,6-Nonadien-1-ol",HMDB0030957,53046-97-2,Organic compounds,Lipids and lipid-like molecules,Fatty Acyls,Fatty alcohols
pos_8819,"Androsta-1,4-diene-3,17-dione",HMDB0003422,897-06-3,Organic compounds,Lipids and lipid-like molecules,Steroids and steroid derivatives,Androstane steroids
pos_8821,L-Citronellol glucoside,HMDB0029850,117895-55-3,Organic compounds,Lipids and lipid-like molecules,Prenol lipids,Terpene glycosides
pos_8822,Clarithromycin,HMDB0015342,81103-11-9,Organic compounds,Organic oxygen compounds,Organooxygen compounds,Carbohydrates and carbohydrate conjugates
pos_8824,Prostaglandin D2,HMDB0001403,41598-07-6,Organic compounds,Lipids and lipid-like molecules,Fatty Acyls,Eicosanoids
pos_8830,(Z)-[3-(Methylsulfinyl)-1-propenyl] 2-propenyl disulfide,HMDB0032653,104324-40-5,Organic compounds,Organosulfur compounds,Sulfoxides,--
pos_8831,"2,2,4,4,6,6-Hexamethyl-1,3,5-trithiane",HMDB0040243,828-26-2,Organic compounds,Organosulfur compounds,Thioacetals,Dithioacetals
pos_8833,Pyridoxamine phosphate,HMDB0001555,529-96-4,Organic compounds,Organoheterocyclic compounds,Pyridines and derivatives,Pyridoxamines
pos_884,CMP-N-acetylneuraminate,HMDB0001176,3063-71-6,Organic compounds,"Nucleosides, nucleotides, and analogues",Pyrimidine nucleotides,Pyrimidine nucleotide sugars
pos_8845,"8,12-Epoxy-4(15),7,11-eudesmatrien-1-one",HMDB0033235,220289-78-1,Organic compounds,Lipids and lipid-like molecules,Prenol lipids,Sesquiterpenoids
pos_8848,Polyglycerol esters of fatty acids,HMDB0303271,--,Organic compounds,Lipids and lipid-like molecules,Glycerolipids,Diradylglycerols
pos_8851,Sambutoxin,HMDB0041085,160047-56-3,Organic compounds,Lipids and lipid-like molecules,Prenol lipids,Terpene glycosides
pos_8852,Phylloquinol,HMDB0004198,572-96-3,Organic compounds,Lipids and lipid-like molecules,Prenol lipids,Diterpenoids
pos_8857,Ethyl 4-(methylthio)butyrate,HMDB0037620,22014-48-8,Organic compounds,Lipids and lipid-like molecules,Fatty Acyls,Fatty acid esters
pos_8859,3-Methylbutyl dodecanoate,HMDB0037372,6309-51-9,Organic compounds,Lipids and lipid-like molecules,Fatty Acyls,Fatty acid esters
pos_886,L-Threonine,HMDB0000167,72-19-5,Organic compounds,Organic acids and derivatives,Carboxylic acids and derivatives,"Amino acids, peptides, and analogues"
pos_8868,5-L-Glutamyl-taurine,HMDB0004195,--,Organic compounds,Organic acids and derivatives,Carboxylic acids and derivatives,"Amino acids, peptides, and analogues"
pos_8871,N-Desmethyl tapentadol,HMDB0060611,--,Organic compounds,Benzenoids,Benzene and substituted derivatives,Phenylpropanes
pos_8874,Hesperetin,HMDB0005782,520-33-2,Organic compounds,Phenylpropanoids and polyketides,Flavonoids,O-methylated flavonoids
pos_8875,L-2-Aminoadipate 6-semialdehyde,HMDB0001263,6665/12/9,Organic compounds,Organic acids and derivatives,Carboxylic acids and derivatives,"Amino acids, peptides, and analogues"
pos_8882,L-1-Pyrroline-3-hydroxy-5-carboxylate,HMDB0001369,22573-88-2,Organic compounds,Organic acids and derivatives,Carboxylic acids and derivatives,"Amino acids, peptides, and analogues"
pos_8889,7alpha-hydroxy-3-oxochol-4-en-24-oic Acid,HMDB0062744,14772-95-3,Organic compounds,Lipids and lipid-like molecules,Steroids and steroid derivatives,"Bile acids, alcohols and derivatives"
pos_8897,2-(2-Methoxyethoxy)ethanol,HMDB0244920,--,Organic compounds,Organic oxygen compounds,Organooxygen compounds,Ethers
pos_891,"2-Amino-2,3,6,7-tetrahydro-1H-pteridin-4-one",HMDB0255369,--,Organic compounds,Organoheterocyclic compounds,Pteridines and derivatives,Pterins and derivatives
pos_8914,alpha-Bisabolol oxide A,HMDB0038196,22567-36-8,Organic compounds,Organoheterocyclic compounds,Oxanes,--
pos_8922,hydroxytetradecenoylcarnitine,HMDB0253296,--,Organic compounds,Lipids and lipid-like molecules,Fatty Acyls,Fatty acids and conjugates
pos_8932,1-Isopropoxy-2-propanol,HMDB0243911,--,Organic compounds,Organic oxygen compounds,Organooxygen compounds,Alcohols and polyols
pos_8938,Rotundine B,HMDB0035232,--,Organic compounds,Organoheterocyclic compounds,Pyridines and derivatives,Methylpyridines
pos_895,O-propanoyl-carnitine,HMDB0000824,20064-19-1,Organic compounds,Lipids and lipid-like molecules,Fatty Acyls,Fatty acid esters
pos_8951,Cholylphenylalanine,HMDB0242371,--,--,--,--,--
pos_8952,Allyl propionate,HMDB0029487,2408-20-0,Organic compounds,Organic acids and derivatives,Carboxylic acids and derivatives,Carboxylic acid derivatives
pos_8961,9-Oxo-nonanoic acid,HMDB0094711,--,Organic compounds,Lipids and lipid-like molecules,Fatty Acyls,Fatty acids and conjugates
pos_8963,Dhelwangin,HMDB0030703,23800-56-8,Organic compounds,Organic oxygen compounds,Organooxygen compounds,Carbonyl compounds
pos_8966,14-Fluoro-6-thiaheptadecanoic acid,HMDB0244582,--,Organic compounds,Lipids and lipid-like molecules,Fatty Acyls,Fatty acids and conjugates
pos_8982,Dihydro-2-methoxy-2-methyl-3(2H)-thiophenone,HMDB0040237,129314-86-9,Organic compounds,Organosulfur compounds,Thioacetals,Monothioacetals
pos_8983,Ethyl 4-(acetylthio)butyrate,HMDB0032259,104228-51-5,Organic compounds,Lipids and lipid-like molecules,Fatty Acyls,Fatty acid esters
pos_8994,Dodecanedioic acid,HMDB0000623,693-23-2,Organic compounds,Lipids and lipid-like molecules,Fatty Acyls,Fatty acids and conjugates
pos_8996,alpha-Butyl-omega-hydroxypoly(oxyethylene) poly(oxypropylene),HMDB0032181,9038-95-3,Organic compounds,Organic oxygen compounds,Organooxygen compounds,Ethers
pos_9009,1-Naphthaldehyde,HMDB0060325,--,Organic compounds,Benzenoids,Naphthalenes,--
pos_9021,"(8E,15E)-1,8,15-Heptadecatriene-11,13-diyne",HMDB0031041,28834-02-8,Organic compounds,Hydrocarbons,Unsaturated hydrocarbons,Enynes
pos_9023,"9,12-Octadecadiynoic acid",HMDB0247623,--,Organic compounds,Lipids and lipid-like molecules,Fatty Acyls,Fatty acids and conjugates
pos_9032,5alpha-androst-16-en-3-one,HMDB0034406,18339-16-7,Organic compounds,Lipids and lipid-like molecules,Steroids and steroid derivatives,Androstane steroids
pos_9033,"4,8,12,15,19-Docosapentaenoic acid",HMDB0039133,2548-85-8,Organic compounds,Lipids and lipid-like molecules,Fatty Acyls,Fatty acids and conjugates
pos_9034,Dehydroabietic acid,HMDB0061925,1740-19-8,Organic compounds,Lipids and lipid-like molecules,Prenol lipids,Diterpenoids
pos_9047,Cholic acid,HMDB0000619,81-25-4,Organic compounds,Lipids and lipid-like molecules,Steroids and steroid derivatives,"Bile acids, alcohols and derivatives"
pos_9072,PC(22:0/PGJ2),HMDB0287795,--,--,--,--,--
pos_9080,Levonorgestrel,HMDB0014511,797-63-7,Organic compounds,Lipids and lipid-like molecules,Steroids and steroid derivatives,Estrane steroids
pos_9086,"PS(24:0/20:4(6Z,8E,10E,14Z)-2OH(5S,12R))",HMDB0283640,--,--,--,--,--
pos_9097,N-Stearoyl Glutamine,HMDB0241941,--,Organic compounds,Organic acids and derivatives,Carboxylic acids and derivatives,"Amino acids, peptides, and analogues"
pos_9101,"2,3',6-Trihydroxy-4'-methoxybenzylcoumaranone",HMDB0039377,--,Organic compounds,Phenylpropanoids and polyketides,Aurone flavonoids,Auronols
pos_9104,"PE(18:4(6Z,9Z,12Z,15Z)/PGJ2)",HMDB0261746,--,--,--,--,--
pos_9105,11-Dehydro-thromboxane B2,HMDB0004242,67910-12-7,Organic compounds,Lipids and lipid-like molecules,Fatty Acyls,Eicosanoids
pos_9106,Metabolite A,HMDB0254494,--,Organic compounds,Lipids and lipid-like molecules,Prenol lipids,Terpene glycosides
pos_9109,Phenylethyl alcohol,HMDB0033944,1960/12/8,Organic compounds,Benzenoids,Benzene and substituted derivatives,--
pos_9114,Porson,HMDB0030810,56222-03-8,Organic compounds,Phenylpropanoids and polyketides,Diarylheptanoids,Cyclic diarylheptanoids
pos_9115,N-Linoleoyl Valine,HMDB0241988,--,Organic compounds,Organic acids and derivatives,Carboxylic acids and derivatives,"Amino acids, peptides, and analogues"
pos_9118,Rehmannic acid,HMDB0257138,--,Organic compounds,Lipids and lipid-like molecules,Prenol lipids,Triterpenoids
pos_9124,Mirogabalin,HMDB0254752,--,Organic compounds,Organic acids and derivatives,Carboxylic acids and derivatives,"Amino acids, peptides, and analogues"
pos_9125,2-[(Z)-[(4Z)-4-(Diaminomethylidenehydrazinylidene)hexan-3-ylidene]amino]guanidine,HMDB0244416,--,Organic compounds,Organic nitrogen compounds,Organonitrogen compounds,Guanidines
pos_9131,2-Methoxy-estradiol-17beta 3-glucuronide,HMDB0006765,--,Organic compounds,Lipids and lipid-like molecules,Steroids and steroid derivatives,Steroidal glycosides
pos_9133,Glycodeoxycholic acid,HMDB0000631,360-65-6,Organic compounds,Lipids and lipid-like molecules,Steroids and steroid derivatives,"Bile acids, alcohols and derivatives"
pos_9134,"(5Z,8Z,10E,14Z,17Z)-12-Hydroxyicosa-5,8,10,14,17-pentaenoylcarnitine",HMDB0241595,--,Organic compounds,Lipids and lipid-like molecules,Fatty Acyls,Fatty acid esters
pos_9135,Isoleucyl-Histidine,HMDB0028909,--,Organic compounds,Organic acids and derivatives,Carboxylic acids and derivatives,"Amino acids, peptides, and analogues"
pos_914,Hydrazinonicotinamide,HMDB0253240,--,Organic compounds,Organoheterocyclic compounds,Pyridines and derivatives,Pyridinecarboxylic acids and derivatives
pos_9141,Dimethyltryptamine,HMDB0005973,61-50-7,Organic compounds,Organoheterocyclic compounds,Indoles and derivatives,Tryptamines and derivatives
pos_9145,Cyclolinopeptide B,HMDB0302161,--,Organic compounds,Organic acids and derivatives,Carboxylic acids and derivatives,"Amino acids, peptides, and analogues"
pos_9146,(-)-Dihydrocarveol,HMDB0035825,20549-47-7,Organic compounds,Lipids and lipid-like molecules,Prenol lipids,Monoterpenoids
pos_9164,Leonurine,HMDB0254014,--,Organic compounds,Benzenoids,Benzene and substituted derivatives,Benzoic acids and derivatives
pos_9166,4-Isopropylphenylacetaldehyde,HMDB0041493,4395-92-0,Organic compounds,Lipids and lipid-like molecules,Prenol lipids,Monoterpenoids
pos_9170,5(6)-Epoxy Prostaglandin E1,HMDB0012110,--,Organic compounds,Lipids and lipid-like molecules,Fatty Acyls,Eicosanoids
pos_9174,Taxine B,HMDB0258750,--,Organic compounds,Lipids and lipid-like molecules,Prenol lipids,Diterpenoids
pos_9179,"3alpha,7alpha,12alpha-Trihydroxy-5beta-24-oxocholestanoyl-CoA",HMDB0006891,--,Organic compounds,Lipids and lipid-like molecules,Fatty Acyls,Fatty acyl thioesters
pos_918,Allyl crotonate,HMDB0032067,5453-44-1,Organic compounds,Lipids and lipid-like molecules,Fatty Acyls,Fatty acid esters
pos_9186,Tetralin,HMDB0244120,--,Organic compounds,Benzenoids,Tetralins,--
pos_9188,Dibutyl sulfide,HMDB0031660,544-40-1,Organic compounds,Organosulfur compounds,Thioethers,Dialkylthioethers
pos_9190,Yuzu lactone,HMDB0032901,79894-05-6,Organic compounds,Phenylpropanoids and polyketides,Macrolides and analogues,--
pos_9191,"1-(3-Pyridinyl)-1,4-butanediol",HMDB0062266,76014-83-0,Organic compounds,Organoheterocyclic compounds,Pyridines and derivatives,--
pos_9192,3-(4-Isopropylphenyl)propanal,HMDB0036171,7775-00-0,Organic compounds,Lipids and lipid-like molecules,Prenol lipids,Monoterpenoids
pos_9196,"3,4-Dihydrocadalene",HMDB0036453,21391-99-1,Organic compounds,Lipids and lipid-like molecules,Prenol lipids,Sesquiterpenoids
pos_9197,beta-vatirenene,HMDB0059676,--,Organic compounds,Lipids and lipid-like molecules,Prenol lipids,Sesquiterpenoids
pos_9200,"Hexadeca-7,10,13-trienoic acid",HMDB0302990,--,Organic compounds,Lipids and lipid-like molecules,Fatty Acyls,Fatty acids and conjugates
pos_9203,Shyobunyl acetate,HMDB0036153,--,Organic compounds,Lipids and lipid-like molecules,Prenol lipids,Sesquiterpenoids
pos_9205,"N-(2,6-Dimethylphenyl)-2-(piperazin-1-yl)acetamide",HMDB0246918,--,Organic compounds,Organic acids and derivatives,Carboxylic acids and derivatives,"Amino acids, peptides, and analogues"
pos_9209,3-Ketosphingosine,HMDB0245914,--,Organic compounds,Organic oxygen compounds,Organooxygen compounds,Carbonyl compounds
pos_9212,13(S)-Hydroperoxylinolenic acid,HMDB0301803,67597-26-6,Organic compounds,Lipids and lipid-like molecules,Fatty Acyls,Lineolic acids and derivatives
pos_9213,Tetracosahexaenoic acid,HMDB0002007,81247-23-6,Organic compounds,Lipids and lipid-like molecules,Fatty Acyls,Fatty acids and conjugates
pos_9214,9-F1-phytoprostane,HMDB0304641,--,Organic compounds,Lipids and lipid-like molecules,Fatty Acyls,Eicosanoids
pos_9215,"2-Hydroxy-2,6,6-trimethylcyclohexanone",HMDB0037023,7500-42-7,Organic compounds,Organic oxygen compounds,Organooxygen compounds,Carbonyl compounds
pos_922,Homovanillic acid sulfate,HMDB0011719,38339-06-9,Organic compounds,Organic acids and derivatives,Organic sulfuric acids and derivatives,Arylsulfates
pos_924,3-Hydroxyanthranilate,HMDB0001476,548-93-6,Organic compounds,Benzenoids,Benzene and substituted derivatives,Benzoic acids and derivatives
pos_9252,4-ene-Valproic acid,HMDB0013897,--,Organic compounds,Lipids and lipid-like molecules,Fatty Acyls,Fatty acids and conjugates
pos_9255,5-Phenylvaleric acid,HMDB0002043,2270-20-4,Organic compounds,Lipids and lipid-like molecules,Fatty Acyls,Fatty acids and conjugates
pos_9256,"(8R,9R,10S,13S,14S)-13-Methyl-1,4,5,6,7,8,9,10,11,12,14,15,16,17-tetradecahydrocyclopenta[a]phenanthrene",HMDB0260170,--,Organic compounds,Lipids and lipid-like molecules,Steroids and steroid derivatives,Estrane steroids
pos_9257,Retinaldehyde,HMDB0001358,116-31-4,Organic compounds,Lipids and lipid-like molecules,Prenol lipids,Retinoids
pos_926,Methionyl-Lysine,HMDB0028978,--,Organic compounds,Organic acids and derivatives,Carboxylic acids and derivatives,"Amino acids, peptides, and analogues"
pos_9260,Cyanoketone,HMDB0250613,--,Organic compounds,Lipids and lipid-like molecules,Steroids and steroid derivatives,Androstane steroids
pos_9271,1-Propynyl,HMDB0256845,--,--,--,--,--
pos_9273,"1-Methyl-1,3-cyclohexadiene",HMDB0031532,1489-56-1,Organic compounds,Hydrocarbons,Unsaturated hydrocarbons,Branched unsaturated hydrocarbons
pos_9274,PGP(20:1(11Z)/PGF1alpha),HMDB0273323,--,--,--,--,--
pos_9283,"(17alpha,23S)-17,23-Epoxy-29-hydroxy-27-norlanosta-1,8-diene-3,15,24-trione",HMDB0035971,--,Organic compounds,Lipids and lipid-like molecules,Prenol lipids,Sesquiterpenoids
pos_929,Isoleucyl-Tyrosine,HMDB0028919,--,Organic compounds,Organic acids and derivatives,Carboxylic acids and derivatives,"Amino acids, peptides, and analogues"
pos_9292,3'-thiacytidine,HMDB0246108,--,Organic compounds,"Nucleosides, nucleotides, and analogues",Nucleoside and nucleotide analogues,3'-thia pyrimidine nucleosides
pos_9298,"DG(15:0/20:5(7Z,9Z,11E,13E,17Z)-3OH(5,6,15)/0:0)",HMDB0295331,--,--,--,--,--
pos_9303,"17alpha,21-Dihydroxy-5beta-pregnane-3,11,20-trione",HMDB0006758,68-54-2,Organic compounds,Lipids and lipid-like molecules,Steroids and steroid derivatives,Hydroxysteroids
pos_9306,2-(Dodecyloxy)ethanol,HMDB0244942,--,Organic compounds,Organic oxygen compounds,Organooxygen compounds,Ethers
pos_9308,(R)-Pterosin B,HMDB0030759,34175-96-7,Organic compounds,Benzenoids,Indanes,Indanones
pos_931,3h-Adrenaline,HMDB0246263,--,Organic compounds,Organic oxygen compounds,Organooxygen compounds,Alcohols and polyols
pos_9311,Enalkiren,HMDB0251784,--,Organic compounds,Organic acids and derivatives,Peptidomimetics,Hybrid peptides
pos_9318,Buprenorphine,HMDB0015057,52485-79-7,Organic compounds,Benzenoids,Phenanthrenes and derivatives,--
pos_9319,"Methyl 2-(3-(((3-(6-amino-2-butoxy-8-oxo-7,8-dihydro-9H-purin-9-yl)propyl)(3-morpholinopropyl)amino)methyl)phenyl)acetate",HMDB0248790,--,Organic compounds,Organoheterocyclic compounds,Imidazopyrimidines,Purines and purine derivatives
pos_9324,"Adb-chminaca, (+/-)-",HMDB0244819,--,Organic compounds,Organic acids and derivatives,Carboxylic acids and derivatives,"Amino acids, peptides, and analogues"
pos_9329,"3,6,7-Trihydroxy-4'-methoxyflavone 7-rhamnoside",HMDB0041455,--,Organic compounds,Phenylpropanoids and polyketides,Flavonoids,Flavonoid glycosides
pos_9330,Kaempferol 3-(2''-p-coumarylglucoside),HMDB0038766,137018-32-7,Organic compounds,Phenylpropanoids and polyketides,Flavonoids,Flavonoid glycosides
pos_9333,Deoxycholic acid glycine conjugate,HMDB0000631,360-65-6,Organic compounds,Lipids and lipid-like molecules,Steroids and steroid derivatives,"Bile acids, alcohols and derivatives"
pos_9337,PA(10:0/13:0),HMDB0114773,--,Organic compounds,Lipids and lipid-like molecules,Glycerophospholipids,Glycerophosphates
pos_9338,"2-Ethylidene-1,5-dimethyl-3,3-diphenylpyrrolidine",HMDB0041803,30223-73-5,Organic compounds,Benzenoids,Benzene and substituted derivatives,Diphenylmethanes
pos_9340,Adrenosterone,HMDB0006772,382-45-6,Organic compounds,Lipids and lipid-like molecules,Steroids and steroid derivatives,Androstane steroids
pos_9345,Trioxsalen,HMDB0015575,3902-71-4,Organic compounds,Phenylpropanoids and polyketides,Coumarins and derivatives,Furanocoumarins
pos_9346,9-Octadecenal,HMDB0030965,5090-41-5,Organic compounds,Lipids and lipid-like molecules,Fatty Acyls,Fatty aldehydes
pos_9347,D-erythro-Dihydrosphingosine,HMDB0000269,764-22-7,Organic compounds,Organic nitrogen compounds,Organonitrogen compounds,Amines
pos_935,6-Propyl-2-thiouracil,HMDB0014690,51-52-5,Organic compounds,Organoheterocyclic compounds,Diazines,Pyrimidines and pyrimidine derivatives
pos_936,"Polyethylene, oxidized",HMDB0032472,68441-17-8,Organic compounds,Organic acids and derivatives,Keto acids and derivatives,Medium-chain keto acids and derivatives
pos_9368,Ganoderic acid L,HMDB0035885,102607-24-9,Organic compounds,Phenylpropanoids and polyketides,Isoflavonoids,O-methylated isoflavonoids
pos_9371,"1,4-Butanediol diglycidyl ether",HMDB0244203,--,Organic compounds,Organoheterocyclic compounds,Epoxides,--
pos_9372,Palmitaldehyde,HMDB0001551,629-80-1,Organic compounds,Lipids and lipid-like molecules,Fatty Acyls,Fatty aldehydes
pos_9376,Decanoic acid,HMDB0000511,334-48-5,Organic compounds,Lipids and lipid-like molecules,Fatty Acyls,Fatty acids and conjugates
pos_9378,Clausarinol,HMDB0041407,--,Organic compounds,Phenylpropanoids and polyketides,Coumarins and derivatives,Pyranocoumarins
pos_939,PHENACYLAMINE,HMDB0032628,613-89-8,Organic compounds,Organic oxygen compounds,Organooxygen compounds,Carbonyl compounds
pos_9407,Grotan,HMDB0243492,--,Organic compounds,Organoheterocyclic compounds,Triazinanes,"1,3,5-triazinanes"
pos_9409,17-Hydroxylinolenic acid,HMDB0011108,--,Organic compounds,Lipids and lipid-like molecules,Fatty Acyls,Lineolic acids and derivatives
pos_9411,"(9Z,11E)-(13S)-13-Hydroperoxyoctadeca-9,11-dienoic acid",HMDB0003871,33964-75-9,Organic compounds,Lipids and lipid-like molecules,Fatty Acyls,Lineolic acids and derivatives
pos_9414,"Hexadecane, 1,1-dimethoxy-",HMDB0244024,--,Organic compounds,Organic oxygen compounds,Organooxygen compounds,Ethers
pos_9418,gamma-Tocopherol,HMDB0001492,54-28-4,Organic compounds,Lipids and lipid-like molecules,Prenol lipids,Quinone and hydroquinone lipids
pos_942,"4-Hydroxy-5-phenyltetrahydro-1,3-oxazin-2-one",HMDB0060389,--,Organic compounds,Benzenoids,Benzene and substituted derivatives,--
pos_9422,3-Hydroxy-2-pentanone,HMDB0031516,3142-66-3,Organic compounds,Organic oxygen compounds,Organooxygen compounds,Carbonyl compounds
pos_9428,Androsterone,HMDB0000031,53-41-8,Organic compounds,Lipids and lipid-like molecules,Steroids and steroid derivatives,Androstane steroids
pos_943,Cycloserine,HMDB0014405,68-41-7,Organic compounds,Organoheterocyclic compounds,Azolines,Isoxazolines
pos_9431,"Polypropylene glycol (m w 1,200-3,000)",HMDB0032478,25322-69-4,Organic compounds,Organic oxygen compounds,Organooxygen compounds,Alcohols and polyols
pos_944,Mesifurane,HMDB0034230,4077-47-8,Organic compounds,Organoheterocyclic compounds,Dihydrofurans,Furanones
pos_9446,(E)-3-Hexen-1-ol,HMDB0302264,--,Organic compounds,Lipids and lipid-like molecules,Fatty Acyls,Fatty alcohols
pos_9459,Anthecotulide,HMDB0302733,--,Organic compounds,Lipids and lipid-like molecules,Prenol lipids,Terpene lactones
pos_9466,"2-Chloro-1-[(2S,3S,5S,10S,13S)-3-hydroxy-10,13-dimethyl-2-morpholino-2,3,4,5,6,7,8,9,11,12,14,15,16,17-tetradecahydro-1H-cyclopenta[a]phenanthren-17-yl]ethanone",HMDB0247839,--,Organic compounds,Lipids and lipid-like molecules,Steroids and steroid derivatives,Pregnane steroids
pos_9480,Thapsigargin,HMDB0258957,--,Organic compounds,Organic acids and derivatives,Carboxylic acids and derivatives,Pentacarboxylic acids and derivatives
pos_9481,PA(10:0/PGE2),HMDB0262667,--,--,--,--,--
pos_9482,LysoPC(26:0/0:0),HMDB0029205,--,Organic compounds,Lipids and lipid-like molecules,Glycerophospholipids,Glycerophosphocholines
pos_9485,Triethylene glycol monohexyl ether,HMDB0259194,--,Organic compounds,Organic oxygen compounds,Organooxygen compounds,Ethers
pos_9486,Dipropyl hexanedioate,HMDB0041614,106-19-4,Organic compounds,Lipids and lipid-like molecules,Fatty Acyls,Fatty acid esters
pos_9488,1-(3-Aminopropyl)-pyrrolinium,HMDB0302340,--,Organic compounds,Organoheterocyclic compounds,Pyrrolopyrimidines,--
pos_9489,6-Hydroxypentadecanedioic acid,HMDB0031885,38076-52-7,Organic compounds,Lipids and lipid-like molecules,Fatty Acyls,Fatty acids and conjugates
pos_949,trans-Cinnamic acid,HMDB0000930,140-10-3,Organic compounds,Phenylpropanoids and polyketides,Cinnamic acids and derivatives,Cinnamic acids
pos_9492,"1-Methyl-4-phenyl-1,2,3,6-tetrahydropyridine",HMDB0243929,--,Organic compounds,Organoheterocyclic compounds,Pyridines and derivatives,Hydropyridines
pos_9494,"(3beta,17alpha,23R)-17,23-Epoxy-3,29-dihydroxy-27-norlanost-8-ene-15,24-dione",HMDB0035112,--,Organic compounds,Lipids and lipid-like molecules,Prenol lipids,Triterpenoids
pos_9495,Homocholic acid,HMDB0253203,--,Organic compounds,Lipids and lipid-like molecules,Steroids and steroid derivatives,Hydroxysteroids
pos_95,Hydroxydehydro Nifedipine Carboxylate,HMDB0246184,--,Organic compounds,Organoheterocyclic compounds,Pyridines and derivatives,Phenylpyridines
pos_9501,"3-[[5-Methyl-2-(1-methylethyl)cyclohexyl]oxy]-1,2-propanediol",HMDB0036133,87061-04-9,Organic compounds,Lipids and lipid-like molecules,Prenol lipids,Monoterpenoids
pos_9504,"17,18-DiHETE",HMDB0010211,--,Organic compounds,Lipids and lipid-like molecules,Fatty Acyls,Eicosanoids
pos_9506,Fluorocarazolol,HMDB0252371,--,Organic compounds,Organoheterocyclic compounds,Indoles and derivatives,Carbazoles
pos_951,Tolnaftate,HMDB0005005,2398-96-1,Organic compounds,Benzenoids,Naphthalenes,--
pos_9510,1-(1-(Tert-Butoxycarbonyl)piperidin-4-yl)azetidine-3-carboxylic acid,HMDB0247560,--,Organic compounds,Organoheterocyclic compounds,Piperidines,Piperidinecarboxylic acids and derivatives
pos_9511,Rostafuroxin,HMDB0257312,--,Organic compounds,Lipids and lipid-like molecules,Steroids and steroid derivatives,17-furanylsteroids and derivatives
pos_9512,Physalolactone B,HMDB0034200,78916-78-6,Organic compounds,Lipids and lipid-like molecules,Steroids and steroid derivatives,Steroid lactones
pos_9515,Rockogenin,HMDB0033769,16653-52-4,Organic compounds,Organoheterocyclic compounds,Diazanaphthalenes,Benzodiazines
pos_952,Dibenzyl phthalate,HMDB0251168,--,Organic compounds,Benzenoids,Benzene and substituted derivatives,Benzoic acids and derivatives
pos_9523,Vinblastine,HMDB0014710,865-21-4,Organic compounds,Organic acids and derivatives,Carboxylic acids and derivatives,"Amino acids, peptides, and analogues"
pos_9529,20-HETE,HMDB0005998,79551-86-3,Organic compounds,Lipids and lipid-like molecules,Fatty Acyls,Fatty acids and conjugates
pos_9545,Chroman-2-ol,HMDB0250203,--,Organic compounds,Organoheterocyclic compounds,Benzopyrans,1-benzopyrans
pos_9547,Trigoforin,HMDB0029495,14002-93-8,Organic compounds,Phenylpropanoids and polyketides,Coumarins and derivatives,--
pos_955,Toluene,HMDB0034168,108-88-3,Organic compounds,Benzenoids,Benzene and substituted derivatives,Toluenes
pos_9550,9-Deoxy-delta12-PGD2,HMDB0060103,--,Organic compounds,Lipids and lipid-like molecules,Fatty Acyls,Eicosanoids
pos_9552,N-Oleoyl Histidine,HMDB0241960,--,Organic compounds,Organic acids and derivatives,Carboxylic acids and derivatives,"Amino acids, peptides, and analogues"
pos_9556,Retinoyl-AZT,HMDB0257175,--,Organic compounds,Lipids and lipid-like molecules,Prenol lipids,Retinoids
pos_9562,Streptomycin,HMDB0015214,57-92-1,Organic compounds,Benzenoids,Benzene and substituted derivatives,Diphenylacetonitriles
pos_957,N-(1-Deoxy-1-fructosyl)phenylalanine,HMDB0037846,87251-83-0,Organic compounds,Organic acids and derivatives,Carboxylic acids and derivatives,"Amino acids, peptides, and analogues"
pos_9571,Pentadecanal,HMDB0031078,2765/11/9,Organic compounds,Lipids and lipid-like molecules,Fatty Acyls,Fatty aldehydes
pos_9574,Sphingosine,HMDB0000252,123-78-4,Organic compounds,Organic nitrogen compounds,Organonitrogen compounds,Amines
pos_9577,"5-Hydroxy-3,3',7,8-tetramethoxy-4',5'-methylenedioxyflavone",HMDB0041257,161697-25-2,Organic compounds,Phenylpropanoids and polyketides,Flavonoids,Flavones
pos_9578,6-Hydroxypseudooxynicotine,HMDB0240264,7424-35-3,Organic compounds,Organic oxygen compounds,Organooxygen compounds,Carbonyl compounds
pos_9588,9alpha-(3-Methyl-2E-pentenoyloxy)-4S-hydroxy-10(14)-oplopen-3-one,HMDB0040954,147742-07-2,Organic compounds,Lipids and lipid-like molecules,Prenol lipids,Sesquiterpenoids
pos_9595,"(2S,3R)-2-Amino-4-octadecene-3-ol",HMDB0242695,--,Organic compounds,Organic oxygen compounds,Organooxygen compounds,Alcohols and polyols
pos_9602,Leukotriene C4,HMDB0001198,72025-60-6,Organic compounds,Organic acids and derivatives,Carboxylic acids and derivatives,"Amino acids, peptides, and analogues"
pos_9605,PS(15:0/16:0),HMDB0112281,--,Organic compounds,Lipids and lipid-like molecules,Glycerophospholipids,Glycerophosphoserines
pos_9608,Isotrichodermin,HMDB0034738,91423-90-4,Organic compounds,Lipids and lipid-like molecules,Prenol lipids,Sesquiterpenoids
pos_9610,5-hydroperoxy-15-HETE,HMDB0062798,--,Organic compounds,Lipids and lipid-like molecules,Fatty Acyls,Eicosanoids
pos_9615,"(24R)-5b,8b-Epidioxyergosta-6,22E-dien-3b-ol 3-glucoside",HMDB0037956,348144-81-0,Organic compounds,Lipids and lipid-like molecules,Steroids and steroid derivatives,Steroidal glycosides
pos_963,L-Leucine,HMDB0000687,61-90-5,Organic compounds,Organic acids and derivatives,Carboxylic acids and derivatives,"Amino acids, peptides, and analogues"
pos_9630,Betavulgaroside IV,HMDB0031025,168010-06-8,Organic compounds,Lipids and lipid-like molecules,Prenol lipids,Terpene glycosides
pos_9633,Linagliptin,HMDB0254095,--,Organic compounds,Organoheterocyclic compounds,Imidazopyrimidines,Purines and purine derivatives
pos_9635,Bardoxolone,HMDB0248871,--,Organic compounds,Organic oxygen compounds,Organooxygen compounds,Carbonyl compounds
pos_964,"3,4,5,6-Tetrahydrohippuric acid",HMDB0061679,--,Organic compounds,Organic acids and derivatives,Carboxylic acids and derivatives,"Amino acids, peptides, and analogues"
pos_9646,Dilept,HMDB0251364,--,Organic compounds,Organic acids and derivatives,Carboxylic acids and derivatives,"Amino acids, peptides, and analogues"
pos_9651,"MG(0:0/22:2(13Z,16Z)/0:0)",HMDB0011553,--,Organic compounds,Lipids and lipid-like molecules,Glycerolipids,Monoradylglycerols
pos_966,Pantothenic acid,HMDB0000210,79-83-4,Organic compounds,Organic oxygen compounds,Organooxygen compounds,Alcohols and polyols
pos_967,L-Carnitine,HMDB0000062,541-15-1,Organic compounds,Organic nitrogen compounds,Organonitrogen compounds,Quaternary ammonium salts
pos_9682,4-Coumaryl alcohol,HMDB0003654,20649-40-5,Organic compounds,Phenylpropanoids and polyketides,Cinnamyl alcohols,--
pos_9683,Nonadecanoic acid,HMDB0000772,646-30-0,Organic compounds,Lipids and lipid-like molecules,Fatty Acyls,Fatty acids and conjugates
pos_9691,15-Keto-prostaglandin F2alpha,HMDB0004240,35850-13-6,Organic compounds,Lipids and lipid-like molecules,Fatty Acyls,Eicosanoids
pos_9695,"2-trans,6-trans-Farnesal",HMDB0060356,502-67-0,Organic compounds,Lipids and lipid-like molecules,Prenol lipids,Sesquiterpenoids
pos_9697,12-HEPE,HMDB0010202,--,Organic compounds,Lipids and lipid-like molecules,Fatty Acyls,Eicosanoids
pos_9698,N-Acetylsphinganine,HMDB0249513,--,Organic compounds,Lipids and lipid-like molecules,Sphingolipids,Ceramides
pos_970,4-Ethyl-5-pentyloxazole,HMDB0037864,79886-43-4,Organic compounds,Organoheterocyclic compounds,Azoles,Oxazoles
pos_9700,N-Nervonoyl Tyrosine,HMDB0242102,--,--,--,--,--
pos_9703,Dodecylbenzene,HMDB0251572,--,Organic compounds,Benzenoids,Benzene and substituted derivatives,--
pos_9704,(2R)-1-(4-Nonylphenyl)propan-2-amine,HMDB0255320,--,Organic compounds,Benzenoids,Benzene and substituted derivatives,Phenethylamines
pos_9706,MG(P-18:0/0:0/0:0),HMDB0011153,18330-10-4,Organic compounds,Lipids and lipid-like molecules,Glycerolipids,Glycerol vinyl ethers
pos_9708,Sphingosine-1-phosphate,HMDB0000277,26993-30-6,Organic compounds,Lipids and lipid-like molecules,Sphingolipids,Phosphosphingolipids
pos_9710,"PC(2:0/18:3(9,11,15)-OH(13))",HMDB0288892,--,--,--,--,--
pos_9711,Styrene,HMDB0034240,100-42-5,Organic compounds,Benzenoids,Benzene and substituted derivatives,Styrenes
pos_9721,alpha-Methylstyrene,HMDB0059899,--,Organic compounds,Benzenoids,Benzene and substituted derivatives,Phenylpropenes
pos_9725,3-Phenylpropanal,HMDB0033716,104-53-0,Organic compounds,Benzenoids,Benzene and substituted derivatives,--
pos_9729,Epoxyoxophorone,HMDB0032252,38284-11-6,Organic compounds,Organoheterocyclic compounds,Oxepanes,--
pos_973,4-Hydroxybutanoic acid,HMDB0000549,96-48-0,Organic compounds,Organoheterocyclic compounds,Lactones,Gamma butyrolactones
pos_9731,1-Isothiocyanato-3-phenylpropane,HMDB0038444,2627-27-2,Organic compounds,Benzenoids,Benzene and substituted derivatives,--
pos_9735,O-Succinyl-L-homoserine,HMDB0255868,--,Organic compounds,Organic acids and derivatives,Carboxylic acids and derivatives,"Amino acids, peptides, and analogues"
pos_9737,Psilostachyin,HMDB0302335,--,Organic compounds,Lipids and lipid-like molecules,Prenol lipids,Terpene lactones
pos_9738,(-)-(E)-1-(4-Hydroxyphenyl)-7-phenyl-6-hepten-3-ol,HMDB0041090,158697-54-2,Organic compounds,Phenylpropanoids and polyketides,Diarylheptanoids,Linear diarylheptanoids
pos_9740,N-Succinyl-2-L-amino-6-oxoheptanedioate,HMDB0012266,--,Organic compounds,Organic acids and derivatives,Carboxylic acids and derivatives,"Amino acids, peptides, and analogues"
pos_9746,Glycylprolylarginine,HMDB0252828,--,Organic compounds,Organic acids and derivatives,Carboxylic acids and derivatives,"Amino acids, peptides, and analogues"
pos_976,SELEPRESSIN,HMDB0258213,--,Organic compounds,Organic acids and derivatives,Carboxylic acids and derivatives,"Amino acids, peptides, and analogues"
pos_9760,3-O-Acetylepisamarcandin,HMDB0031958,61490-18-4,Organic compounds,Phenylpropanoids and polyketides,Coumarins and derivatives,--
pos_9766,Gluten exorphin A5,HMDB0059793,--,Organic compounds,Organic acids and derivatives,Carboxylic acids and derivatives,"Amino acids, peptides, and analogues"
pos_9777,xi-4-Hydroxy-4-methyl-2-cyclohexen-1-one,HMDB0033629,--,Organic compounds,Organic oxygen compounds,Organooxygen compounds,Carbonyl compounds
pos_9782,p-MPPI,HMDB0256051,--,Organic compounds,Organic oxygen compounds,Organooxygen compounds,Carbohydrates and carbohydrate conjugates
pos_9797,1-Hexadecanol,HMDB0003424,36653-82-4,Organic compounds,Lipids and lipid-like molecules,Fatty Acyls,Fatty alcohols
pos_9803,"2-Hydroxy-4-oxo-5,12-heneicosadien-1-yl acetate",HMDB0039403,--,Organic compounds,Lipids and lipid-like molecules,Fatty Acyls,Fatty alcohols
pos_9813,DG(5-iso PGF2VI/13:0/0:0),HMDB0294910,--,--,--,--,--
pos_982,1-Methyladenosine,HMDB0003331,15763-06-1,Organic compounds,"Nucleosides, nucleotides, and analogues",Purine nucleosides,--
pos_9833,Porphobilinogen,HMDB0000245,487-90-1,Organic compounds,Organic nitrogen compounds,Organonitrogen compounds,Amines
pos_9834,Prostaglandin lactone-diol,HMDB0240213,26054-67-1,Organic compounds,Lipids and lipid-like molecules,Fatty Acyls,Fatty alcohols
pos_9836,Docosadienoate (22:2n6),HMDB0061714,17735-98-7,Organic compounds,Lipids and lipid-like molecules,Fatty Acyls,Fatty acids and conjugates
pos_9851,Choline,HMDB0000097,62-49-7,Organic compounds,Organic nitrogen compounds,Organonitrogen compounds,Quaternary ammonium salts
pos_9853,"3,4-Methyleneazelaic acid",HMDB0059744,--,Organic compounds,Lipids and lipid-like molecules,Fatty Acyls,Fatty acids and conjugates
pos_9856,N-Acetyl-D-glucosamine,HMDB0000215,7512-17-6,Organic compounds,Organic oxygen compounds,Organooxygen compounds,Carbohydrates and carbohydrate conjugates
pos_9857,Asparaginyl-Lysine,HMDB0028736,--,Organic compounds,Organic acids and derivatives,Carboxylic acids and derivatives,"Amino acids, peptides, and analogues"
pos_986,geneticin,HMDB0242565,--,Organic compounds,Organic oxygen compounds,Organooxygen compounds,Carbohydrates and carbohydrate conjugates
pos_9860,Dihydralazine,HMDB0251288,--,Organic compounds,Organoheterocyclic compounds,Diazanaphthalenes,Benzodiazines
pos_9861,PC(14:0/0:0),HMDB0010379,20559-16-4,Organic compounds,Lipids and lipid-like molecules,Glycerophospholipids,Glycerophosphocholines
pos_9880,2-Hydroxydodecyl methacrylate,HMDB0245155,--,Organic compounds,Lipids and lipid-like molecules,Fatty Acyls,Fatty alcohol esters
pos_9884,PE(24:0/LTE4),HMDB0284476,--,--,--,--,--
pos_9886,Yucalexin B14,HMDB0036709,119626-51-6,Organic compounds,Lipids and lipid-like molecules,Prenol lipids,Diterpenoids
pos_9891,"12,13-DHOME",HMDB0004705,7293-40-5,Organic compounds,Lipids and lipid-like molecules,Fatty Acyls,Fatty acids and conjugates
pos_9896,hydroxyoctadecenoylcarnitine,HMDB0253282,--,Organic compounds,Lipids and lipid-like molecules,Fatty Acyls,Fatty acids and conjugates
pos_9901,Erythromycin,HMDB0014344,114-07-8,Organic compounds,Organic oxygen compounds,Organooxygen compounds,Carbohydrates and carbohydrate conjugates
pos_9902,Nb-Palmitoyltryptamine,HMDB0040815,21469-15-8,Organic compounds,Organoheterocyclic compounds,Indoles and derivatives,Indoles
pos_9909,N-[1-Hydroxy-3-(morpholin-4-yl)-1-phenylpropan-2-yl]hexadecanamide,HMDB0249892,--,Organic compounds,Organic nitrogen compounds,Organonitrogen compounds,Amines
pos_9912,Didesmethyl doxepin,HMDB0060816,--,Organic compounds,Organic oxygen compounds,Organooxygen compounds,Carbohydrates and carbohydrate conjugates
pos_9915,12-Ketodeoxycholic acid,HMDB0000328,5130-29-0,Organic compounds,Lipids and lipid-like molecules,Steroids and steroid derivatives,"Bile acids, alcohols and derivatives"
pos_9921,Withanolide B,HMDB0030020,56973-41-2,Organic compounds,Lipids and lipid-like molecules,Prenol lipids,Quinone and hydroquinone lipids
pos_9935,Pratenol A,HMDB0040630,147838-41-3,Organic compounds,Organoheterocyclic compounds,Benzopyrans,1-benzopyrans
pos_9955,2-Methoxyestriol,HMDB0245202,--,Organic compounds,Lipids and lipid-like molecules,Steroids and steroid derivatives,Estrane steroids
pos_9965,"4-Androsten-4-ol-3,17-dione",HMDB0242733,--,Organic compounds,Lipids and lipid-like molecules,Steroids and steroid derivatives,Androstane steroids
pos_9977,Schidigeragenin B,HMDB0035506,267003-21-4,Organic compounds,"Lignans, neolignans and related compounds",Lignan glycosides,--
pos_9979,"1-(11Z,14Z-eicosadienoyl)-glycero-3-phosphate",HMDB0062303,--,Organic compounds,Lipids and lipid-like molecules,Glycerophospholipids,Glycerophosphates
pos_9989,Hepoxilin A3,HMDB0004688,85589-24-8,Organic compounds,Lipids and lipid-like molecules,Fatty Acyls,Eicosanoids
pos_9990,(Z)-11-Eicosen-1-ol,HMDB0034933,62442-62-0,Organic compounds,Lipids and lipid-like molecules,Fatty Acyls,Fatty alcohols
pos_9993,(3-Aminopropoxy)guanidine,HMDB0039228,97091-01-5,Organic compounds,Organic nitrogen compounds,Organonitrogen compounds,Guanidines
pos_9994,Allixin,HMDB0040705,125263-70-9,Organic compounds,Organoheterocyclic compounds,Pyrans,Pyranones and derivatives
pos_9996,L-Cystathionine,HMDB0000099,56-88-2,Organic compounds,Organic acids and derivatives,Carboxylic acids and derivatives,"Amino acids, peptides, and analogues"
pos_9997,Butanoyl (2S)-2-amino-5-(diaminomethylideneamino)pentanoate,HMDB0257690,--,Organic compounds,Organic acids and derivatives,Carboxylic acids and derivatives,"Amino acids, peptides, and analogues"
pos_9999,Phytosphingosine,HMDB0004610,554-62-1,Organic compounds,Organic nitrogen compounds,Organonitrogen compounds,Amines
