"","logFC","AveExpr","t","P.Value","adj.P.Val","B","Significant"
"C19orf59",4.28448911844444,10.2654014534831,22.4096988814254,5.18994942593061e-31,1.30475328567896e-26,59.6717697864858,"Up"
"FCER1G",2.06146050257791,12.3113099304586,16.7992887211418,1.78817180110436e-24,1.46406219466967e-20,45.239334720666,"Up"
"MXD4",-1.51321610322554,9.48666610288942,-16.7207766108134,2.26007931660634e-24,1.46406219466967e-20,45.0121309910428,"Down"
"SPOCK2",-2.79132591485022,10.3915236394207,-16.7060005160204,2.36211617645878e-24,1.46406219466967e-20,44.9692857645791,"Down"
"HIST2H2AC",2.0788475465186,9.62286346742831,16.6361069273432,2.91181820737802e-24,1.46406219466967e-20,44.7662537274511,"Up"
"S100A12",3.01368609196873,11.5418867466445,16.4951178161077,4.44843400454488e-24,1.86389384790431e-20,44.3548515586422,"Up"
"TLR5",2.4456970198752,9.12032499948736,16.0915428314193,1.51582429795148e-23,5.44397469292859e-20,43.1634675506469,"Up"
"LILRA5",1.5306021767275,11.0513959449635,16.0218690002439,1.87681842483445e-23,5.89790190004227e-20,42.9557033844703,"Up"
"RUNX3",-2.18428062597143,9.24771600780772,-15.9824434071448,2.11851175220839e-23,5.91770949450212e-20,42.8378647434471,"Down"
"EVL",-1.93235433650904,9.8245737622772,-15.8291616270733,3.39889676601011e-23,7.99170795624409e-20,42.3778397153807,"Down"
"CARD11",-1.8384983143254,7.96916864484289,-15.8199859352351,3.49676959103759e-23,7.99170795624409e-20,42.3502066203604,"Down"
"HK3",2.57118521339859,9.34669100901726,15.7424543182085,4.44651758124678e-23,9.31545433271201e-20,42.1162850973417,"Up"
"ETS1",-2.2966708881672,10.9727203395079,-15.4472608631751,1.11747412799829e-22,2.16102304445207e-19,41.2185711580885,"Down"
"LOC440731",1.7292383114282,7.95062376585891,15.3688079182617,1.43014682578895e-22,2.56813508573816e-19,40.9780912086434,"Up"
"CD7",-2.10098161786011,9.57531458849016,-15.0686289211161,3.70148935622474e-22,6.20369616103267e-19,40.0505547723306,"Down"
"LOC220433",-2.18868647118151,11.2002765209376,-14.9053683963942,6.23781667366852e-22,9.80116944850165e-19,39.5411334319653,"Down"
"CD6",-2.27005320111367,8.9863809854067,-14.8726843312548,6.92757969635264e-22,1.02446678568415e-18,39.4387280922831,"Down"
"NUP214",1.45953662701404,10.5699548690427,14.8327106425625,7.87713268110633e-22,1.10017286446118e-18,39.3132915152997,"Up"
"LIME1",-1.92229833360018,9.98997425832593,-14.5614459970911,1.89338409146483e-21,2.50524610839083e-18,38.4564875849098,"Down"
"EXOSC10",-1.36942980206589,7.9064189070726,-14.1569381016097,7.12323139243087e-21,8.95390186028561e-18,37.1606642696215,"Down"
"DYNLT1",1.74863173045788,9.15071520915412,14.0696303659142,9.5073804751225e-21,1.13816926259324e-17,36.8781112468629,"Up"
"CD81",-1.92811914638351,11.2697756482622,-13.9742066385601,1.30491562436733e-20,1.49116267257249e-17,36.5681251001329,"Down"
"SF3A3",-1.13798203556891,8.86860087667523,-13.902180564545,1.65851000695832e-20,1.81282354673618e-17,36.3333384532317,"Down"
"IRAK3",2.59174917823131,8.3055600946715,13.8892768031735,1.73142945725071e-20,1.81367235647012e-17,36.2912019842819,"Up"
"LOC400455",-1.41669715364472,8.52439009560962,-13.8633718475289,1.88776181813769e-20,1.89833328431926e-17,36.2065434399979,"Down"
"DNMT1",-1.64718693777864,9.30457011779442,-13.7977164501431,2.35106259625774e-20,2.27329667961229e-17,35.9915752762681,"Down"
"CD247",-2.54256561024926,11.0432879582134,-13.7637599315191,2.63424039030828e-20,2.45277049675371e-17,35.8801681580349,"Down"
"ATP6V0E2",-2.20488452600181,8.59024802343599,-13.7226901820864,3.02328245427736e-20,2.7144757464476e-17,35.7452164930109,"Down"
"LOC730316",-1.07998453844106,10.1040310868073,-13.5934477316924,4.67034341946449e-20,4.04870460570129e-17,35.3190581706137,"Down"
"SKAP1",-2.2804797196443,8.38818498645498,-13.4038629203985,8.87326414085661e-20,7.43579535003784e-17,34.6898670940135,"Down"
"IFP38",-1.54789403675411,9.12769351725838,-13.3647614044564,1.01349357471784e-19,8.21910595755051e-17,34.5594964969493,"Down"
"SLAMF6",-2.06634618357909,9.13633573130768,-13.3213162294805,1.17509347039101e-19,9.23182807675936e-17,34.4144023992088,"Down"
"UPP1",2.104357129373,8.60663346080949,13.2855814094505,1.32739379777916e-19,1.01123272958085e-16,34.2948684473874,"Up"
"FAM62A",-1.76631463515901,9.36834602886114,-13.2734379062857,1.38357247136018e-19,1.02302976264691e-16,34.2542090241242,"Down"
"TRIM25",1.77212324561839,8.32307814106466,13.2441493333304,1.52916575409185e-19,1.09837791593912e-16,34.156062166423,"Up"
"CLIC1",1.1879691316826,11.8405563708266,13.2158466835595,1.68457336665631e-19,1.1553667185808e-16,34.0611096508621,"Up"
"IMP3",-1.47210450309789,9.75901080026426,-13.2131103652426,1.70042038931939e-19,1.1553667185808e-16,34.0519238750083,"Down"
"MATK",-1.94947967240784,7.73410735581801,-13.15026348397,2.10895037474119e-19,1.39523716897351e-16,33.8406710788202,"Down"
"HIST2H2AA3",1.60820904930709,10.56851518469,13.0787627476956,2.69600227541123e-19,1.69643639596641e-16,33.5996843241852,"Up"
"INTS9",-0.922795914265199,8.19888615162803,-13.0784199330674,2.69918280981131e-19,1.69643639596641e-16,33.5985272454458,"Down"
"PTMA",-2.31389365146923,10.181937052813,-13.0372354666153,3.11024874582243e-19,1.87715100566339e-16,33.4594053840993,"Down"
"PGS1",2.16850826074531,9.53260740570245,13.0329645662154,3.15634672366272e-19,1.87715100566339e-16,33.4449651829212,"Up"
"SERPINB1",1.86133414158219,10.5655407852399,13.0280073136628,3.21071969942425e-19,1.87715100566339e-16,33.4282013106738,"Up"
"GYG1",2.30969075658634,10.4370728422534,12.8915136674778,5.14493349605665e-19,2.93962791115601e-16,32.9653284135851,"Up"
"HTATIP2",1.04889654340846,8.95502156588283,12.883929962226,5.28187107147916e-19,2.95080530526636e-16,32.9395375988644,"Up"
"RAB32",1.74091661906605,9.70142146039638,12.8772647937239,5.4052617761306e-19,2.95409306634616e-16,32.9168642045928,"Up"
"RNF126",-0.930267013372569,7.56105529435135,-12.8446530460554,6.05232958600438e-19,3.23735246366277e-16,32.8058406990412,"Down"
"CD96",-1.85520739297638,8.08260565228686,-12.8257611330557,6.46244029313089e-19,3.3847031035273e-16,32.7414599314063,"Down"
"LOC649946",-2.41075174226865,9.97052238132743,-12.7393574358876,8.72725292407626e-19,4.47761507165872e-16,32.4464010682214,"Down"
"EIF4B",-1.1982043995287,10.4831553572091,-12.6846686316597,1.05603744251509e-18,5.30975626096589e-16,32.259129674202,"Down"
"IL2RB",-2.78133604093857,8.88458432833634,-12.6403992904747,1.23261395271219e-18,6.07606171984011e-16,32.1072455573653,"Down"
"CNIH4",1.73197501545627,9.1922576284996,12.6033032726343,1.40338904209084e-18,6.78484625349303e-16,31.9797713558731,"Up"
"MFNG",-1.32055251498519,10.0554733079355,-12.5926095785112,1.45692297977237e-18,6.91076296442971e-16,31.9429902555624,"Down"
"MEF2D",-0.959900269585089,7.64144702855619,-12.58599970877,1.49104001365043e-18,6.9416196191059e-16,31.92024791068,"Down"
"PUF60",-1.06660527388964,9.78369540807114,-12.5725148355678,1.56316725991052e-18,7.14509543893644e-16,31.8738329556314,"Down"
"PRKCH",-1.78355838684371,9.29255073829906,-12.5618674697535,1.62260078709068e-18,7.28431853347493e-16,31.837167614428,"Down"
"VEGFB",-1.28474696940306,7.70210825037962,-12.5443053736956,1.72566491326393e-18,7.61109051218512e-16,31.7766577196258,"Down"
"CCND2",-1.73971866369626,9.91905313429687,-12.5343701700063,1.78687452467034e-18,7.74517681900215e-16,31.7424079899966,"Down"
"CD2",-2.05262777926518,9.64021166331602,-12.5101217009464,1.94564110973376e-18,8.2904097455435e-16,31.6587609221789,"Down"
"CDK5RAP2",2.03683059470707,7.40891240224165,12.4962315283111,2.04293262314062e-18,8.5598876909592e-16,31.6108104602727,"Up"
"PRF1",-2.1868696619808,9.37065619553662,-12.4818707760315,2.14869369391206e-18,8.8554359778605e-16,31.5612085742357,"Down"
"FBL",-1.56859566426452,8.99810107103192,-12.4004952755006,2.86155852640478e-18,1.16031582828736e-15,31.2796218987958,"Down"
"MCM3",-1.30317348406193,8.31294831999795,-12.3109409596776,3.92608016069019e-18,1.56669294031352e-15,30.9687207534297,"Down"
"LOC649821",-1.25717989371931,10.8466991736251,-12.2880648090148,4.25713075345024e-18,1.67225417408967e-15,30.8891329492816,"Down"
"LOC653314",-1.38730163116395,12.3558340137999,-12.2584135928653,4.72857317437174e-18,1.82886660928778e-15,30.78587152001,"Down"
"HBXIP",1.15652322899156,10.0751847276006,12.2271269126586,5.28337608921807e-18,2.01248598307488e-15,30.6767889732347,"Up"
"RPUSD2",-1.24812268775751,7.80134708514962,-12.1844174689875,6.14852240253184e-18,2.30707243581568e-15,30.5276725559995,"Down"
"C16orf57",1.23374436006887,8.27693285511534,12.1717700947742,6.43120860265869e-18,2.37765565104176e-15,30.4834693251616,"Up"
"EEF2",-1.37767695065829,12.110377799344,-12.151147002591,6.9206064232534e-18,2.5215079055158e-15,30.4113455188347,"Down"
"UGCG",1.43337872872258,8.73239428495951,12.1264079493561,7.55759108382977e-18,2.71425485496401e-15,30.3247536454832,"Up"
"NONO",-0.913496471245544,9.91147152483861,-12.1125398412213,7.9402473073736e-18,2.79511637633728e-15,30.276177282858,"Down"
"BCL11B",-2.10466279201951,7.86006390816096,-12.1102563074631,8.00510656707574e-18,2.79511637633728e-15,30.2681762453213,"Down"
"DDOST",-0.864930717672138,9.53575340020048,-12.0977519740921,8.36987377633061e-18,2.85419561541628e-15,30.224351504192,"Down"
"LOC728481",-1.85717705342219,12.1389169400955,-12.0966981652259,8.40137134211635e-18,2.85419561541628e-15,30.2206572176413,"Down"
"AKR1B1",-1.39374649368511,8.69624241790339,-12.090164788796,8.59933873055983e-18,2.88249834248365e-15,30.1977502348132,"Down"
"SH3GLB1",1.65684271475577,10.1016474274887,12.0704554563347,9.22556313545313e-18,3.01728066832227e-15,30.1286125851744,"Up"
"EIF3F",-1.12662463937373,10.5950441792863,-12.0656223424994,9.38603451287156e-18,3.01728066832227e-15,30.1116509291096,"Down"
"FAIM3",-2.31671115496291,10.101702966108,-12.0635298783927,9.45638113534569e-18,3.01728066832227e-15,30.1043065475846,"Down"
"CBLL1",-0.837532805656225,7.91672104996986,-12.0627862140546,9.48151045335957e-18,3.01728066832227e-15,30.1016962075167,"Down"
"RFTN1",-1.91466805497641,8.91897432473858,-12.0483516565973,9.98285481528445e-18,3.13004684953907e-15,30.0510150851458,"Down"
"EOMES",-2.28698388748621,8.24915231439925,-12.0455040678369,1.00848764841951e-17,3.13004684953907e-15,30.0410137138124,"Down"
"SLC2A3",1.22517945746046,12.9260783921205,12.025864381534,1.08177862241282e-17,3.31657494725101e-15,29.9720059089786,"Up"
"PABPC1",-1.0154532995916,11.705718363052,-12.0066356552696,1.15874813298198e-17,3.50975036905626e-15,29.9043933597629,"Down"
"SRPK1",1.42520931854622,9.14085369220441,11.9994283870474,1.18900257281607e-17,3.55851484292808e-15,29.8790385613501,"Up"
"C16orf7",1.39613689939759,7.86861293114187,11.9884066113196,1.23681971288341e-17,3.65807618610458e-15,29.8402514396426,"Up"
"RPS4X",-1.59761913424903,11.1771569555615,-11.9668676986403,1.33594532044719e-17,3.90530992512119e-15,29.7644074532059,"Down"
"RPL10A",-1.61535867283213,11.8992469705002,-11.9341452079181,1.50211834735792e-17,4.29197618946645e-15,29.6490678365812,"Down"
"PARP1",-1.40235132705419,9.18894507041375,-11.9340998912959,1.50236238931204e-17,4.29197618946645e-15,29.6489080089805,"Down"
"POLE3",-0.873209611579057,9.66346216009563,-11.8658679191575,1.91924003701831e-17,5.42131399220678e-15,29.4079580697486,"Down"
"BLOC1S1",1.50405965268928,9.75679033850303,11.8425843947379,2.08679381539778e-17,5.82911072434448e-15,29.3255982566858,"Up"
"ST6GAL1",-1.31255689071409,8.00030918998881,-11.831899367312,2.16855692735329e-17,5.95805296289586e-15,29.2877791236253,"Down"
"SMARCA4",-0.941148754187362,8.32959481408973,-11.8303914228567,2.18035351068583e-17,5.95805296289586e-15,29.2824406410459,"Down"
"METTL9",1.16781102299065,6.95703250128816,11.8272046780955,2.20549685820381e-17,5.96195602314449e-15,29.2711578400909,"Up"
"KIF1B",1.33197793616293,7.62124400296611,11.7897923517233,2.52352179547764e-17,6.7490785040753e-15,29.138600027948,"Up"
"ID2",-1.21240927469096,9.77254743808237,-11.7441793677407,2.97462997549691e-17,7.87181027199918e-15,28.9767422336438,"Down"
"ATIC",-1.39902639021579,8.19383579055759,-11.7317295834699,3.11134142438819e-17,8.14782535511658e-15,28.9325177043443,"Down"
"GLTSCR2",-1.61575770951233,12.4106841453235,-11.6986253113969,3.50653609567466e-17,9.08807396342896e-15,28.8148269393302,"Down"
"C20orf24",1.08898954808697,12.2213110769451,11.6708888851196,3.87644582819843e-17,9.94427021641924e-15,28.7161116610689,"Up"
"PGD",1.77951222892497,10.6928943652118,11.608938774374,4.85137414994242e-17,1.21983657279063e-14,28.495273510837,"Up"
"WBP11",-1.10982082839611,8.29162454700577,-11.6065589412306,4.89341114644732e-17,1.21983657279063e-14,28.4867801896091,"Down"
"HP",3.3186287199417,7.02985606979873,11.6061486318771,4.9006958572734e-17,1.21983657279063e-14,28.4853157749846,"Up"
"IL4R",1.209661882916,7.80883982577802,11.601618093782,4.9818633170675e-17,1.22788278226546e-14,28.4691446339494,"Up"
"C5orf32",2.68391422007626,9.25694068006058,11.5844864901703,5.30124848759568e-17,1.29391637842869e-14,28.407972107676,"Up"
"PABPC4",-1.39750940895963,9.63905629575599,-11.573236672114,5.52214512127779e-17,1.32614955479003e-14,28.367781635215,"Down"
"CD58",1.3922747172701,8.21957469649021,11.5724064366979,5.53881078969585e-17,1.32614955479003e-14,28.3648149458529,"Up"
"KLHL22",-1.19078754690555,8.37518310072599,-11.549280907868,6.02399268203409e-17,1.42870920779563e-14,28.2821451033184,"Down"
"ALPK1",1.47851409983798,8.2995795849822,11.5434779684233,6.15233356398095e-17,1.44551089531291e-14,28.261389940172,"Up"
"LOC649447",-1.16657663688571,11.517206784507,-11.5363186184196,6.31448333203083e-17,1.46987139784495e-14,28.235777476315,"Down"
"Septin 9",-1.23982534929472,12.4465437887529,-11.5317610088938,6.419947288464e-17,1.48071077827509e-14,28.2194693188322,"Down"
"LOC648210",-1.29985445455467,9.5750812051939,-11.5143834507995,6.83864377934263e-17,1.56294095102431e-14,28.1572643779673,"Down"
"GPR56",-2.11067171106057,7.94733423962362,-11.4958134344127,7.31659582081697e-17,1.65711008049855e-14,28.0907487201041,"Down"
"PYHIN1",-1.51017059870415,7.2499921012417,-11.4849889694186,7.61060626991192e-17,1.70830930022844e-14,28.0519566549788,"Down"
"CKAP4",1.93202884700128,9.66539617265109,11.4683374320161,8.08634732696674e-17,1.79903337876056e-14,27.9922530406801,"Up"
"TSPYL1",-0.863813621347754,8.84629767631717,-11.4433415596972,8.85745577368216e-17,1.95330208903833e-14,27.9025655233467,"Down"
"MAN2B2",-0.938798127058368,9.16232656701625,-11.430397824911,9.28550981398097e-17,2.02989318889984e-14,27.8560913310968,"Down"
"SLC22A4",1.60251499464525,8.34862881715852,11.4245035019756,9.48729721784721e-17,2.05612631083344e-14,27.8349209245221,"Up"
"TOMM40",-1.10588185687733,7.99244016861967,-11.4177292938154,9.7246791769237e-17,2.08488581236263e-14,27.8105848849514,"Down"
"MYL6",1.33613273092789,13.2841452363601,11.4160104025635,9.78586021713567e-17,2.08488581236263e-14,27.8044089295565,"Up"
"ITK",-1.8476531485151,9.1735178337197,-11.4080896652093,1.00728434306091e-16,2.12799398189506e-14,27.7759450303146,"Down"
"TAF4",-1.07998451905383,7.67090148049584,-11.3765868775758,1.13008615718376e-16,2.36753049929998e-14,27.662659099407,"Down"
"P2RY8",-0.979498076385919,8.90908293918829,-11.3627416925409,1.18873428979461e-16,2.46981653268071e-14,27.6128317232061,"Down"
"CD63",1.43912148402118,8.18197496751051,11.3603524479307,1.1991615645646e-16,2.47105915845524e-14,27.6042306594397,"Up"
"EDG8",-2.39632027599648,8.19954345034318,-11.3440759546551,1.27269546081615e-16,2.6012653564974e-14,27.5456178098961,"Down"
"NOL5A",-1.27923665963322,8.14995969366156,-11.3272114749179,1.35369135249e-16,2.74450004851602e-14,27.4848527509228,"Down"
"TXN",2.04263087919003,10.1279762701562,11.3050379662255,1.46815779084227e-16,2.95275894894197e-14,27.4049046732295,"Up"
"QARS",-0.916015940313166,10.3073999682189,-11.3008908113836,1.49062719728095e-16,2.97415616981294e-14,27.389945045259,"Down"
"MYD88",0.981768655905967,9.89913048244929,11.296915278799,1.51249245054751e-16,2.9940204887216e-14,27.3756024889879,"Up"
"LBH",-1.48392115175923,7.41542636701265,-11.2901635930097,1.55037056636195e-16,3.04502469049527e-14,27.3512398917266,"Down"
"GNLY",-2.6324584554817,9.57295663019318,-11.2752903424146,1.63722383758226e-16,3.19068273463705e-14,27.2975517221107,"Down"
"RNMTL1",-0.857760431194635,7.21277998313737,-11.2437203305395,1.83820394145452e-16,3.55480362216666e-14,27.1835022745192,"Down"
"WDR54",-1.5758483708292,7.93453980110374,-11.2342256543611,1.90338759673665e-16,3.65276062457705e-14,27.1491778283613,"Down"
"CKLF",1.48213626559527,10.4657496999223,11.2256702335603,1.96411861954552e-16,3.74075318904351e-14,27.1182393808362,"Up"
"GLRX",1.45917807526277,9.27152747537384,11.2228859892645,1.98430140062562e-16,3.75077723396452e-14,27.108168941051,"Up"
"AGTRAP",1.22370998214118,8.40687019814372,11.212225576339,2.06353151082782e-16,3.87143150613517e-14,27.0696020548688,"Up"
"MAPK14",1.64305028807498,6.63487042748055,11.1864293430385,2.26871915377183e-16,4.22485922413509e-14,26.9762194334782,"Up"
"LIN7A",1.84363059135808,6.66413615202213,11.1609340726957,2.49174666980794e-16,4.60606700580673e-14,26.8838459959708,"Up"
"U2AF2",-0.957791951058052,8.97467327753859,-11.1570327685468,2.52777453402158e-16,4.63855852447464e-14,26.8697039178273,"Down"
"GEMIN4",-1.26207745356736,7.4980399577024,-11.1400063234337,2.69126523353262e-16,4.90278318630508e-14,26.807961898249,"Down"
"C9orf46",1.16290782721352,7.91908183749759,11.1259453328835,2.83429735577828e-16,5.1262039945515e-14,26.7569466149324,"Up"
"MRPS18B",-1.15547441589549,7.60168941197668,-11.1073999965757,3.03474405771707e-16,5.41088408588703e-14,26.6896245819336,"Down"
"GNG5",1.03316759895067,8.47680020116838,11.1019104597212,3.09677704780311e-16,5.48260387195565e-14,26.6696887930883,"Up"
"DIMT1L",-1.13273094194578,7.99477970910249,-11.0979786587471,3.14199199879692e-16,5.5237537657171e-14,26.655407818711,"Down"
"KLHL8",1.34041463134476,8.2475590174379,11.0936410940886,3.19264618326538e-16,5.57382812828414e-14,26.6396508582713,"Up"
"CD8A",-2.48285645296498,8.99677823035461,-11.0792284976496,3.36694893641458e-16,5.83759284561811e-14,26.5872781541924,"Down"
"MMP9",2.56548274107349,10.8241157679532,11.0752421111723,3.41683261970719e-16,5.883504935578e-14,26.5727879081764,"Up"
"TUBB",-0.868154726799418,9.31451357829251,-11.0540186537937,3.69523971401706e-16,6.31961404152306e-14,26.4956096090783,"Down"
"RASGRP1",-1.91529531771811,7.75897607277249,-11.0415068717486,3.86997755136964e-16,6.57373213793464e-14,26.4500854127377,"Down"
"YWHAQ",-0.937214047907974,11.0060691933589,-11.0369564357306,3.93557516732582e-16,6.64029259775646e-14,26.4335239253855,"Down"
"SCAMP3",-1.00297580728273,7.67052628120576,-11.0273797094726,4.07731773188482e-16,6.83358451863896e-14,26.3986608828445,"Down"
"SCAP",-1.13989430049861,9.5535727460678,-11.0235979256956,4.13469909021501e-16,6.88386325351028e-14,26.3848906537854,"Down"
"PIK3IP1",-1.69931994682504,9.31319594888424,-11.0170174503708,4.23649399372129e-16,7.00693809224692e-14,26.3609257145148,"Down"
"PRPF8",-1.24397565326404,9.41771692205419,-11.0146207982157,4.27419313631707e-16,7.02308597692883e-14,26.3521962287915,"Down"
"SIN3A",-0.858587986352459,8.56672216281055,-10.9976583556524,4.55086274500626e-16,7.4291356759388e-14,26.2903930017206,"Down"
"PFKFB3",1.78522616040932,9.15076643152104,10.9895263877161,4.68983826093765e-16,7.60661508903048e-14,26.2607516169597,"Up"
"RABAC1",1.10252783953205,9.32429885362104,10.9858808714498,4.75352226469262e-16,7.66048395733157e-14,26.2474609656245,"Up"
"RAB24",1.07179877545671,8.43190256430651,10.9813218368903,4.83439356451588e-16,7.74118816636492e-14,26.2308376039654,"Up"
"MAL",-1.86695432649149,9.29563329701107,-10.9790768781642,4.87472465264463e-16,7.75636568148645e-14,26.2226510143335,"Down"
"SUMF2",-1.22057242478571,8.91516442907441,-10.9722119294399,5.00017250784176e-16,7.90593313504036e-14,26.1976131600235,"Down"
"PHCA",1.49680450657515,8.65669864011416,10.9673998845556,5.09004262708763e-16,7.99772947781144e-14,26.180059287934,"Up"
"ST3GAL4",1.34122182739473,6.96408700596114,10.9642997256433,5.14880252438061e-16,8.03980717161047e-14,26.1687487380613,"Up"
"IL10RA",-1.01874945159572,8.43883378354734,-10.9423468851338,5.58494150582929e-16,8.66700181830545e-14,26.0886235358063,"Down"
"BCL6",1.56848964532519,10.7771159878648,10.9331190720761,5.77922185045228e-16,8.91347468223131e-14,26.054925921659,"Up"
"SBK1",-1.80821816444816,6.84044763247656,-10.9114580364295,6.26247978630676e-16,9.53339292704512e-14,25.9757854047815,"Down"
"RCC2",-0.993098779466512,9.01712410573396,-10.9113368419549,6.26529525090789e-16,9.53339292704512e-14,25.9753424525711,"Down"
"ARL2BP",-0.881984880503994,8.83176551875588,-10.9100648765874,6.29492134403139e-16,9.53339292704512e-14,25.9706934562427,"Down"
"ETS2",1.46048074301712,8.32365621281584,10.9057690406344,6.39602646058516e-16,9.62850929455754e-14,25.9549908763092,"Up"
"RNASE2",2.40728887157742,9.61021139750433,10.90221674455,6.4808678635959e-16,9.69815583873815e-14,25.9420044994222,"Up"
"MYC",-1.49574935804534,8.49296829068613,-10.8758971195043,7.14586949460203e-16,1.06300094138636e-13,25.8457392564524,"Down"
"DRAM",1.7844367307375,7.28218015798564,10.8673793939721,7.37549854214023e-16,1.09070607852591e-13,25.8145676651728,"Up"
"GNB2L1",-0.874422575134801,13.6874796449687,-10.8413432983534,8.12459292494512e-16,1.19445769668491e-13,25.7192323172063,"Down"
"CUTA",-1.09127492902014,8.96701607028202,-10.8390415864498,8.19439965411061e-16,1.19771632153686e-13,25.7108003725691,"Down"
"ITGB7",-1.50673348615383,9.26746833473104,-10.8322648773044,8.40345655845691e-16,1.21431269248392e-13,25.6859713761331,"Down"
"FLJ22662",1.58105177181064,11.8062191449252,10.8322298540608,8.40455085490066e-16,1.21431269248392e-13,25.6858430413642,"Up"
"ZDHHC8",-1.35286266961037,9.00515398774503,-10.8243750856702,8.65363769170839e-16,1.24315686611171e-13,25.6570573608507,"Down"
"CEBPA",1.29866193425385,9.4072691588247,10.8079033126591,9.2004270723195e-16,1.31322640727596e-13,25.5966689942798,"Up"
"GTPBP6",-0.976245842538079,9.1299547190957,-10.806579204918,9.24586611327944e-16,1.31322640727596e-13,25.5918131996979,"Down"
"EIF3EIP",-1.16773838265689,10.3046411909784,-10.800345650973,9.46284034508686e-16,1.33649329368249e-13,25.5689506154236,"Down"
"SF3B3",-1.03399309942826,7.80666117659992,-10.7901540272972,9.82870136632629e-16,1.38041090698013e-13,25.5315613256842,"Down"
"SFT2D1",0.961357051406305,10.4221133893125,10.7866874342164,9.95636979936132e-16,1.39057298197746e-13,25.518840901599,"Up"
"MRPS6",-1.16887931052762,10.1844305842812,-10.7611274221504,1.0950791912659e-15,1.52101054521683e-13,25.4250067314698,"Down"
"FAM113B",-1.47440857040641,9.19494535885335,-10.7556500259553,1.11765993089309e-15,1.54384454190398e-13,25.4048885434586,"Down"
"FGFBP2",-2.05015871228548,8.59242113920021,-10.7150879562922,1.30016369577224e-15,1.76681704387644e-13,25.2557973038982,"Down"
"RAB31",1.16144568785452,11.4539843250939,10.7060862067866,1.34458090328146e-15,1.80902477898246e-13,25.2226842358665,"Up"
"STAT4",-1.65676060194439,8.55359646336964,-10.7051825926469,1.34912323870468e-15,1.80902477898246e-13,25.2193597585874,"Down"
"SLPI",2.61709118744405,7.07173532366833,10.7042619440341,1.35376711475677e-15,1.80902477898246e-13,25.215972512552,"Up"
"PLSCR3",-1.28706377109457,10.4611171932727,-10.7030299470902,1.36000669541641e-15,1.80902477898246e-13,25.2114396014179,"Down"
"HCFC1",-0.944044474776412,9.56179699334317,-10.6959929046001,1.39620642398266e-15,1.84740155257495e-13,25.1855446966189,"Down"
"HNRNPA0",-0.995829438355882,8.65306797513012,-10.6534425193429,1.63675939640572e-15,2.15435242019057e-13,25.0288458103682,"Down"
"ARHGEF18",-0.9656629318801,11.092871917315,-10.6465743642832,1.67933088308023e-15,2.19887387503317e-13,25.0035331120259,"Down"
"PRKAG1",0.834982628255434,7.12044503786824,10.6400139682605,1.72103683313058e-15,2.24180652771517e-13,24.9793495983805,"Up"
"ACAA1",1.40157491397138,7.69600619138265,10.6361714116876,1.74594813490331e-15,2.25369277680744e-13,24.9651825286746,"Up"
"C17orf62",1.0988796928196,9.58484675701688,10.6358434526338,1.74809105599622e-15,2.25369277680744e-13,24.9639733023387,"Up"
"TMCO3",1.63428332135818,7.50982740580197,10.6306393743726,1.78245211108163e-15,2.28626765676491e-13,24.9447835578063,"Up"
"TSPO",1.19778558296,12.0800386177237,10.601128066662,1.99059421314363e-15,2.54028114306755e-13,24.8359035725473,"Up"
"LOC441124",1.35934302911978,7.68180251926361,10.5945381086555,2.04032429497256e-15,2.59059357452577e-13,24.811576761485,"Up"
"ZNF428",-1.04346853778897,9.81169139132266,-10.5720520746615,2.21963408322527e-15,2.80410054534087e-13,24.7285323565184,"Down"
"SAE1",-0.972651600066643,9.85970332737114,-10.5564674564318,2.35315260609647e-15,2.95791282586326e-13,24.6709421998673,"Down"
"RPS28",-1.66991787756267,12.8225190071846,-10.5541729601759,2.37348271153142e-15,2.96862464516915e-13,24.6624609726217,"Down"
"IDH1",1.01325055695938,7.16855751071978,10.5507750666125,2.40391500762542e-15,2.98058594328322e-13,24.649900122414,"Up"
"PSMC5",-0.850901586050291,9.3991473339592,-10.5487831893989,2.42193724057477e-15,2.98468148176715e-13,24.6425362252489,"Down"
"RGL4",2.17217570817484,9.630720102211,10.5297997081352,2.60068109609814e-15,3.18932306126377e-13,24.5723324514693,"Up"
"CDC25B",-1.4910136798564,8.71320063834851,-10.51231613052,2.77704723923778e-15,3.38907609681737e-13,24.507639533071,"Down"
"DDB1",-0.941190183259851,8.92132710274583,-10.4968339646956,2.94326650980884e-15,3.57457584814464e-13,24.450323510744,"Down"
"SMARCD1",-0.839146543776997,7.8127991735414,-10.4897989596047,3.02207441367635e-15,3.65264186345305e-13,24.4242705438444,"Down"
"FBXO21",-0.993119897915913,7.22756952742789,-10.4828229484943,3.10232162133202e-15,3.73169213207114e-13,24.3984305665963,"Down"
"NUDC",-0.884843888807337,9.44152410149595,-10.4651621289875,3.31521409629044e-15,3.93627206846341e-13,24.3329884115222,"Down"
"IL1R2",2.78752402706203,8.42997170165467,10.4648288388113,3.319370240709e-15,3.93627206846341e-13,24.3317530695167,"Up"
"VNN1",2.03227987049461,7.21583484670749,10.4394126420576,3.65228501509691e-15,4.31072513049466e-13,24.2375112665101,"Up"
"MOSC1",1.69899423562116,8.7416997416524,10.4357074731783,3.70355150738277e-15,4.35080770540201e-13,24.2237667014197,"Up"
"KHDRBS1",-0.91666626974088,10.2501194291181,-10.4152884324722,3.99937282237267e-15,4.67647594206739e-13,24.1479935771757,"Down"
"TGFBR3",-2.35889898691053,8.61304313864075,-10.4077950144223,4.11381065451456e-15,4.78801851178222e-13,24.1201746154946,"Down"
"RPL22",-1.48056101186256,9.43065680201472,-10.4048562788908,4.15958607903675e-15,4.81898589986101e-13,24.1092630013387,"Down"
"TTC27",-1.05865677907675,6.7587581900036,-10.396680473739,4.28965570782031e-15,4.9468781878258e-13,24.0789009647195,"Down"
"H2AFJ",1.41642123685757,7.4419985567153,10.3932280936362,4.34580347436817e-15,4.98874426235689e-13,24.0660778334944,"Up"
"BIN1",-1.24930942207859,8.97161415862902,-10.3900521670139,4.39810893153526e-15,5.02583902449075e-13,24.0542803680199,"Down"
"GZMB",-2.25862737687249,9.82741153971033,-10.3834096633893,4.50956678388223e-15,5.1298872826606e-13,24.0296021749413,"Down"
"BRI3",1.04655115026144,10.8080917750273,10.3782294835608,4.59845948413054e-15,5.20744465905594e-13,24.0103534246624,"Up"
"PLEKHA1",-1.73328044424164,8.29795615940496,-10.3728818811091,4.69207795240192e-15,5.2896340683132e-13,23.9904794588154,"Down"
"NQO2",2.02136020624365,7.35047020288654,10.3676099046176,4.78625244810914e-15,5.37171368506535e-13,23.9708834724289,"Up"
"RALGDS",-1.46141055771688,9.19809830574737,-10.3578934618216,4.96483838789812e-15,5.5473794254115e-13,23.9347593639596,"Down"
"CYFIP2",-0.81748440302778,9.61103577590085,-10.3245908246954,5.62947174491765e-15,6.26216458704557e-13,23.8108672752034,"Down"
"GSTO1",1.02817848910465,10.6576970811672,10.3221389938031,5.68181025689019e-15,6.29254228450306e-13,23.8017412146807,"Up"
"IL7R",-2.21278315731431,10.3039860671842,-10.2845943001121,6.5473481986461e-15,7.21931288219136e-13,23.6619129358052,"Down"
"C2orf29",-0.820731664934959,9.48429310022159,-10.2799284074596,6.66381189024647e-15,7.31036973220387e-13,23.6445250040356,"Down"
"MRPL33",0.884878283228701,8.64198964186847,10.2789662285875,6.6880868671714e-15,7.31036973220387e-13,23.6409390521721,"Up"
"C3AR1",1.8807323315942,7.13235083732646,10.2741844598122,6.81005495976248e-15,7.41146241075449e-13,23.6231163574452,"Up"
"MTF1",1.31025015823258,8.92946902872336,10.2715932431877,6.8770825056414e-15,7.45214888757865e-13,23.6134572966276,"Up"
"OSCAR",1.42834472128277,9.70782082405565,10.2644889958691,7.06427853437973e-15,7.62214430705178e-13,23.5869716744364,"Up"
"ATF6",1.1420573125559,8.61246011649826,10.2555321166065,7.30762593425523e-15,7.85101350372549e-13,23.5535714320812,"Up"
"CSF1R",-1.77118863978121,10.1732439524103,-10.2536078157208,7.36099919687015e-15,7.85203258531581e-13,23.546394578791,"Down"
"CLIC3",-2.12762844623234,7.8576858780228,-10.2532473460254,7.37104093132272e-15,7.85203258531581e-13,23.5450501303415,"Down"
"C11orf56",1.13103671546224,7.69794035302075,10.2257665922666,8.17865796629898e-15,8.63913702826708e-13,23.4425137487664,"Up"
"CAPZA2",1.2156351204986,10.460830736738,10.2245777151331,8.21554261138714e-15,8.6417883368315e-13,23.4380759763021,"Up"
"TXNDC17",1.25385409953819,9.36672256370668,10.2194307530421,8.37716887441384e-15,8.77508439594849e-13,23.4188619481982,"Up"
"ALDH9A1",-0.940977643019988,11.1016823196044,-10.2170222928158,8.45389635718285e-15,8.78652214898287e-13,23.4098699983379,"Down"
"LEF1",-1.90485781386028,8.9260414375006,-10.2168944541556,8.45798870347595e-15,8.78652214898287e-13,23.4093926973224,"Down"
"ALPL",1.75225445098479,12.2233896359347,10.2086309173806,8.72679741630033e-15,8.99146258384386e-13,23.3785360896031,"Up"
"GLT25D1",1.16630683112702,9.33154263555005,10.2037970740593,8.88801256348789e-15,9.12018921820757e-13,23.3604828158858,"Up"
"IFNAR1",0.933794141550841,9.17236558417786,10.1930509338265,9.25724224233043e-15,9.45238021730774e-13,23.3203395876436,"Up"
"PGLYRP1",1.67693017900452,9.97817513778639,10.1922053135232,9.28694476402153e-15,9.45238021730774e-13,23.3171801716155,"Up"
"CLEC2D",-1.49979604716577,9.86997480729741,-10.1883341858931,9.42414903472487e-15,9.55335107794287e-13,23.3027158518142,"Down"
"RPL5",-1.28125036130199,11.1500605240807,-10.1856384249809,9.52089912391675e-15,9.61266682631594e-13,23.2926423051755,"Down"
"FCGR1A",2.11584646909636,7.77359951190062,10.1783364551082,9.78802020240477e-15,9.84283311553824e-13,23.2653523598329,"Up"
"CST7",1.89486341451882,10.9518619635483,10.1518196740212,1.08231568267252e-14,1.08404048854132e-12,23.1662027045779,"Up"
"PYCARD",0.956294302907267,10.3200492315837,10.1447314940904,1.11180801763292e-14,1.10916085568617e-12,23.1396865274285,"Up"
"FKBP5",1.97083088944139,9.50973231495701,10.1420795200859,1.1230492165955e-14,1.11477549584098e-12,23.1297643974499,"Up"
"ITGAM",1.18164116309363,10.0045576599546,10.1413165159003,1.12630459802549e-14,1.11477549584098e-12,23.1269095467352,"Up"
"TNFAIP6",1.9022074193748,8.42487908297399,10.1098142280549,1.26934430976616e-14,1.24653577920005e-12,23.0089875362504,"Up"
"MGC4677",1.76298382053989,8.895869232319,10.1041107701435,1.29713417702233e-14,1.26886977472145e-12,22.9876267790257,"Up"
"GIMAP5",-1.43338655439769,9.13335317565199,-10.099262098053,1.32124055333183e-14,1.28744137638613e-12,22.9694647238578,"Down"
"ATP6V1D",1.12153087699109,8.95238298712748,10.0917211831739,1.35963185075218e-14,1.3146935434822e-12,22.9412132583438,"Up"
"ZNF689",-1.13164094975723,8.43849368103458,-10.0917143489071,1.35966714918605e-14,1.3146935434822e-12,22.9411876515993,"Down"
"BST1",1.32620015530736,7.7694080830036,10.067788577861,1.48907686998557e-14,1.43430622649185e-12,22.8515124650089,"Up"
"E4F1",-0.931259632945819,8.67443179267412,-10.0625395547524,1.51908801054595e-14,1.4576287246231e-12,22.8318308918514,"Down"
"ACN9",1.22728911704966,7.35462818539352,10.0410516411878,1.64843138463437e-14,1.57572490531209e-12,22.7512308523434,"Up"
"ADA",-1.19658558496771,7.63257570824945,-10.0386891247757,1.66331262761939e-14,1.58392725221029e-12,22.7423662773564,"Down"
"ZFP36L2",-1.34404138676248,8.79324555260919,-10.0242055199349,1.75754714247182e-14,1.66734849666949e-12,22.6880087390455,"Down"
"TPST2",1.03272357497826,10.4126576327529,10.0198106318033,1.78719127987024e-14,1.68909732240368e-12,22.6715103012558,"Up"
"LOC645058",1.24419447436913,10.0164705256042,10.0117399752133,1.84294663277824e-14,1.7352688519867e-12,22.6412078630457,"Up"
"GSTP1",-1.30646907415979,10.8570834431375,-10.0059570047816,1.88397193085938e-14,1.76727814708227e-12,22.6194907815557,"Down"
"UBE2J1",1.16150457700441,9.09871690739559,10.000550047358,1.92316130805709e-14,1.79733365370094e-12,22.5991826772235,"Up"
"CD5",-1.74909474171691,7.36856700455897,-9.99385394240599,1.97283417717081e-14,1.83062579839465e-12,22.5740285122885,"Down"
"CCPG1",1.19766745074351,8.12019494298514,9.99378561842688,1.97334761879455e-14,1.83062579839465e-12,22.5737718272457,"Up"
"ZDHHC19",4.00929277105563,7.03810513628612,9.98460699982214,2.04356081847763e-14,1.88879113884293e-12,22.5392845418118,"Up"
"LY96",2.15193206072699,9.86369530745253,9.97101893092027,2.15215089740077e-14,1.98187082639763e-12,22.4882137271713,"Up"
"GLOD4",-0.986883395178799,7.57769321732397,-9.95414047069747,2.29516478376079e-14,2.10585557166957e-12,22.4247499823779,"Down"
"RANGAP1",-1.00373693606532,8.35535967309368,-9.94604250218264,2.36713969311035e-14,2.16399606853797e-12,22.3942910818234,"Down"
"RPL3",-0.960444018759395,12.9140006096589,-9.94448220061711,2.38126665378139e-14,2.16601641863969e-12,22.3884215599874,"Down"
"RPL14",-1.82505016883571,8.50915288988444,-9.94254104968407,2.39896037770206e-14,2.16941956458381e-12,22.3811190227825,"Down"
"ELP3",-1.04798170479776,8.17343763657067,-9.93704294955581,2.44979770326562e-14,2.20745212401784e-12,22.3604333237511,"Down"
"FLOT1",1.2523902809213,10.0037085589441,9.91617624996814,2.65280922304757e-14,2.38184370955057e-12,22.2818982573823,"Up"
"NOLA3",1.21279658475014,11.3079465997646,9.89759375234324,2.8478206946583e-14,2.54746307498942e-12,22.2119235882436,"Up"
"CCR3",-2.18753268893653,7.43403810843298,-9.89670179129486,2.85753614616951e-14,2.54746307498942e-12,22.2085639365918,"Down"
"BHLHB2",-1.11780586249431,9.49893816090814,-9.8911301587751,2.91898349462926e-14,2.59304752844451e-12,22.1875760950435,"Down"
"RPL37A",-1.22881599352823,11.8637469583445,-9.88976934535949,2.93419242554721e-14,2.5973801964175e-12,22.1824495651224,"Down"
"FLJ21438",-0.866999587515812,10.3713135496738,-9.88206151781542,3.02185594508692e-14,2.66559503366615e-12,22.1534087609729,"Down"
"FBXO30",1.17641894105775,6.95580793142159,9.87830797252715,3.065496124124e-14,2.69463540421249e-12,22.1392643908563,"Up"
"GZMH",-2.17847228122079,9.30141940425229,-9.85761804118754,3.31768729071593e-14,2.89934630111743e-12,22.0612742240347,"Down"
"PDXP",-0.979718855791416,7.15207262914031,-9.85732172996538,3.32144683660231e-14,2.89934630111743e-12,22.0601569805895,"Down"
"FCGR1B",2.26684412308988,7.89733996286808,9.82794043622823,3.71635020684208e-14,3.23283889965432e-12,21.9493319167639,"Up"
"RGS19",1.23162985668914,9.34179963960953,9.82186173767141,3.80377827235636e-14,3.29748226782893e-12,21.9263927876499,"Up"
"RING1",-0.97243085079506,8.79174593507939,-9.81697128323501,3.87561693323779e-14,3.33674690758897e-12,21.9079351155504,"Down"
"FAM62B",-1.0729318259743,10.1067609970974,-9.80676712561659,4.02994029253888e-14,3.44601016851794e-12,21.8694148590603,"Down"
"SHMT2",-1.07071028029761,8.96225544682571,-9.80524430631539,4.05349535978859e-14,3.45440248627407e-12,21.8636654161219,"Down"
"HIGD2A",-0.87762091996143,10.2966891951856,-9.80429015984772,4.06832472824428e-14,3.45532715094802e-12,21.8600628974944,"Down"
"MSL3L1",1.18576142164792,7.62257651028595,9.79443775711729,4.2246813440879e-14,3.5640432547104e-12,21.8228585710469,"Up"
"TTC4",-0.841880787580144,8.13139186183772,-9.77722749091935,4.51246127747793e-14,3.76851860303839e-12,21.7578472540917,"Down"
"RBM14",-0.877707118753172,9.38420233965673,-9.77638648929329,4.52701916514556e-14,3.76851860303839e-12,21.754669662837,"Down"
"HIST1H3D",0.995263545293841,6.76343082948142,9.76551473659179,4.71952232564581e-14,3.91580169197147e-12,21.7135863608463,"Up"
"SORT1",1.81238800615456,7.89578906806736,9.75514235766474,4.91086025111626e-14,4.06115219450864e-12,21.6743795952983,"Up"
"TXLNA",-0.862067031029254,8.78523524779774,-9.75422001397324,4.92824807191471e-14,4.0621690664897e-12,21.6708927120042,"Down"
"LOC648984",2.20136091235919,7.87849037179676,9.75090086265594,4.99133428563218e-14,4.10072365819585e-12,21.6583441221223,"Up"
"LYAR",-0.984784416437344,8.06434323979979,-9.73787315417648,5.24690474473253e-14,4.26884094765618e-12,21.6090806149523,"Down"
"SGK",-1.66086565015948,9.96744853301242,-9.73215109789006,5.36328134900935e-14,4.34944816497081e-12,21.5874378997264,"Down"
"MAP4K1",-1.33345240681018,7.45096107038994,-9.73116048907792,5.38369081449948e-14,4.35196099924492e-12,21.5836907731476,"Down"
"NHP2L1",-0.889183843396246,8.05570288572901,-9.72027296225547,5.61322332260101e-14,4.52296263878812e-12,21.5425009445458,"Down"
"ID3",-1.24065056696091,6.97299570320838,-9.69071639803802,6.28724698339642e-14,5.03380220263012e-12,21.4306258070096,"Down"
"LOC255809",1.39249671034719,7.76905528909989,9.68749871015443,6.36537637934145e-14,5.08017657703632e-12,21.4184415212553,"Up"
"HLA-DMA",-1.49505632765867,9.91860488584577,-9.68338024710529,6.46680506136162e-14,5.1447936469187e-12,21.402844894042,"Down"
"IGFBP7",1.46499649230191,6.69714743391025,9.6757903619675,6.65800747651857e-14,5.28019898926425e-12,21.3740978342238,"Up"
"GPR114",-1.60113381208191,7.17264137902913,-9.67355946822641,6.71528205232103e-14,5.3088739243821e-12,21.3656471935864,"Down"
"EIF3A",-1.06023445953895,8.71450752658283,-9.66705863961041,6.88502356049198e-14,5.42600289375449e-12,21.3410193675192,"Down"
"RPA1",-1.06864807396599,8.77349386387425,-9.65901757257287,7.10096790211186e-14,5.56131878688761e-12,21.3105510461473,"Down"
"ROPN1L",1.36550359433166,8.27216992358647,9.65090287691362,7.3258008651372e-14,5.71958489905433e-12,21.2797976595918,"Up"
"C3orf28",-1.18378290285414,7.71379864463429,-9.64167461619546,7.59020680566321e-14,5.88943824365349e-12,21.244816638633,"Down"
"DYSF",1.39887343847568,10.2307815710289,9.63083414316583,7.91309957608202e-14,6.10231053198472e-12,21.2037142670744,"Up"
"LOC391811",-1.19608797552901,8.66092751741067,-9.62772187455164,8.00832981333648e-14,6.15686273722566e-12,21.1919118967412,"Down"
"NLRC4",2.01050429845507,6.89870140968739,9.61920315666663,8.27492838946747e-14,6.34242986924427e-12,21.1596025982193,"Up"
"ATXN7L3",0.811855701263286,7.99596482388741,9.61812769233147,8.30921456829714e-14,6.34935119291763e-12,21.1555231666269,"Up"
"SULT1B1",1.69307823785951,6.71023241069282,9.60920942704886,8.59909589379738e-14,6.55094759909292e-12,21.1216904894609,"Up"
"QSOX1",1.05182284627846,7.41652949337017,9.60703213718103,8.67139914670013e-14,6.57746255539897e-12,21.1134295345414,"Up"
"RPS16",-0.898745464337342,13.8291814471431,-9.60658786722515,8.68622740012911e-14,6.57746255539897e-12,21.1117438564736,"Down"
"LOC643433",-1.07244065564327,11.4014036698067,-9.60216859087697,8.83512446465839e-14,6.67012099223759e-12,21.0949749697669,"Down"
"CRIP1",-1.59419611760636,10.4924289623482,-9.59774148742363,8.98686041628351e-14,6.76436140315472e-12,21.0781745994882,"Down"
"SQRDL",1.00796144955943,8.63063912284103,9.59675181801429,9.02113767548998e-14,6.76989257199457e-12,21.074418669122,"Up"
"TSHZ3",1.23134892134225,7.66788478711523,9.58078681758436,9.59262200775197e-14,7.17733682365728e-12,21.0138170290178,"Up"
"SLC25A5",-0.822324054851352,11.3326431382842,-9.57926706490436,9.64888695564119e-14,7.19801240548426e-12,21.0080469870779,"Down"
"GIMAP1",-1.27784609531508,8.5748876550952,-9.5737404194971,9.85631076360592e-14,7.33099563896606e-12,20.9870622239894,"Down"
"FES",1.29480539875351,8.92234192155581,9.57209361614336,9.91898120105382e-14,7.35584623582575e-12,20.9808087514379,"Up"
"DDEF1",0.916633582357088,9.89934148074448,9.56063507673367,1.03662882595985e-13,7.66452441286974e-12,20.9372900146284,"Up"
"AGPAT2",1.00657178219042,6.81002315660683,9.55969926240875,1.0403704016576e-13,7.66452441286974e-12,20.9337353351449,"Up"
"MRPS26",-0.931398256034862,7.04005503983938,-9.55912628147057,1.04266799888681e-13,7.66452441286974e-12,20.9315588351005,"Down"
"LOC728888",-1.00942576188902,10.1133058546029,-9.55421147291962,1.06258677773615e-13,7.78817247588537e-12,20.9128884503084,"Down"
"FAU",0.835508520037257,11.4914653103036,9.55171934878505,1.07283270815576e-13,7.82734426367333e-12,20.9034205363634,"Up"
"ZDHHC12",1.04512942770846,7.56350179786951,9.55139869368666,1.0741582223418e-13,7.82734426367333e-12,20.9022022842174,"Up"
"C11orf2",-1.0568867246245,9.85717543688486,-9.54773516344005,1.08941986733811e-13,7.9156114060347e-12,20.888282926218,"Down"
"PRKRA",-1.01649391646982,7.60879073498023,-9.53963228185158,1.12395448484444e-13,8.1430016567692e-12,20.8574922633415,"Down"
"NARF",1.30479443240916,8.51869038589872,9.53700143268541,1.13540240636017e-13,8.20230359077436e-12,20.8474938693777,"Up"
"FYN",-1.25053188417569,8.38659325740705,-9.5334760402732,1.15092699534887e-13,8.29063170861619e-12,20.8340948471398,"Down"
"PTGER4",-1.29063552368537,8.86907200962545,-9.52764379840361,1.17708045319535e-13,8.45480074095174e-12,20.8119257121921,"Down"
"FEM1C",0.996604953883258,8.73060532781467,9.52346274399516,1.19619669756701e-13,8.56763104753126e-12,20.7960311025431,"Up"
"ZNF362",-0.812560543626403,8.13825226181142,-9.51191790387868,1.25061861123892e-13,8.93197496776886e-12,20.752134431779,"Down"
"KLRB1",-1.99800501562333,9.42442667865551,-9.50224711940649,1.2981191664881e-13,9.24496199589544e-12,20.7153543720218,"Down"
"MKNK1",1.22337492641403,7.9487245538437,9.49921721831865,1.31337153417589e-13,9.30089024483999e-12,20.703829315148,"Up"
"SAMSN1",1.9845566126592,7.15959741786444,9.49668077066935,1.32627842637442e-13,9.36591001096995e-12,20.6941806222924,"Up"
"COG2",-0.963474693139249,7.24268283880332,-9.4889260662956,1.36653558850102e-13,9.62316658120885e-12,20.6646780816176,"Down"
"UBQLN4",-1.14400512085381,7.86276418491385,-9.48132033168509,1.40721335189768e-13,9.88193957170608e-12,20.6357371723962,"Down"
"GAPDH",1.07841999193313,11.2200509190349,9.44347291301009,1.62848584939509e-13,1.13722595149424e-11,20.4916474197713,"Up"
"LOC645018",-0.996945476175554,7.70804667954194,-9.44268907573434,1.6334208741506e-13,1.13751248687385e-11,20.4886619442775,"Down"
"ANKRD22",3.10313913071807,6.8142322185006,9.43747422904618,1.66663861098821e-13,1.15743907956474e-11,20.4687983151212,"Up"
"UQCRQ",1.6883568375118,9.05704747982279,9.43564232989928,1.67846808307067e-13,1.16244318480432e-11,20.4618199581814,"Up"
"LTB4R",1.92343364794115,7.3105176506477,9.41907648159964,1.78935157824676e-13,1.23583238123966e-11,20.3987016621637,"Up"
"LOC402251",-1.25425800636627,11.9017226004514,-9.40308818811679,1.90335307473848e-13,1.30738514477939e-11,20.3377617031135,"Down"
"BANK1",-1.16139513366435,7.5667326009756,-9.39526411945686,1.9617755255698e-13,1.34384296220231e-11,20.3079320653515,"Down"
"LOC441034",-0.846608837276076,13.6258020810492,-9.39138556994768,1.99140198689619e-13,1.36043059648288e-11,20.2931429870342,"Down"
"ABLIM1",-1.31260810442754,7.25186889146138,-9.38715184277785,2.02425542596078e-13,1.3791268674432e-11,20.2769981495188,"Down"
"CX3CR1",-2.10009814758949,9.83212351790356,-9.38365672543262,2.05178768165477e-13,1.39410654910273e-11,20.2636687768844,"Down"
"PVRIG",-2.03122645922323,7.9141341610525,-9.37605278279752,2.11299460858266e-13,1.43182437896949e-11,20.2346659721365,"Down"
"LPXN",-1.22486775222835,10.4200922023732,-9.35591995392842,2.28406716230751e-13,1.53533284653505e-11,20.1578523237144,"Down"
"SEMA4A",1.30761971663262,8.80566555622536,9.34880027882068,2.3478426414219e-13,1.57399370680924e-11,20.1306802213315,"Up"
"C19orf2",-1.22331501919825,8.29764765574781,-9.34173860494936,2.41286758211455e-13,1.61328433548829e-11,20.1037253182336,"Down"
"LOC441743",-1.71922222044854,7.56354304637462,-9.33608605938287,2.4662198080041e-13,1.63949483447616e-11,20.0821461780595,"Down"
"GPR97",1.29878864993333,7.0535441091946,9.33590393796958,2.4679583705505e-13,1.63949483447616e-11,20.0814508679642,"Up"
"ZNF342",-1.12181074837056,7.64402617964099,-9.33551942737526,2.47163302413072e-13,1.63949483447616e-11,20.0799828597089,"Down"
"RETN",3.79745424723275,6.96004248208832,9.33250058241005,2.5006750534557e-13,1.65005172818573e-11,20.0684569027814,"Up"
"ZNF438",1.47387059672238,7.30221924600234,9.33049801568399,2.52012931007482e-13,1.65853536270369e-11,20.0608106833273,"Up"
"XPO4",-1.17139185218306,7.26551075571895,-9.32839433445532,2.54072979600584e-13,1.66772707758713e-11,20.0527780312276,"Down"
"TXNIP",-0.919082691176905,12.5486527727448,-9.32537715514409,2.5705717498868e-13,1.68292119250402e-11,20.0412566606502,"Down"
"IL18RAP",1.91669062731524,10.9221388137293,9.31306627486427,2.69603268492949e-13,1.75591351552144e-11,19.9942387001344,"Up"
"SF3A2",-1.18707166399717,9.53208111737502,-9.29553046550178,2.88544912903323e-13,1.86852205262243e-11,19.9272441686786,"Down"
"CSNK1G2",-1.06468210650818,10.9682069847968,-9.29501371623219,2.89122942907767e-13,1.86852205262243e-11,19.9252695782726,"Down"
"BUB3",-0.844921585626504,8.46779365933028,-9.293665780973,2.90636213874834e-13,1.87348574790085e-11,19.9201187769687,"Down"
"SRGN",0.966184054345804,13.4653980905328,9.2868092813492,2.98457899727206e-13,1.91524531776443e-11,19.8939160758134,"Up"
"CTSA",1.17878399123204,8.46273503370649,9.28665346167514,2.98638092507422e-13,1.91524531776443e-11,19.8933205532743,"Up"
"CTGLF3",-1.25655917973198,8.73998654310583,-9.28433089863942,3.01336950813908e-13,1.9276363723821e-11,19.8844437862212,"Down"
"BOP1",-1.02314931206766,8.00242702922433,-9.28215030679361,3.03893153460739e-13,1.93215386178043e-11,19.8761092315586,"Down"
"PDZD8",0.976844137977727,6.84811609142999,9.28170897903172,3.04413147569115e-13,1.93215386178043e-11,19.8744223627494,"Up"
"DPH3",1.02771451020796,6.76158692912691,9.28037558841353,3.05989655060216e-13,1.93215386178043e-11,19.8693257034441,"Up"
"PEBP1",-1.6428301878904,7.95148128776243,-9.27995044209633,3.0649404218814e-13,1.93215386178043e-11,19.8677006236112,"Down"
"PLAC8",1.79037310449652,11.0498403580726,9.27981534760727,3.06654491189495e-13,1.93215386178043e-11,19.8671842352049,"Up"
"SUCLG2",-0.991302640793138,7.8799817517571,-9.27489283510072,3.12558823275242e-13,1.9644322042849e-11,19.8483673010383,"Down"
"LOC643287",-1.43469225952109,8.5681396857943,-9.27257994387409,3.15372370644509e-13,1.9771724184546e-11,19.8395253036849,"Down"
"AKT1",-0.84969822285758,9.45152670543235,-9.26287395819897,3.27459707779175e-13,2.04784503820111e-11,19.8024154092342,"Down"
"FHOD1",0.854657978655247,7.99081164006134,9.25742029404915,3.34454706119821e-13,2.08639982924375e-11,19.7815605373383,"Up"
"DDX24",-1.15331926029567,7.90261713654205,-9.24451586585894,3.51610479221664e-13,2.18799194248333e-11,19.73220439789,"Down"
"PGM2",1.14802543488426,7.42084472848442,9.2437964731047,3.52592502684728e-13,2.1886853129615e-11,19.7294525140506,"Up"
"C14orf94",1.53076822765522,7.15409427476136,9.24170847929828,3.55458410396035e-13,2.19750073251272e-11,19.7214651052549,"Up"
"LFNG",-1.1589946644036,9.39358661464922,-9.24148911496011,3.55760858445774e-13,2.19750073251272e-11,19.7206259290927,"Down"
"MICAL1",1.09586867558688,8.37607430283047,9.23913950822054,3.59016644740338e-13,2.21217609038532e-11,19.7116372915194,"Up"
"IL18R1",2.20852971230953,8.38574365539357,9.2278941436878,3.75018694746708e-13,2.29950487461762e-11,19.6686110541011,"Up"
"CDKN2D",1.16342483141749,9.64459160635593,9.22723000389401,3.75985878918257e-13,2.29982603309124e-11,19.6660696555725,"Up"
"C16orf58",-1.29619042277034,8.17791674141841,-9.22086579300402,3.85382158417137e-13,2.34594268412812e-11,19.6417145911908,"Down"
"GPR160",1.39573557564975,6.93202691812312,9.22085951781994,3.85391538800681e-13,2.34594268412812e-11,19.6416905752468,"Up"
"C8orf55",-1.05514617139252,7.56194816799805,-9.21352284394057,3.96517203348714e-13,2.40783635076972e-11,19.6136100545677,"Down"
"SBNO2",0.987364015087735,7.7743377665804,9.18920937527489,4.35748007498413e-13,2.63968792976147e-11,19.5205221364723,"Up"
"SLC26A8",1.26370124959799,6.02948645654249,9.18457968038904,4.43649226982057e-13,2.67594199125176e-11,19.5027914129901,"Up"
"AIM2",1.63976037793975,7.11409208953953,9.18445644614276,4.43861499742238e-13,2.67594199125176e-11,19.5023194299741,"Up"
"RPS19",-0.950448046531802,13.31364734218,-9.18311515580031,4.46178505062187e-13,2.68347550652234e-11,19.497182257105,"Down"
"HLA-DMB",-1.9273627742757,10.6757359151727,-9.17586349313862,4.58917553419174e-13,2.74770701509161e-11,19.469405814774,"Down"
"LOC652071",-1.26772358442473,13.3108672060584,-9.15467952974825,4.98264838191181e-13,2.97538670596824e-11,19.3882405498949,"Down"
"ARG1",3.61589858288998,7.15821114130312,9.15058132390349,5.06259733098217e-13,3.01596438153772e-11,19.3725345212655,"Up"
"B4GALT5",1.04006583444441,10.4505838184689,9.14577489357491,5.15800708185664e-13,3.05830891598764e-11,19.3541126523976,"Up"
"CYP1B1",1.99969811074608,8.60222704316616,9.14080959859587,5.25846883786909e-13,3.10823966502921e-11,19.3350800510417,"Up"
"GPSN2",-0.870845225926821,8.86258240441004,-9.14039501328342,5.26694549444091e-13,3.10823966502921e-11,19.3334908087017,"Down"
"STXBP2",1.25266887650403,10.2993690733725,9.13372826027992,5.40515633357483e-13,3.18233326056373e-11,19.3079331569903,"Up"
"HNRPDL",-0.9267570776397,7.88291771770051,-9.13147114828348,5.45277066290615e-13,3.2028657585388e-11,19.2992795354205,"Down"
"DKFZp761P0423",-1.30069144773127,7.07514895740478,-9.12221317222452,5.65252168498325e-13,3.29708573458188e-11,19.2637810360271,"Down"
"DOK3",1.23936005201864,6.9098628895558,9.11944497836448,5.71366491104513e-13,3.32503555239988e-11,19.2531655068341,"Up"
"KIAA1600",0.995239444283037,9.12909602382875,9.11305351654205,5.85738951948059e-13,3.40080306050213e-11,19.2286531976571,"Up"
"CCR7",-1.90461422029087,9.26574127432261,-9.10781624950488,5.97786457642533e-13,3.46275381224269e-11,19.2085651383934,"Down"
"IPO11",1.23315093624606,7.52484174088124,9.10466278103938,6.05160318505684e-13,3.48938770808094e-11,19.1964687091153,"Up"
"LOC644039",-1.36801023722319,13.4024521342557,-9.09982684144273,6.16646347266946e-13,3.53938108910754e-11,19.1779170297686,"Down"
"SNX3",1.05378920758069,11.0876681539182,9.0866437927147,6.49083079167435e-13,3.71707257637114e-11,19.1273352784672,"Up"
"GOT2",-1.01832423552843,7.76529892150803,-9.07698066112922,6.73943407425544e-13,3.84868032095784e-11,19.0902508716147,"Down"
"DNAJA3",-0.946151579940301,7.65184908132717,-9.07394796420724,6.81941224012702e-13,3.86997796200436e-11,19.0786108108619,"Down"
"IFITM1",1.1197915881976,12.9016592894033,9.0686166671901,6.96232830300406e-13,3.9333243491578e-11,19.0581466574122,"Up"
"LOC401019",-0.934127845472593,13.4279212850786,-9.06713680187806,7.00253011192509e-13,3.94716607654253e-11,19.0524658341568,"Down"
"LDHA",1.35953657991467,11.0780221694795,9.06203915882866,7.14280628508462e-13,4.01722930664491e-11,19.0328960666591,"Up"
"PSTPIP2",1.19025915715386,8.68088125680593,9.05442158153568,7.35770641428664e-13,4.12885578694567e-11,19.0036487870126,"Up"
"RPS13",-1.02829871815518,11.9800299000167,-9.0472480978336,7.56601565419733e-13,4.23629473377552e-11,18.9761027316258,"Down"
"LOC645138",-1.20408352110331,11.7127147062152,-9.0444002690256,7.65034740756767e-13,4.27399408502781e-11,18.9651660853152,"Down"
"HLA-DQA1",-2.09824310702137,8.9924124636147,-9.03609469958251,7.90173089900451e-13,4.40464556099719e-11,18.9332664904377,"Down"
"PNPO",-1.26617382691835,8.34511547839367,-9.02967291598754,8.10177481003718e-13,4.50616413106935e-11,18.908598642707,"Down"
"DDX47",-0.960247084987706,7.73697024149948,-9.02059357384591,8.39331904629153e-13,4.65801414622007e-11,18.8737173413439,"Down"
"COL4A3BP",1.23039697101762,7.05159935789066,9.01295501240105,8.64674989553599e-13,4.78809014039152e-11,18.8443667262473,"Up"
"HVCN1",-1.20426469211298,7.53924858223116,-9.00675171530792,8.85820943284069e-13,4.89440406904648e-11,18.820527962977,"Down"
"EPRS",-0.92263243582089,8.55542806785295,-8.99812452504383,9.16096208695024e-13,5.0458595097441e-11,18.7873698554116,"Down"
"RPL19",-0.952086179707434,12.6915366327831,-8.99780240497006,9.17246537769711e-13,5.0458595097441e-11,18.7861317039299,"Down"
"PIGU",-1.02014119342463,7.13986674020321,-8.9888950412207,9.49637262918702e-13,5.21263772702536e-11,18.7518910695666,"Down"
"LOC388344",-1.67750061459535,7.90763026693503,-8.97496898167521,1.00259661654658e-12,5.44026936088108e-11,18.6983470392086,"Down"
"Septin 6",-0.867607720229501,7.53017464846798,-8.97483137197898,1.00313447368149e-12,5.44026936088108e-11,18.6978178790344,"Down"
"NOL11",-0.957000916668164,7.82887088384809,-8.97458680834289,1.00409108331298e-12,5.44026936088108e-11,18.6968774381613,"Down"
"MTHFS",1.12831553928833,8.66251694658749,8.96872772678687,1.02728488512814e-12,5.55396602411214e-11,18.6743457847263,"Up"
"GORASP2",-0.823349770107463,7.6376416693337,-8.9668789029848,1.03471479881848e-12,5.57860630517951e-11,18.6672354641018,"Down"
"ZBTB4",-1.09260895203931,8.25227036827065,-8.96649100646812,1.03628048707989e-12,5.57860630517951e-11,18.6657436377531,"Down"
"ARHGEF3",-1.00783633832947,10.1633159355193,-8.96458956344153,1.0439898867521e-12,5.60809951986064e-11,18.6584306534425,"Down"
"ZDHHC3",1.1986742658477,6.45757727860482,8.96180070941736,1.05540165494411e-12,5.6573129222377e-11,18.6477042189197,"Up"
"SAR1A",-0.835007982864729,8.7989161416886,-8.95670392020315,1.07658211536504e-12,5.74806158278421e-11,18.6280996657657,"Down"
"NUP62",-0.85963533032494,8.40655239660853,-8.95662720946481,1.07690413901804e-12,5.74806158278421e-11,18.6278045879716,"Down"
"DOCK10",-1.48685006067705,8.67755582727158,-8.9488283063998,1.11015330296352e-12,5.90590860767726e-11,18.5978029896327,"Down"
"LAX1",-1.38872353866628,7.20134849202791,-8.94859231499371,1.11117532674278e-12,5.90590860767726e-11,18.5968950893983,"Down"
"NFS1",-1.74708301444844,8.49675601102537,-8.94485380419058,1.1274926243266e-12,5.9799925264917e-11,18.5825118763563,"Down"
"RNF144B",1.17366515722082,8.17976527685473,8.94395216156506,1.13146387796226e-12,5.9884214509413e-11,18.57904283409,"Up"
"C20orf3",1.0512431637705,9.36556563313786,8.94235311011988,1.13854143620064e-12,6.00274752747199e-11,18.5728903964848,"Up"
"SIPA1L2",1.36840955959487,8.12629254392371,8.94226197866733,1.13894612991414e-12,6.00274752747199e-11,18.5725397580034,"Up"
"RPL13A",-1.04809872587437,9.47353236657502,-8.94016673035282,1.14829060470995e-12,6.03933594192639e-11,18.564477899177,"Down"
"LOC646849",-1.00949080807128,7.57721350386021,-8.93607925704234,1.16674236195687e-12,6.12357055941454e-11,18.5487497233406,"Down"
"RPL18",-1.00456921269041,13.0721394637936,-8.93176050127899,1.18656192235158e-12,6.20169786443216e-11,18.5321303641348,"Down"
"GZMM",-1.44868662228142,7.3588382253308,-8.92519897841386,1.21732320665746e-12,6.34927498244162e-11,18.5068780122762,"Down"
"CD74",-1.66853147764059,10.4205627707462,-8.92409821509664,1.22256164840825e-12,6.36339541221188e-11,18.5026413843362,"Down"
"LMNB1",1.49253810785739,7.71074745236352,8.91490141555587,1.26722293165594e-12,6.5822282028575e-11,18.467241471345,"Up"
"NDUFB3",1.88563105985745,8.87579112140959,8.91352051130538,1.27406893537988e-12,6.60414289390724e-11,18.4619256655977,"Up"
"HIST1H2BD",1.22617357546605,7.80116798250008,8.91124960963672,1.28540809418914e-12,6.6385516803894e-11,18.4531835275669,"Up"
"LOC653888",0.99948570912429,10.4046999162898,8.91098219133134,1.28675003272834e-12,6.6385516803894e-11,18.4521540425214,"Up"
"EBI2",-1.57832039742019,7.86353096439335,-8.91060823240318,1.28862896580351e-12,6.6385516803894e-11,18.4507143981104,"Down"
"CDC42SE2",-0.976746352281006,9.65768387227279,-8.89153261020501,1.38822062023834e-12,7.10791576227939e-11,18.3772658692268,"Down"
"CIRBP",-0.867316844130412,9.34719584607651,-8.88346550875837,1.43263115575956e-12,7.32039578369822e-11,18.3461971558492,"Down"
"NARS",-0.948800262596178,9.49797359952374,-8.88276536977993,1.43655218067739e-12,7.32554195177071e-11,18.3435005184543,"Down"
"GZMK",-2.02081675324012,8.42472372092876,-8.87142697527945,1.50157319086723e-12,7.61113284951535e-11,18.2998253732989,"Down"
"POR",1.09269031800796,7.71596273490491,8.87141565290711,1.50163957571981e-12,7.61113284951535e-11,18.2997817556686,"Up"
"LOC730953",1.18651301607618,6.80941258953441,8.86941009618403,1.51344509996158e-12,7.65553517364871e-11,18.2920555369625,"Up"
"LEPROTL1",-1.08660120593441,9.45023029098531,-8.86306135891535,1.55143453955273e-12,7.83194062738062e-11,18.2675958972313,"Down"
"GBA",1.21222573566325,8.31857282670562,8.85417597873755,1.60621653433646e-12,8.04388120980449e-11,18.2333589999053,"Up"
"TNFSF10",1.08636235395477,10.0421966790581,8.85173107850652,1.6216283551622e-12,8.08883667634477e-11,18.2239374841104,"Up"
"IMP4",-0.947756875638458,8.63422610563289,-8.84935633902316,1.63674009265345e-12,8.14804869887282e-11,18.2147859667693,"Down"
"ATM",-1.11457988828828,7.88742018842199,-8.84451634845647,1.66797888262124e-12,8.28715199784545e-11,18.1961330057855,"Down"
"ECHDC2",-1.23239387241149,7.84471771618443,-8.84294305137733,1.67826184788062e-12,8.32179543505301e-11,18.1900693130402,"Down"
"GADD45B",0.833785760881824,7.72803708433813,8.83556314033,1.72735279407469e-12,8.54835615020429e-11,18.1616240572362,"Up"
"LDHB",-1.69991723088484,9.42244474503779,-8.83491104566749,1.73175925043839e-12,8.553325649513e-11,18.1591104452138,"Down"
"MTX1",0.858544436610595,8.0102645477973,8.83177579829185,1.75310347631815e-12,8.62852172403578e-11,18.1470247121612,"Up"
"LTA",-0.988984664203157,7.40004447994194,-8.81164417562366,1.89659467055095e-12,9.31257617532246e-11,18.0694066187316,"Down"
"MEX3C",-1.00921378086991,7.5851191167032,-8.80149745223049,1.97332990357715e-12,9.6704705216237e-11,18.0302759566047,"Down"
"GCN1L1",-1.10600021733595,7.49612526318008,-8.79657867184975,2.01164299316301e-12,9.83904763582065e-11,18.0113044551016,"Down"
"COX7A2",1.36521890279426,10.6334236138684,8.79271384552498,2.04227006353768e-12,9.96945036841503e-11,17.9963969502722,"Up"
"TMEM167",0.955287030307328,7.04829516536171,8.78896008508167,2.07246521843844e-12,1.00972433316942e-10,17.981916966275,"Up"
"LOC642103",1.65080002627406,8.08555562201214,8.78367782395834,2.11571648552753e-12,1.02880294866851e-10,17.9615393776429,"Up"
"MYBPC3",1.24255980044946,7.03289091201365,8.77970690115022,2.14882632419856e-12,1.04087656628809e-10,17.9462194603779,"Up"
"EXOSC4",1.85616806719352,6.63430917439618,8.77120656051018,2.22146244044374e-12,1.07399164909145e-10,17.9134216901722,"Up"
"ATL3",1.04329535943151,7.24492302101925,8.76129645939853,2.30926410756026e-12,1.11429749835057e-10,17.8751789300714,"Up"
"GK",1.17715231303233,8.22022358442716,8.74874119304575,2.4255238130251e-12,1.16794380116638e-10,17.8267200294052,"Up"
"SP4",-1.11475957707365,7.37682794937976,-8.74829815535975,2.42973193321406e-12,1.16794380116638e-10,17.8250098869071,"Down"
"GADD45A",1.89597295198655,7.85389209387578,8.74411855488665,2.46979375359438e-12,1.18493540010234e-10,17.8088758895453,"Up"
"RPS21",0.945595105781151,7.32835056411939,8.73777440621639,2.53187407826044e-12,1.20928855346415e-10,17.7843843581813,"Up"
"LOC387841",-0.872343862556262,12.3612469672435,-8.73610422535003,2.54847650124285e-12,1.21342233411449e-10,17.7779362405474,"Down"
"ARPC1A",0.96296312090388,7.98199875561446,8.72496336308825,2.66205390749302e-12,1.26398093516872e-10,17.7349201457946,"Up"
"HNRNPD",-0.874168184806834,10.9062714476033,-8.71797509220992,2.73587699573157e-12,1.2952909166232e-10,17.7079339252568,"Down"
"DENND2D",-0.956656756288742,9.07922339725736,-8.70481218396747,2.88055660224204e-12,1.35867153809315e-10,17.657095683423,"Down"
"SLA",0.804252510598293,10.0066345755493,8.69856611591398,2.95187331024983e-12,1.38814262711611e-10,17.6329683773418,"Up"
"BATF",1.21919305617973,7.43530910954782,8.69837507029413,2.95408236080796e-12,1.38814262711611e-10,17.632230370915,"Up"
"CD79A",-1.76745078928012,8.48403153807052,-8.6978580599241,2.96006885165514e-12,1.38836065169049e-10,17.6302331568689,"Down"
"LOC440733",-0.902349993879577,13.4693373580555,-8.69613638690769,2.98009214788531e-12,1.39514928487591e-10,17.6235822128268,"Down"
"PERLD1",-1.15879015025129,6.75530635122666,-8.68534353211236,3.1087501312259e-12,1.44807196919923e-10,17.5818847702629,"Down"
"PPP1R3D",1.00278144111981,7.42877143722952,8.68346092306604,3.13175664206625e-12,1.45531168172912e-10,17.5746107576013,"Up"
"EEF1G",-1.09186005485055,10.9852592514888,-8.68034571569323,3.17020223125971e-12,1.47045911612305e-10,17.5625737952202,"Down"
"CEBPD",1.03352990646368,11.9004502068444,8.67262894435811,3.2674899792248e-12,1.51001283231087e-10,17.532754306294,"Up"
"PCID2",-0.976007472130567,8.68314747411615,-8.66507713096499,3.36559953848619e-12,1.5524985761017e-10,17.5035689919095,"Down"
"FN3KRP",-1.15584594516412,7.67437118884477,-8.6571891845402,3.47123534986485e-12,1.59829407867403e-10,17.4730812068315,"Down"
"FBXO31",-0.997233430794059,7.0126657419937,-8.64700070669828,3.61262161350357e-12,1.6573231270708e-10,17.4336964694727,"Down"
"LOC642817",-1.22950539149483,8.81600419007004,-8.63490070799224,3.78806381210412e-12,1.73148953156905e-10,17.3869150570663,"Down"
"MARCKSL1",-1.17616371368106,8.82686158876587,-8.63162477300792,3.83701706300974e-12,1.75068255833148e-10,17.3742481442301,"Down"
"CD82",1.0358875414674,8.34012137887371,8.63077604730616,3.84980306310157e-12,1.75333422112995e-10,17.3709663182692,"Up"
"HLA-DPA1",-1.90820915645518,10.7802076182201,-8.62750954714885,3.89941300887421e-12,1.77271687238874e-10,17.358335150487,"Down"
"RPS2",-0.92884846349083,12.1651391161094,-8.62527959331465,3.93364849335092e-12,1.78505276395022e-10,17.3497118498194,"Down"
"DYRK2",-1.63046251198955,8.3727186951919,-8.61495482746209,4.09613474927684e-12,1.85210121577014e-10,17.3097821403878,"Down"
"EP400",-0.961751469387066,7.56869802347369,-8.61369279533416,4.11645262264151e-12,1.85509335397592e-10,17.3049009973134,"Down"
"FERMT3",0.828150918255973,9.80139456608665,8.61362726916168,4.11751030834751e-12,1.85509335397592e-10,17.3046475603563,"Up"
"TLR2",1.45624616754269,6.82361461180039,8.60709397439493,4.22434815535017e-12,1.89643058259827e-10,17.2793774391858,"Up"
"OAT",1.21195462102804,7.5505816896626,8.60396489831114,4.2764984965469e-12,1.91642018187503e-10,17.2672736796052,"Up"
"ABI3",-1.19435382291625,7.64484635058006,-8.60121742053461,4.32282151839881e-12,1.92762700318068e-10,17.2566455709991,"Down"
"UBTD1",1.31197628907072,7.03279704212904,8.59466370167807,4.43536229547833e-12,1.96817633768398e-10,17.2312921012017,"Up"
"LOC158345",-1.19684720015202,10.1243952713071,-8.59445662672368,4.43896572580276e-12,1.96817633768398e-10,17.2304909816665,"Down"
"TMEM120A",1.4187885376106,7.77221192010967,8.59361072405706,4.45371630753338e-12,1.97123992907375e-10,17.2272183790516,"Up"
"CLSTN1",-1.10651824428518,7.06955760866528,-8.58148839561787,4.67058691347782e-12,2.06359499129758e-10,17.1803157336946,"Down"
"ZBTB40",-1.04294956636125,7.8702123820511,-8.5769465163968,4.75454448409874e-12,2.09700435667092e-10,17.1627407079067,"Down"
"NDUFS8",-0.977613934375238,9.75100125460085,-8.57096008435185,4.8675233698353e-12,2.13932757898006e-10,17.139574270437,"Down"
"ADM",1.50261279881816,11.2435900580289,8.56389635444574,5.00430400458285e-12,2.19560563133007e-10,17.1122364894234,"Up"
"IL32",-1.53277025216964,8.00290106597373,-8.55969926299599,5.08739578548325e-12,2.22817299733534e-10,17.0959918451998,"Down"
"OSM",1.51311773447893,6.85452348946079,8.5589132208228,5.10311068301296e-12,2.23116874036428e-10,17.0929494054233,"Up"
"MGMT",-1.24966853663457,7.59277234108054,-8.55425388652852,5.19726749432539e-12,2.26839070846077e-10,17.0749144252216,"Down"
"AHNAK",-1.40809459423048,8.24598661644498,-8.54698900799479,5.34756840545771e-12,2.32994574892906e-10,17.0467919007761,"Down"
"OPLAH",1.65918712393405,6.19483287923043,8.5440523519768,5.40955502911522e-12,2.35287566491274e-10,17.0354232716145,"Up"
"COX17",0.850550609853439,9.12969889863409,8.52671666435395,5.79045060947897e-12,2.51419565323491e-10,16.9683030523033,"Up"
"PCMT1",1.12898893568314,10.2972179423769,8.51928684901937,5.96182934502665e-12,2.58414465058569e-10,16.9395317412099,"Up"
"IL27RA",-0.898060475885364,8.30129378322211,-8.51388131637954,6.08970558975017e-12,2.63502923453217e-10,16.9185975729743,"Down"
"LOC285176",-1.00603329810112,12.8941093474287,-8.51300693424695,6.11064753207757e-12,2.63954774839227e-10,16.915211191958,"Down"
"CD47",-0.97887542467144,8.61727098276829,-8.5110209856019,6.15848097018769e-12,2.65564685403977e-10,16.9075197028033,"Down"
"RPS20",-1.01203419061993,12.5006015991453,-8.50903059606954,6.20679836093296e-12,2.67189915742902e-10,16.8998108203656,"Down"
"PHF15",-1.00753198391274,7.75951591751714,-8.50280384330995,6.36042513445857e-12,2.72868750648957e-10,16.8756930327783,"Down"
"C2orf25",0.919364631740452,9.72601959775679,8.49240456799034,6.62555157899051e-12,2.83276133836431e-10,16.8354098144274,"Up"
"ZSWIM6",0.806592056618403,8.69831333454882,8.49146351962515,6.65008370143082e-12,2.83842282264806e-10,16.8317642590339,"Up"
"DGCR6",-0.923057639192692,8.0614980357556,-8.48923727555887,6.70848295763711e-12,2.85849595855927e-10,16.8231397762602,"Down"
"CD163",1.98239719197514,7.71416628075,8.48849162103621,6.72815792480723e-12,2.86202859948653e-10,16.8202510530511,"Up"
"NELF",-0.895275065269461,6.94665536065348,-8.48770319093765,6.74902455443981e-12,2.86605535977393e-10,16.8171965849865,"Down"
"NAT10",-0.933160446947494,7.02523620261424,-8.48329443029146,6.86690948924525e-12,2.91119906508643e-10,16.8001159960368,"Down"
"CCL5",-1.61452107043905,12.1485034627156,-8.4698099289227,7.24044773015217e-12,3.05924127623572e-10,16.7478680950497,"Down"
"GRAP",-1.12593885933888,6.737021568171,-8.46587618655941,7.35321073942206e-12,3.10167312062199e-10,16.7326245532851,"Down"
"EXOC6",1.21740102157263,6.35106671087172,8.45930474743817,7.54552901317169e-12,3.17746397640094e-10,16.7071581285083,"Up"
"JAK2",1.25340684677774,7.13512591270348,8.45316981654278,7.72962500393588e-12,3.2495446922901e-10,16.6833815012042,"Up"
"CD3E",-1.89262612623562,8.08745317245712,-8.45264739787312,7.74550833222866e-12,3.25078596781684e-10,16.6813567273884,"Down"
"LOC644029",-0.857399485323821,11.7814982785894,-8.45043263062964,7.81320936748436e-12,3.27373472497595e-10,16.6727726625563,"Down"
"IFNGR1",1.18494750864323,10.7881060691221,8.44776035957203,7.89568617493099e-12,3.29731495390409e-10,16.6624150895279,"Up"
"RGS14",0.940179331861093,7.15116273971847,8.44775932140351,7.89571838603924e-12,3.29731495390409e-10,16.6624110655811,"Up"
"GGA2",-1.01792779591458,7.38500808047619,-8.44149886994839,8.09237782541152e-12,3.37383712323127e-10,16.6381446244487,"Down"
"B3GALT4",0.877991824482511,7.64520456694738,8.43811851446315,8.20060024089402e-12,3.40765438109216e-10,16.6250411203068,"Up"
"CA4",2.01064052680996,9.54087583202972,8.43338586179262,8.35456043478829e-12,3.46590180413494e-10,16.6066947424242,"Up"
"TBC1D8",1.51103904907366,6.74193946675179,8.42872847197106,8.5089030081942e-12,3.52411567752887e-10,16.5886391372316,"Up"
"NDUFA1",1.43461775304185,10.7244319910319,8.42651917496511,8.58311461421506e-12,3.54900495725932e-10,16.5800738710827,"Up"
"CTSO",-0.834438458800802,7.75789779130263,-8.42446252844857,8.65278205101833e-12,3.57193662992777e-10,16.5721002219167,"Down"
"CA5B",-1.18548790499584,7.34063350702543,-8.4096073115913,9.17312708418886e-12,3.7743439426597e-10,16.5145007345671,"Down"
"RPL15",-1.13397452156954,10.3611997009334,-8.4057693078235,9.31259283486489e-12,3.82546705667489e-10,16.4996177085448,"Down"
"SIGLEC9",1.54423936511268,6.24715317416344,8.40463706735784,9.35414116033093e-12,3.83626604846198e-10,16.4952269787411,"Up"
"BIRC2",1.03566696920042,8.36650348567722,8.40143884570989,9.47250923530406e-12,3.87848342305446e-10,16.4828242515626,"Up"
"CHST7",-1.12568959751607,8.69997850683685,-8.39584524905731,9.68315500280374e-12,3.95185903848191e-10,16.4611311724872,"Down"
"LOC440341",-1.07211885453176,7.93263375369495,-8.39416639873064,9.74728986170404e-12,3.97158617703792e-10,16.4546199928447,"Down"
"LRG1",1.28120651772855,10.0629541278525,8.39120512583247,9.86145578441097e-12,4.00918916261861e-10,16.4431348250891,"Up"
"RAB11FIP3",-1.11745404774577,7.52384606549605,-8.38832997102923,9.97358482484178e-12,4.04412778220197e-10,16.4319833015493,"Down"
"EMR1",1.40223418674997,6.99678246765522,8.38178868286439,1.02334783401357e-11,4.14282842948491e-10,16.4066110604919,"Up"
"CTSW",-1.68229892896389,8.53813783564384,-8.37011193471728,1.07144127899915e-11,4.32360092360172e-10,16.3613149653322,"Down"
"SLC2A14",1.28797245361027,6.99913389234565,8.3614191017325,1.10871116220856e-11,4.46682670159026e-10,16.3275902669947,"Up"
"CXXC5",-1.25209220772878,8.28945890803777,-8.33667864084066,1.22205563394052e-11,4.91559658196235e-10,16.2315901737118,"Down"
"PTPRCAP",-1.61620696030687,9.08439676899754,-8.33556836193161,1.22740623899616e-11,4.92923208440313e-10,16.227281389726,"Down"
"POMGNT1",-0.874229079278171,7.11731171288552,-8.31227713707985,1.34522841765133e-11,5.36810197138961e-10,16.136881218812,"Down"
"WDR6",-0.86233232723322,8.61852178867581,-8.31177029272274,1.34791470292518e-11,5.37029724747052e-10,16.1349137679223,"Down"
"MAGED1",-0.935816262057471,6.61585744409066,-8.30820164840481,1.3669814831264e-11,5.43764469711991e-10,16.1210608453709,"Down"
"RAB27A",0.86466819322205,7.35121655884115,8.28404638325864,1.50334885473552e-11,5.95184097764581e-10,16.0272810196541,"Up"
"METTL7A",-0.974376518860755,8.5101323427826,-8.2800975442292,1.52690474130506e-11,6.0355951566681e-10,16.0119480442754,"Down"
"CHUK",0.800247917310941,7.58128900367696,8.27569495383992,1.55360398734579e-11,6.12188154261334e-10,15.9948525104241,"Up"
"TAF15",-0.961163394006929,9.23026903202948,-8.26774929230937,1.60298040958575e-11,6.30656142362845e-10,15.9639971985839,"Down"
"ANXA1",1.4217422985977,11.2370307318117,8.2668824356586,1.60846159770742e-11,6.31823821349446e-10,15.9606308022869,"Up"
"HIST2H2BE",1.08567423599139,8.6805829618582,8.26493728772556,1.6208293809418e-11,6.35688777486378e-10,15.9530768136312,"Up"
"KIAA0748",-1.48435825702874,7.2686878064421,-8.26067439570182,1.64826851170884e-11,6.45443463930844e-10,15.9365213767171,"Down"
"OSBPL5",-0.831732862063297,7.16186370594535,-8.25460559747284,1.68813725614529e-11,6.60027536850585e-10,15.912951359988,"Down"
"KLRD1",-1.43942557251312,7.51252392105918,-8.25286487038688,1.6997503312059e-11,6.63536076498702e-10,15.9061904747392,"Down"
"NCL",-1.02736935480131,8.33998405057327,-8.25129625487395,1.71028377850105e-11,6.65581024636476e-10,15.9000979682721,"Down"
"F5",1.35534187690033,7.35227299977454,8.24601453730154,1.74623473026456e-11,6.78521501064159e-10,15.8795831203446,"Up"
"RBMS1",0.873211789406207,8.81775626459522,8.24399056380558,1.76021121431071e-11,6.82896758144619e-10,15.8717214935548,"Up"
"TAF12",1.00302219896114,7.30364499801244,8.24213834069409,1.7730999441953e-11,6.86837174068872e-10,15.8645268622267,"Up"
"TMED3",-0.954238602415501,9.53620248027616,-8.24006205797738,1.78766031254542e-11,6.91412003959873e-10,15.8564617677836,"Down"
"EIF3B",-1.08524384287925,9.36070071873667,-8.23896990239663,1.79536733380139e-11,6.93171273004152e-10,15.8522193475012,"Down"
"SULF2",-1.55871894342252,7.87979053694418,-8.23863696010115,1.79772342879358e-11,6.93171273004152e-10,15.8509260425513,"Down"
"TLR8",1.1704982660333,9.14022602443681,8.23609917392241,1.8157844557242e-11,6.99063112050633e-10,15.8410679564931,"Up"
"SEC11A",0.949280677902266,9.3930235930219,8.23564730907222,1.81901933452014e-11,6.99237707489851e-10,15.8393126540149,"Up"
"PIK3R2",-1.15731138564351,8.89639295649652,-8.23520399876164,1.82219858653371e-11,6.99390419319961e-10,15.837590575371,"Down"
"HSDL2",0.904959298511662,7.91635854250962,8.23097304053468,1.8528231139101e-11,7.10060565300305e-10,15.8211546954774,"Up"
"LOC127295",-1.06949916292152,9.86382795364719,-8.22583258078323,1.89072596714299e-11,7.22221570871936e-10,15.8011848694899,"Down"
"C16orf72",0.879286213368596,9.00940317748989,8.22557068074111,1.89267774867882e-11,7.22221570871936e-10,15.8001674073353,"Up"
"YBX1",-1.33719003508666,11.2602769079534,-8.22550409618133,1.89317428482341e-11,7.22221570871936e-10,15.7999087309057,"Down"
"APEX1",-0.857915241089451,8.72429663996942,-8.21667920475493,1.9601526256548e-11,7.45510393478995e-10,15.7656232974582,"Down"
"UBL5",1.03373139817704,8.29203941589764,8.21398487576448,1.98107135576187e-11,7.5232830640262e-10,15.7551550804485,"Up"
"PEA15",-1.10883205229527,8.9215853032776,-8.21302214989859,1.98860009322944e-11,7.54048361143111e-10,15.7514145636142,"Down"
"LGALS1",1.24260276858121,11.4078426956661,8.20997313532216,2.01263388222789e-11,7.62012286132669e-10,15.7395679017206,"Up"
"IGF2BP3",1.26268573080994,6.23744764331109,8.20844272466903,2.0248068529671e-11,7.65468335091622e-10,15.7336215166277,"Up"
"SH2D1A",-1.3133490630911,7.27777968055459,-8.20113674915827,2.08394401361273e-11,7.84286714105149e-10,15.7052331982239,"Down"
"SPPL2A",1.04226846728164,8.94424239930368,8.19849557674089,2.10574610240169e-11,7.91307279736598e-10,15.6949701455669,"Up"
"BAZ1A",1.17661168812682,8.72704127483616,8.19802158239174,2.10968291472357e-11,7.91603410091801e-10,15.6931282768113,"Up"
"LOC643949",-1.30786695608769,10.1987611362502,-8.19009607420338,2.17661299796941e-11,8.13076534456922e-10,15.6623298918703,"Down"
"KLHL2",1.30689540828002,8.31914643769037,8.18878236418321,2.18791100904739e-11,8.16045420958843e-10,15.65722464109,"Up"
"STOM",1.33969697009362,10.1099467390244,8.18827279039944,2.19230919115965e-11,8.16045420958843e-10,15.6552443550297,"Up"
"SLC25A42",-1.00021213544844,7.38958463834256,-8.18804261701104,2.19429874529904e-11,8.16045420958843e-10,15.6543498613086,"Down"
"ITFG2",-0.992450121787909,7.43980003761206,-8.18124324314037,2.25389416280279e-11,8.36970446866501e-10,15.6279255482711,"Down"
"NSUN2",-0.959609855181663,8.80367260416347,-8.17755652570886,2.2868832427823e-11,8.47968211261757e-10,15.6135972929454,"Down"
"FGR",0.829163805700613,11.4574868005323,8.16246991597097,2.42699940081023e-11,8.9464464716084e-10,15.5549594413336,"Up"
"LANCL1",-0.952634067381394,7.33161485637113,-8.16164893918727,2.43486643608461e-11,8.96230486137146e-10,15.5517683087372,"Down"
"TIGD5",-0.888981295505757,6.84538380762748,-8.14902125067792,2.55914256840351e-11,9.40597136983394e-10,15.5026819576802,"Down"
"TBC1D14",0.820094283582447,9.41069899592234,8.14436518361339,2.60655300267421e-11,9.56536914220385e-10,15.4845816801333,"Up"
"SRPRB",-0.906747793419293,7.8715094346081,-8.14401825788622,2.61012061716462e-11,9.56536914220385e-10,15.4832329941309,"Down"
"LOC728499",-1.42589037345947,8.62542241936412,-8.14183866634006,2.6326467028344e-11,9.63387745404031e-10,15.4747596733529,"Down"
"SFRS6",-0.81829014663281,10.2959884993041,-8.13627054690141,2.69108191918741e-11,9.83340108261214e-10,15.4531125665794,"Down"
"RBBP7",-1.18417835182989,7.41970551172105,-8.13046300465661,2.75341529075769e-11,1.00383898773688e-09,15.4305336915157,"Down"
"LOC285550",0.853880768475739,6.7138058153395,8.13030173959646,2.75516667278619e-11,1.00383898773688e-09,15.4299067025537,"Up"
"LOC390354",-1.18553170542286,12.0727677068813,-8.12924951363317,2.76662157131112e-11,1.00448478277006e-09,15.425815692122,"Down"
"PELP1",-0.999403236380725,6.76921669718552,-8.12903837593675,2.76892583317284e-11,1.00448478277006e-09,15.4249947937549,"Down"
"MID1IP1",-0.878875063017365,8.88713076242779,-8.12522661329193,2.81085808328718e-11,1.0182272653291e-09,15.4101745299161,"Down"
"LOC347544",-1.00384002525125,10.8128508873177,-8.11959388385813,2.87399026674107e-11,1.0381051049694e-09,15.3882735233655,"Down"
"AARS",-0.943532680729267,8.58365192118877,-8.11108857318657,2.97202194656692e-11,1.07043885009588e-09,15.3552017336465,"Down"
"GOLGA8B",-1.39910695049129,7.95600302564715,-8.10734944951086,3.01617266228598e-11,1.08478656265908e-09,15.3406619999224,"Down"
"CENPB",-0.882939002205182,9.34751491161349,-8.1046128572627,3.04890173968989e-11,1.09499128194005e-09,15.33002040517,"Down"
"NDUFB7",0.955443940682374,8.35772184841484,8.09815602178549,3.12754168658308e-11,1.12163192583022e-09,15.3049113474463,"Up"
"BCAS4",-0.91533751091193,6.76552293572968,-8.09383428745815,3.18130992891001e-11,1.13928962411393e-09,15.288104544804,"Down"
"TGFA",1.05436012575154,7.11202640060982,8.09305664701699,3.19108270980377e-11,1.141163859523e-09,15.2850803237006,"Up"
"FBXL5",0.946812496153436,8.79930947393796,8.09047130577052,3.22379005631016e-11,1.14958981582464e-09,15.2750258902216,"Up"
"CD79B",-1.48882631923219,8.57568203604015,-8.08871538732608,3.24619566905322e-11,1.15593993087816e-09,15.2681969936007,"Down"
"DBI",1.35768668177407,8.12201967304536,8.08663456470923,3.27294919158753e-11,1.1638181425249e-09,15.2601044146287,"Up"
"HNRPR",-0.856475365142272,9.12699324115786,-8.07885605534667,3.37493050340315e-11,1.19501060359937e-09,15.2298518107464,"Down"
"AUTS2",-1.54760081650066,6.86415138241458,-8.07814355757223,3.38442952447054e-11,1.19668858291405e-09,15.2270806464126,"Down"
"FAM38A",-1.0481161404354,8.3280879864546,-8.06858333996791,3.51450829987163e-11,1.2409373407131e-09,15.1898961990864,"Down"
"LOC642788",1.03042541159788,6.73174176637174,8.06207680075638,3.60589145586006e-11,1.27141810940143e-09,15.1645876973795,"Up"
"ZNF275",-1.07058598484119,7.04274252996301,-8.05110150343808,3.76546506432303e-11,1.32396911492421e-09,15.121894664896,"Down"
"UBR4",0.969976177332389,8.1694861077432,8.0302224227898,4.0888285351022e-11,1.43365619766345e-09,15.0406686644377,"Up"
"CTSD",0.983679606635713,9.66891582737749,8.02886951422964,4.11071679882728e-11,1.43932340282058e-09,15.0354050831725,"Up"
"PPRC1",-1.23524263402529,6.74520193409002,-8.00691433640039,4.48278853469893e-11,1.56524033003238e-09,14.9499811993461,"Down"
"MAP2K1IP1",1.10804366189867,8.48187969328733,8.00537897141578,4.51003649271192e-11,1.57257028331176e-09,14.9440069542708,"Up"
"ERO1L",0.93404369062421,7.67016002161925,7.99431815278866,4.71129706537255e-11,1.64047102802584e-09,14.9009668053401,"Up"
"TH1L",-0.902773983904078,7.41262095256572,-7.9800896765041,4.983483635902e-11,1.72469686577572e-09,14.8455968172039,"Down"
"PSMB5",0.882580288075967,6.84689291752381,7.97988618323231,4.98748854979693e-11,1.72469686577572e-09,14.8448048949696,"Up"
"KIAA1147",-1.0503619606181,6.94047190864883,-7.97850918676714,5.01467381654603e-11,1.73171565587867e-09,14.8394461007477,"Down"
"GPR84",2.59235021595904,6.2079226895446,7.96274214987525,5.33673768140326e-11,1.83788473028052e-09,14.7780835738555,"Up"
"RILPL2",0.808867331831749,8.58992191611374,7.95453393303478,5.51252080707357e-11,1.89323460505232e-09,14.7461367482203,"Up"
"AES",-1.14344792237852,9.10790055687743,-7.95285543038484,5.54917487067392e-11,1.90322314118339e-09,14.7396037694291,"Down"
"LOC647436",-1.06946061212793,6.88976019620513,-7.9496791664415,5.61920544939148e-11,1.92199761901635e-09,14.7272411414553,"Down"
"ABCA1",1.16959704151091,9.44814909557646,7.94768535478739,5.66361673049985e-11,1.93455604082563e-09,14.7194807499971,"Up"
"PSMA6",1.1445160721454,9.74917184311878,7.94563279872494,5.70970379871941e-11,1.94501292005157e-09,14.711491635813,"Up"
"LOC644852",-1.65310735425785,10.5478281135553,-7.93199146567244,6.02569112185078e-11,2.0471064162612e-09,14.6583938998454,"Down"
"EXOSC6",-0.981461729810684,7.32867871876509,-7.90993069381571,6.57419434996264e-11,2.22443130495371e-09,14.5725175021683,"Down"
"C20orf27",-0.893005711809444,8.18625224130895,-7.90878928052682,6.60389666929944e-11,2.23147798744876e-09,14.5680740848536,"Down"
"ITGAX",1.05729230566745,8.65252749448157,7.90673224370018,6.65776546324848e-11,2.24666072142372e-09,14.5600661772094,"Up"
"LOC642684",1.37881684739056,6.64814862488183,7.902741631347,6.76352802285254e-11,2.2792908109184e-09,14.54453080027,"Up"
"NUP205",-1.02957867385199,7.7671082762268,-7.90035467252341,6.82759168114419e-11,2.29779993124451e-09,14.5352382981634,"Down"
"LOC650518",1.21645305206742,9.3025082639046,7.89968667305583,6.84562871664053e-11,2.30079018631475e-09,14.5326377406594,"Up"
"SAR1B",0.947606976124742,6.73561562343525,7.89934678725273,6.8548244758205e-11,2.30080490416725e-09,14.5313145445206,"Up"
"ITPR3",-1.55128209573967,7.77835225058671,-7.89563727724463,6.95599471525148e-11,2.3316494285523e-09,14.5168730825464,"Down"
"JUNB",1.07562287552216,8.1634910466536,7.88242353955313,7.3286798240855e-11,2.44354125699615e-09,14.4654291426817,"Up"
"KIAA1324",-1.55772856988038,7.68864192080399,-7.87404547175147,7.57526964681325e-11,2.51907776350377e-09,14.432810225285,"Down"
"SLC16A3",0.808837501862927,11.586758002682,7.86616843626213,7.81468552535708e-11,2.59526015994025e-09,14.4021411408162,"Up"
"CD3D",-1.49381501769424,8.95307088148914,-7.8623876319887,7.93227639466461e-11,2.63083678841515e-09,14.3874203622943,"Down"
"MIF",-0.820390968777559,9.952431561643,-7.86169446607796,7.9540266996573e-11,2.63457485150704e-09,14.3847214609764,"Down"
"IMPA2",1.1406282596253,10.13248489107,7.86026296427137,7.99913384731285e-11,2.64602927528217e-09,14.3791477656346,"Up"
"ALS2CR13",-1.15748078190158,8.82790797223803,-7.85775019003074,8.07893255688355e-11,2.66891411931738e-09,14.3693639650546,"Down"
"RPL36",-1.01789796165665,10.0186918647996,-7.85117227126393,8.29162367911456e-11,2.73558293035355e-09,14.3437516429464,"Down"
"RARRES3",-1.28179805932134,10.2429138657041,-7.84686592911585,8.43389289291744e-11,2.7716087232411e-09,14.3269838313223,"Down"
"LOC339123",-1.05608192196595,9.54910594365311,-7.84372192101984,8.53930312658036e-11,2.7989319504854e-09,14.3147417163321,"Down"
"CEBPB",0.888298455337994,13.0322852469255,7.8304530728147,8.99889954853732e-11,2.92672361935415e-09,14.2630743273387,"Up"
"FAM102A",-1.56279659977675,7.10124474172165,-7.83044926773529,8.99903483596163e-11,2.92672361935415e-09,14.2630595105107,"Down"
"SLC41A3",-0.861051473293121,6.71738454646473,-7.82769904899887,9.09735182623476e-11,2.95487629084679e-09,14.2523502272901,"Down"
"LRIG1",-1.08361072018568,6.77010674431789,-7.82525872665754,9.18549046920741e-11,2.9758148246891e-09,14.2428476054029,"Down"
"HIST1H2BK",0.800748483426771,11.4092946984511,7.79815438410201,1.02238341502192e-10,3.29100115923829e-09,14.1372992306234,"Up"
"FCRL3",-1.48590884260557,6.95605281747627,-7.79498981771361,1.03524843054957e-10,3.32441430765883e-09,14.124975490874,"Down"
"KIAA0182",-1.00794577718528,6.88834381854589,-7.79495074693362,1.03540827481975e-10,3.32441430765883e-09,14.1248233373811,"Down"
"CCDC53",0.921348565390542,8.11168262654172,7.79436744226491,1.03779759923809e-10,3.32783566898541e-09,14.1225517701575,"Up"
"RPL7A",-1.00278700600864,8.74995484500958,-7.78282094540328,1.08624676544226e-10,3.47875715709789e-09,14.0775855925191,"Down"
"DDX18",-0.841956651674318,8.19988454105976,-7.78084896328626,1.09474471072763e-10,3.50151170835783e-09,14.0699058846507,"Down"
"FAM89A",1.40957365785831,6.5066457174175,7.76600981462612,1.16086289314594e-10,3.70356511848844e-09,14.012115232748,"Up"
"LPIN1",-1.29021367988673,8.0630693920165,-7.75985919443461,1.1894261736383e-10,3.78988263691594e-09,13.9881613719955,"Down"
"LOC728519",1.76781133476988,7.43347456616434,7.75866083535269,1.19507265812738e-10,3.80305400320535e-09,13.9834942818913,"Up"
"CCDC109B",-1.19616600793787,9.71690310508581,-7.75405100923047,1.21704468743513e-10,3.86807881695564e-09,13.9655409222469,"Down"
"G3BP1",-0.808662959236144,7.36327686164164,-7.74674937506966,1.25267715584166e-10,3.96646482857226e-09,13.9371038351009,"Down"
"RPUSD4",-1.07380115778355,8.36266101435614,-7.74673790993947,1.25273391960476e-10,3.96646482857226e-09,13.9370591825485,"Down"
"FUT7",1.27119642588536,6.88487578123191,7.7451483546673,1.26062876628308e-10,3.986441155265e-09,13.9308684305147,"Up"
"GPR162",-1.46710121120037,7.32976660680532,-7.74109760300929,1.28097351041543e-10,4.04568769495527e-09,13.9150921349281,"Down"
"LOC439949",-1.61992448031196,8.41530381370218,-7.73834288091975,1.29499639336266e-10,4.0848443323886e-09,13.9043633851265,"Down"
"CD27",-2.05227512284768,7.69721378526355,-7.73353781149587,1.31982525787112e-10,4.15794573720302e-09,13.8856491101756,"Down"
"TIGA1",-0.927862872750116,8.55745915480524,-7.72902338471623,1.34358620520185e-10,4.21694846426649e-09,13.8680667045345,"Down"
"FCRLA",-1.61105020102079,7.64493626363255,-7.72485526146731,1.36590436779392e-10,4.28165034991761e-09,13.8518329762737,"Down"
"ECHS1",-0.850708885497642,7.61847845042211,-7.7237388699253,1.37194481103208e-10,4.29522945820006e-09,13.8474849172258,"Down"
"ASPSCR1",-0.857481164812467,7.19935146424795,-7.71693361439557,1.40934841613535e-10,4.40136884244009e-09,13.820980090029,"Down"
"RPL23A",-1.15444628873253,8.19333874000301,-7.71516727784672,1.41922240132965e-10,4.42670610042525e-09,13.8141006090955,"Down"
"WSB1",0.891762068736407,8.61769577803521,7.7104781868612,1.44577197892257e-10,4.5036642935446e-09,13.7958376127857,"Up"
"LY9",-1.35327033119263,6.56895150409311,-7.71017975521392,1.44747842051871e-10,4.5036642935446e-09,13.7946752837183,"Down"
"UNC84B",-0.86723792077653,12.3723529594991,-7.70724473717108,1.46436870449232e-10,4.5449665717206e-09,13.7832439864742,"Down"
"TDRD9",2.26894943044349,6.51823619793826,7.70587187156481,1.47233675961006e-10,4.56351488987242e-09,13.7778969464495,"Up"
"LOC153561",1.37375458436112,7.8976188133859,7.70030723482141,1.50508047373082e-10,4.65408648334476e-09,13.7562237374632,"Up"
"AGPAT9",0.994026776066308,8.94944900075692,7.69964624941594,1.50901798204742e-10,4.65671472818913e-09,13.7536493192514,"Up"
"BTG1",-0.820538438546402,12.6054634791718,-7.69954282012948,1.50963504513689e-10,4.65671472818913e-09,13.7532464808601,"Down"
"IMPDH2",-0.828454309156875,7.96313975349593,-7.69410611824753,1.5424285828359e-10,4.75204100153118e-09,13.732071477176,"Down"
"SH3YL1",-1.03470518731925,6.89710827844703,-7.684537305818,1.60188740282366e-10,4.9291859616875e-09,13.6948024982028,"Down"
"LOC285053",-1.04666792492706,12.0575099335183,-7.68385636935763,1.60620500159308e-10,4.93642955257335e-09,13.6921503557338,"Down"
"NELL2",-2.03513108960176,7.39003632820356,-7.67885061117475,1.63830438059938e-10,5.01668357226168e-09,13.6726536846054,"Down"
"EIF4E3",0.826947707372469,9.46757005294779,7.67768889487952,1.64584517586253e-10,5.0336432750832e-09,13.6681289720408,"Up"
"MTHFD2",1.10318302723423,6.65279958187654,7.66902163239072,1.70321210093468e-10,5.19645051183228e-09,13.6343712462928,"Up"
"RNASEH1",-0.917823880268289,7.74111246407711,-7.66703091526084,1.71666830700911e-10,5.23115651372232e-09,13.6266176895611,"Down"
"FBXL10",-1.0589760440729,7.3788896565027,-7.66426359378373,1.73555083503577e-10,5.27590664967342e-09,13.615839370627,"Down"
"CBLB",-1.24083118132715,8.14216593560871,-7.6603462370692,1.76263633575593e-10,5.34531694582679e-09,13.6005818324527,"Down"
"SSBP2",-0.893348928374169,7.80060959463704,-7.65738459384937,1.78339419328e-10,5.40175060470592e-09,13.5890466643961,"Down"
"RAD21",-0.871629448871197,9.34860508772845,-7.65552686949784,1.7965394343176e-10,5.42848574263754e-09,13.581811101939,"Down"
"PAPD1",-0.882451350747134,6.97386591862723,-7.64732786025927,1.85572333840798e-10,5.57382135335443e-09,13.549877207233,"Down"
"TOLLIP",0.837792596482673,7.37361836921667,7.64587798506417,1.86639030627485e-10,5.59917091882455e-09,13.5442301719313,"Up"
"PDLIM7",0.926970887577195,7.6043372087616,7.64449190762189,1.87664525132086e-10,5.62322546104964e-09,13.5388316216186,"Up"
"LIMK2",1.0792423523771,6.50183372969405,7.63362399203338,1.95903034533298e-10,5.85612638307622e-09,13.4965029415595,"Up"
"LTB",-1.03064845636062,11.6332255788806,-7.62399847281508,2.03501373580204e-10,6.06883099858402e-09,13.4590134048952,"Down"
"LOC641693",1.080102806871,6.90093537179079,7.62063330390117,2.06226798683351e-10,6.14282194182399e-09,13.4459067835233,"Up"
"AQP9",0.93086827375036,12.8567523686058,7.61728482023174,2.08974951477513e-10,6.20996487014739e-09,13.4328651832814,"Up"
"RPL4",-0.860563369787823,11.025478122903,-7.61383161694092,2.11847424247554e-10,6.27307920563427e-09,13.4194157633627,"Down"
"CLEC4A",1.01758263007104,9.0428500416823,7.61026649923989,2.14854433225304e-10,6.34625682069204e-09,13.4055305085768,"Up"
"OCIAD2",-1.11777593124994,7.54024086306867,-7.61000577862888,2.15076006811043e-10,6.34625682069204e-09,13.4045150679566,"Down"
"DIRC2",0.982100951054517,8.3654481772682,7.60924071245804,2.15727519129897e-10,6.35057357251243e-09,13.4015353309011,"Up"
"SDAD1",-1.0440393741703,8.66078327685933,-7.60555655302546,2.18892611245322e-10,6.43621081486246e-09,13.3871865052387,"Down"
"IL11RA",-0.852048614524449,6.8794666570113,-7.60475565183331,2.19586795246887e-10,6.4490794772275e-09,13.3840672145809,"Down"
"UBE2Q2",-0.864097059308793,8.27304801793552,-7.59805009919563,2.25485933823181e-10,6.61460487317944e-09,13.3579510357776,"Down"
"B3GNT8",1.35950202976424,6.50912751730227,7.59710447857263,2.26330489956324e-10,6.6316416287902e-09,13.3542681349391,"Up"
"LOC729776",0.860613135884972,6.90950808773655,7.59028030668149,2.32519857255088e-10,6.78925576236109e-09,13.327690220165,"Up"
"NFKBIZ",0.820784245312208,9.47789265230952,7.58771222542139,2.3489264356363e-10,6.850581275162e-09,13.3176884472303,"Up"
"GNA15",0.837023607390114,8.28965116249022,7.58727504258998,2.35298985518128e-10,6.85448029655358e-09,13.3159857774844,"Up"
"NCF4",0.855985306426611,9.02916944167524,7.58088150618426,2.41322451381674e-10,7.021812995064e-09,13.2910853779724,"Up"
"GNG10",1.38216665840418,8.38218352200599,7.57322151887979,2.48742475658221e-10,7.21267109348059e-09,13.2612529544271,"Up"
"CPD",0.925989093961999,9.14610792187628,7.57103953031964,2.50897563884522e-10,7.26677967287659e-09,13.252755096532,"Up"
"POLD4",0.827361792408476,7.23590978718606,7.56531649798773,2.56639178274285e-10,7.41598728944313e-09,13.2304666280044,"Up"
"LOC88523",1.10046662118512,8.66783254417058,7.5631588300287,2.58837801634559e-10,7.47093264419383e-09,13.2220636044619,"Up"
"ZMYND11",-0.919830204413511,7.42955147624556,-7.55927623213615,2.62841650453154e-10,7.56045662745113e-09,13.2069429376959,"Down"
"PADI4",0.955647753283136,11.5488818145621,7.55472502511705,2.67613914711587e-10,7.68757856730886e-09,13.1892185356061,"Up"
"STK3",1.37056773733241,7.20112233792363,7.55296957162505,2.69477704357998e-10,7.72482267680739e-09,13.1823820703576,"Up"
"S100A8",1.13190012260569,13.8187739110946,7.5442879176622,2.78887738865094e-10,7.98546441351762e-09,13.1485724694421,"Up"
"HMGB2",1.24268089692688,9.01380696830776,7.54148957800276,2.81990340275547e-10,8.06511621675455e-09,13.1376748253853,"Up"
"TRAPPC5",1.06743067755993,9.21924502861009,7.54117183453909,2.82344806781653e-10,8.06607777555768e-09,13.1364374333766,"Up"
"EMILIN2",1.20658765597434,9.20490419599462,7.53986664638743,2.83805521682094e-10,8.08942269284335e-09,13.1313546335268,"Up"
"LOC728554",-0.942153888779479,7.22340168713969,-7.53095351411216,2.93984802240064e-10,8.3700769290093e-09,13.0966445959581,"Down"
"MXD3",1.20243663707849,6.68594453255121,7.52209017220382,3.0446922762131e-10,8.63922842257307e-09,13.0621292034451,"Up"
"LYRM1",0.929210929718131,9.36805845301709,7.51960826072542,3.07471515016338e-10,8.71458160936948e-09,13.052464349767,"Up"
"KCNJ2",1.05066374795832,9.68281514435285,7.51630769906155,3.11510005028187e-10,8.78940687587949e-09,13.0396116751422,"Up"
"GMFG",0.999776556616144,11.2965560836408,7.51220918431053,3.16598751642908e-10,8.92297378509272e-09,13.0236518620496,"Up"
"ATP8B4",1.16068664608556,8.01383619992068,7.50813550103296,3.21739029015605e-10,9.05769226142477e-09,13.0077889245502,"Up"
"BASP1",0.908747768629649,13.1701686655383,7.50136287107496,3.30470254227531e-10,9.2827063589722e-09,12.9814166907038,"Up"
"LOC642333",-1.11712271601395,9.5529667642358,-7.49667012618889,3.36658669666977e-10,9.43545034049923e-09,12.9631437221713,"Down"
"FLVCR2",1.09239960353966,7.20430071216709,7.49319876834193,3.41310851131506e-10,9.54213161439294e-09,12.949626853136,"Up"
"AIF1",0.985907977526013,9.96097522126156,7.4826839761685,3.55798245385051e-10,9.91659411195141e-09,12.9086849770823,"Up"
"ARMC1",-0.884359528082158,7.65084092709156,-7.47791959519078,3.6256351482253e-10,1.00939609774512e-08,12.890134180201,"Down"
"FRAT1",0.858284571511181,7.24645721747157,7.47021632511317,3.73775033613523e-10,1.03830987238055e-08,12.8601410438763,"Up"
"FBN2",0.981968745368804,6.59821417875422,7.46726456083432,3.78162371757268e-10,1.04933797196222e-08,12.8486483925494,"Up"
"HLA-DRB6",-1.98346187944062,8.99475571875446,-7.46110635200272,3.8748203613444e-10,1.0740130527475e-08,12.8246718945112,"Down"
"BCL2",-0.995624620719653,6.87931210804692,-7.4596621982464,3.89700607365057e-10,1.07897282699973e-08,12.819049275732,"Down"
"GPBAR1",-1.35902059899221,8.44585722385828,-7.45865109916275,3.91261454526576e-10,1.08091351283496e-08,12.8151127154058,"Down"
"LOC388654",-1.21110081422281,11.3314699826921,-7.44947597095417,4.05713975470764e-10,1.11718220204917e-08,12.7793914501085,"Down"
"KIAA1434",1.08766076726307,7.55480440124791,7.44947041178888,4.05722891993196e-10,1.11718220204917e-08,12.7793698071569,"Up"
"CECR1",-1.27638907100429,8.54514800978526,-7.44918259828465,4.06184792946425e-10,1.11723038234936e-08,12.7782492917947,"Down"
"ARPC1B",1.14161958957957,8.90518504890313,7.44272507867679,4.16687551694335e-10,1.13988303042389e-08,12.7531092204323,"Up"
"ATP5C1",0.899495327210055,8.42483345578698,7.43898293873114,4.22897701155871e-10,1.15561393554985e-08,12.7385408234991,"Up"
"SCRN1",-1.03509525244181,7.05176690462005,-7.43720814206096,4.25875267628333e-10,1.16206428205151e-08,12.7316315025031,"Down"
"SET",-1.0422670756676,8.80286224550301,-7.43702561141876,4.26182684189137e-10,1.16206428205151e-08,12.7309209097642,"Down"
"PECR",1.40324409749277,7.04592709387141,7.43576675066252,4.28308895375988e-10,1.16659649293091e-08,12.7260201731689,"Up"
"KLRG1",-1.43272437001136,7.31420762874244,-7.43228070825011,4.34252305297955e-10,1.18150464883015e-08,12.7124491697048,"Down"
"LOC653658",-1.30862911561526,11.6358164663197,-7.42831793604751,4.41108677962245e-10,1.19886185556441e-08,12.6970225259272,"Down"
"ENTPD1",0.86819840919484,7.30703817119589,7.42238933534535,4.51568874183397e-10,1.22596560442447e-08,12.6739436246292,"Up"
"RPL18A",-0.841908488823396,13.4445792511213,-7.41971370549038,4.56370496749144e-10,1.23633128106395e-08,12.6635281126644,"Down"
"IL1RN",0.928224669577419,8.57853229752982,7.41810371928881,4.59284296790318e-10,1.24288559971029e-08,12.6572609274724,"Up"
"TLR4",0.934345117252982,7.72013931890712,7.41628498460461,4.62598268646706e-10,1.25050757782561e-08,12.6501812035573,"Up"
"LOC646195",-0.805198578292417,13.9977739779434,-7.40608283502747,4.81635887955467e-10,1.29917663339061e-08,12.6104687695183,"Down"
"LOC653610",1.20250033588221,6.95489910125137,7.40328122274323,4.86999504168619e-10,1.31083164184144e-08,12.5995636749335,"Up"
"RNF144",-0.817181464194187,7.14481493255107,-7.39531126806988,5.02586474192143e-10,1.34845506522844e-08,12.5685419583519,"Down"
"LOC399744",0.949687763216511,7.27960448189047,7.39486355092952,5.03476725588112e-10,1.3494035054675e-08,12.5667993305799,"Up"
"FLOT2",0.83060419273192,12.9172608474389,7.38614136617303,5.21137982334214e-10,1.39179413363777e-08,12.5328511818383,"Up"
"LOC645899",-0.873446067033877,13.4354830881945,-7.38596200555868,5.21507587067135e-10,1.39179413363777e-08,12.5321530973625,"Down"
"APOB48R",1.06691693045187,7.01423316892446,7.38026559163587,5.33383338468727e-10,1.4219784866494e-08,12.5099825829753,"Up"
"IDI1",1.23689112398815,7.04250143661477,7.3761867151115,5.42052562787994e-10,1.44355947335701e-08,12.4941079548844,"Up"
"EDG6",0.870660507774842,10.7414414501833,7.3655227440473,5.65388800829559e-10,1.50093711223391e-08,12.4526063781697,"Up"
"S100P",2.76480551193825,9.61881705932185,7.36387054571058,5.69093097610838e-10,1.50917726518317e-08,12.4461766438466,"Up"
"ECHDC3",1.85470913301213,7.01999583223814,7.36106694040679,5.75434470888136e-10,1.52278132611871e-08,12.435266203638,"Up"
"LPAR5",-1.28329422156069,8.03445647036762,-7.35885164469442,5.80495065816201e-10,1.53455793423967e-08,12.4266453370396,"Down"
"TTC3",-1.11597071542833,7.80916388898557,-7.35108006994636,5.98602591727288e-10,1.57744959706751e-08,12.3964029713073,"Down"
"ADORA2A",1.06536250092263,7.66263410912604,7.33414454633173,6.4004065794114e-10,1.68136072524977e-08,12.330504775719,"Up"
"LOC283345",-0.92537810377924,7.90324853126779,-7.33040680147458,6.49565548051206e-10,1.70282355349399e-08,12.3159616732851,"Down"
"SIGLEC5",1.1192249869874,7.56847453844302,7.32848332006276,6.545222109763e-10,1.71224644994216e-08,12.3084777781405,"Up"
"NCR3",-1.24923777535368,6.78719088542269,-7.32768394120746,6.56593247416976e-10,1.71587881913335e-08,12.305367575949,"Down"
"CR1",1.30029716989659,6.05643511508255,7.31796287949477,6.82308753834088e-10,1.77938195761296e-08,12.2675463979016,"Up"
"POLR1E",-0.958959855078025,6.53498945094336,-7.31738308054291,6.83873931116161e-10,1.78041633522545e-08,12.2652906825115,"Down"
"KLRF1",-1.57190287324665,7.46437748838136,-7.31729138618107,6.84121789907632e-10,1.78041633522545e-08,12.2649339451833,"Down"
"ASCC2",-1.67496516389418,11.9563070260905,-7.31186846002152,6.98941214411461e-10,1.81522542668431e-08,12.2438364093554,"Down"
"MS4A6A",1.12010629788042,9.99706619855952,7.30855266240146,7.08159962598061e-10,1.83565615079409e-08,12.2309368921176,"Up"
"EDG1",-1.02138591569713,8.63254369567379,-7.30851395818777,7.08268284117053e-10,1.83565615079409e-08,12.2307863219926,"Down"
"SNRPN",-0.952479185300686,8.09140812809655,-7.30664761553765,7.13511309229055e-10,1.84734030010488e-08,12.2235257780656,"Down"
"PHC2",0.992117291046307,7.08911873696285,7.2875544112835,7.69427482967503e-10,1.98597607000031e-08,12.1492537458957,"Up"
"MLLT6",-0.894377786488398,8.51551323032588,-7.27991309661545,7.93013519084814e-10,2.03848260427323e-08,12.1195320527315,"Down"
"HPGD",2.29936070239701,6.33934715365285,7.25916946379396,8.60746809146523e-10,2.2058282142654e-08,12.0388559810428,"Up"
"VAMP2",-0.909015668901661,8.76134213256754,-7.24760676739304,9.00979186641142e-10,2.29955500021912e-08,11.9938919417755,"Down"
"LRRC33",-0.94749644964477,8.19636366490892,-7.24413510324866,9.13421503374713e-10,2.32658729431006e-08,11.9803924288761,"Down"
"FH",-0.862540430028586,8.48140657468596,-7.23702118772855,9.39456171162826e-10,2.39047855698719e-08,11.9527312565474,"Down"
"RN7SK",0.834322736047874,8.96214387671158,7.23479212133704,9.47765338601225e-10,2.40918307506924e-08,11.9440642652161,"Up"
"SLAIN1",-0.875901904844213,6.28063785232941,-7.23408992462007,9.50398049284784e-10,2.4134350463656e-08,11.941334037156,"Down"
"NSMCE4A",-0.818547879983996,8.16932050314161,-7.23050830328584,9.63940497299789e-10,2.44535460162631e-08,11.9274084947926,"Down"
"PNPLA7",-0.955818357378259,6.62298857016272,-7.22573503385321,9.82288685405112e-10,2.48938886603675e-08,11.9088504035078,"Down"
"LCK",-0.826896711236465,6.15980601803019,-7.22102126335528,1.00075039373996e-09,2.53362184276158e-08,11.8905243703904,"Down"
"LOC641710",1.01040987940349,8.08527737080471,7.21930753759802,1.00754782427271e-09,2.54826481913642e-08,11.8838619886682,"Up"
"STX3",0.859938745822328,9.38868939202443,7.21411687230457,1.02841899989886e-09,2.59582868046759e-08,11.8636830477575,"Up"
"C21orf2",-1.01632438483635,6.5416620257976,-7.21284565325471,1.03359592230899e-09,2.60627898564173e-08,11.8587412651729,"Down"
"LOC93622",-0.861688382287765,6.94329956506842,-7.21144578291034,1.03932687546472e-09,2.61810397286403e-08,11.8532994220001,"Down"
"LAT",-1.07059945056041,7.60483838243731,-7.21013340731298,1.04472844568584e-09,2.62907638884305e-08,11.8481977653401,"Down"
"C1RL",0.808173057343681,8.03077111112959,7.19423397705645,1.11243865684971e-09,2.79108860610795e-08,11.7863958947478,"Up"
"PPP1R16B",-1.25710523484474,7.24212810544919,-7.1832868819233,1.16158858845211e-09,2.90281681050558e-08,11.7438491540035,"Down"
"CIRH1A",-0.809059145767273,6.81738729818033,-7.18031229375605,1.1753144485973e-09,2.93420111596187e-08,11.7322889282413,"Down"
"RPL13",-1.00385244904281,7.43146674247,-7.17667766304958,1.19230598976718e-09,2.97072077133269e-08,11.7181639976582,"Down"
"F11R",-0.991940899478638,8.2358024078626,-7.1695088393929,1.22654175927616e-09,3.04997624413478e-08,11.6903058822035,"Down"
"TMEM2",0.856804030703423,8.08686259500112,7.16638590610209,1.24176102272348e-09,3.07868561255112e-08,11.6781707313009,"Up"
"PLEKHO1",-0.987762233505466,8.64433301579287,-7.16263897972268,1.26027023960591e-09,3.12149692844262e-08,11.6636113397303,"Down"
"SLAMF1",-0.971130676602792,6.5452505251094,-7.15403872180326,1.30380238196058e-09,3.22296872000875e-08,11.6301954249821,"Down"
"GTPBP4",-0.859185379822539,7.97908680564774,-7.15061816996758,1.3215306402292e-09,3.263583526067e-08,11.6169058140375,"Down"
"C14orf4",0.984797185916221,10.0110177190932,7.14195238567888,1.36752871629766e-09,3.3705560713454e-08,11.5832393386478,"Up"
"SFXN5",0.995506396308692,6.11387647546333,7.13203094407332,1.42215725647824e-09,3.49150717068974e-08,11.5446982961036,"Up"
"TMEM33",0.930477947753583,6.92588806446035,7.13040091384004,1.4313384302301e-09,3.51061933033996e-08,11.5383666237597,"Up"
"C9orf89",0.886758438792829,8.28690970731849,7.12809647403153,1.44441925764532e-09,3.53924952604321e-08,11.5294154655343,"Up"
"ZNF395",-1.06506842547418,7.40087293097293,-7.12600493882395,1.45639482547478e-09,3.56511839458966e-08,11.5212914816964,"Down"
"LRFN3",-1.64599668179133,6.6754038133681,-7.12345760887617,1.47111407929768e-09,3.59764668808791e-08,11.5113973320142,"Down"
"RRM1",-0.811808165060133,8.43510254429936,-7.11624764611756,1.5135852694756e-09,3.69791386536605e-08,11.4833943792383,"Down"
"BMS1",-1.0345683958239,6.66136037399346,-7.11215564156785,1.53823185009904e-09,3.75083886629387e-08,11.467502302826,"Down"
"DSE",0.844943011892616,7.32211524822708,7.10964787831356,1.55353391609297e-09,3.78448087699391e-08,11.4577632754121,"Up"
"MGST1",1.01804595626325,6.23651456080338,7.10815371827078,1.56272322656507e-09,3.80318121160174e-08,11.451960754251,"Up"
"ITM2A",-1.31419020417332,8.85551550671899,-7.07586646684698,1.77509771681853e-09,4.30337093546943e-08,11.3265978379219,"Down"
"KCNJ15",0.920571464489429,7.40172128120408,7.07256323550304,1.79838702842643e-09,4.35563101104436e-08,11.313774858669,"Up"
"P2RY11",-0.946049962205945,6.35575371161836,-7.04267857333543,2.02344082494665e-09,4.86787582192907e-08,11.1977869456951,"Down"
"VNN2",1.01817242320901,11.5241298754525,7.02852114575769,2.13965852178261e-09,5.13273046160447e-08,11.1428541326762,"Up"
"ANXA3",2.15285310184615,6.68099809565242,7.00711275102003,2.32816835982483e-09,5.56899643824893e-08,11.0598053158928,"Up"
"ATP5EP2",0.850536288661011,12.7676940824737,7.00165203448136,2.37884801771661e-09,5.67941492548866e-08,11.0386254579875,"Up"
"GZMA",-1.3974473919209,8.9449035637677,-7.00103337481024,2.38465861102376e-09,5.68788590902631e-08,11.03622602977,"Down"
"LOC728417",0.895053348726825,7.97947964675469,6.99459232942502,2.44600180876243e-09,5.81764290182475e-08,11.011246060324,"Up"
"SLC40A1",0.85937639957535,9.06344080469609,6.97396338502954,2.6532603462921e-09,6.28599318969147e-08,10.9312565474133,"Up"
"STK17B",0.853497328847313,7.16395889949254,6.97375704294423,2.65541955745916e-09,6.28599318969147e-08,10.9304565626075,"Up"
"LOC651143",0.928418977605263,7.12937996199755,6.97172996845026,2.67672472749392e-09,6.33046657094988e-08,10.9225977507997,"Up"
"CEACAM1",1.56618565463475,8.89755773685864,6.96667011191871,2.7306521902941e-09,6.45193572030015e-08,10.9029820467709,"Up"
"FAM10A4",-1.05084891427287,8.62271002445768,-6.96406506611649,2.75883767276889e-09,6.5124111824798e-08,10.8928835274022,"Down"
"CENTB1",0.833460140069118,8.83660713773808,6.95854114911253,2.81956765661797e-09,6.64329249178779e-08,10.8714711674983,"Up"
"GAS7",0.882117422803359,6.85997530744425,6.95052396415483,2.9100878986621e-09,6.83734670769769e-08,10.8403971526319,"Up"
"GPR141",1.18579681320626,6.04164248632577,6.93978860210057,3.03585277109061e-09,7.11952786056137e-08,10.798793319484,"Up"
"PFAS",-0.869304909950718,6.38739670439366,-6.93455881165772,3.09906866400221e-09,7.25424452635154e-08,10.7785281507536,"Down"
"RPS6KA5",-1.56930932703878,8.04194915747949,-6.93259577470618,3.12313451982403e-09,7.30377691426755e-08,10.7709218875759,"Down"
"PIM2",-0.946298055256015,10.1456620168684,-6.92777404898972,3.1830404194672e-09,7.43004978137469e-08,10.7522398825993,"Down"
"ENY2",1.19880630433758,8.08468947569301,6.92313059486502,3.24181412442315e-09,7.55321659759017e-08,10.7342498720303,"Up"
"NSUN7",1.32908578134859,6.53916021962547,6.92126866320155,3.26568401124584e-09,7.59475449053844e-08,10.7270365925828,"Up"
"KTELC1",-0.959857365908585,8.35063932777221,-6.91815355290868,3.30601208646018e-09,7.67434384613195e-08,10.7149688477765,"Down"
"DEXI",-0.830666237265171,8.17322118066419,-6.91683237241039,3.32326562884908e-09,7.70727840491382e-08,10.7098508482489,"Down"
"C14orf156",1.12560514819251,8.12756735736481,6.90662015624281,3.45969322649027e-09,8.0089031044167e-08,10.670294167992,"Up"
"PSMF1",-1.180823640439,9.39202928016859,-6.89948253905604,3.55834789946783e-09,8.22213843682182e-08,10.642650542451,"Down"
"C1orf122",0.820149622338061,6.80199986146795,6.89358095668672,3.64203289114433e-09,8.40006485168518e-08,10.6197963409114,"Up"
"GCLM",0.908613807240886,7.07012881168256,6.88789068694725,3.72457872605467e-09,8.56687183650635e-08,10.5977624701589,"Up"
"SLC38A1",-1.47992555929236,8.39000412744965,-6.88641759880844,3.74625027967802e-09,8.60884205037527e-08,10.5920586999211,"Down"
"SMPDL3A",1.40991658494004,6.81642449995781,6.88037946991904,3.8364025717129e-09,8.80795987697372e-08,10.5686805763626,"Up"
"TPST1",1.7248464947085,6.99821893945276,6.8576847843477,4.19501311760379e-09,9.60497538948627e-08,10.4808328710377,"Up"
"ZNF91",-1.30880533080613,7.6805342453237,-6.8474945756762,4.36672128805396e-09,9.96183059724833e-08,10.4413988098172,"Down"
"FURIN",0.951940971677644,7.57002097375278,6.84434715527588,4.42115900920184e-09,1.00768755658508e-07,10.4292202883063,"Up"
"IL17RA",0.815720988881317,8.8781114908356,6.84142228852413,4.47235357572707e-09,1.01843268925524e-07,10.4179034895534,"Up"
"PDSS1",1.28901881751386,6.19956893800484,6.83982326353287,4.50059100026597e-09,1.02393536422341e-07,10.4117168319493,"Up"
"ISG20",-1.01110660195287,11.3939107327668,-6.83448200226122,4.59620746145229e-09,1.04244701068261e-07,10.391052615263,"Down"
"BTN3A3",-1.0928306577681,7.21362573029827,-6.82121122356483,4.84262871424251e-09,1.09089324261699e-07,10.3397189890844,"Down"
"C14orf2",1.09450670292573,7.43687773630042,6.79740673045707,5.31809272058979e-09,1.19159403739418e-07,10.2476691351393,"Up"
"ATP11B",0.881749672937035,8.08875456764945,6.79626518370645,5.34202756735066e-09,1.1958911223793e-07,10.2432558593608,"Up"
"SERPINA13",-2.5166336744064,10.6289543845259,-6.79443528060112,5.38061933162279e-09,1.20345880780246e-07,10.2361815542269,"Down"
"VAMP5",0.972427518523347,9.38645750722746,6.78015070494698,5.69157840065724e-09,1.26737184227213e-07,10.1809662770909,"Up"
"SLC22A15",1.10136185739539,6.57062525448543,6.77546638267242,5.79739955847158e-09,1.28979314070775e-07,10.16286276246,"Up"
"P2RX1",0.944880364821778,7.29994784677546,6.77093918621205,5.90153329203089e-09,1.30832933828621e-07,10.145367990439,"Up"
"PAQR8",-0.886992630867327,7.6290702349074,-6.7673470367138,5.98548342282894e-09,1.32309442643174e-07,10.131487641393,"Down"
"METTL7B",2.35740917111717,5.7732697966969,6.75539726328155,6.27341024786026e-09,1.38345204939655e-07,10.0853195411376,"Up"
"LOC643310",-1.06247365482955,10.0879322952822,-6.75086974999454,6.38606806061887e-09,1.40582969390506e-07,10.0678301781928,"Down"
"SBDS",-0.910336133295767,7.16728359184547,-6.73635295464369,6.76105643545247e-09,1.48318463165162e-07,10.011763442653,"Down"
"IRF8",-0.928440090374622,9.58939548083002,-6.71732762108865,7.28590403763558e-09,1.59431043004024e-07,9.93830798961195,"Down"
"CDR2",-0.833123245842061,7.65786489100046,-6.71551316939409,7.33803035204217e-09,1.604157243916e-07,9.93130397344611,"Down"
"GPR175",-1.91775429606283,11.5502805128324,-6.71381487327161,7.38715615191843e-09,1.61349353309496e-07,9.9247485639243,"Down"
"ATP6V1C1",1.01350016110789,6.40474165170464,6.71062362165129,7.4803556661669e-09,1.63243178339788e-07,9.91243096456626,"Up"
"CREB5",0.882819274035322,8.3678207356596,6.70977141635665,7.50544155842547e-09,1.63538314149635e-07,9.90914175512716,"Up"
"PAG1",0.906922381739167,7.98260446224736,6.70107579889419,7.76624758210479e-09,1.68749752994049e-07,9.8755830150285,"Up"
"LSMD1",1.12145046678703,6.91273757120949,6.70004755766079,7.79767810402853e-09,1.69286379564143e-07,9.87161514723132,"Up"
"LOC642934",-1.07053982536666,8.58103421544326,-6.69945903463562,7.81572460926966e-09,1.69531765899085e-07,9.86934414035208,"Down"
"IER3",1.64242160466009,7.42023168865271,6.69579765619837,7.92893534052723e-09,1.71518208478564e-07,9.85521614065439,"Up"
"LOC647349",0.901321044030044,6.97439870001202,6.6881969812473,8.16919017684824e-09,1.75839889894967e-07,9.82589115564436,"Up"
"PARK7",0.959157347154543,8.10025677374931,6.68818761996524,8.16949050904224e-09,1.75839889894967e-07,9.82585504071727,"Up"
"SPRYD3",-1.93679606443407,12.1538293695292,-6.68365288911994,8.3162757294405e-09,1.78236293127139e-07,9.80836131201191,"Down"
"SAMD3",-1.40280283682086,6.84157524248252,-6.66829689578118,8.83311524724627e-09,1.88991078566614e-07,9.74913452797192,"Down"
"BAG3",-1.17932260696237,6.5847069877302,-6.65705350303825,9.23170189063681e-09,1.9684901232452e-07,9.70578195529766,"Down"
"NDE1",-0.936185668870429,10.7386052915797,-6.65170316374732,9.42761393005978e-09,2.00658197223067e-07,9.68515565865575,"Down"
"APH1B",0.83397729925763,7.82020483110331,6.65070261352931,9.4647075913135e-09,2.01135037063078e-07,9.68129866490947,"Up"
"DUSP6",-1.07682613045108,8.35142227782159,-6.64973936397983,9.50055566030327e-09,2.01726325422318e-07,9.67758553974925,"Down"
"C6orf190",-1.61074087647931,6.75758553638396,-6.62471969157301,1.04805449511693e-08,2.21142811869857e-07,9.58116746953653,"Down"
"LOC647340",0.934995194192119,9.34640826323742,6.61817686946939,1.07530095227799e-08,2.265973674792e-07,9.55596231243488,"Up"
"KLHDC4",-0.965525845776596,6.53513912502775,-6.61698496055632,1.08033983447857e-08,2.27468538013327e-07,9.55137107756425,"Down"
"NOV",-1.64537153581665,7.02685186209568,-6.61491069330597,1.08916505446852e-08,2.29134807274799e-07,9.54338129228222,"Down"
"ANKS1A",0.898405235382868,7.7163599881647,6.5997579283723,1.15584831528636e-08,2.42150222052492e-07,9.48502642904282,"Up"
"C16orf30",-0.892977220211563,6.68203097286555,-6.59131648177634,1.19474323790008e-08,2.50090299756936e-07,9.45252636915677,"Down"
"C18orf17",-0.81695725419709,7.34072217213587,-6.58678537721454,1.21615523056342e-08,2.54149147933204e-07,9.43508398463229,"Down"
"CMTM2",1.10741061750625,10.4821891323271,6.58638124084712,1.21808344896799e-08,2.54340680291157e-07,9.43352836055543,"Up"
"dJ341D10.1",1.17536853893646,7.33615933739686,6.58500487232183,1.22467324205042e-08,2.55504442366369e-07,9.42823047714355,"Up"
"PQLC3",-0.96461972920009,8.65968349442877,-6.58145140448732,1.24185107211756e-08,2.58873432446396e-07,9.41455334884209,"Down"
"SPCS3",0.859074211472384,6.68164097886244,6.57449897314301,1.27615633774984e-08,2.65145209347364e-07,9.38779708661718,"Up"
"LOC644774",0.955155201453925,8.62411278043044,6.57107349281239,1.29340376721272e-08,2.68506777107579e-07,9.374615830706,"Up"
"BNIP2",0.870384488697406,9.24712318640644,6.57082094908538,1.29468447737673e-08,2.68550889119232e-07,9.37364408441648,"Up"
"AGTPBP1",0.995576621936349,8.56579075629415,6.5692457117421,1.30270141762489e-08,2.69991044015579e-07,9.36758296500926,"Up"
"FCER1A",-1.87327534706739,7.81600748396617,-6.5679776155924,1.3091910811508e-08,2.7102726966461e-07,9.36270381371752,"Down"
"AP3S1",0.827110293061961,6.86499196988302,6.55897909652532,1.35617564842559e-08,2.79690367526e-07,9.32808519903877,"Up"
"QDPR",-0.970651948321533,7.37884948738348,-6.5565636832907,1.36907053916382e-08,2.81887251061248e-07,9.31879402976963,"Down"
"PLEKHF1",-1.56215621643209,7.16824874613279,-6.53576408463019,1.48528124674714e-08,3.03824007674721e-07,9.23880858035268,"Down"
"MBNL2",-0.818917161716846,6.77457891803863,-6.53353684324925,1.49829267743843e-08,3.05243743199368e-07,9.23024608653559,"Down"
"ZNF529",-0.928680511350591,6.93554099319211,-6.53242746097827,1.50481587661747e-08,3.06324462657191e-07,9.22598131060638,"Down"
"SLC2A11",1.00883640501767,5.97055280952621,6.51722263628336,1.59712040081369e-08,3.23542360003676e-07,9.16754162384936,"Up"
"NCALD",-1.46955937563207,6.5735353225807,-6.50577388530593,1.67032037814023e-08,3.37283970332895e-07,9.12355319341174,"Down"
"C22orf16",-0.849332854517037,8.89413903071118,-6.50415588543462,1.68093104710542e-08,3.39154145459311e-07,9.1173375443863,"Down"
"FPR1",0.880226182153278,12.5732777498374,6.49634995744458,1.73307096284547e-08,3.4872311940379e-07,9.08735420713339,"Up"
"RNF213",-2.45373024401341,11.6468100970887,-6.49622689308396,1.73390572495918e-08,3.4872311940379e-07,9.0868815531249,"Down"
"TGFBI",-1.6820991143251,10.0348518262747,-6.49043861817168,1.77362343635019e-08,3.55573310923795e-07,9.06465219380228,"Down"
"C21orf7",-1.36198609669527,8.81268474009518,-6.48551904634563,1.80809077338893e-08,3.62194438589624e-07,9.04576164207184,"Down"
"FKBP15",0.842169551787797,6.9112776472219,6.4803956578083,1.84469431680267e-08,3.68645589224318e-07,9.02609104207684,"Up"
"ADAM17",0.820874006617104,7.14314397714294,6.4800660790475,1.84707402891751e-08,3.68827967331106e-07,9.02482575679228,"Up"
"CCDC92",-0.802717213920449,8.68488312248074,-6.4677428388803,1.93827903231341e-08,3.85508978420563e-07,8.97752352810221,"Down"
"DIS3L",-0.92433816585679,7.09874071548805,-6.46114002986557,1.98897524836788e-08,3.94344146245809e-07,8.9521853040388,"Down"
"URG4",-0.907807485053898,6.23865501173805,-6.45702186619222,2.02125980436933e-08,4.00113948675944e-07,8.93638415550866,"Down"
"RIN3",0.965948714114436,6.91349032220769,6.44750297395688,2.09789164899879e-08,4.14304760847051e-07,8.89986745290917,"Up"
"NCOA7",0.835897208248032,8.19397791941275,6.44306922314588,2.13456500302334e-08,4.20226814220884e-07,8.88286176685369,"Up"
"ECOP",0.805910989189083,6.52031435291283,6.43531658064284,2.20022837644532e-08,4.32138604561213e-07,8.85313140150408,"Up"
"AMY1A",-1.13014120261534,8.06984745930823,-6.42738289654191,2.26950438303941e-08,4.45396878919677e-07,8.82271333724455,"Down"
"EMR3",-1.43386024396865,9.1953531840271,-6.42022129940233,2.3338986055487e-08,4.57320428242356e-07,8.79526123741828,"Down"
"STXBP5",0.80038159919046,7.77373247628172,6.4166232344698,2.36693321855365e-08,4.63432251670083e-07,8.78147107394937,"Up"
"HLA-DRB4",-1.44946141947718,9.10311928368799,-6.4124051655324,2.40625250528394e-08,4.70398040302009e-07,8.76530641887819,"Down"
"UTP3",-0.987810678213692,7.25386259582502,-6.4089177172601,2.43925103628025e-08,4.76108470901284e-07,8.75194312898551,"Down"
"OLAH",2.28776007907197,5.8856806945885,6.40585832649557,2.46856941652298e-08,4.81457215914567e-07,8.74022116564452,"Up"
"ATP9A",1.23911623762111,6.93003490103291,6.40195328896727,2.5065011076995e-08,4.87720107179298e-07,8.72526061089862,"Up"
"SLC37A3",1.05324778862974,6.13676925322993,6.40016163654601,2.52409771056567e-08,4.90764241636666e-07,8.71839718364165,"Up"
"C5orf30",1.2382815555563,6.03825585924133,6.39989990666165,2.52667853275648e-08,4.90886385730278e-07,8.71739458324905,"Up"
"D4S234E",-1.18766670737687,6.80616326303848,-6.39871382913973,2.53840692166987e-08,4.92784169967416e-07,8.71285120749429,"Down"
"ABHD14A",-1.11833919344886,6.55613411485708,-6.39434184029882,2.58210808213365e-08,5.00494966729683e-07,8.69610524557554,"Down"
"LOC642161",-0.851714342476857,6.2149331407513,-6.39160966696532,2.60979695117568e-08,5.04213870543988e-07,8.68564131016737,"Down"
"CCT8",-0.837605325837007,9.41007839302363,-6.38601956601029,2.66737206965963e-08,5.12673806049259e-07,8.66423437986688,"Down"
"HSPA8",-0.87785825483064,10.9443046990997,-6.37285950968371,2.80794627284688e-08,5.38868467934127e-07,8.61385249959144,"Down"
"MAFG",0.996484421922543,5.91823993775423,6.37127089186967,2.82540617086694e-08,5.41805576930547e-07,8.60777195451859,"Up"
"GSPT2",-0.804251290005739,6.78305158937101,-6.357481477618,2.98156486932404e-08,5.69146095784406e-07,8.55500397533271,"Down"
"LOC728643",-0.857219390149458,7.16468076470084,-6.35143675736825,3.05269437675138e-08,5.80959399178877e-07,8.5318794412459,"Down"
"COP1",0.947907968216534,6.60437078147297,6.34404465219313,3.14197426133787e-08,5.96145154188936e-07,8.50360607377327,"Up"
"GALNT4",1.12992669882524,6.62012517066126,6.3424535298238,3.16152814455216e-08,5.98963178972556e-07,8.49752116213748,"Up"
"MTSS1",-0.986665096594487,7.73095447347641,-6.33912562682481,3.20281773136517e-08,6.04949945653796e-07,8.48479524531365,"Down"
"TNFSF13B",0.818725776526451,11.0174086018628,6.33782101337762,3.21914998149081e-08,6.07578307317409e-07,8.47980674714039,"Up"
"CDK4",-1.21462029868299,7.00537352666854,-6.33605825806459,3.24134914747904e-08,6.10850956279034e-07,8.47306674874943,"Down"
"IFITM3",1.36336986182523,11.7291930915372,6.31629603672605,3.50087850810825e-08,6.58280371681687e-07,8.3975295821848,"Up"
"HLA-DRA",-1.50520457823171,11.7968564410548,-6.30909925041488,3.60043304408713e-08,6.74477546410957e-07,8.37003272901751,"Down"
"DHRS9",1.45238348950245,8.64466503748418,6.29436201350986,3.81315592460763e-08,7.10094369960266e-07,8.31374527327715,"Up"
"C15orf28",0.856006481696957,7.97128698720152,6.29366113731005,3.82357789888918e-08,7.11508130111577e-07,8.31106899445782,"Up"
"COX7B",1.2394620701736,7.52481970438394,6.27492285448498,4.11295062233919e-08,7.60850468326763e-07,8.23953943266355,"Up"
"CUTC",0.9879411453487,7.23006535540044,6.26905157628563,4.20801878186113e-08,7.77293109301902e-07,8.21713586960894,"Up"
"LOC731985",-0.850495399220005,9.87646589516889,-6.2643467979746,4.2857712478206e-08,7.9049368430088e-07,8.1991864960294,"Down"
"CAPG",0.86011423982001,6.4902156740607,6.26104036483751,4.34126627216973e-08,7.99556293643567e-07,8.18657364249277,"Up"
"BMI1",-0.896952356956884,7.82996145009703,-6.25763996267407,4.39908277587861e-08,8.09611573833003e-07,8.17360374916369,"Down"
"KLF12",-0.870113983896283,6.36415253549049,-6.25735309640521,4.40399514865923e-08,8.09922736190878e-07,8.17250964305876,"Down"
"CSTA",0.816511026372779,6.99252600372903,6.25321638196657,4.475441943674e-08,8.2185982807863e-07,8.15673338377301,"Up"
"LOC645436",-0.848537160654612,9.20072098071418,-6.24549053611081,4.6119739328618e-08,8.45080354753249e-07,8.12727493706998,"Down"
"PLP2",0.822926186982741,8.43810208666994,6.23949905931321,4.7206962803563e-08,8.63743118545541e-07,8.10443477299496,"Up"
"UQCRH",0.896127720038384,8.92808983804249,6.22812556106312,4.93412938090814e-08,9.02138273716586e-07,8.06109029278731,"Up"
"NAIP",1.37600879499955,5.61267171554651,6.22205532102391,5.05193560304981e-08,9.22335955415195e-07,8.03796333417423,"Up"
"PCOLCE2",2.12123349846463,5.63990136980806,6.20243587437072,5.45212350166112e-08,9.91080150627335e-07,7.96324792598987,"Up"
"DDIT3",1.04162629879183,6.30087314605242,6.19994833367151,5.50506046416319e-08,9.99257906635831e-07,7.95377837534075,"Up"
"PDGFC",1.0466210862673,5.94932310213101,6.19249288629203,5.66679384446888e-08,1.025191564672e-06,7.92540190556391,"Up"
"LCN2",2.32290399812433,9.49494881043808,6.19245617158794,5.66760186501963e-08,1.025191564672e-06,7.92526218241408,"Up"
"ORM1",1.67659124142084,7.58744928700595,6.19242343216777,5.6683224936121e-08,1.025191564672e-06,7.92513758793585,"Up"
"SMARCD3",0.849106372133245,6.58223923714224,6.19173967198149,5.68339356516649e-08,1.0271783912889e-06,7.92253547451823,"Up"
"SERPINB8",0.823090166115349,6.45039729790501,6.19075994528093,5.70505751615739e-08,1.02961339523472e-06,7.91880714048498,"Up"
"LOC389599",-1.89009915211414,11.0868381082947,-6.18339825252244,5.8704841196969e-08,1.05567933311288e-06,7.89079640561729,"Down"
"UNG",-0.897337158925619,5.94338919545867,-6.1704371300488,6.17338731792913e-08,1.10240162793031e-06,7.84149777807073,"Down"
"ANPEP",0.884412773771952,9.00274805475748,6.17040526813285,6.17415072444661e-08,1.10240162793031e-06,7.84137661656496,"Up"
"STK39",-0.810289102777117,7.38889548408539,-6.16771079100642,6.23905008266706e-08,1.11319885790099e-06,7.83113080617632,"Down"
"S100A10",-0.827857240992676,11.9875989713478,-6.16523189145098,6.29935470940105e-08,1.12316154180385e-06,7.82170559896091,"Down"
"HNRPA1L-2",-0.995567386365353,6.71403591126469,-6.16391351287931,6.33166238981868e-08,1.12812184606691e-06,7.81669323247292,"Down"
"MBOAT7",0.865345870008149,9.60771180378225,6.14315314513431,6.86263414155043e-08,1.21241477384805e-06,7.73779519983864,"Up"
"WIPI1",0.945010573852709,7.76545056860848,6.13772284871361,7.00866262590128e-08,1.23734394954465e-06,7.7171675613219,"Up"
"FLT3LG",-1.45688045739049,7.1946485478457,-6.13500485331901,7.08290693882776e-08,1.24782256791962e-06,7.70684445665336,"Down"
"C3orf31",-0.973912281396409,6.90077244842459,-6.12536898827426,7.35246047670787e-08,1.28988734392488e-06,7.6702551445797,"Down"
"HLA-DRB3",-1.52722326092662,8.14298817960174,-6.12050578610197,7.49234316431083e-08,1.31168180467113e-06,7.65179350900189,"Down"
"GNB2",0.820171075175764,7.91580322572728,6.10580880570352,7.93132505249506e-08,1.38563941500852e-06,7.59602120423812,"Up"
"CASP5",1.52503349634578,6.50166469484573,6.09186949085752,8.37121527565418e-08,1.45843625800378e-06,7.5431524242834,"Up"
"EMR2",1.01669416191108,9.9519147126268,6.08806019000341,8.49558106774682e-08,1.47703255908129e-06,7.52870941724998,"Up"
"CHMP5",1.13406629496313,7.0842957800739,6.08478727115951,8.6038974647381e-08,1.49483056159997e-06,7.516301777446,"Up"
"CD86",-0.902760793511389,7.55982079640662,-6.06827961309239,9.17144174042989e-08,1.58467385123304e-06,7.45374488144976,"Down"
"SF3B14",0.836863627594925,8.24267648852438,6.06118645173079,9.42656925457973e-08,1.62503378407803e-06,7.42687707941229,"Up"
"ATP5J",0.943533301011271,8.66441904669064,6.05727144336598,9.57038572275459e-08,1.64794176075377e-06,7.41205079935947,"Up"
"C6orf160",-1.03817939559904,9.69867662975178,-6.04870419747911,9.89273394428337e-08,1.70228152881098e-06,7.37961422793413,"Down"
"ASGR2",0.980113313485879,6.86794875372254,6.0416109486702,1.01677502860311e-07,1.74363739557178e-06,7.3527666292769,"Up"
"MMP25",0.861685841641913,10.7381804667632,6.0395845050242,1.02477014393082e-07,1.75615006260538e-06,7.3450980187063,"Up"
"CETP",0.922949472622602,6.25688553960167,6.03698552415716,1.03511543065609e-07,1.77146371182396e-06,7.33526367243348,"Up"
"LOC401152",0.80648050553933,8.57558099421109,6.03226845059603,1.05415699797406e-07,1.80282360061686e-06,7.31741721401079,"Up"
"MANSC1",0.905624103882984,7.40377498774849,6.03136351310841,1.05784948984865e-07,1.80668044665728e-06,7.31399387871281,"Up"
"TMEM149",0.809431313286073,9.19721378514884,6.00628415036578,1.1654438897293e-07,1.98235855127162e-06,7.21916925198101,"Up"
"THEM2",0.836559420364393,6.5929039870232,5.99789770168058,1.20378954320026e-07,2.0448154808145e-06,7.18748170661838,"Up"
"MED25",-1.01212548465851,9.06141957330235,-5.99770281006043,1.20469536148249e-07,2.04497240970087e-06,7.18674545280927,"Down"
"HIBADH",-0.803618823733345,6.93692166853192,-5.9962143641493,1.2116356846321e-07,2.05536579700749e-06,7.18112265490015,"Down"
"PECI",-1.08338957116637,6.85879873268086,-5.9916334014467,1.23324539894325e-07,2.0877972612413e-06,7.16381962728249,"Down"
"LOC645385",-0.822540276882224,8.85546647357055,-5.98938683223997,1.24398226349435e-07,2.10314149994943e-06,7.15533516775492,"Down"
"ZNF683",-1.61760812298797,6.55075445789576,-5.97669047664522,1.30642519359561e-07,2.20278533648515e-06,7.10740054335442,"Down"
"LOC653907",1.16855493504139,7.23987187288772,5.95727648673731,1.40796116461902e-07,2.35660077753143e-06,7.03415281845097,"Up"
"CASP1",0.852458711663479,9.08302592231183,5.94080418431702,1.50021568320029e-07,2.4867239654241e-06,6.97205100855937,"Up"
"SRP14",0.83360244619444,9.58500150328971,5.93121091470974,1.55667704191035e-07,2.56760687800327e-06,6.93590382740017,"Up"
"RBM13",-0.888352163842678,6.84605430441211,-5.92941724374661,1.56746491175027e-07,2.58062003152599e-06,6.92914698190431,"Down"
"ATP5I",0.821703487446069,8.52048152413406,5.91822790188557,1.63645386646107e-07,2.6819067928834e-06,6.88700805018633,"Up"
"SCPEP1",1.00764969058256,9.52931555756684,5.91273280319851,1.6714271584881e-07,2.7356561695567e-06,6.86632109278446,"Up"
"MCTP2",1.39492755141991,6.51191858294981,5.9088545457114,1.69655471834645e-07,2.77137008571993e-06,6.8517239249507,"Up"
"SYTL2",-0.969354979269737,6.38915815139482,-5.89681120556074,1.77699358259024e-07,2.88775815554742e-06,6.8064105283299,"Down"
"NBPF20",-0.833511259164846,10.5347386864639,-5.89457764730018,1.79232162947507e-07,2.90703004935505e-06,6.79800935921957,"Down"
"C1orf19",-0.846885789986894,7.27010120057566,-5.88989904193661,1.82485471436383e-07,2.95407904179695e-06,6.78041424487076,"Down"
"CD3G",-1.46320011742347,6.97183421237265,-5.88885592300391,1.83218747072254e-07,2.96077627749042e-06,6.77649182457763,"Down"
"GGH",0.990219359552031,5.86315007018889,5.87877187836999,1.90459620387179e-07,3.07327012614486e-06,6.73858242364174,"Up"
"FBXW2",1.09018989526282,6.65882071209019,5.87758476827782,1.91330452702655e-07,3.08336383393895e-06,6.73412079658192,"Up"
"SPTLC2",0.937837966007975,6.40928112141017,5.8637694101292,2.01759565418805e-07,3.24104503171167e-06,6.68221483969509,"Up"
"PARP9",0.849334017808097,8.78192465054655,5.85927415889544,2.05272859632824e-07,3.29537655885645e-06,6.66533266363474,"Up"
"C14orf169",-0.904615307666695,6.81421166854337,-5.84326365750941,2.18285058902094e-07,3.49979998775424e-06,6.6052325401446,"Down"
"LSM1",0.807865450372489,9.56358196176086,5.84234034635769,2.19059873779165e-07,3.50909721011017e-06,6.60176797219663,"Up"
"HLA-G",-1.15330334445572,9.59075212155829,-5.84224017526968,2.19144097846975e-07,3.50909721011017e-06,6.60139210613904,"Down"
"CST3",-0.909869479621554,12.2672581040847,-5.82975087107066,2.29900186360631e-07,3.66731642455981e-06,6.5545429226758,"Down"
"ANKRD55",1.08577856891985,6.54969009476957,5.82642995888062,2.32847116824174e-07,3.70726821846721e-06,6.54209029209039,"Up"
"KIAA1881",0.943345669226622,6.04603497518518,5.82402720833776,2.35002562627743e-07,3.73921799016549e-06,6.53308175687602,"Up"
"CKS2",0.92374402740267,6.63884674307004,5.8186582081144,2.39890571495877e-07,3.80735414608986e-06,6.51295565578013,"Up"
"EXT1",0.82909107692359,6.18797695945449,5.81079378089505,2.47232602231321e-07,3.91646352873057e-06,6.48348445615831,"Up"
"C14orf159",-0.802575008744265,8.99573255106017,-5.80515390019783,2.52634332309029e-07,3.99197178771149e-06,6.46235629578205,"Down"
"MUC6",-1.65912100487343,8.98784968528556,-5.78965621270071,2.68086305237738e-07,4.21757804360245e-06,6.40432802989465,"Down"
"LOC440348",-0.857316259398048,7.33706638393599,-5.7845837223876,2.73344153893979e-07,4.28955807047105e-06,6.38534439817983,"Down"
"LOC440313",-2.32767744089181,11.0432792700009,-5.77931184731956,2.78916786496686e-07,4.368827422135e-06,6.36561950956551,"Down"
"ALPPL2",0.987850668741838,6.23823801588986,5.77873743794501,2.79530714163139e-07,4.37571740601577e-06,6.36347064319549,"Up"
"DHRS13",0.821759856504269,6.72416179635975,5.77080488255354,2.88146975547189e-07,4.49659526086674e-06,6.33380108197188,"Up"
"ALDH1A1",-1.10348438751908,7.01348423270531,-5.76618395248706,2.93286733811111e-07,4.57112739492333e-06,6.31652304762634,"Down"
"CD177",2.04838801756336,5.76778176636266,5.76593733225348,2.9356357869665e-07,4.57260741538648e-06,6.31560102436341,"Up"
"LOC644863",0.841013392004898,9.66187360521793,5.75881147565227,3.01675342438135e-07,4.68734122923036e-06,6.288964864023,"Up"
"PRR5",-0.995769141309194,7.61631253496973,-5.74705032440313,3.15551312895281e-07,4.88391508844212e-06,6.2450226458456,"Down"
"CD160",-1.46668984328521,6.46828418795616,-5.74693816285369,3.15686635589437e-07,4.88391508844212e-06,6.24460370925516,"Down"
"LOC643031",-0.933665101479452,11.3076554288248,-5.73190119070861,3.34358098019117e-07,5.15058981875037e-06,6.18846007779536,"Down"
"BPI",1.73159394396818,6.77412762399076,5.72924116013126,3.37772915055359e-07,5.20000678780877e-06,6.17853271105329,"Up"
"CLK4",0.826793388874448,6.87953885180969,5.72758675481758,3.39914129662235e-07,5.22976818831616e-06,6.17235905883426,"Up"
"MYL6B",0.82505083402286,7.00901421199433,5.71065247442515,3.6261793327102e-07,5.54514284819553e-06,6.10919607858983,"Up"
"VPREB3",-1.21754449435248,7.36036376746333,-5.70080065255616,3.76509453498301e-07,5.74011380287889e-06,6.07247496615522,"Down"
"PLSCR1",1.28887293509912,6.50079304126281,5.69803066228361,3.80509142647377e-07,5.78355492512397e-06,6.06215361014105,"Up"
"GNG7",-0.898983095409735,6.79545640251057,-5.69082588203904,3.91110146832021e-07,5.92319824780543e-06,6.03531453917739,"Down"
"PGAM1",0.830983189825566,7.91016744057088,5.68958140320941,3.92970593939023e-07,5.94779092813186e-06,6.03067965046847,"Up"
"FOLR3",1.95808148986278,9.76535625747496,5.67868784109605,4.09633951417508e-07,6.17768298658437e-06,5.99012088867707,"Up"
"PLXNC1",0.812634353506105,8.3419064318944,5.66962089497094,4.24034265344385e-07,6.38719079134682e-06,5.95638055983643,"Up"
"QPCT",0.820947508864007,9.844999176713,5.66704126109176,4.28221937436417e-07,6.44254907669152e-06,5.94678404657193,"Up"
"LOC653158",0.850787716895968,8.26448941295819,5.66245428643065,4.35769432414277e-07,6.54826272020019e-06,5.92972323628116,"Up"
"BTBD11",-1.04665620983098,5.89534504987247,-5.65817682025093,4.42926035635077e-07,6.64785703633782e-06,5.91381734215415,"Down"
"PLCG1",-1.03973786910104,6.21684004914188,-5.63943957022875,4.75668471107209e-07,7.10535078053193e-06,5.84418495425808,"Down"
"LOC649150",-0.815352060064789,11.5764511082469,-5.63769964587405,4.78827587775477e-07,7.14405077547507e-06,5.8377224977171,"Down"
"HPSE",1.05226163112593,7.84007536889289,5.62712815710339,4.98472293952223e-07,7.42392978078133e-06,5.79847073348926,"Up"
"HRB",1.1254535378722,6.28714378856495,5.6118293685491,5.28319064098921e-07,7.84057926295566e-06,5.74170647414991,"Up"
"CARM1",-1.1776288479598,10.5939142427179,-5.61079321584018,5.3040317443551e-07,7.86686478189305e-06,5.73786367390969,"Down"
"MDC1",-1.09678635250962,6.80818025627757,-5.60148401151313,5.49495581218385e-07,8.1356412908305e-06,5.70334826083082,"Down"
"FLJ11151",-0.913510251800988,8.2957159799894,-5.59307665730787,5.673207513157e-07,8.36016628843886e-06,5.67219185409794,"Down"
"FTHL11",-0.838753967259766,11.6415023603544,-5.58200003380009,5.91679566666769e-07,8.69364366218736e-06,5.63116576309067,"Down"
"MGC3020",-1.08138558814473,6.5504430365014,-5.58059974290635,5.94831589310677e-07,8.73485172620936e-06,5.62598111124936,"Down"
"CCNA1",1.665667589479,5.72987782224815,5.58030472879752,5.95497770825536e-07,8.73952945624867e-06,5.62488885764644,"Up"
"DPYSL5",-2.01527215016533,10.1787900509004,-5.57017105883754,6.18833686435e-07,9.0555755977741e-06,5.58738117947305,"Down"
"SLC36A1",0.804723084540742,7.15068956273521,5.55478414977429,6.56003506268011e-07,9.55499892675423e-06,5.53047080257119,"Up"
"LOC441377",-1.50715960298973,10.988665942171,-5.54590657022289,6.78442652168689e-07,9.85898744249759e-06,5.49765868131061,"Down"
"SIRPB1",0.824062012756134,8.03606205246238,5.54330666437793,6.85156487433917e-07,9.9507995921945e-06,5.48805241986764,"Up"
"MGAM",1.07469041378923,6.08803456070783,5.54143251765732,6.90036801140172e-07,1.0010112625888e-05,5.48112862052445,"Up"
"SFRS11",-0.900933493080816,7.5307512782579,-5.5378055585865,6.99579125584788e-07,1.01368410473784e-05,5.46773140064498,"Down"
"MR1",0.846615822145085,6.96024662089023,5.53730061682795,7.00917885757344e-07,1.01503891981219e-05,5.46586647496989,"Up"
"HIST1H4K",0.957143317391346,6.19677448847,5.53168559968892,7.15976540008339e-07,1.03505751672281e-05,5.44513193298047,"Up"
"MFN2",0.946841670789838,7.96647787306457,5.52638936840536,7.30472681665058e-07,1.05480087404133e-05,5.42558075770724,"Up"
"CLEC1B",1.382300801631,7.83456948775904,5.50544064691806,7.90704108891486e-07,1.13250284745527e-05,5.34830727802236,"Up"
"CTSL1",1.02263271685744,6.62981097530866,5.49657582266251,8.17644108676845e-07,1.16528190998503e-05,5.31563633228628,"Up"
"LOC651453",-0.85635864217554,6.90944721342159,-5.49027492145208,8.37340991653782e-07,1.19132725128331e-05,5.29242507588979,"Down"
"LOC651816",0.806743872220376,5.99802505241171,5.48619470600829,8.50344864496246e-07,1.20777796008111e-05,5.27739903398633,"Up"
"SIL1",0.849142127131043,6.72616268504023,5.46516791405493,9.20583058977616e-07,1.29727904163101e-05,5.20002290923379,"Up"
"CD4",-1.44458193056399,7.06875869976695,-5.44472401253737,9.94350304574213e-07,1.38877592538865e-05,5.12488639477343,"Down"
"FLI1",-0.870405729440164,7.30276029708655,-5.43328631407306,1.03813240347644e-06,1.4472841569634e-05,5.0828911077799,"Down"
"FLJ11795",1.01034244831785,6.60661272320074,5.4311537749629,1.04650321279273e-06,1.45676028624636e-05,5.07506444764888,"Up"
"DPYSL2",-0.9395669207554,10.1173996535745,-5.4160401505149,1.10776575119056e-06,1.53354796172525e-05,5.01962552695263,"Down"
"LAMC1",0.952292580786924,6.17207331933462,5.41324139418677,1.1194922243779e-06,1.54753097064327e-05,5.00936504494903,"Up"
"TARP",-1.05100713356621,6.32343220619968,-5.41247069857044,1.12274278268247e-06,1.55081413455325e-05,5.0065399252936,"Down"
"NPAT",-1.05566000824859,6.73724372217987,-5.41219657578529,1.12390119034305e-06,1.55081413455325e-05,5.00553511327356,"Down"
"LRPAP1",1.24916818801719,6.72689672419435,5.41218756676669,1.1239392812872e-06,1.55081413455325e-05,5.00550209051867,"Up"
"SLC35A1",0.84411666047775,8.09832315565978,5.41006769933119,1.13293774214183e-06,1.56237272832944e-05,4.99773219070483,"Up"
"TC2N",-1.34439557668959,6.54104827103373,-5.40560503858272,1.15211368342346e-06,1.58707605486387e-05,4.98137869985974,"Down"
"DACH1",1.2149292853057,5.89460553523977,5.40451650922468,1.15683938960754e-06,1.59271315743339e-05,4.97739046600047,"Up"
"LOC552891",0.824260154760085,5.98343426812269,5.396327522419,1.19300858091097e-06,1.63445426289383e-05,4.94739586941344,"Up"
"RPS23",-1.15132793508417,8.74099584584214,-5.39325908686009,1.20684640583999e-06,1.65071374552869e-05,4.93616083066186,"Down"
"CLEC4D",1.83576557554492,6.02067348498065,5.39285416195954,1.20868428351277e-06,1.65232859638451e-05,4.93467836713807,"Up"
"LOC653381",-0.806923762601009,8.57888965590098,-5.37744869935535,1.28069325146232e-06,1.74318507535261e-05,4.87830620079978,"Down"
"CLEC4E",0.894542561875427,6.40077968680986,5.36406778741413,1.34665791495561e-06,1.82901026374846e-05,4.82938767967302,"Up"
"CDC42EP3",1.06702432386712,6.47019700806301,5.3594718261186,1.37007839447577e-06,1.8578085672665e-05,4.81259535507203,"Up"
"TMEM154",-0.810886051166619,11.392649428375,-5.35897305174466,1.37264410154104e-06,1.86028424327448e-05,4.81077327878667,"Down"
"SLC25A40",0.848314588888643,6.05747548087679,5.35058841523189,1.41649025997618e-06,1.91660738082891e-05,4.7801521852684,"Up"
"NOL10",-1.60855832133358,8.89293507904213,-5.35038926403414,1.41754829044255e-06,1.91700720934511e-05,4.77942507980912,"Down"
"C22orf13",-0.893119670372846,11.3525192204812,-5.33037232556228,1.5279605193913e-06,2.05526631661302e-05,4.70639141300886,"Down"
"LOC116236",-1.13423946102683,6.31274453034374,-5.3265109015419,1.55021425040022e-06,2.08185824012081e-05,4.69231377867548,"Down"
"NMT2",-1.36489384672427,6.46561378121172,-5.31943781160482,1.59180795132739e-06,2.13373345661782e-05,4.66653673385194,"Down"
"LDOC1L",-0.942093886096067,6.41415165946649,-5.31936579371255,1.59223705831942e-06,2.13373345661782e-05,4.66627433574502,"Down"
"KIR2DL1",-1.27872195250789,6.86176570785951,-5.31110771930968,1.64220436924269e-06,2.19367788750059e-05,4.6361943352448,"Down"
"C9orf103",1.00802445378919,7.43303227093233,5.30950498185333,1.65207947388257e-06,2.20569718393032e-05,4.63035830425602,"Up"
"HIST1H4H",0.925859285147159,6.89549999550638,5.30768411082891,1.66336954573955e-06,2.21959184606646e-05,4.62372875013316,"Up"
"GPER",1.15002906599923,5.40175215574921,5.30263275799347,1.69508899509409e-06,2.26071816109631e-05,4.60534169592101,"Up"
"PFKFB2",1.48075946796617,5.65487190155865,5.30062706991216,1.7078480248665e-06,2.27652700663541e-05,4.59804268101588,"Up"
"RNASE3",1.74662034142922,6.86461562759981,5.28590941836524,1.80441024243614e-06,2.3862637293448e-05,4.54451323617744,"Up"
"MRPS18C",0.882692230162192,7.01200375069972,5.28511635423714,1.80976343151293e-06,2.39208478802498e-05,4.54163031429683,"Up"
"SELM",-1.25557117200927,5.97559490967784,-5.28208239028548,1.83038739514572e-06,2.41680352489304e-05,4.53060278810061,"Down"
"SYNJ2BP",-0.841464377368172,7.88131446987369,-5.27777028514463,1.86009837976358e-06,2.45345610006592e-05,4.5149335588021,"Down"
"C1orf181",-0.943778458864274,6.8155374321443,-5.25183682572601,2.04905890926545e-06,2.68438462631231e-05,4.42079551306252,"Down"
"DSC2",0.898662439577808,7.61590823839898,5.24794939596374,2.07896629477946e-06,2.72072944564059e-05,4.40669883869544,"Up"
"GPR18",-0.945838777736011,6.72439384762665,-5.24442635740304,2.10644104184243e-06,2.75095728789189e-05,4.39392684361522,"Down"
"FASN",-0.932995541709993,7.45260842762152,-5.24218781140333,2.12408384193258e-06,2.7725580366659e-05,4.38581313303915,"Down"
"FLJ40722",-0.917348364297979,9.36563698853836,-5.23964570773598,2.14429542709193e-06,2.79313922471974e-05,4.37660071328424,"Down"
"INSIG2",0.828250845120136,7.11461971004682,5.23542340239464,2.17828476110848e-06,2.83154492731474e-05,4.36130299822018,"Up"
"CEACAM4",0.86308500445325,6.39941166452809,5.22562803709501,2.25919127547226e-06,2.92612409404289e-05,4.32583127642475,"Up"
"ALCAM",0.823563408704227,6.7182372785853,5.20388827698796,2.44946241297457e-06,3.14984578323174e-05,4.24719402273199,"Up"
"C17orf60",1.13162716891331,6.55062075890616,5.18855682261207,2.59303598315681e-06,3.32596554166134e-05,4.19181090333945,"Up"
"SOX8",-0.80983134290019,5.95963424628042,-5.18634282374899,2.61444165150286e-06,3.3500032170633e-05,4.18381817852942,"Down"
"LOC402644",-0.887505846094757,7.49737577578003,-5.14403373198152,3.05853512284993e-06,3.87949409628896e-05,4.03132845121391,"Down"
"HDC",-1.43818305493,6.79477827965106,-5.13204819309744,3.19728744001585e-06,4.03715752094417e-05,3.98821754314781,"Down"
"LOC649841",-1.29579975408092,7.28124091470338,-5.12488755626311,3.28311563863729e-06,4.13327561816656e-05,3.96247994952507,"Down"
"LOC642989",-1.22389195015722,8.92474542572306,-5.12463778218518,3.28614996171938e-06,4.13482532720847e-05,3.96158243415335,"Down"
"KCNE1",1.59878458246402,4.51183194188147,5.11322292766697,3.42780019108348e-06,4.29585726838677e-05,3.92058350452543,"Up"
"ZNF827",-1.10853122106345,6.62016436003623,-5.10461049020262,3.53862814722092e-06,4.42152642252156e-05,3.88967368520106,"Down"
"RPS27L",0.872669673277243,7.29229632422211,5.09949167496724,3.60615866690124e-06,4.49919746331995e-05,3.87131205710905,"Up"
"KLHL3",-1.23370271386192,6.27028389634594,-5.08548126953407,3.7975325883039e-06,4.72389753933498e-05,3.82109259206714,"Down"
"ITGA2B",1.2054550791963,7.58851308512817,5.08111255560379,3.85922120477359e-06,4.79115165866706e-05,3.80544434642163,"Up"
"FAM116B",-1.58374749854536,9.70798946046814,-5.06765760463832,4.05545988481431e-06,5.01990455461506e-05,3.75728370760112,"Down"
"SOCS3",1.20049847225551,5.64587536307636,5.05594311232276,4.23426825388454e-06,5.23093385271043e-05,3.71539426424927,"Up"
"CLEC12A",1.33871538772941,7.91704617330428,5.05053847340411,4.31935125119792e-06,5.31254845670821e-05,3.6960810676469,"Up"
"ZAP70",-1.08953431730006,6.49993346803952,-5.04939111071785,4.33762848902893e-06,5.33241957037591e-05,3.69198209148204,"Down"
"TCN1",1.39730711194936,8.26158859446075,5.03087778955769,4.64325352587175e-06,5.69421432392273e-05,3.62589466993859,"Up"
"TNFRSF25",-1.23891790993358,6.69788406345031,-5.02748167796575,4.70156782469549e-06,5.76010794896904e-05,3.61378212402744,"Down"
"VWCE",-1.35242375392729,8.38898989366415,-5.0130420066847,4.95763721499995e-06,6.04437437367113e-05,3.56231873544558,"Down"
"LOC644250",-0.802477236317834,10.9118698278624,-5.0096128642637,5.02043124178774e-06,6.11500200671239e-05,3.55010602121319,"Down"
"SSBP3",-0.879657844129603,6.94768364900871,-5.00875656007745,5.03623313240644e-06,6.13127849630498e-05,3.54705686936211,"Down"
"PRSS23",-1.42532231719926,5.53909100867662,-5.00832390944133,5.04423563633883e-06,6.13804859136293e-05,3.54551635572712,"Down"
"LOC646434",0.830867414960012,7.11436943475343,4.99922226580518,5.21550490270127e-06,6.33725438636587e-05,3.51312126999807,"Up"
"MCOLN2",-1.15225286716557,6.68414838460248,-4.98839923346048,5.42660102417156e-06,6.58420606890313e-05,3.47463074564383,"Down"
"FAM104A",-0.970446712939287,11.0956057186627,-4.98130810782574,5.56942908387693e-06,6.74123481794252e-05,3.44943079942963,"Down"
"C13orf15",-1.10237018227057,9.80533998527195,-4.97620319230221,5.67452712678684e-06,6.86183799747095e-05,3.43129846085615,"Down"
"PTPLAD2",-0.824322419381136,10.8788636032176,-4.97158870404065,5.77120040136254e-06,6.97203162375081e-05,3.41491470209246,"Down"
"OLFM4",2.31663640397437,6.95272206922983,4.96940289003384,5.81755496054228e-06,7.01791418944496e-05,3.40715615710432,"Up"
"LOC728744",1.34677389033038,5.74951119136863,4.95658521434946,6.09681772884211e-06,7.33017683898091e-05,3.36168834020317,"Up"
"PPARBP",-0.828206807296608,7.56815300674858,-4.94065871852413,6.46217357690914e-06,7.72510906911535e-05,3.30526092406428,"Down"
"SH2D1B",-1.23182437360004,6.48332645576357,-4.93476546963668,6.60273468258618e-06,7.87815614239281e-05,3.28440048524424,"Down"
"DDAH2",1.05625119412749,6.2302895941816,4.93112577356836,6.69103803807218e-06,7.96461630100069e-05,3.27152221391044,"Up"
"CBS",0.853023384806781,6.94449566664392,4.93098022220236,6.69459324975209e-06,7.965076871688e-05,3.27100729524579,"Up"
"GIMAP7",-0.824297348766414,8.54036225270846,-4.92425304470911,6.86094571202235e-06,8.14372876299537e-05,3.24721547378405,"Down"
"LOC442535",-0.944940912365255,6.4012963872463,-4.91662744078501,7.05441582103144e-06,8.35758782944064e-05,3.22026279683826,"Down"
"EPB42",-1.56123221043711,10.3787302356864,-4.91440610606605,7.11177205715155e-06,8.41760590945339e-05,3.21241481896763,"Down"
"KIR3DL2",-1.54414987915829,7.81676617009411,-4.90190995319968,7.44304677766442e-06,8.77665084383131e-05,3.16829395217659,"Down"
"CD19",-0.962157049972194,7.26505113291011,-4.89133711324492,7.73510233849202e-06,9.0869379808266e-05,3.13100120112921,"Down"
"MS4A4A",1.42963358399692,5.27940311224173,4.8824446672784,7.9894065572856e-06,9.36380796504242e-05,3.09966223600911,"Up"
"LRRN3",-1.40175912859885,6.55056513793895,-4.8780987560968,8.11665092538211e-06,9.48640652087895e-05,3.0843551730623,"Down"
"NDUFA4",0.868647631419829,10.3231992743719,4.87439841428664,8.22655622209604e-06,9.60592770197373e-05,3.07132653720654,"Up"
"LOC654053",0.840877924265628,7.30092242458338,4.86759376716001,8.43248036395423e-06,9.83267886594663e-05,3.04737898272124,"Up"
"TXK",-1.26780663415005,6.61310124136404,-4.86033966482929,8.65756428080539e-06,0.000100743495686855,3.02186556978899,"Down"
"LOC652968",-1.54201022333815,8.64708579230562,-4.84227579944186,9.24392965527351e-06,0.000106847076567161,2.9584048452657,"Down"
"LGALS3",-1.02771652967614,9.90020511374065,-4.83730588510274,9.4119622089877e-06,0.000108539784373372,2.94096292933282,"Down"
"BLK",-1.07058120083043,7.04169485700627,-4.83432074037274,9.51432301119001e-06,0.000109519267628808,2.93049032239772,"Down"
"TCEA3",-1.14495763092187,6.3483494023525,-4.833505037713,9.54248252155649e-06,0.000109793139859007,2.92762913248269,"Down"
"CAMP",0.919064712272268,9.5094843125935,4.82001178278563,1.00203019629217e-05,0.000115132719994448,2.88033037394813,"Up"
"DPP4",-0.904039509264676,6.11097238639285,-4.78921398642696,1.12002978650677e-05,0.00012740972322525,2.77259144488485,"Down"
"DHRS3",-0.954249098502478,6.57138393853662,-4.77954067295082,1.15982172996738e-05,0.000131579053661462,2.73881489019438,"Down"
"PHTF1",1.36545026989045,6.38705042924554,4.77869875144803,1.16334972705753e-05,0.000131919766072288,2.73587657232638,"Up"
"TRIT1",-1.06556566535899,6.68088453827792,-4.77343677476479,1.18563852280407e-05,0.000134265551636461,2.7175174408154,"Down"
"NDUFS5",0.881048837847141,8.70724676467488,4.76485598563117,1.22288391306887e-05,0.000138229410013622,2.68759834216229,"Up"
"PTGDS",-1.46848165234065,6.36846042496738,-4.75804031904072,1.25328061799162e-05,0.000141036144746237,2.66385101418967,"Down"
"FBXO7",-1.0731438173658,10.1991434249876,-4.73797769220548,1.34710711590267e-05,0.000150784830337458,2.59403729364829,"Down"
"VSTM1",1.56450778525442,6.83531235069417,4.73468490776811,1.36314857233893e-05,0.000152349840814861,2.58259185481603,"Up"
"CPVL",-1.09903156308827,10.1174439556473,-4.72990567591713,1.3867641287789e-05,0.000154672804780397,2.56598608048797,"Down"
"P2RY10",-1.2072602843904,6.22196984680799,-4.72900637592075,1.39125230381642e-05,0.000155035828536989,2.56286225225975,"Down"
"TYW1",-1.13731025219869,7.96651209953137,-4.71915765689999,1.44134309435211e-05,0.000160262562547598,2.52866923728959,"Down"
"PI16",-1.16286492121951,6.10308757787691,-4.71650662014653,1.45512458717218e-05,0.000161580530572035,2.51947086204485,"Down"
"TP53I3",0.868155062933939,5.7260192437197,4.70719070996098,1.50458224723035e-05,0.000166851335224398,2.48716595212886,"Up"
"RPS26P10",-1.13936189520877,7.06268195129923,-4.69210362701528,1.58818207872065e-05,0.000175117971311567,2.43491049338006,"Down"
"CCDC102A",-1.13851029676398,6.38530321310278,-4.68656627880884,1.6199895765842e-05,0.000178156334012803,2.41575078901449,"Down"
"ALS2CR2",-1.4515273949572,11.7289013421881,-4.68020374255035,1.65730548376816e-05,0.00018186233025723,2.39374877681184,"Down"
"MMP8",2.34051036000466,4.88420569866904,4.66411414389497,1.75545448920801e-05,0.000191545685150561,2.33817192324691,"Up"
"ATP8B2",-0.842692432549253,6.22082082724763,-4.66301961483709,1.76233362959869e-05,0.000192212873961436,2.33439442462651,"Down"
"SLC9A8",0.891725746063104,6.75519748644031,4.66021500044069,1.78008101936243e-05,0.000193792077491265,2.32471687252525,"Up"
"FCGR3A",-0.867570375116082,8.36695538324522,-4.66012285476747,1.7806670604806e-05,0.000193792077491265,2.32439896239976,"Down"
"FLJ14213",-1.20607221782182,7.26720570081008,-4.65917198593772,1.78672554020151e-05,0.000194283218341981,2.32111855831781,"Down"
"HLA-DQB1",-1.28354257309745,6.78616653309603,-4.63740570488573,1.9310426647385e-05,0.000208443162694401,2.24611275165385,"Down"
"RIT1",1.11279045134313,6.3558469155624,4.62557911744551,2.0141625093889e-05,0.00021657846657843,2.20542802027338,"Up"
"DNAJB2",-0.845294378435462,9.56646530548846,-4.62402646813805,2.02533079923329e-05,0.000217500283181226,2.20009038117712,"Down"
"LYSMD2",-0.926584393075519,10.2676642166992,-4.60886230242584,2.13763246207523e-05,0.00022877854447242,2.14800422074122,"Down"
"RNASEH2B",-1.04500360073073,7.12296736172678,-4.59654026974188,2.23333800247266e-05,0.000237705831423212,2.10574017959959,"Down"
"LILRA3",1.09393340978275,9.68066632411304,4.57806987452372,2.3846694846247e-05,0.00025203142158767,2.04248884672253,"Up"
"PTGS2",-0.801681307521061,8.61548000626719,-4.57543344146333,2.40706969888541e-05,0.000254152592314066,2.03347042376959,"Down"
"C7orf53",0.952502523071751,6.07072718012197,4.56021306754422,2.54045422624442e-05,0.000267114258669112,1.98145517582761,"Up"
"CCDC72",0.986043161386325,8.72876494977634,4.55061707037404,2.62822282605681e-05,0.000275996331859099,1.94870416612002,"Up"
"ST6GALNAC3",0.965206271058936,5.56213286828685,4.5458930332804,2.67250902621658e-05,0.000280412674954444,1.93259338203285,"Up"
"C1QB",1.37730497986976,5.75671704071108,4.53238254453592,2.80321596546415e-05,0.000292782922192642,1.88656237050096,"Up"
"UBASH3A",-0.815320056199075,6.02285779628739,-4.53170979208623,2.80988471816843e-05,0.00029335756567589,1.88427201041889,"Down"
"LOC650140",1.24736243898712,5.61406608244112,4.50724881429811,3.06313493897154e-05,0.000317817632545376,1.80110872025263,"Up"
"ELMOD2",0.961340095212505,6.23932772797681,4.4985902448599,3.1579984395821e-05,0.000326716381774049,1.7717240757156,"Up"
"LOC653702",-0.809049847987003,6.7084575389395,-4.48757699442718,3.28279964206877e-05,0.000338791391632221,1.73438869344182,"Down"
"LPCAT2",1.18824198367148,7.03378334253022,4.48391482093501,3.3253527979856e-05,0.000342901432901386,1.72198381838557,"Up"
"ODC1",-1.17712559663654,9.47662448446769,-4.48240046996632,3.34310547872095e-05,0.000344314380465853,1.71685572856974,"Down"
"TRIM22",0.900197391504388,8.95828201635074,4.48226525062572,3.34469512815411e-05,0.00034433102179277,1.7163978732999,"Up"
"LOC651738",0.800083087314183,7.50294651485618,4.46759042478902,3.52165636062071e-05,0.000360482251245948,1.66674949513517,"Up"
"LAG3",-0.971045325250287,6.32822816386822,-4.44538041369121,3.80693075658887e-05,0.000387631588580981,1.5917627034931,"Down"
"WDR40A",-1.16210186153235,12.1829760782446,-4.43003255310177,4.01706746373164e-05,0.000408036670861469,1.5400541629582,"Down"
"HLA-DOA",-1.22891012141983,6.68560001981681,-4.41007445562045,4.30725424322819e-05,0.000434876994677738,1.47294868145595,"Down"
"RBX1",0.838057103732476,9.67039593240312,4.40470492458205,4.38874169823195e-05,0.000442107840186421,1.45492090366757,"Up"
"LOC650646",-1.09946710395141,12.2143284975503,-4.40118992457779,4.44289428286888e-05,0.000446420312835026,1.44312563202031,"Down"
"GPR68",-0.835067216447823,6.05300448470037,-4.39386604923879,4.55782086198331e-05,0.000456326628714697,1.41856438413327,"Down"
"LOC644934",-1.13822454666994,10.2294956233787,-4.39053641018809,4.61101995013016e-05,0.000460735459245915,1.40740507135192,"Down"
"CD24",1.04614913507744,7.81647976839374,4.38563444073589,4.69044024470747e-05,0.000467927252983912,1.39098396897542,"Up"
"FFAR2",0.800549568097532,10.3301178849486,4.37809743121549,4.81515135509645e-05,0.000479038009763058,1.36575412000603,"Up"
"CACNA1E",1.40863746449015,5.53716469860154,4.36930746771341,4.9646654287205e-05,0.000492353802280211,1.33635826588982,"Up"
"KIAA0355",-0.815394003608537,7.2953568754939,-4.36411122412409,5.0551619433767e-05,0.000499554918461047,1.31899504796649,"Down"
"OAS2",-0.929896426969463,8.09889035438976,-4.36266390743741,5.08065197096215e-05,0.000501482491362341,1.31416074792603,"Down"
"LOC645284",-1.42347153208158,8.19465943242672,-4.34818609126419,5.34260007853839e-05,0.000525686755281624,1.26584792502532,"Down"
"CCL4L1",-1.28103920727982,6.73874553757876,-4.33045950728258,5.68121933124607e-05,0.00055617544387666,1.20680761246721,"Down"
"LOC728973",-0.864808004866228,8.87811165272021,-4.3266048702451,5.75756238362586e-05,0.000562708857574706,1.19398598450852,"Down"
"PHOSPHO1",-1.2314888196252,8.22857321015038,-4.3264373283043,5.76090311344165e-05,0.000562708857574706,1.19342882735423,"Down"
"TNFAIP8L1",-0.979976159909063,7.03805750168195,-4.32244672458238,5.84103266125427e-05,0.000569602641985773,1.18016149705136,"Down"
"SIDT1",-0.935364814519488,5.97000672377422,-4.31072639413333,6.08267394076188e-05,0.000591560630060942,1.14123270889657,"Down"
"CSDA",-1.01271794185601,13.4477365325729,-4.30074740264361,6.29603306201909e-05,0.000609950948667283,1.1081315475123,"Down"
"MME",-0.963586933721503,7.89951050969565,-4.27282872862594,6.93223758569777e-05,0.000664923513561396,1.01573854465918,"Down"
"RTF1",-1.20162324653727,8.9122192824762,-4.2629344627028,7.17232617673484e-05,0.00068559802312971,0.983071597301253,"Down"
"LOC387686",-1.3047552696678,8.20534716770807,-4.2290802074044,8.05630978180788e-05,0.00076342113801225,0.871605239799664,"Down"
"RPS26L",-1.08428454755876,11.5243562282542,-4.22487668049943,8.17317395777393e-05,0.000772747624288968,0.857798359755392,"Down"
"LOC649143",-1.53131382702227,7.41938618737282,-4.22434822217861,8.18798152865246e-05,0.000773300251237464,0.856063113301705,"Down"
"C11orf82",1.12913330486699,6.08612577501984,4.21639034256256,8.41412981412223e-05,0.000794036124350724,0.829946803834216,"Up"
"CISD2",0.926501089816884,6.61153816125375,4.21283635949409,8.517070166571e-05,0.000802244825730966,0.818291893592447,"Up"
"HOXC4",-0.967838875816537,5.52116165821979,-4.20455048152774,8.76182604759183e-05,0.000823140160076452,0.791139948723062,"Down"
"PRSS33",-1.21207412336651,5.77428571703092,-4.20392053600453,8.78070993202056e-05,0.000824298161654207,0.78907687180052,"Down"
"UAP1",-0.813749738880311,6.07149105255992,-4.1913272266614,9.16659090673139e-05,0.000855730023747594,0.747869002196518,"Down"
"AP3B2",1.23151490620232,4.27149961520543,4.19072383381288,9.18548610599128e-05,0.000857175652207204,0.745896270484732,"Up"
"SPIB",-0.824671543257105,6.17680008696753,-4.17362213368477,9.73697313862871e-05,0.000903608359930328,0.690048622736819,"Down"
"LOC651612",1.13530163555199,6.41589163028799,4.17318871595038,9.75135782877469e-05,0.000904609357252383,0.688634871487151,"Up"
"UPB1",1.13797424894327,5.74512994640523,4.1694141255616,9.87750472777994e-05,0.00091496119696532,0.676326066233392,"Up"
"RPL23",-0.970125306703167,9.9670306997954,-4.14899782816544,0.000105876518273576,0.000975709556230829,0.609855598006408,"Down"
"BCR",-1.01888746079853,7.13915202084594,-4.13948324444622,0.000109352299813551,0.00100406019624276,0.578940050892284,"Down"
"MYOM2",-1.81181072355449,6.71249494229522,-4.13515690414083,0.000110969000104799,0.00101741818476829,0.564895575206921,"Down"
"OSBPL10",-0.88250628945521,5.70717539278801,-4.13110765324075,0.00011250306937198,0.00103073147376515,0.55175799677532,"Down"
"MEF2A",0.827189993168859,6.02069228645975,4.12481388920468,0.000114928242281503,0.00104988953886518,0.531352427761557,"Up"
"BLVRB",-1.10568611132087,10.5054832330772,-4.10982491383002,0.000120909079826114,0.00110012821817898,0.482825234828327,"Down"
"CAMK1G",-1.20364789010943,7.76821166423509,-4.0854728237564,0.00013127222975932,0.00118668962824499,0.404195916844729,"Down"
"RNF146",0.917063337316714,6.17136235162293,4.072476892631,0.00013714846398149,0.00123315893579923,0.362341727436796,"Up"
"CDKN1C",-0.845412917070835,6.37961822963244,-4.07225905768298,0.000137249091637543,0.00123362251117906,0.361640818994701,"Down"
"NR2C2AP",-0.869747366710801,5.88609028377458,-4.067173619438,0.00013961863488302,0.00125312834022104,0.345283882467829,"Down"
"FCGBP",-0.952726483953891,5.66765481861874,-4.05780497375563,0.000144087686742683,0.00128864509390137,0.315180676882516,"Down"
"CPA3",-0.819578295298651,6.11600879380631,-4.05675450764348,0.000144597304483695,0.00129273692557614,0.311807791627469,"Down"
"TGIF2",-0.80183722893423,6.40287464754855,-4.04634031059112,0.000149744584583505,0.00133353838343228,0.27839629654332,"Down"
"PNPLA1",1.01952428095739,5.17553033805618,4.03163448206193,0.000157315006863711,0.00139404274675844,0.231299607260117,"Up"
"C10orf35",-0.884256431405985,5.41744168358559,-4.01625145840935,0.000165628555122987,0.00145897052410368,0.182139321330119,"Down"
"BMX",1.03325176253474,5.06198532895288,4.00270047671533,0.000173301519097026,0.00152122911665476,0.138923395971538,"Up"
"FGF13",1.12710029076598,4.55740957687036,3.99171553885747,0.000179771807085033,0.00157527474036868,0.103952861500479,"Up"
"TKTL1",-0.806228386597581,6.10137068789868,-3.9862426956665,0.000183081638390731,0.00160091033520725,0.0865508498840413,"Down"
"TCN2",1.1255075403149,5.9865143716647,3.98614193373368,0.000183143123470805,0.00160091033520725,0.0862305867739339,"Up"
"CLEC5A",1.17283690101097,5.78639180904382,3.98321140955825,0.000184940059980334,0.00161437260691167,0.0769182244167919,"Up"
"TGM3",-1.13427697591264,6.67847922500016,-3.98309020999278,0.000185014741539589,0.00161446393693345,0.0765331727176024,"Down"
"ELA2",1.25187800476686,7.35485482068967,3.97159176245256,0.000192233576018592,0.00167223256093682,0.040033533800611,"Up"
"HES4",-0.882867233909949,6.97478826177128,-3.96837112114305,0.000194303666278308,0.00168615608223564,0.029821237372202,"Down"
"C1orf128",-1.08132447410203,10.532199978753,-3.95495127692763,0.000203162741609687,0.00175434384409479,-0.0126795062107155,"Down"
"PPARG",0.961138134139924,4.37665796414341,3.95125422738228,0.000205670854192624,0.00177256265834849,-0.02437328730446,"Up"
"TSPAN5",-1.13764342519474,9.84634516397622,-3.92818076771856,0.000222010603053574,0.00189712663520287,-0.0972094915573249,"Down"
"BACH2",-0.814246864725837,5.86014519300577,-3.91892963114429,0.000228906619635082,0.00195141146748931,-0.126342000936198,"Down"
"COX7C",0.89356750346299,9.87515625085311,3.90658410827605,0.000238430753976745,0.00202573476004575,-0.165155614904022,"Up"
"UBE2O",-0.969815886780049,8.08582953791327,-3.87657554717329,0.000263195973568272,0.0022063176977347,-0.259196831507379,"Down"
"NOL14",-0.804677457264797,6.39418552092107,-3.86946046192448,0.000269420475036033,0.00225398693590878,-0.281430604954708,"Down"
"TRAF5",-0.867450351869224,5.80262753301198,-3.8665885812671,0.000271972730005971,0.00227155961207645,-0.290397943451872,"Down"
"HLA-DPB1",-0.852985472585539,6.37317077739657,-3.86247421517501,0.000275669684196224,0.00229861885926802,-0.303237929808787,"Down"
"LOC654194",-0.968129249892847,11.3363181525444,-3.86182370129056,0.000276258602270691,0.00230276567012108,-0.305267281516083,"Down"
"MYL9",1.0272819202916,6.72700918169086,3.85564383507875,0.000281913891913617,0.00234291412982094,-0.324535820311011,"Up"
"TREML3",0.829773423088246,6.20982391379131,3.8541345829465,0.000283311826177749,0.0023521992437611,-0.329238777174236,"Up"
"EPHX2",-0.891180911312742,6.06506111727533,-3.8520964811013,0.000285210168797476,0.00236561651058019,-0.335587914090329,"Down"
"HAGH",-0.970950421124789,10.6365887010429,-3.85103229782749,0.000286206224128322,0.00237153080902637,-0.338902275531394,"Down"
"Septin 11",-0.881161484238391,6.73959929408692,-3.84054649724488,0.000296200954377075,0.00244789348883618,-0.371530379027247,"Down"
"KIR2DL3",-0.835674656516507,7.06898259656673,-3.83901815357017,0.000297685403916967,0.00245854502446536,-0.376281555958454,"Down"
"RPS26L1",-0.948000721795513,11.0236150975102,-3.83203493891411,0.000304559371820635,0.0025087230037912,-0.397975780514507,"Down"
"SLC41A1",-0.873135437425696,5.56552392926433,-3.81840103823887,0.000318421429811086,0.00261467634904847,-0.440262124834947,"Down"
"NTSR1",0.91913143336855,5.53987207019185,3.80998083642048,0.000327282691763594,0.0026818405707095,-0.466332083579875,"Up"
"YOD1",0.940680744979876,7.73349384210962,3.80972207822823,0.000327558714621625,0.00268322778937362,-0.467132674770728,"Up"
"LRRN1",1.13526316918886,5.03278910536165,3.80884179567504,0.000328499403107017,0.00269005700133889,-0.469855998108555,"Up"
"TMEM165",0.902944540039314,6.43127469537206,3.80126979051854,0.000336698679697684,0.00274824831415577,-0.493265589747614,"Up"
"LOC440359",-1.01281483559814,10.9026162495524,-3.79393242478953,0.000344830815372504,0.00280642495903682,-0.515922604277955,"Down"
"TMTC1",1.17055749224171,5.15350423038051,3.79162036746062,0.00034743208582165,0.00282485208200397,-0.523056442233881,"Up"
"GVIN1",-0.810053332597006,10.4931312834268,-3.78894986682694,0.000350460044816933,0.00284670937857761,-0.531292938246795,"Down"
"IFIT2",-1.02666084176447,10.9239557483101,-3.76669954637514,0.000376690737860834,0.00303720498711397,-0.599779852931063,"Down"
"TUBB1",-0.966314774584733,11.2696853427733,-3.75322866760312,0.000393474491147565,0.00315734079395141,-0.641122563414558,"Down"
"SLC25A39",-0.934341630695496,13.8332489138107,-3.74487008846666,0.000404246153558568,0.00323139850571142,-0.666729306621347,"Down"
"SNHG5",-0.830493810104356,9.1527022953684,-3.72943649638692,0.000424881387779617,0.00338236798251411,-0.713917356541696,"Down"
"PCSK5",-0.896509822361594,6.78029077166058,-3.72727094974857,0.000427856206897456,0.00340389400044368,-0.720528789724897,"Down"
"RNF165",-0.959343725394086,6.42968008666953,-3.69535079378716,0.00047408413303135,0.00373035214535466,-0.817702617329727,"Down"
"GIPC1",-0.89644577188332,6.42996745366331,-3.68729928188768,0.000486477679576073,0.00382189027016952,-0.842130799178956,"Down"
"CD40LG",-0.848295849012646,5.93017940876706,-3.66788641696885,0.000517645333645356,0.00404149182852306,-0.900890923719035,"Down"
"C1GALT1C1",0.826784481429913,5.80285459193609,3.66622721458721,0.000520395916001999,0.00405792597031335,-0.905904007658259,"Up"
"GSPT1",-0.834441219669364,12.4830666958573,-3.65004262785606,0.000547968540975104,0.00425051808704539,-0.954728338669881,"Down"
"GBP4",-0.985633502089685,7.90955854805717,-3.63151544359473,0.000581243711876444,0.00448483106547047,-1.010450797222,"Down"
"OSTalpha",1.56289456385531,5.21182777421915,3.6109765888062,0.000620382961552837,0.00476372255755599,-1.07201154324956,"Up"
"FAM83F",-1.10698893341777,7.07254700881152,-3.57684076105907,0.000691046933679845,0.00525814767333877,-1.17382879625028,"Down"
"PID1",-1.02131964165572,6.11301600869021,-3.57292490832098,0.000699626675581476,0.00531860133780414,-1.18546865747112,"Down"
"CFD",-0.911917539038825,11.5644849499137,-3.56891361795187,0.000708520644309825,0.00537970673450589,-1.19738363093657,"Down"
"MERTK",0.842153444155639,5.83861713024154,3.55074327770088,0.000750174088648149,0.0056600770073873,-1.25124703801513,"Up"
"DPM2",-1.07205538888766,7.98951716388405,-3.54350571568482,0.000767405822977394,0.00577276552652653,-1.27265185256896,"Down"
"CEACAM8",1.16355605639324,7.35016763044683,3.5433472272878,0.00076778734483282,0.0057739078220452,-1.27312025685601,"Up"
"TXNDC3",0.873445014806966,6.33310495394417,3.52180013037587,0.000821370508073887,0.00614638386510148,-1.33667383804368,"Up"
"CCDC52",-1.15132066961656,7.55045777386762,-3.51292877317302,0.000844449168083274,0.00630328149810377,-1.36276610690376,"Down"
"OLIG2",-0.938790116013762,5.68734237818482,-3.48221106806462,0.000929213501626374,0.00689159266793069,-1.45277675004197,"Down"
"LOC653635",-0.861706342330792,7.96116840492548,-3.47378820699041,0.000953831228516817,0.00705274031909199,-1.47736635883412,"Down"
"ENOSF1",-0.829638276449312,6.39184131090055,-3.44955982657602,0.00102814151628418,0.00754010435221243,-1.5478772749469,"Down"
"CRIP2",-0.889696841332433,5.27143334934715,-3.43992456355759,0.00105919298228908,0.00774298097550087,-1.57582675657421,"Down"
"RUNDC3A",-1.07077641713856,7.49156250613806,-3.41797307151441,0.00113328823822185,0.00822484593212974,-1.63930654375254,"Down"
"RPS26",-0.867218741666417,9.87651226876948,-3.41425215893447,0.00114632471137912,0.00830507298100028,-1.65003965002227,"Down"
"SLC1A3",1.10722276198099,4.52304223504321,3.40465293571466,0.00118061520845847,0.00852158091893365,-1.67769252858248,"Up"
"CES1",0.813278188742491,5.87372483360467,3.40128081364574,0.00119289000413439,0.00860030246743291,-1.68739425555028,"Up"
"PDZK1IP1",-0.913307996432625,8.9018683950161,-3.37053050535773,0.00131053475033831,0.00936521990435049,-1.77556316526194,"Down"
"FAM129C",-0.842246502901077,6.09366621864147,-3.34697732268431,0.00140797739270229,0.00999337991319469,-1.84272694206447,"Down"
"LOC400793",1.0086829404112,5.38361152888042,3.33793059658576,0.00144719357362623,0.010254353562842,-1.86843868944602,"Up"
"DAAM2",1.16248783799257,5.50796727138535,3.33461536039096,0.00146182119903734,0.0103463358512947,-1.87784898211613,"Up"
"VSTM3",-0.846456269988605,5.44876158566042,-3.30118086949056,0.00161735464486666,0.0112945266033189,-1.97239245313722,"Down"
"LOC648796",-0.889182789361437,6.91299502337917,-3.25729204503333,0.00184529129300017,0.0127481789244364,-2.09549413704295,"Down"
"NDUFAF1",1.05284441216784,5.1602585739101,3.25431909196921,0.00186177766421178,0.0128387717352617,-2.10379127106678,"Up"
"LY6E",-0.872722626798486,9.36508803854562,-3.23079139622108,0.00199722588862397,0.0136775425878525,-2.16926668528554,"Down"
"DNAJC3",0.937510524443378,4.9576603405869,3.20838206155642,0.00213480767403507,0.0144934012760577,-2.2313188138643,"Up"
"LOC400304",-0.964180502166482,6.78433353675049,-3.20815473214422,0.00213624793583315,0.0144985473369652,-2.23194673376753,"Down"
"GPR44",-0.94043845061137,5.89414026229871,-3.16535953553228,0.00242424956468645,0.0162218882236405,-2.34959112224852,"Down"
"MMRN1",0.812736592658829,6.20402577421289,3.16252177789988,0.0024445806924902,0.0163405367214048,-2.35735237657931,"Up"
"EPB49",-0.935483084569519,10.4258945054913,-3.15836710920148,0.00247463542334145,0.0165238604363358,-2.36870640936649,"Down"
"C16orf35",-0.823551895200602,8.77921696861911,-3.149236225217,0.00254190949510679,0.0169191434225535,-2.39362212097245,"Down"
"SAMD14",0.876855185314166,6.87686918888641,3.14304378793985,0.002588505152124,0.0171828184723124,-2.41049020981525,"Up"
"MBNL3",-0.863371857303882,8.15015044748668,-3.14297305024768,0.00258904201961493,0.0171828184723124,-2.41068276055649,"Down"
"ANKRD34B",1.14635681248545,5.2360540670571,3.13383582047424,0.00265927331369698,0.0176210150517507,-2.43552850680733,"Up"
"LOC652140",-0.982403809737671,8.18483740276261,-3.13154496079522,0.0026771591735062,0.0177208482416919,-2.44174961426487,"Down"
"LOC152578",-0.844437396478228,6.29356289391115,-3.10370138388662,0.00290374481137247,0.0190451720735465,-2.5171001164926,"Down"
"EFCBP1",0.919336298968002,4.28103310101282,3.0976127549274,0.00295562694539616,0.0193400472168817,-2.53351243428932,"Up"
"AQP10",0.856772453904567,7.41648220609514,3.09557124416443,0.00297321613519624,0.0194349073423904,-2.53901024393594,"Up"
"NR1D1",-1.14334565542945,7.06201180054904,-3.09492798089202,0.00297877858991914,0.0194611470245756,-2.5407420146662,"Down"
"LOC731823",0.873255269588136,4.36625959765199,3.0911784775629,0.00301139557515485,0.0196487113312725,-2.55083110463233,"Up"
"KRT3",-0.936481876499677,6.21759059528527,-3.07774326322895,0.00313103018890724,0.020323805563937,-2.58690942164228,"Down"
"C5orf4",-0.803158623616858,7.44838769955069,-3.06699047535387,0.0032299623745541,0.0208850962181816,-2.61570212621662,"Down"
"MAOA",1.23160609482113,5.26483056925658,3.04348843979739,0.00345644317461836,0.0221727434064571,-2.67837734728368,"Up"
"SELENBP1",-1.19506729447526,9.49177082990398,-3.03340619846547,0.00355807132573675,0.022731871189078,-2.70515647471152,"Down"
"MX1",-0.842511893783072,11.0787684849752,-3.01367299536326,0.00376508960883985,0.0239631272825909,-2.75738023911277,"Down"
"C1QC",0.90893027000099,4.80169196832455,2.97925654249588,0.00415320797625446,0.026148672307297,-2.84786071431678,"Up"
"TTC25",-0.958796851483505,6.46596947886469,-2.96621425265111,0.00430977185696984,0.0270463466011537,-2.88194736467775,"Down"
"ENTPD7",0.90053358911956,4.93293582096346,2.86325984045916,0.00575210631828689,0.0349041643354411,-3.14708152922332,"Up"
"LOC643933",-0.903363154154507,6.95406933488273,-2.84166262572951,0.00610643815551315,0.0368231842719118,-3.20180034118132,"Down"
"INCA",0.836769112317207,4.84178954045192,2.81211511077802,0.00662388566607384,0.0395075885278995,-3.27614939075326,"Up"
"LOC284422",-0.834919443922933,7.93737930097037,-2.79386278768039,0.0069634100935853,0.0412003129566332,-3.32177899011125,"Down"
"C20orf108",-0.823498564844133,10.3402866201015,-2.77942452429137,0.00724325549950498,0.0426652866114234,-3.35771162413896,"Down"
