exposure,outcome,id.exposure,id.outcome,method,nsnp,b,se,pval,fdr,PRESSO_pval.x,egger_intercept,egger_pval,QE,QEp,I2,correct_causal_direction,steiger_pval,PRESSO_pval.y,lo_ci,up_ci,or,or_lci95,or_uci95,PRESSO_pval
ACE2,Bacterial pneumoniae,Q9BYF1,J10_PNEUMOBACT,Inverse variance weighted (multiplicative random effects),19,0.101295194246177,0.0361517256828422,0.00507953269699768,0.151905484573728,,-0.00272686291596216,0.665645487523279,14.024533391426,0.727490571886501,0,TRUE,6.5264346282555e-234,0.739,0.0304378119078064,0.172152576584548,1.10660325646777,1.03090577799173,1.18785905886628,0.739
ACE2,Bacterial pneumoniae,Q9BYF1,J10_PNEUMOBACT,Contamination mixture,,0.104760097684087,0.086734693877551,0.0502981172238908,,,-0.00272686291596216,0.665645487523279,14.024533391426,0.727490571886501,0,TRUE,6.5264346282555e-234,0.739,-0.0652399023159134,0.274760097684087,1.11044418026785,0.936842685686194,1.31621487399195,0.739
ACE2,Bacterial pneumoniae,Q9BYF1,J10_PNEUMOBACT,MR-PRESSO (Outlier-corrected),,0.101295194246177,0.0361517256828422,0.0117874560671085,,0.739,-0.00272686291596216,0.665645487523279,14.024533391426,0.727490571886501,0,TRUE,6.5264346282555e-234,0.739,0.0304378119078064,0.172152576584548,1.10660325646777,1.03090577799173,1.18785905886628,0.739
ACE2,Bacterial pneumoniae,Q9BYF1,J10_PNEUMOBACT,Weighted median,19,0.0709179895280164,0.0601778721781978,0.23860814330633,,,-0.00272686291596216,0.665645487523279,14.024533391426,0.727490571886501,0,TRUE,6.5264346282555e-234,0.739,-0.0470306399412512,0.188866618997284,1.07349318457551,0.954058164856407,1.20787983351468,0.739
ADAMTSL4,Bacterial pneumoniae,Q6UY14,J10_PNEUMOBACT,Inverse variance weighted (multiplicative random effects),14,-0.0622172727442922,0.0191949249265129,0.00118969310689095,0.0675074575781967,,-0.00601748503592147,0.447556921567696,5.84272730218049,0.951689809400882,0,TRUE,0,0.954,-0.0998393256002575,-0.0245952198883269,0.939678698040091,0.904982813925353,0.975704777994993,0.954
ADAMTSL4,Bacterial pneumoniae,Q6UY14,J10_PNEUMOBACT,Contamination mixture,,-0.0642442170288622,0.0306122448979592,0.0803943176530294,,,-0.00601748503592147,0.447556921567696,5.84272730218049,0.951689809400882,0,TRUE,0,0.954,-0.124244217028862,-0.00424421702886218,0.937775950706636,0.883164130823761,0.995764776931626,0.954
ADAMTSL4,Bacterial pneumoniae,Q6UY14,J10_PNEUMOBACT,MR-PRESSO (Outlier-corrected),,-0.0622172727442922,0.0191949249265129,0.00643460306436733,,0.954,-0.00601748503592147,0.447556921567696,5.84272730218049,0.951689809400882,0,TRUE,0,0.954,-0.0998393256002575,-0.0245952198883269,0.939678698040091,0.904982813925353,0.975704777994993,0.954
ADAMTSL4,Bacterial pneumoniae,Q6UY14,J10_PNEUMOBACT,Weighted median,14,-0.0491361508860908,0.0385872439164831,0.202883908984234,,,-0.00601748503592147,0.447556921567696,5.84272730218049,0.951689809400882,0,TRUE,0,0.954,-0.124767148962398,0.0264948471902161,0.952051498218898,0.882702416830217,1.0268489560907,0.954
ADD1,Bacterial pneumoniae,P35611,J10_PNEUMOBACT,Inverse variance weighted (multiplicative random effects),5,0.0999261565012446,0.0463847985806183,0.0312176921356289,0.406380898212629,,0.00715631052842693,0.66834903363679,3.04884875337917,0.549684220833105,0,TRUE,1.58831844653079e-140,0.606,0.00901195128323276,0.190840361719256,1.10508931140143,1.00905268117619,1.21026623183854,0.606
ADD1,Bacterial pneumoniae,P35611,J10_PNEUMOBACT,Contamination mixture,,0.0988386335088977,0.130102040816327,0.142594582871595,,,0.00715631052842693,0.66834903363679,3.04884875337917,0.549684220833105,0,TRUE,1.58831844653079e-140,0.606,-0.156161366491102,0.353838633508898,1.10388815462788,0.855421142924954,1.42452529728347,0.606
ADD1,Bacterial pneumoniae,P35611,J10_PNEUMOBACT,MR-PRESSO (Outlier-corrected),,0.0999261565012446,0.0463847985806183,0.0975116059141099,,0.606,0.00715631052842693,0.66834903363679,3.04884875337917,0.549684220833105,0,TRUE,1.58831844653079e-140,0.606,0.00901195128323276,0.190840361719256,1.10508931140143,1.00905268117619,1.21026623183854,0.606
ADD1,Bacterial pneumoniae,P35611,J10_PNEUMOBACT,Weighted median,5,0.0660632298834153,0.0613695480419025,0.281711629772971,,,0.00715631052842693,0.66834903363679,3.04884875337917,0.549684220833105,0,TRUE,1.58831844653079e-140,0.606,-0.0542210842787135,0.186347544045544,1.06829426315222,0.947222667310612,1.20484092291017,0.606
ADGRE2,Bacterial pneumoniae,Q9UHX3,J10_PNEUMOBACT,Inverse variance weighted (multiplicative random effects),30,0.0537112236340694,0.0253696728421548,0.0342477187066584,0.414122771207857,,-0.000304547345589233,0.944950364399828,32.4828546771952,0.299083884725763,10.7221323735453,TRUE,0,0.298,0.00398666486344602,0.103435782404693,1.05517984715251,1.00399462218269,1.10897457539788,0.298
ADGRE2,Bacterial pneumoniae,Q9UHX3,J10_PNEUMOBACT,Contamination mixture,,0.071910917930145,0.0306122448979592,0.0166479320537729,,,-0.000304547345589233,0.944950364399828,32.4828546771952,0.299083884725763,10.7221323735453,TRUE,0,0.298,0.011910917930145,0.131910917930145,1.07455961580528,1.01198213538733,1.14100667150379,0.298
ADGRE2,Bacterial pneumoniae,Q9UHX3,J10_PNEUMOBACT,MR-PRESSO (Outlier-corrected),,0.0537112236340694,0.0253696728421548,0.0429457465141082,,0.298,-0.000304547345589233,0.944950364399828,32.4828546771952,0.299083884725763,10.7221323735453,TRUE,0,0.298,0.00398666486344602,0.103435782404693,1.05517984715251,1.00399462218269,1.10897457539788,0.298
ADGRE2,Bacterial pneumoniae,Q9UHX3,J10_PNEUMOBACT,Weighted median,30,0.0526628557039022,0.0352464754911811,0.135141352960322,,,-0.000304547345589233,0.944950364399828,32.4828546771952,0.299083884725763,10.7221323735453,TRUE,0,0.298,-0.0164202362588128,0.121745947666617,1.05407421009868,0.983713840957649,1.12946712157015,0.298
AGR3,Bacterial pneumoniae,Q8TD06,J10_PNEUMOBACT,Inverse variance weighted (multiplicative random effects),8,-0.178325805911423,0.0843132068534437,0.0344265373684145,0.414122771207857,,-0.00212209675998097,0.938063711274516,11.4118045561052,0.121637742214473,38.660008015515,TRUE,1.83268164832864e-70,0.152,-0.343579691344173,-0.0130719204786736,0.836669787115357,0.709226959642578,0.987013146009618,0.152
AGR3,Bacterial pneumoniae,Q8TD06,J10_PNEUMOBACT,Contamination mixture,,-0.250696976886057,0.193877551020408,0.187367952685104,,,-0.00212209675998097,0.938063711274516,11.4118045561052,0.121637742214473,38.660008015515,TRUE,1.83268164832864e-70,0.152,-0.630696976886057,0.129303023113943,0.77825816604449,0.532220726162208,1.1380349228082,0.152
AGR3,Bacterial pneumoniae,Q8TD06,J10_PNEUMOBACT,MR-PRESSO (Outlier-corrected),,-0.178325805911423,0.0843132068534437,0.0722487271402713,,0.152,-0.00212209675998097,0.938063711274516,11.4118045561052,0.121637742214473,38.660008015515,TRUE,1.83268164832864e-70,0.152,-0.343579691344173,-0.0130719204786736,0.836669787115357,0.709226959642578,0.987013146009618,0.152
AGR3,Bacterial pneumoniae,Q8TD06,J10_PNEUMOBACT,Weighted median,8,-0.112314376652374,0.096221746589152,0.243111341891535,,,-0.00212209675998097,0.938063711274516,11.4118045561052,0.121637742214473,38.660008015515,TRUE,1.83268164832864e-70,0.152,-0.300908999967111,0.0762802466623641,0.893763235035376,0.740145122912755,1.07926499219135,0.152
AHSA1,Bacterial pneumoniae,O95433,J10_PNEUMOBACT,Inverse variance weighted (multiplicative random effects),4,0.268919033106662,0.114054829861544,0.0183833533202342,0.324698957420564,,0.0228346087534534,0.344081424284859,2.98167736129492,0.394458802370509,0,TRUE,1.42344850857843e-22,0.426,0.0453715665780355,0.492466499635289,1.30854918759466,1.0464166011183,1.63634729659748,0.426
AHSA1,Bacterial pneumoniae,O95433,J10_PNEUMOBACT,Contamination mixture,,0.394355134369366,0.183673469387755,0.0357827084696213,,,0.0228346087534534,0.344081424284859,2.98167736129492,0.394458802370509,0,TRUE,1.42344850857843e-22,0.426,0.0343551343693656,0.754355134369366,1.48342727114903,1.03495208852883,2.12623994209888,0.426
AHSA1,Bacterial pneumoniae,O95433,J10_PNEUMOBACT,MR-PRESSO (Outlier-corrected),,0.268919033106662,0.114054829861544,0.0995979244106055,,0.426,0.0228346087534534,0.344081424284859,2.98167736129492,0.394458802370509,0,TRUE,1.42344850857843e-22,0.426,0.0453715665780355,0.492466499635289,1.30854918759466,1.0464166011183,1.63634729659748,0.426
AHSA1,Bacterial pneumoniae,O95433,J10_PNEUMOBACT,Weighted median,4,0.327595354309644,0.139044082552207,0.0184702369738279,,,0.0228346087534534,0.344081424284859,2.98167736129492,0.394458802370509,0,TRUE,1.42344850857843e-22,0.426,0.0550689525073178,0.60012175611197,1.38762736123878,1.05661346831165,1.82234066799779,0.426
ALDH1A1,Bacterial pneumoniae,P00352,J10_PNEUMOBACT,Inverse variance weighted (multiplicative random effects),6,-0.162456594389719,0.0689707073973603,0.0185006174942946,0.324698957420564,,0.0206946403035782,0.307789601680843,4.06792329480781,0.539678725659007,0,TRUE,4.4728747442244e-62,0.599,-0.297639180888546,-0.0272740078908932,0.850052986493289,0.742569224583692,0.973094569400271,0.599
ALDH1A1,Bacterial pneumoniae,P00352,J10_PNEUMOBACT,Contamination mixture,,-0.230849671090719,0.086734693877551,0.0297783044054924,,,0.0206946403035782,0.307789601680843,4.06792329480781,0.539678725659007,0,TRUE,4.4728747442244e-62,0.599,-0.400849671090719,-0.0608496710907186,0.793858796992647,0.669750736368227,0.940964683338734,0.599
ALDH1A1,Bacterial pneumoniae,P00352,J10_PNEUMOBACT,MR-PRESSO (Outlier-corrected),,-0.162456594389719,0.0689707073973603,0.0651183715394149,,0.599,0.0206946403035782,0.307789601680843,4.06792329480781,0.539678725659007,0,TRUE,4.4728747442244e-62,0.599,-0.297639180888546,-0.0272740078908932,0.850052986493289,0.742569224583692,0.973094569400271,0.599
ALDH1A1,Bacterial pneumoniae,P00352,J10_PNEUMOBACT,Weighted median,6,-0.223866542414547,0.0934488289253676,0.0165929316164578,,,0.0206946403035782,0.307789601680843,4.06792329480781,0.539678725659007,0,TRUE,4.4728747442244e-62,0.599,-0.407026247108268,-0.0407068377208268,0.799421816155802,0.665626719295673,0.960110556893018,0.599
ANG,Bacterial pneumoniae,P03950,J10_PNEUMOBACT,Inverse variance weighted (multiplicative random effects),25,0.0634408314159113,0.0266383037245942,0.0172392838946196,0.315293679824736,,0.00391082265950917,0.3187813882613,23.398711467407,0.496374945343238,0,TRUE,0,0.402,0.0112297561157067,0.115651906716116,1.06549644002061,1.01129304651697,1.12260503284055,0.402
ANG,Bacterial pneumoniae,P03950,J10_PNEUMOBACT,Contamination mixture,,0.146737560935475,0.0459183673469388,0.00998969245237805,,,0.00391082265950917,0.3187813882613,23.398711467407,0.496374945343238,0,TRUE,0,0.402,0.0567375609354753,0.236737560935475,1.15805000558631,1.05837801420885,1.26710853535721,0.402
ANG,Bacterial pneumoniae,P03950,J10_PNEUMOBACT,MR-PRESSO (Outlier-corrected),,0.0634408314159113,0.0266383037245942,0.0255177288047071,,0.402,0.00391082265950917,0.3187813882613,23.398711467407,0.496374945343238,0,TRUE,0,0.402,0.0112297561157067,0.115651906716116,1.06549644002061,1.01129304651697,1.12260503284055,0.402
ANG,Bacterial pneumoniae,P03950,J10_PNEUMOBACT,Weighted median,25,0.0208119305058749,0.0387313426479063,0.591032230107619,,,0.00391082265950917,0.3187813882613,23.398711467407,0.496374945343238,0,TRUE,0,0.402,-0.0551015010840215,0.0967253620957713,1.02103000898214,0.946389083560359,1.10155780254789,0.402
ANXA2,Bacterial pneumoniae,P07355,J10_PNEUMOBACT,Inverse variance weighted (multiplicative random effects),24,0.0347542001446605,0.0127747721149544,0.00651765957207751,0.173778079915753,,0.00752352225966175,0.159460922860922,11.1348078989967,0.981770570658634,0,TRUE,0,0.986,0.00971564679934982,0.0597927534899712,1.03536518490726,1.00976299691715,1.06161650742882,0.986
ANXA2,Bacterial pneumoniae,P07355,J10_PNEUMOBACT,Contamination mixture,,0.0260172851057544,0.0178571428571429,0.124971207025704,,,0.00752352225966175,0.159460922860922,11.1348078989967,0.981770570658634,0,TRUE,0,0.986,-0.00898271489424565,0.0610172851057544,1.0263586890386,0.991057509158687,1.06291728666612,0.986
ANXA2,Bacterial pneumoniae,P07355,J10_PNEUMOBACT,MR-PRESSO (Outlier-corrected),,0.0347542001446605,0.0127747721149544,0.0121964279933007,,0.986,0.00752352225966175,0.159460922860922,11.1348078989967,0.981770570658634,0,TRUE,0,0.986,0.00971564679934982,0.0597927534899712,1.03536518490726,1.00976299691715,1.06161650742882,0.986
ANXA2,Bacterial pneumoniae,P07355,J10_PNEUMOBACT,Weighted median,24,0.0210532377952908,0.0261633836486162,0.421002461098196,,,0.00752352225966175,0.159460922860922,11.1348078989967,0.981770570658634,0,TRUE,0,0.986,-0.0302269941559969,0.0723334697465785,1.02127642069529,0.970225273083544,1.07501376886765,0.986
APOA2,Bacterial pneumoniae,P02652,J10_PNEUMOBACT,Inverse variance weighted (multiplicative random effects),25,-0.104797710314017,0.0389202107552748,0.00708909841200857,0.176987640765952,,0.0141558788175474,0.0660325199683785,27.5722912714021,0.278492102669861,12.9560914478924,TRUE,1.76837336008636e-277,0.22,-0.181081323394355,-0.0285140972336784,0.900506667373607,0.834367502339242,0.971888593108957,0.22
APOA2,Bacterial pneumoniae,P02652,J10_PNEUMOBACT,Contamination mixture,,-0.077896034410407,0.0535714285714286,0.109560732402732,,,0.0141558788175474,0.0660325199683785,27.5722912714021,0.278492102669861,12.9560914478924,TRUE,1.76837336008636e-277,0.22,-0.182896034410407,0.027103965589593,0.925060596014569,0.832854739470183,1.02747461921535,0.22
APOA2,Bacterial pneumoniae,P02652,J10_PNEUMOBACT,MR-PRESSO (Outlier-corrected),,-0.104797710314017,0.0389202107552748,0.012719711036797,,0.22,0.0141558788175474,0.0660325199683785,27.5722912714021,0.278492102669861,12.9560914478924,TRUE,1.76837336008636e-277,0.22,-0.181081323394355,-0.0285140972336784,0.900506667373607,0.834367502339242,0.971888593108957,0.22
APOA2,Bacterial pneumoniae,P02652,J10_PNEUMOBACT,Weighted median,25,-0.100055876399194,0.0543124705584006,0.0654420153325418,,,0.0141558788175474,0.0660325199683785,27.5722912714021,0.278492102669861,12.9560914478924,TRUE,1.76837336008636e-277,0.22,-0.20650831869366,0.0063965658952706,0.904786860391686,0.813419494841222,1.00641706761312,0.22
APOBR,Bacterial pneumoniae,Q0VD83,J10_PNEUMOBACT,Inverse variance weighted (multiplicative random effects),36,-0.0304441416509545,0.0108905646228579,0.00518258577619795,0.152920830969681,,-0.00345369571145068,0.44252911521328,47.4570498595829,0.0778859891442878,26.2491029181989,TRUE,0,0.084,-0.051789648311756,-0.00909863499015294,0.970014613968827,0.949528580777074,0.990942632335571,0.084
APOBR,Bacterial pneumoniae,Q0VD83,J10_PNEUMOBACT,Contamination mixture,,-0.0243571565843137,0.0102040816326531,0.0615415411637455,,,-0.00345369571145068,0.44252911521328,47.4570498595829,0.0778859891442878,26.2491029181989,TRUE,0,0.084,-0.0443571565843137,-0.00435715658431368,0.975937085148991,0.956612236093903,0.995652322050807,0.084
APOBR,Bacterial pneumoniae,Q0VD83,J10_PNEUMOBACT,MR-PRESSO (Outlier-corrected),,-0.0304441416509545,0.0108905646228579,0.00835739782432612,,0.084,-0.00345369571145068,0.44252911521328,47.4570498595829,0.0778859891442878,26.2491029181989,TRUE,0,0.084,-0.051789648311756,-0.00909863499015294,0.970014613968827,0.949528580777074,0.990942632335571,0.084
APOBR,Bacterial pneumoniae,Q0VD83,J10_PNEUMOBACT,Weighted median,36,-0.0293552910553795,0.0135921248005528,0.0307937405808626,,,-0.00345369571145068,0.44252911521328,47.4570498595829,0.0778859891442878,26.2491029181989,TRUE,0,0.084,-0.0559958556644631,-0.00271472644629599,0.971071390190263,0.945543054529959,0.997288955091334,0.084
APOD,Bacterial pneumoniae,P05090,J10_PNEUMOBACT,Inverse variance weighted (multiplicative random effects),20,-0.0822198512959628,0.038303390677007,0.0318297315507826,0.407953134038982,,-0.0115130435946844,0.058230255768904,30.1261841229058,0.0502143459402767,36.9319395961809,TRUE,4.5261365944556e-292,0.093,-0.157294497022896,-0.00714520556902914,0.921069438125316,0.854452388076867,0.992880260722222,0.093
APOD,Bacterial pneumoniae,P05090,J10_PNEUMOBACT,Contamination mixture,,-0.212227046826024,0.0892857142857143,0.0764825639849702,,,-0.0115130435946844,0.058230255768904,30.1261841229058,0.0502143459402767,36.9319395961809,TRUE,4.5261365944556e-292,0.093,-0.387227046826024,-0.0372270468260242,0.808781045549145,0.678936926951289,0.963457360578206,0.093
APOD,Bacterial pneumoniae,P05090,J10_PNEUMOBACT,MR-PRESSO (Outlier-corrected),,-0.0822198512959628,0.038303390677007,0.044954146614913,,0.093,-0.0115130435946844,0.058230255768904,30.1261841229058,0.0502143459402767,36.9319395961809,TRUE,4.5261365944556e-292,0.093,-0.157294497022896,-0.00714520556902914,0.921069438125316,0.854452388076867,0.992880260722222,0.093
APOD,Bacterial pneumoniae,P05090,J10_PNEUMOBACT,Weighted median,20,-0.0527415348720538,0.040975756240693,0.198045495778419,,,-0.0115130435946844,0.058230255768904,30.1261841229058,0.0502143459402767,36.9319395961809,TRUE,4.5261365944556e-292,0.093,-0.133054017103812,0.0275709473597044,0.94862516732419,0.875417803297221,1.02795454318093,0.093
APOE,Bacterial pneumoniae,P02649,J10_PNEUMOBACT,Inverse variance weighted (multiplicative random effects),33,0.0475116700482563,0.0164759929640654,0.00393044408724232,0.133816504077958,,-0.00139668955896493,0.749318967767982,39.7425346376594,0.163269470649179,19.4817333827588,TRUE,0,0.19,0.0152187238386881,0.0798046162578246,1.04865843894446,1.01533511832525,1.08307543166962,0.19
APOE,Bacterial pneumoniae,P02649,J10_PNEUMOBACT,Contamination mixture,,0.0430984111794428,0.0153061224489796,0.00867328871579782,,,-0.00139668955896493,0.749318967767982,39.7425346376594,0.163269470649179,19.4817333827588,TRUE,0,0.19,0.0130984111794429,0.0730984111794427,1.04404063506542,1.01318457114238,1.07583640603487,0.19
APOE,Bacterial pneumoniae,P02649,J10_PNEUMOBACT,MR-PRESSO (Outlier-corrected),,0.0475116700482563,0.0164759929640654,0.00697352631601795,,0.19,-0.00139668955896493,0.749318967767982,39.7425346376594,0.163269470649179,19.4817333827588,TRUE,0,0.19,0.0152187238386881,0.0798046162578246,1.04865843894446,1.01533511832525,1.08307543166962,0.19
APOE,Bacterial pneumoniae,P02649,J10_PNEUMOBACT,Weighted median,33,0.0444983111238593,0.0207726766488485,0.032180941666342,,,-0.00139668955896493,0.749318967767982,39.7425346376594,0.163269470649179,19.4817333827588,TRUE,0,0.19,0.00378386489211617,0.0852127573556024,1.04550321098354,1.00379103274676,1.08894872390502,0.19
ARF6,Bacterial pneumoniae,P62330,J10_PNEUMOBACT,Inverse variance weighted (multiplicative random effects),6,0.247828784504381,0.109865524274454,0.0240865043918233,0.362997379291286,,-0.00504018475438135,0.879669047941768,6.96887056658424,0.222965757956615,28.2523623845876,TRUE,2.20359269878492e-39,0.271,0.0324923569264513,0.46316521208231,1.28124054517838,1.03302599762012,1.58909585856585,0.271
ARF6,Bacterial pneumoniae,P62330,J10_PNEUMOBACT,Contamination mixture,,0.401173500940265,0.122448979591837,0.0129467079064754,,,-0.00504018475438135,0.879669047941768,6.96887056658424,0.222965757956615,28.2523623845876,TRUE,2.20359269878492e-39,0.271,0.161173500940265,0.641173500940265,1.49357638292781,1.17488879544202,1.89870770773709,0.271
ARF6,Bacterial pneumoniae,P62330,J10_PNEUMOBACT,MR-PRESSO (Outlier-corrected),,0.247828784504381,0.109865524274454,0.073743720128717,,0.271,-0.00504018475438135,0.879669047941768,6.96887056658424,0.222965757956615,28.2523623845876,TRUE,2.20359269878492e-39,0.271,0.0324923569264513,0.46316521208231,1.28124054517838,1.03302599762012,1.58909585856585,0.271
ARF6,Bacterial pneumoniae,P62330,J10_PNEUMOBACT,Weighted median,6,0.326247224350234,0.128738394600427,0.0112708421128891,,,-0.00504018475438135,0.879669047941768,6.96887056658424,0.222965757956615,28.2523623845876,TRUE,2.20359269878492e-39,0.271,0.0739199709333966,0.578574477767072,1.38575791962886,1.07672063310086,1.7834942071127,0.271
ARHGAP45,Bacterial pneumoniae,Q92619,J10_PNEUMOBACT,Inverse variance weighted (multiplicative random effects),3,0.152494104908002,0.046628743431647,0.00107399883659628,0.0626484184863341,,-0.0198268872163696,0.761773051957804,0.504813875071571,0.776928512356954,0,TRUE,7.53436481551503e-43,,0.0611017677819738,0.24388644203403,1.16473559585088,1.06300708855639,1.27619939965259,
ARHGAP45,Bacterial pneumoniae,Q92619,J10_PNEUMOBACT,Contamination mixture,,0.149647628648259,0.147959183673469,0.137233042675874,,,-0.0198268872163696,0.761773051957804,0.504813875071571,0.776928512356954,0,TRUE,7.53436481551503e-43,,-0.140352371351741,0.439647628648259,1.16142491774711,0.869051952428093,1.55216018535496,
ARHGAP45,Bacterial pneumoniae,Q92619,J10_PNEUMOBACT,Weighted median,3,0.135460071831277,0.106066420944122,0.201558140010987,,,-0.0198268872163696,0.761773051957804,0.504813875071571,0.776928512356954,0,TRUE,7.53436481551503e-43,,-0.0724301132192023,0.343350256881757,1.14506347463405,0.930130748232592,1.40966241943129,
ARL2BP,Bacterial pneumoniae,Q9Y2Y0,J10_PNEUMOBACT,Inverse variance weighted (multiplicative random effects),8,0.144222726608884,0.0517063820439678,0.00528280564581964,0.153826959134196,,-0.0110903691470006,0.265896824516377,5.60223036639637,0.586883304610275,0,TRUE,2.2046581267305e-285,0.628,0.0428782178027073,0.245567235415061,1.15514136059344,1.0438107695409,1.27834623084081,0.628
ARL2BP,Bacterial pneumoniae,Q9Y2Y0,J10_PNEUMOBACT,Contamination mixture,,0.194942729585201,0.0714285714285714,0.0246098982007403,,,-0.0110903691470006,0.265896824516377,5.60223036639637,0.586883304610275,0,TRUE,2.2046581267305e-285,0.628,0.0549427295852014,0.334942729585201,1.21524138711844,1.05648010788888,1.39786032688925,0.628
ARL2BP,Bacterial pneumoniae,Q9Y2Y0,J10_PNEUMOBACT,MR-PRESSO (Outlier-corrected),,0.144222726608884,0.0517063820439678,0.0269368446199973,,0.628,-0.0110903691470006,0.265896824516377,5.60223036639637,0.586883304610275,0,TRUE,2.2046581267305e-285,0.628,0.0428782178027073,0.245567235415061,1.15514136059344,1.0438107695409,1.27834623084081,0.628
ARL2BP,Bacterial pneumoniae,Q9Y2Y0,J10_PNEUMOBACT,Weighted median,8,0.158690830348293,0.0733621927188301,0.0305323662396875,,,-0.0110903691470006,0.265896824516377,5.60223036639637,0.586883304610275,0,TRUE,2.2046581267305e-285,0.628,0.0149009326193863,0.3024807280772,1.17197555138976,1.01501250500455,1.35321159718044,0.628
BCHE,Bacterial pneumoniae,P06276,J10_PNEUMOBACT,Inverse variance weighted (multiplicative random effects),51,-0.0344036875636066,0.016844952250703,0.041114475868771,0.446011446556814,,-0.000674470174801639,0.840493840792837,61.0547778721492,0.135946906075364,18.1063272317496,TRUE,0,0.146,-0.0674197939749845,-0.00138758115222865,0.966181390489161,0.934802694417605,0.998613381093382,0.146
BCHE,Bacterial pneumoniae,P06276,J10_PNEUMOBACT,Contamination mixture,,-0.0472094481950383,0.0229591836734694,0.0568154238243707,,,-0.000674470174801639,0.840493840792837,61.0547778721492,0.135946906075364,18.1063272317496,TRUE,0,0.146,-0.0922094481950382,-0.00220944819503827,0.95388758663279,0.9119141307728,0.997792990838988,0.146
BCHE,Bacterial pneumoniae,P06276,J10_PNEUMOBACT,MR-PRESSO (Outlier-corrected),,-0.0344036875636066,0.016844952250703,0.0464056365231517,,0.146,-0.000674470174801639,0.840493840792837,61.0547778721492,0.135946906075364,18.1063272317496,TRUE,0,0.146,-0.0674197939749845,-0.00138758115222865,0.966181390489161,0.934802694417605,0.998613381093382,0.146
BCHE,Bacterial pneumoniae,P06276,J10_PNEUMOBACT,Weighted median,51,-0.0360365864362878,0.022070871559911,0.102518051092281,,,-0.000674470174801639,0.840493840792837,61.0547778721492,0.135946906075364,18.1063272317496,TRUE,0,0.146,-0.0792954946937134,0.00722232182113779,0.964605001378095,0.92376691588891,1.00724846568929,0.146
BID,Bacterial pneumoniae,P55957,J10_PNEUMOBACT,Inverse variance weighted (multiplicative random effects),7,0.118726045716477,0.0584715754694913,0.0423065891392403,0.450095155435352,,0.0220504847130201,0.135467864613756,4.67269597657708,0.58642350417361,0,TRUE,1.46253102933305e-72,0.588,0.00412175779627375,0.23333033363668,1.12606138668811,1.00413026392266,1.26279855527552,0.588
BID,Bacterial pneumoniae,P55957,J10_PNEUMOBACT,Contamination mixture,,0.168136378128904,0.170918367346939,0.14650420228393,,,0.0220504847130201,0.135467864613756,4.67269597657708,0.58642350417361,0,TRUE,1.46253102933305e-72,0.588,-0.166863621871096,0.503136378128904,1.1830979483306,0.84631502232645,1.65390040164519,0.588
BID,Bacterial pneumoniae,P55957,J10_PNEUMOBACT,MR-PRESSO (Outlier-corrected),,0.118726045716477,0.0584715754694913,0.0886034361331068,,0.588,0.0220504847130201,0.135467864613756,4.67269597657708,0.58642350417361,0,TRUE,1.46253102933305e-72,0.588,0.00412175779627375,0.23333033363668,1.12606138668811,1.00413026392266,1.26279855527552,0.588
BID,Bacterial pneumoniae,P55957,J10_PNEUMOBACT,Weighted median,7,0.0653327526818167,0.080556224284118,0.417353874140269,,,0.0220504847130201,0.135467864613756,4.67269597657708,0.58642350417361,0,TRUE,1.46253102933305e-72,0.588,-0.0925574469150546,0.223222952278688,1.06751418349828,0.91159684103394,1.25009925514602,0.588
BLVRB,Bacterial pneumoniae,P30043,J10_PNEUMOBACT,Inverse variance weighted (multiplicative random effects),7,-0.0915543845175775,0.0453857065880651,0.0436692745433641,0.455505090693088,,-0.0149644455446297,0.201061188636242,3.72385183869535,0.713987585049158,0,TRUE,1.45634371158756e-109,0.638,-0.180510369430185,-0.00259839960496995,0.912511688294578,0.83484402379524,0.997404973313255,0.638
BLVRB,Bacterial pneumoniae,P30043,J10_PNEUMOBACT,Contamination mixture,,-0.208125196417348,0.153061224489796,0.396094966505431,,,-0.0149644455446297,0.201061188636242,3.72385183869535,0.713987585049158,0,TRUE,1.45634371158756e-109,0.638,-0.508125196417348,0.0918748035826524,0.812105357665857,0.60162244607211,1.09622756972492,0.638
BLVRB,Bacterial pneumoniae,P30043,J10_PNEUMOBACT,MR-PRESSO (Outlier-corrected),,-0.0915543845175775,0.0453857065880651,0.0902433563392425,,0.638,-0.0149644455446297,0.201061188636242,3.72385183869535,0.713987585049158,0,TRUE,1.45634371158756e-109,0.638,-0.180510369430185,-0.00259839960496995,0.912511688294578,0.83484402379524,0.997404973313255,0.638
BLVRB,Bacterial pneumoniae,P30043,J10_PNEUMOBACT,Weighted median,7,-0.0214636232539806,0.0716852166773706,0.76462348126298,,,-0.0149644455446297,0.201061188636242,3.72385183869535,0.713987585049158,0,TRUE,1.45634371158756e-109,0.638,-0.161966647941627,0.119039401433666,0.97876508111034,0.850469568977933,1.12641429975231,0.638
BMP6,Bacterial pneumoniae,P22004,J10_PNEUMOBACT,Inverse variance weighted (multiplicative random effects),29,-0.0576573603313568,0.0219819806345235,0.00871752744219067,0.209694437277913,,-0.00221589160863712,0.679646492152601,22.1189541304751,0.7757543875276,0,TRUE,0,0.78,-0.100742042375023,-0.0145726782876907,0.943973334741599,0.904166239381569,0.985532989279337,0.78
BMP6,Bacterial pneumoniae,P22004,J10_PNEUMOBACT,Contamination mixture,,-0.0806426568902308,0.0280612244897959,0.011603847940833,,,-0.00221589160863712,0.679646492152601,22.1189541304751,0.7757543875276,0,TRUE,0,0.78,-0.135642656890231,-0.0256426568902308,0.922523289892478,0.873154592524417,0.974683323755458,0.78
BMP6,Bacterial pneumoniae,P22004,J10_PNEUMOBACT,MR-PRESSO (Outlier-corrected),,-0.0576573603313568,0.0219819806345235,0.0139469241573831,,0.78,-0.00221589160863712,0.679646492152601,22.1189541304751,0.7757543875276,0,TRUE,0,0.78,-0.100742042375023,-0.0145726782876907,0.943973334741599,0.904166239381569,0.985532989279337,0.78
BMP6,Bacterial pneumoniae,P22004,J10_PNEUMOBACT,Weighted median,29,-0.0808343907685025,0.0353153558217097,0.0220833978691103,,,-0.00221589160863712,0.679646492152601,22.1189541304751,0.7757543875276,0,TRUE,0,0.78,-0.150052488179053,-0.0116162933579515,0.922346427880073,0.860662800616287,0.988450915287568,0.78
C5,Bacterial pneumoniae,P01031,J10_PNEUMOBACT,Inverse variance weighted (multiplicative random effects),4,0.128320191398136,0.0437488695971582,0.00335586343116765,0.117881361478952,,0.0157114134789987,0.493413309750699,1.57737059734945,0.664531699832497,0,TRUE,8.16075286510229e-91,0.807,0.042572406987706,0.214067975808566,1.13691697545941,1.04349160972251,1.23870685403164,0.807
C5,Bacterial pneumoniae,P01031,J10_PNEUMOBACT,Contamination mixture,,0.145491919856702,0.155612244897959,0.0676665490280475,,,0.0157114134789987,0.493413309750699,1.57737059734945,0.664531699832497,0,TRUE,8.16075286510229e-91,0.807,-0.159508080143298,0.450491919856702,1.15660838898291,0.852563078536747,1.56908385918096,0.807
C5,Bacterial pneumoniae,P01031,J10_PNEUMOBACT,MR-PRESSO (Outlier-corrected),,0.128320191398136,0.0437488695971582,0.0608476624660215,,0.807,0.0157114134789987,0.493413309750699,1.57737059734945,0.664531699832497,0,TRUE,8.16075286510229e-91,0.807,0.042572406987706,0.214067975808566,1.13691697545941,1.04349160972251,1.23870685403164,0.807
C5,Bacterial pneumoniae,P01031,J10_PNEUMOBACT,Weighted median,4,0.127405919670619,0.0681161570069246,0.0614253186070618,,,0.0157114134789987,0.493413309750699,1.57737059734945,0.664531699832497,0,TRUE,8.16075286510229e-91,0.807,-0.00610174806295333,0.260913587404191,1.13587799943779,0.993916829796747,1.29811548705805,0.807
CA1,Bacterial pneumoniae,P00915,J10_PNEUMOBACT,Inverse variance weighted (multiplicative random effects),6,-0.118381841422466,0.0549014962816529,0.0310634525826127,0.406380898212629,,0.00118804500619539,0.955603441372303,4.8804574949361,0.43064298868306,0,TRUE,1.05924658536349e-110,0.515,-0.225988774134505,-0.0107749087104261,0.88835677642872,0.797727056792051,0.989282932686772,0.515
CA1,Bacterial pneumoniae,P00915,J10_PNEUMOBACT,Contamination mixture,,-0.138140822894253,0.0943877551020408,0.0917342636179916,,,0.00118804500619539,0.955603441372303,4.8804574949361,0.43064298868306,0,TRUE,1.05924658536349e-110,0.515,-0.323140822894253,0.0468591771057473,0.870976029743859,0.723871909452638,1.04797441989702,0.515
CA1,Bacterial pneumoniae,P00915,J10_PNEUMOBACT,MR-PRESSO (Outlier-corrected),,-0.118381841422466,0.0549014962816529,0.083581145557272,,0.515,0.00118804500619539,0.955603441372303,4.8804574949361,0.43064298868306,0,TRUE,1.05924658536349e-110,0.515,-0.225988774134505,-0.0107749087104261,0.88835677642872,0.797727056792051,0.989282932686772,0.515
CA1,Bacterial pneumoniae,P00915,J10_PNEUMOBACT,Weighted median,6,-0.0726251593652736,0.0697615663697838,0.297853136963249,,,0.00118804500619539,0.955603441372303,4.8804574949361,0.43064298868306,0,TRUE,1.05924658536349e-110,0.515,-0.20935782945005,0.0641075107195027,0.929949347506138,0.811104946472573,1.06620702128382,0.515
CA11,Bacterial pneumoniae,O75493,J10_PNEUMOBACT,Inverse variance weighted (multiplicative random effects),5,-0.139397331423671,0.0316099893860091,1.03411729205028e-05,0.0017603858210056,,0.00395524186927384,0.766463382143559,1.34461399266676,0.853761935354073,0,TRUE,1.90923925870315e-105,0.898,-0.201352910620249,-0.0774417522270934,0.869882328200122,0.817623832498162,0.925480930029722,0.898
CA11,Bacterial pneumoniae,O75493,J10_PNEUMOBACT,Contamination mixture,,-0.15156215846769,0.086734693877551,0.0372048068064361,,,0.00395524186927384,0.766463382143559,1.34461399266676,0.853761935354073,0,TRUE,1.90923925870315e-105,0.898,-0.32156215846769,0.0184378415323099,0.859364463834481,0.725015562770367,1.01860886803533,0.898
CA11,Bacterial pneumoniae,O75493,J10_PNEUMOBACT,MR-PRESSO (Outlier-corrected),,-0.139397331423671,0.0316099893860091,0.0116013928716591,,0.898,0.00395524186927384,0.766463382143559,1.34461399266676,0.853761935354073,0,TRUE,1.90923925870315e-105,0.898,-0.201352910620249,-0.0774417522270934,0.869882328200122,0.817623832498162,0.925480930029722,0.898
CA11,Bacterial pneumoniae,O75493,J10_PNEUMOBACT,Weighted median,5,-0.144822858841941,0.0578542410068884,0.0123063212872631,,,0.00395524186927384,0.766463382143559,1.34461399266676,0.853761935354073,0,TRUE,1.90923925870315e-105,0.898,-0.258217171215442,-0.0314285464684394,0.865175537734054,0.772427464879093,0.969060196753331,0.898
CA5A,Bacterial pneumoniae,P35218,J10_PNEUMOBACT,Inverse variance weighted (multiplicative random effects),24,0.0460687716696519,0.0213448065598646,0.0309035112621377,0.406380898212629,,0.00513574537683827,0.245397693417571,27.4408349818689,0.23766731170031,16.1833085064762,TRUE,0,0.229,0.00423295081231725,0.0879045925269866,1.04714642248858,1.00424192240291,1.09188394317071,0.229
CA5A,Bacterial pneumoniae,P35218,J10_PNEUMOBACT,Contamination mixture,,0.0825903759437772,0.0255102040816327,0.0161731607232527,,,0.00513574537683827,0.245397693417571,27.4408349818689,0.23766731170031,16.1833085064762,TRUE,0,0.229,0.0325903759437772,0.132590375943777,1.08609682602936,1.03312725877596,1.1417822010704,0.229
CA5A,Bacterial pneumoniae,P35218,J10_PNEUMOBACT,MR-PRESSO (Outlier-corrected),,0.0460687716696519,0.0213448065598646,0.0415813881595163,,0.229,0.00513574537683827,0.245397693417571,27.4408349818689,0.23766731170031,16.1833085064762,TRUE,0,0.229,0.00423295081231725,0.0879045925269866,1.04714642248858,1.00424192240291,1.09188394317071,0.229
CA5A,Bacterial pneumoniae,P35218,J10_PNEUMOBACT,Weighted median,24,0.074981115226439,0.0287686813590005,0.0091514173468834,,,0.00513574537683827,0.245397693417571,27.4408349818689,0.23766731170031,16.1833085064762,TRUE,0,0.229,0.018594499762798,0.13136773069008,1.07786379547872,1.01876845399806,1.14038705953689,0.229
CA9,Bacterial pneumoniae,Q16790,J10_PNEUMOBACT,Inverse variance weighted (multiplicative random effects),17,-0.103703269645147,0.0445456671692481,0.0199109635497054,0.335208384251199,,0.00270523461228305,0.753081364173017,23.8563507814065,0.0926892376125697,32.9319050235029,TRUE,4.24723045346147e-232,0.117,-0.191012777296874,-0.0163937619934213,0.901492758003385,0.826122032477295,0.983739884403683,0.117
CA9,Bacterial pneumoniae,Q16790,J10_PNEUMOBACT,Contamination mixture,,-0.134433852443756,0.0510204081632653,0.043539845509766,,,0.00270523461228305,0.753081364173017,23.8563507814065,0.0926892376125697,32.9319050235029,TRUE,4.24723045346147e-232,0.117,-0.234433852443756,-0.0344338524437557,0.874210703865763,0.791018556105296,0.966152246182884,0.117
CA9,Bacterial pneumoniae,Q16790,J10_PNEUMOBACT,MR-PRESSO (Outlier-corrected),,-0.103703269645147,0.0445456671692481,0.0333530438228308,,0.117,0.00270523461228305,0.753081364173017,23.8563507814065,0.0926892376125697,32.9319050235029,TRUE,4.24723045346147e-232,0.117,-0.191012777296874,-0.0163937619934213,0.901492758003385,0.826122032477295,0.983739884403683,0.117
CA9,Bacterial pneumoniae,Q16790,J10_PNEUMOBACT,Weighted median,17,-0.0933548431206212,0.051917856950581,0.072157059135311,,,0.00270523461228305,0.753081364173017,23.8563507814065,0.0926892376125697,32.9319050235029,TRUE,4.24723045346147e-232,0.117,-0.19511384274376,0.00840415650251743,0.910870226910066,0.822740989632721,1.0084395705647,0.117
CABP2,Bacterial pneumoniae,Q9NPB3,J10_PNEUMOBACT,Inverse variance weighted (multiplicative random effects),5,0.147644718280851,0.0431430858465103,0.000621142213839948,0.0429558662258689,,-0.00757557173422809,0.640320739435585,2.73405278976589,0.603269099957804,0,TRUE,1.72157624633133e-116,0.705,0.0630842700216905,0.232205166540011,1.15910101579893,1.06511659284787,1.2613784949438,0.705
CABP2,Bacterial pneumoniae,Q9NPB3,J10_PNEUMOBACT,Contamination mixture,,0.163409120373371,0.0637755102040816,0.0178904155363433,,,-0.00757557173422809,0.640320739435585,2.73405278976589,0.603269099957804,0,TRUE,1.72157624633133e-116,0.705,0.0384091203733714,0.288409120373371,1.17751833789775,1.03915628593133,1.33430308304666,0.705
CABP2,Bacterial pneumoniae,Q9NPB3,J10_PNEUMOBACT,MR-PRESSO (Outlier-corrected),,0.147644718280851,0.0431430858465103,0.0267258943915004,,0.705,-0.00757557173422809,0.640320739435585,2.73405278976589,0.603269099957804,0,TRUE,1.72157624633133e-116,0.705,0.0630842700216905,0.232205166540011,1.15910101579893,1.06511659284787,1.2613784949438,0.705
CABP2,Bacterial pneumoniae,Q9NPB3,J10_PNEUMOBACT,Weighted median,5,0.150294954471235,0.0625000072831052,0.0161849058158299,,,-0.00757557173422809,0.640320739435585,2.73405278976589,0.603269099957804,0,TRUE,1.72157624633133e-116,0.705,0.0277949401963493,0.272794968746122,1.16217698147669,1.0281848234246,1.31363088182493,0.705
CASC3,Bacterial pneumoniae,O15234,J10_PNEUMOBACT,Inverse variance weighted (multiplicative random effects),5,0.161564686574954,0.0580392075115137,0.00537400208372647,0.154245940416682,,0.00260874334401468,0.857761993549668,2.26205166261339,0.687686401606754,0,TRUE,7.63661643923836e-60,0.772,0.0478078398523871,0.275321533297521,1.17534848496726,1.04896906590582,1.31695405137797,0.772
CASC3,Bacterial pneumoniae,O15234,J10_PNEUMOBACT,Contamination mixture,,0.180989700575576,0.127551020408163,0.0731720756498314,,,0.00260874334401468,0.857761993549668,2.26205166261339,0.687686401606754,0,TRUE,7.63661643923836e-60,0.772,-0.0690102994244236,0.430989700575576,1.1984028363702,0.933317067400101,1.53877970133001,0.772
CASC3,Bacterial pneumoniae,O15234,J10_PNEUMOBACT,MR-PRESSO (Outlier-corrected),,0.161564686574954,0.0580392075115137,0.0496295935120293,,0.772,0.00260874334401468,0.857761993549668,2.26205166261339,0.687686401606754,0,TRUE,7.63661643923836e-60,0.772,0.0478078398523871,0.275321533297521,1.17534848496726,1.04896906590582,1.31695405137797,0.772
CASC3,Bacterial pneumoniae,O15234,J10_PNEUMOBACT,Weighted median,5,0.148561757077814,0.08900340013458,0.0950838013042716,,,0.00260874334401468,0.857761993549668,2.26205166261339,0.687686401606754,0,TRUE,7.63661643923836e-60,0.772,-0.0258849071859628,0.323008421341591,1.16016444392792,0.97444723502947,1.38127698306196,0.772
CASP4,Bacterial pneumoniae,P49662,J10_PNEUMOBACT,Inverse variance weighted (multiplicative random effects),4,0.118848114196201,0.0455898149398504,0.00913658891107442,0.212834434317976,,0.00376739410762642,0.740674477630271,1.55492571249287,0.669652732637757,0,TRUE,2.22779304992178e-73,0.74,0.0294920769140945,0.208204151478308,1.12619885167956,1.02993127520559,1.23146454919643,0.74
CASP4,Bacterial pneumoniae,P49662,J10_PNEUMOBACT,Contamination mixture,,0.114314226057452,0.13265306122449,0.0760915555551252,,,0.00376739410762642,0.740674477630271,1.55492571249287,0.669652732637757,0,TRUE,2.22779304992178e-73,0.74,-0.145685773942548,0.374314226057452,1.12110434974195,0.864429286719809,1.4539939614722,0.74
CASP4,Bacterial pneumoniae,P49662,J10_PNEUMOBACT,MR-PRESSO (Outlier-corrected),,0.118848114196201,0.0455898149398504,0.0798983138192623,,0.74,0.00376739410762642,0.740674477630271,1.55492571249287,0.669652732637757,0,TRUE,2.22779304992178e-73,0.74,0.0294920769140945,0.208204151478308,1.12619885167956,1.02993127520559,1.23146454919643,0.74
CASP4,Bacterial pneumoniae,P49662,J10_PNEUMOBACT,Weighted median,4,0.111659766044938,0.0712890487220535,0.117279290442107,,,0.00376739410762642,0.740674477630271,1.55492571249287,0.669652732637757,0,TRUE,2.22779304992178e-73,0.74,-0.0280667694502865,0.251386301540163,1.11813236932238,0.972323443132014,1.2858066975114,0.74
CASP8,Bacterial pneumoniae,Q14790,J10_PNEUMOBACT,Inverse variance weighted (multiplicative random effects),13,0.105912313809426,0.0455807221663827,0.0201458269793988,0.335208384251199,,-0.00148521371909737,0.820615072580695,15.6260424271555,0.208970454963389,23.2051233961454,TRUE,1.01901824850703e-244,0.357,0.0165740983633156,0.195250529255536,1.11172438935578,1.01671221070574,1.21561549558905,0.357
CASP8,Bacterial pneumoniae,Q14790,J10_PNEUMOBACT,Contamination mixture,,0.121748437003285,0.0484693877551021,0.024888383786348,,,-0.00148521371909737,0.820615072580695,15.6260424271555,0.208970454963389,23.2051233961454,TRUE,1.01901824850703e-244,0.357,0.0267484370032849,0.216748437003285,1.12946993319757,1.02710938754551,1.2420316136394,0.357
CASP8,Bacterial pneumoniae,Q14790,J10_PNEUMOBACT,MR-PRESSO (Outlier-corrected),,0.105912313809426,0.0455807221663827,0.0385135183793726,,0.357,-0.00148521371909737,0.820615072580695,15.6260424271555,0.208970454963389,23.2051233961454,TRUE,1.01901824850703e-244,0.357,0.0165740983633156,0.195250529255536,1.11172438935578,1.01671221070574,1.21561549558905,0.357
CASP8,Bacterial pneumoniae,Q14790,J10_PNEUMOBACT,Weighted median,13,0.126576948617979,0.0502460606874054,0.0117641290415651,,,-0.00148521371909737,0.820615072580695,15.6260424271555,0.208970454963389,23.2051233961454,TRUE,1.01901824850703e-244,0.357,0.0280946696706647,0.225059227565294,1.13493677963281,1.02849304691075,1.25239689041386,0.357
CCL4,Bacterial pneumoniae,P13236,J10_PNEUMOBACT,Inverse variance weighted (multiplicative random effects),33,0.0498218604421295,0.0226125517330445,0.0275747784384899,0.380295442391381,,0.0037425333299032,0.39334101112458,32.5203094800992,0.441158402170317,1.59995242486112,TRUE,0,0.424,0.00550125904536228,0.0941424618388967,1.05108384008709,1.00551641875732,1.09871625990709,0.424
CCL4,Bacterial pneumoniae,P13236,J10_PNEUMOBACT,Contamination mixture,,0.0567885983973502,0.0433673469387755,0.102255346070568,,,0.0037425333299032,0.39334101112458,32.5203094800992,0.441158402170317,1.59995242486112,TRUE,0,0.424,-0.0282114016026498,0.14178859839735,1.05843203251486,0.972182824068904,1.15233301773921,0.424
CCL4,Bacterial pneumoniae,P13236,J10_PNEUMOBACT,MR-PRESSO (Outlier-corrected),,0.0498218604421295,0.0226125517330445,0.03489159939467,,0.424,0.0037425333299032,0.39334101112458,32.5203094800992,0.441158402170317,1.59995242486112,TRUE,0,0.424,0.00550125904536228,0.0941424618388967,1.05108384008709,1.00551641875732,1.09871625990709,0.424
CCL4,Bacterial pneumoniae,P13236,J10_PNEUMOBACT,Weighted median,33,0.0407057736262951,0.032915076876741,0.216201885676153,,,0.0037425333299032,0.39334101112458,32.5203094800992,0.441158402170317,1.59995242486112,TRUE,0,0.424,-0.0238077770521172,0.105219324304707,1.04154561027024,0.976473392312884,1.11095424290435,0.424
CD109,Bacterial pneumoniae,Q6YHK3,J10_PNEUMOBACT,Inverse variance weighted (multiplicative random effects),45,-0.0289254688326096,0.0136583330413078,0.0341929329139042,0.414122771207857,,0.000755195319463833,0.82512067527566,46.422014287942,0.372809746092924,5.21738301341025,TRUE,0,0.42,-0.0556958015935728,-0.00215513607164635,0.971488867967849,0.945826811141707,0.997847184566701,0.42
CD109,Bacterial pneumoniae,Q6YHK3,J10_PNEUMOBACT,Contamination mixture,,-0.0170141924874201,0.0127551020408163,0.266677387550895,,,0.000755195319463833,0.82512067527566,46.422014287942,0.372809746092924,5.21738301341025,TRUE,0,0.42,-0.0420141924874201,0.00798580751257993,0.983129731479548,0.958856171921757,1.0080177791231,0.42
CD109,Bacterial pneumoniae,Q6YHK3,J10_PNEUMOBACT,MR-PRESSO (Outlier-corrected),,-0.0289254688326096,0.0136583330413078,0.0398791409633083,,0.42,0.000755195319463833,0.82512067527566,46.422014287942,0.372809746092924,5.21738301341025,TRUE,0,0.42,-0.0556958015935728,-0.00215513607164635,0.971488867967849,0.945826811141707,0.997847184566701,0.42
CD109,Bacterial pneumoniae,Q6YHK3,J10_PNEUMOBACT,Weighted median,45,-0.0275542836432523,0.0170760488893151,0.106609499339892,,,0.000755195319463833,0.82512067527566,46.422014287942,0.372809746092924,5.21738301341025,TRUE,0,0.42,-0.0610233394663099,0.00591477217980529,0.972821872804623,0.940801281719947,1.00593229898342,0.42
CD163,Bacterial pneumoniae,Q86VB7,J10_PNEUMOBACT,Inverse variance weighted (multiplicative random effects),45,0.061733273591816,0.0207696377849425,0.00295592585164674,0.110872269655835,,0.00425477042431655,0.197180072624611,45.4918807768469,0.409738541577912,3.27944404885144,TRUE,0,0.421,0.0210247835333287,0.102441763650303,1.06367859571674,1.02124736144191,1.10787278156438,0.421
CD163,Bacterial pneumoniae,Q86VB7,J10_PNEUMOBACT,Contamination mixture,,0.0321479040616485,0.0229591836734694,0.112628661087474,,,0.00425477042431655,0.197180072624611,45.4918807768469,0.409738541577912,3.27944404885144,TRUE,0,0.421,-0.0128520959383516,0.0771479040616485,1.03267023013191,0.987230139570113,1.08020183081632,0.421
CD163,Bacterial pneumoniae,Q86VB7,J10_PNEUMOBACT,MR-PRESSO (Outlier-corrected),,0.061733273591816,0.0207696377849425,0.00477880492971418,,0.421,0.00425477042431655,0.197180072624611,45.4918807768469,0.409738541577912,3.27944404885144,TRUE,0,0.421,0.0210247835333287,0.102441763650303,1.06367859571674,1.02124736144191,1.10787278156438,0.421
CD163,Bacterial pneumoniae,Q86VB7,J10_PNEUMOBACT,Weighted median,45,0.0405505051709237,0.0300517644395322,0.177222897314405,,,0.00425477042431655,0.197180072624611,45.4918807768469,0.409738541577912,3.27944404885144,TRUE,0,0.421,-0.0183509531305593,0.0994519634724068,1.04138390364642,0.98181640034766,1.10456540997874,0.421
CD302,Bacterial pneumoniae,Q8IX05,J10_PNEUMOBACT,Inverse variance weighted (multiplicative random effects),23,-0.064848189505263,0.0268927695334965,0.0158930861889492,0.300610254155082,,0.000459269444531846,0.930417217306255,22.209978898016,0.447416768903294,0.945425923095901,TRUE,0,0.507,-0.117558017790916,-0.0121383612196098,0.937209730851195,0.889088927274566,0.987935011511978,0.507
CD302,Bacterial pneumoniae,Q8IX05,J10_PNEUMOBACT,Contamination mixture,,-0.0579210712747781,0.0306122448979592,0.070343841333915,,,0.000459269444531846,0.930417217306255,22.209978898016,0.447416768903294,0.945425923095901,TRUE,0,0.507,-0.117921071274778,0.00207892872522192,0.943724431463631,0.888766199029407,1.00208109119583,0.507
CD302,Bacterial pneumoniae,Q8IX05,J10_PNEUMOBACT,MR-PRESSO (Outlier-corrected),,-0.064848189505263,0.0268927695334965,0.0246850119897467,,0.507,0.000459269444531846,0.930417217306255,22.209978898016,0.447416768903294,0.945425923095901,TRUE,0,0.507,-0.117558017790916,-0.0121383612196098,0.937209730851195,0.889088927274566,0.987935011511978,0.507
CD302,Bacterial pneumoniae,Q8IX05,J10_PNEUMOBACT,Weighted median,23,-0.0571089840943947,0.0363482567436965,0.116145124319773,,,0.000459269444531846,0.930417217306255,22.209978898016,0.447416768903294,0.945425923095901,TRUE,0,0.507,-0.12835156731204,0.0141335991232503,0.944491129246823,0.879544105825529,1.01423395065408,0.507
CD86,Bacterial pneumoniae,P42081,J10_PNEUMOBACT,Inverse variance weighted (multiplicative random effects),37,0.0466818555464252,0.021830009536796,0.0324822005901387,0.411137289882605,,0.00235510157061302,0.574445523759836,31.6979114208907,0.673378407812059,0,TRUE,0,0.675,0.00389503685430499,0.0894686742385453,1.04778860791348,1.00390263236875,1.09359307513997,0.675
CD86,Bacterial pneumoniae,P42081,J10_PNEUMOBACT,Contamination mixture,,0.106326531035785,0.048469387755102,0.398117727340282,,,0.00235510157061302,0.574445523759836,31.6979114208907,0.673378407812059,0,TRUE,0,0.675,0.0113265310357851,0.201326531035785,1.11218498013455,1.01139091905645,1.22302406194321,0.675
CD86,Bacterial pneumoniae,P42081,J10_PNEUMOBACT,MR-PRESSO (Outlier-corrected),,0.0466818555464252,0.021830009536796,0.0393399764941627,,0.675,0.00235510157061302,0.574445523759836,31.6979114208907,0.673378407812059,0,TRUE,0,0.675,0.00389503685430499,0.0894686742385453,1.04778860791348,1.00390263236875,1.09359307513997,0.675
CD86,Bacterial pneumoniae,P42081,J10_PNEUMOBACT,Weighted median,37,0.0595269895685842,0.0357361670689196,0.0957661779306405,,,0.00235510157061302,0.574445523759836,31.6979114208907,0.673378407812059,0,TRUE,0,0.675,-0.0105158978864983,0.129569877023667,1.06133440555071,0.989539200860948,1.13833865240067,0.675
CDC27,Bacterial pneumoniae,P30260,J10_PNEUMOBACT,Inverse variance weighted (multiplicative random effects),4,0.1954894117081,0.0474587127806165,3.80277595062743e-05,0.005610362119159,,-0.00158343358127468,0.916106319771808,0.755069056892246,0.860180906386128,0,TRUE,1.73457504336937e-41,0.88,0.102470334658091,0.288508488758108,1.21590591948721,1.10790443505844,1.33443567717649,0.88
CDC27,Bacterial pneumoniae,P30260,J10_PNEUMOBACT,Contamination mixture,,0.192025378179199,0.168367346938776,0.0607577613325455,,,-0.00158343358127468,0.916106319771808,0.755069056892246,0.860180906386128,0,TRUE,1.73457504336937e-41,0.88,-0.137974621820801,0.522025378179199,1.2117012673466,0.871120798925016,1.68543784409829,0.88
CDC27,Bacterial pneumoniae,P30260,J10_PNEUMOBACT,MR-PRESSO (Outlier-corrected),,0.1954894117081,0.0474587127806165,0.0259301671593827,,0.88,-0.00158343358127468,0.916106319771808,0.755069056892246,0.860180906386128,0,TRUE,1.73457504336937e-41,0.88,0.102470334658091,0.288508488758108,1.21590591948721,1.10790443505844,1.33443567717649,0.88
CDC27,Bacterial pneumoniae,P30260,J10_PNEUMOBACT,Weighted median,4,0.175004535732625,0.106249734099538,0.0995363351358967,,,-0.00158343358127468,0.916106319771808,0.755069056892246,0.860180906386128,0,TRUE,1.73457504336937e-41,0.88,-0.0332449431024695,0.383254014567719,1.19125161979894,0.967301596714883,1.46705063497572,0.88
CDH1,Bacterial pneumoniae,P12830,J10_PNEUMOBACT,Inverse variance weighted (multiplicative random effects),30,-0.0621435751810894,0.0197597367265844,0.00166109724935737,0.0799132220179969,,0.00256856722330762,0.586809489560317,24.4394538013069,0.706979382318578,0,TRUE,0,0.772,-0.100872659165195,-0.023414491196984,0.939747952622246,0.904048147802139,0.976857501013303,0.772
CDH1,Bacterial pneumoniae,P12830,J10_PNEUMOBACT,Contamination mixture,,-0.057792619841361,0.0229591836734694,0.00770077983062465,,,0.00256856722330762,0.586809489560317,24.4394538013069,0.706979382318578,0,TRUE,0,0.772,-0.102792619841361,-0.0127926198413609,0.943845662005555,0.902314076116406,0.987288857911797,0.772
CDH1,Bacterial pneumoniae,P12830,J10_PNEUMOBACT,MR-PRESSO (Outlier-corrected),,-0.0621435751810894,0.0197597367265844,0.00381778357114263,,0.772,0.00256856722330762,0.586809489560317,24.4394538013069,0.706979382318578,0,TRUE,0,0.772,-0.100872659165195,-0.023414491196984,0.939747952622246,0.904048147802139,0.976857501013303,0.772
CDH1,Bacterial pneumoniae,P12830,J10_PNEUMOBACT,Weighted median,30,-0.0600982385881071,0.0296110271782022,0.0423982530600058,,,0.00256856722330762,0.586809489560317,24.4394538013069,0.706979382318578,0,TRUE,0,0.772,-0.118135851857384,-0.00206062531883071,0.941672020510391,0.888575329805615,0.997941496311976,0.772
CDH23,Bacterial pneumoniae,Q9H251,J10_PNEUMOBACT,Inverse variance weighted (multiplicative random effects),4,-0.0868269308653348,0.0243555017405045,0.000363880843839502,0.0335528461423674,,-0.00826865158336863,0.636030041778005,0.40089952619292,0.940056611142303,0,TRUE,3.93481623093685e-84,0.915,-0.134563714276724,-0.0390901474539461,0.916835757874233,0.874097184632427,0.961664013676353,0.915
CDH23,Bacterial pneumoniae,Q9H251,J10_PNEUMOBACT,Contamination mixture,,-0.0844192783264639,0.145408163265306,0.192674058982437,,,-0.00826865158336863,0.636030041778005,0.40089952619292,0.940056611142303,0,TRUE,3.93481623093685e-84,0.915,-0.369419278326464,0.200580721673536,0.919045839300871,0.691135571527176,1.22211225920533,0.915
CDH23,Bacterial pneumoniae,Q9H251,J10_PNEUMOBACT,MR-PRESSO (Outlier-corrected),,-0.0868269308653348,0.0243555017405045,0.0376862833577163,,0.915,-0.00826865158336863,0.636030041778005,0.40089952619292,0.940056611142303,0,TRUE,3.93481623093685e-84,0.915,-0.134563714276724,-0.0390901474539461,0.916835757874233,0.874097184632427,0.961664013676353,0.915
CDH23,Bacterial pneumoniae,Q9H251,J10_PNEUMOBACT,Weighted median,4,-0.0758638219088796,0.073404525564398,0.301368411045902,,,-0.00826865158336863,0.636030041778005,0.40089952619292,0.940056611142303,0,TRUE,3.93481623093685e-84,0.915,-0.2197366920151,0.0680090481973404,0.92694242721526,0.80273013539221,1.07037499339913,0.915
CGREF1,Bacterial pneumoniae,Q99674,J10_PNEUMOBACT,Inverse variance weighted (multiplicative random effects),33,-0.0459188703703724,0.0160456997170641,0.004213016969568,0.138832238607527,,-0.00528826263364493,0.386424970962137,30.5115998357197,0.541905366998921,0,TRUE,0,0.6,-0.0773684418158181,-0.0144692989249267,0.955119447534522,0.92554877990435,0.985634878318273,0.6
CGREF1,Bacterial pneumoniae,Q99674,J10_PNEUMOBACT,Contamination mixture,,-0.0413534087883543,0.0153061224489796,0.017064136872657,,,-0.00528826263364493,0.386424970962137,30.5115998357197,0.541905366998921,0,TRUE,0,0.6,-0.0713534087883543,-0.0113534087883542,0.959489977831156,0.931132763470803,0.988710797939074,0.6
CGREF1,Bacterial pneumoniae,Q99674,J10_PNEUMOBACT,MR-PRESSO (Outlier-corrected),,-0.0459188703703724,0.0160456997170641,0.00736763920221656,,0.6,-0.00528826263364493,0.386424970962137,30.5115998357197,0.541905366998921,0,TRUE,0,0.6,-0.0773684418158181,-0.0144692989249267,0.955119447534522,0.92554877990435,0.985634878318273,0.6
CGREF1,Bacterial pneumoniae,Q99674,J10_PNEUMOBACT,Weighted median,33,-0.0345647814049037,0.0224556164258156,0.123743559824897,,,-0.00528826263364493,0.386424970962137,30.5115998357197,0.541905366998921,0,TRUE,0,0.6,-0.0785777895995022,0.00944822678969477,0.9660257571537,0.924430146083683,1.00949300218937,0.6
CIT,Bacterial pneumoniae,O14578,J10_PNEUMOBACT,Inverse variance weighted (multiplicative random effects),4,0.24438569652803,0.109543854708777,0.0256851464309425,0.373955454287341,,0.00214697076814452,0.918067638061673,3.03194347330639,0.386726294684182,1.0535642761029,TRUE,9.0385110668106e-29,0.475,0.0296797412988271,0.459091651757233,1.27683670701415,1.03012457476183,1.58263574748295,0.475
CIT,Bacterial pneumoniae,O14578,J10_PNEUMOBACT,Contamination mixture,,0.283275676282524,0.193877551020408,0.128328812532322,,,0.00214697076814452,0.918067638061673,3.03194347330639,0.386726294684182,1.0535642761029,TRUE,9.0385110668106e-29,0.475,-0.0967243237174764,0.663275676282524,1.3274710636676,0.907806232288349,1.94114047932099,0.475
CIT,Bacterial pneumoniae,O14578,J10_PNEUMOBACT,MR-PRESSO (Outlier-corrected),,0.24438569652803,0.109543854708777,0.111898845018475,,0.475,0.00214697076814452,0.918067638061673,3.03194347330639,0.386726294684182,1.0535642761029,TRUE,9.0385110668106e-29,0.475,0.0296797412988271,0.459091651757233,1.27683670701415,1.03012457476183,1.58263574748295,0.475
CIT,Bacterial pneumoniae,O14578,J10_PNEUMOBACT,Weighted median,4,0.24718350009386,0.130261221334578,0.0577489902747192,,,0.00214697076814452,0.918067638061673,3.03194347330639,0.386726294684182,1.0535642761029,TRUE,9.0385110668106e-29,0.475,-0.00812849372191249,0.502495493909633,1.28041404732022,0.991904453153256,1.65284078256037,0.475
CKMT1A,Bacterial pneumoniae,P12532,J10_PNEUMOBACT,Inverse variance weighted (multiplicative random effects),15,-0.0838690498608326,0.0395540249613433,0.0339751060989302,0.414122771207857,,-0.0116619087444481,0.11942072968649,14.2458156011499,0.431562814763177,1.72552845012326,TRUE,4.76858289710308e-181,0.401,-0.161394938785065,-0.00634316093659979,0.919551663629585,0.850955929232953,0.993676914439193,0.401
CKMT1A,Bacterial pneumoniae,P12532,J10_PNEUMOBACT,Contamination mixture,,-0.198004610684403,0.0969387755102041,0.10133154696134,,,-0.0116619087444481,0.11942072968649,14.2458156011499,0.431562814763177,1.72552845012326,TRUE,4.76858289710308e-181,0.401,-0.388004610684403,-0.00800461068440317,0.820366070680064,0.678409215326105,0.992027340901528,0.401
CKMT1A,Bacterial pneumoniae,P12532,J10_PNEUMOBACT,MR-PRESSO (Outlier-corrected),,-0.0838690498608326,0.0395540249613433,0.0523211933502929,,0.401,-0.0116619087444481,0.11942072968649,14.2458156011499,0.431562814763177,1.72552845012326,TRUE,4.76858289710308e-181,0.401,-0.161394938785065,-0.00634316093659979,0.919551663629585,0.850955929232953,0.993676914439193,0.401
CKMT1A,Bacterial pneumoniae,P12532,J10_PNEUMOBACT,Weighted median,15,-0.0679535770224881,0.057543373301717,0.237638257003384,,,-0.0116619087444481,0.11942072968649,14.2458156011499,0.431562814763177,1.72552845012326,TRUE,4.76858289710308e-181,0.401,-0.180738588693853,0.0448314346488772,0.934303845736893,0.834653518046219,1.04585155071546,0.401
CLEC1A,Bacterial pneumoniae,Q8NC01,J10_PNEUMOBACT,Inverse variance weighted (multiplicative random effects),27,-0.0536224765795271,0.0163199337477371,0.00101727739039048,0.062534301803726,,-0.00211741659818094,0.531319166546316,24.8688954990963,0.52640601443514,0,TRUE,0,0.457,-0.0856095467250917,-0.0216354064339624,0.947789851835683,0.917952578847217,0.978596960172839,0.457
CLEC1A,Bacterial pneumoniae,Q8NC01,J10_PNEUMOBACT,Contamination mixture,,-0.096250117520569,0.0357142857142857,0.0111694844221365,,,-0.00211741659818094,0.531319166546316,24.8688954990963,0.52640601443514,0,TRUE,0,0.457,-0.166250117520569,-0.026250117520569,0.908236821715309,0.846834399578375,0.974091421805997,0.457
CLEC1A,Bacterial pneumoniae,Q8NC01,J10_PNEUMOBACT,MR-PRESSO (Outlier-corrected),,-0.0536224765795271,0.0163199337477371,0.00291076933037456,,0.457,-0.00211741659818094,0.531319166546316,24.8688954990963,0.52640601443514,0,TRUE,0,0.457,-0.0856095467250917,-0.0216354064339624,0.947789851835683,0.917952578847217,0.978596960172839,0.457
CLEC1A,Bacterial pneumoniae,Q8NC01,J10_PNEUMOBACT,Weighted median,27,-0.0399471916319199,0.0243290334638034,0.100599215341607,,,-0.00211741659818094,0.531319166546316,24.8688954990963,0.52640601443514,0,TRUE,0,0.457,-0.0876320972209745,0.00773771395713464,0.960840178214385,0.916097849677637,1.00776772742772,0.457
COX5B,Bacterial pneumoniae,P10606,J10_PNEUMOBACT,Inverse variance weighted (multiplicative random effects),7,0.100936038334396,0.0458389106277449,0.0276672237799423,0.380295442391381,,-0.0136382565357911,0.114755403931274,4.85056214036448,0.56311775757546,0,TRUE,2.20128323567844e-71,0.425,0.0110917735040157,0.190780303164776,1.10620588472969,1.01115351528789,1.21019354718081,0.425
COX5B,Bacterial pneumoniae,P10606,J10_PNEUMOBACT,Contamination mixture,,0.14325350871374,0.160714285714286,0.319374806674818,,,-0.0136382565357911,0.114755403931274,4.85056214036448,0.56311775757546,0,TRUE,2.20128323567844e-71,0.425,-0.17174649128626,0.45825350871374,1.15402231930035,0.84219264928357,1.5813098280735,0.425
COX5B,Bacterial pneumoniae,P10606,J10_PNEUMOBACT,MR-PRESSO (Outlier-corrected),,0.100936038334396,0.0458389106277449,0.0699119269676243,,0.425,-0.0136382565357911,0.114755403931274,4.85056214036448,0.56311775757546,0,TRUE,2.20128323567844e-71,0.425,0.0110917735040157,0.190780303164776,1.10620588472969,1.01115351528789,1.21019354718081,0.425
COX5B,Bacterial pneumoniae,P10606,J10_PNEUMOBACT,Weighted median,7,0.134432231774018,0.0596359683316848,0.0241827115739602,,,-0.0136382565357911,0.114755403931274,4.85056214036448,0.56311775757546,0,TRUE,2.20128323567844e-71,0.425,0.0175457338439162,0.25131872970412,1.14388713717366,1.01770056444524,1.28571981612746,0.425
CSNK1D,Bacterial pneumoniae,P48730,J10_PNEUMOBACT,Inverse variance weighted (multiplicative random effects),4,0.115724723487873,0.0509558872796196,0.0231423409671111,0.358139864057461,,0.00408250094460954,0.850415357106999,0.754441841675687,0.860329958009693,0,TRUE,5.86160208020898e-35,0.865,0.0158511844198187,0.215598262555928,1.12268678029126,1.01597748087731,1.24060388184229,0.865
CSNK1D,Bacterial pneumoniae,P48730,J10_PNEUMOBACT,Contamination mixture,,0.17046709712035,0.221938775510204,0.228601036605375,,,0.00408250094460954,0.850415357106999,0.754441841675687,0.860329958009693,0,TRUE,5.86160208020898e-35,0.865,-0.26453290287965,0.60546709712035,1.18585863312803,0.767564393373227,1.83210778132133,0.865
CSNK1D,Bacterial pneumoniae,P48730,J10_PNEUMOBACT,MR-PRESSO (Outlier-corrected),,0.115724723487873,0.0509558872796196,0.107817986400525,,0.865,0.00408250094460954,0.850415357106999,0.754441841675687,0.860329958009693,0,TRUE,5.86160208020898e-35,0.865,0.0158511844198187,0.215598262555928,1.12268678029126,1.01597748087731,1.24060388184229,0.865
CSNK1D,Bacterial pneumoniae,P48730,J10_PNEUMOBACT,Weighted median,4,0.133894938900881,0.117760316011011,0.255533104233306,,,0.00408250094460954,0.850415357106999,0.754441841675687,0.860329958009693,0,TRUE,5.86160208020898e-35,0.865,-0.096915280480701,0.364705158282463,1.14327269984836,0.907632897098886,1.44008934713189,0.865
CST1,Bacterial pneumoniae,P01037,J10_PNEUMOBACT,Inverse variance weighted (multiplicative random effects),36,0.051403471987413,0.0184907374759996,0.00543659437528297,0.154245940416682,,0.00237883422077076,0.582551883815981,47.0718151391781,0.0835297410153368,25.645527166278,TRUE,0,0.083,0.0151616265344538,0.0876453174403722,1.05274756175751,1.01527714708211,1.09160088156377,0.083
CST1,Bacterial pneumoniae,P01037,J10_PNEUMOBACT,Contamination mixture,,0.0468183789999662,0.0229591836734694,0.0684908815791592,,,0.00237883422077076,0.582551883815981,47.0718151391781,0.0835297410153368,25.645527166278,TRUE,0,0.083,0.00181837899996623,0.0918183789999662,1.04793166539794,1.00182003325359,1.09616571728678,0.083
CST1,Bacterial pneumoniae,P01037,J10_PNEUMOBACT,MR-PRESSO (Outlier-corrected),,0.051403471987413,0.0184907374759996,0.00868985576430419,,0.083,0.00237883422077076,0.582551883815981,47.0718151391781,0.0835297410153368,25.645527166278,TRUE,0,0.083,0.0151616265344538,0.0876453174403722,1.05274756175751,1.01527714708211,1.09160088156377,0.083
CST1,Bacterial pneumoniae,P01037,J10_PNEUMOBACT,Weighted median,36,0.053978795306735,0.0233750345861033,0.0209297203163867,,,0.00237883422077076,0.582551883815981,47.0718151391781,0.0835297410153368,25.645527166278,TRUE,0,0.083,0.00816372751797242,0.0997938630954975,1.05546222116514,1.00819714160741,1.10494312504273,0.083
CTSD,Bacterial pneumoniae,P07339,J10_PNEUMOBACT,Inverse variance weighted (multiplicative random effects),25,0.0721058012731286,0.0308338686144524,0.019359982165172,0.332121244430431,,0.00270573533137803,0.64824347380779,32.4679733892495,0.115806115193944,26.0810038487137,TRUE,0,0.143,0.0116714187888019,0.132540183757455,1.0747690499824,1.0117397955561,1.14172489396363,0.143
CTSD,Bacterial pneumoniae,P07339,J10_PNEUMOBACT,Contamination mixture,,0.0811062941393881,0.0255102040816326,0.00579328213684903,,,0.00270573533137803,0.64824347380779,32.4679733892495,0.115806115193944,26.0810038487137,TRUE,0,0.143,0.0311062941393881,0.131106294139388,1.08448616496406,1.03159515057775,1.14008895964639,0.143
CTSD,Bacterial pneumoniae,P07339,J10_PNEUMOBACT,MR-PRESSO (Outlier-corrected),,0.0721058012731286,0.0308338686144524,0.0280205033264193,,0.143,0.00270573533137803,0.64824347380779,32.4679733892495,0.115806115193944,26.0810038487137,TRUE,0,0.143,0.0116714187888019,0.132540183757455,1.0747690499824,1.0117397955561,1.14172489396363,0.143
CTSD,Bacterial pneumoniae,P07339,J10_PNEUMOBACT,Weighted median,25,0.069402252948109,0.0342935808548345,0.0429940239727805,,,0.00270573533137803,0.64824347380779,32.4679733892495,0.115806115193944,26.0810038487137,TRUE,0,0.143,0.00218683447263329,0.136617671423585,1.07186728421698,1.00218922733909,1.14638976715518,0.143
CXCL16,Bacterial pneumoniae,Q9H2A7,J10_PNEUMOBACT,Inverse variance weighted (multiplicative random effects),31,-0.0615964000140672,0.0276927914778356,0.0261299082066027,0.377944358570012,,0.00393816230786708,0.525752608857103,31.843392025859,0.374846268834159,5.78893110495913,TRUE,0,0.394,-0.115874271310625,-0.0073185287175094,0.940262300071423,0.890587188618698,0.992708186502024,0.394
CXCL16,Bacterial pneumoniae,Q9H2A7,J10_PNEUMOBACT,Contamination mixture,,-0.107281899370885,0.038265306122449,0.0328991156376079,,,0.00393816230786708,0.525752608857103,31.843392025859,0.374846268834159,5.78893110495913,TRUE,0,0.394,-0.182281899370885,-0.0322818993708847,0.898272414866696,0.833366381841197,0.968233599161676,0.394
CXCL16,Bacterial pneumoniae,Q9H2A7,J10_PNEUMOBACT,MR-PRESSO (Outlier-corrected),,-0.0615964000140672,0.0276927914778356,0.0338019177279437,,0.394,0.00393816230786708,0.525752608857103,31.843392025859,0.374846268834159,5.78893110495913,TRUE,0,0.394,-0.115874271310625,-0.0073185287175094,0.940262300071423,0.890587188618698,0.992708186502024,0.394
CXCL16,Bacterial pneumoniae,Q9H2A7,J10_PNEUMOBACT,Weighted median,31,-0.0450801360569852,0.038800847977362,0.245302987836727,,,0.00393816230786708,0.525752608857103,31.843392025859,0.374846268834159,5.78893110495913,TRUE,0,0.394,-0.121129798092615,0.0309695259786444,0.955920875033943,0.885918961538354,1.0314540708542,0.394
DDHD2,Bacterial pneumoniae,O94830,J10_PNEUMOBACT,Inverse variance weighted (multiplicative random effects),8,0.0735687529583995,0.0311302022025697,0.0181149693271015,0.323502635315549,,-0.00496477776087464,0.663407243886389,1.61451245878436,0.978078463495563,0,TRUE,1.36435359368643e-85,0.98,0.0125535566413629,0.134583949275436,1.07634253586162,1.01263268329384,1.14406069803779,0.98
DDHD2,Bacterial pneumoniae,O94830,J10_PNEUMOBACT,Contamination mixture,,0.1099002346573,0.114795918367347,0.193156466521813,,,-0.00496477776087464,0.663407243886389,1.61451245878436,0.978078463495563,0,TRUE,1.36435359368643e-85,0.98,-0.1150997653427,0.3349002346573,1.11616671014967,0.891277220893804,1.39780092617757,0.98
DDHD2,Bacterial pneumoniae,O94830,J10_PNEUMOBACT,MR-PRESSO (Outlier-corrected),,0.0735687529583995,0.0311302022025697,0.0501004613931468,,0.98,-0.00496477776087464,0.663407243886389,1.61451245878436,0.978078463495563,0,TRUE,1.36435359368643e-85,0.98,0.0125535566413629,0.134583949275436,1.07634253586162,1.01263268329384,1.14406069803779,0.98
DDHD2,Bacterial pneumoniae,O94830,J10_PNEUMOBACT,Weighted median,8,0.106742406074743,0.0803610601861372,0.184083910522112,,,-0.00496477776087464,0.663407243886389,1.61451245878436,0.978078463495563,0,TRUE,1.36435359368643e-85,0.98,-0.0507652718900856,0.264250084039572,1.11264760629716,0.950501753829589,1.30245387850253,0.98
DGKA,Bacterial pneumoniae,P23743,J10_PNEUMOBACT,Inverse variance weighted (multiplicative random effects),7,0.191297990254717,0.084993751879397,0.024402641156374,0.362997379291286,,0.032968435499273,0.597418887620343,5.52058376251783,0.478972376631965,0,TRUE,5.19209967422831e-39,0.514,0.0247102365710992,0.357885743938336,1.21082021095039,1.02501806473943,1.43030219044837,0.514
DGKA,Bacterial pneumoniae,P23743,J10_PNEUMOBACT,Contamination mixture,,0.308841871909182,0.160714285714286,0.0512735954269491,,,0.032968435499273,0.597418887620343,5.52058376251783,0.478972376631965,0,TRUE,5.19209967422831e-39,0.514,-0.00615812809081828,0.623841871909182,1.36184700720914,0.993860794317843,1.86608354172725,0.514
DGKA,Bacterial pneumoniae,P23743,J10_PNEUMOBACT,MR-PRESSO (Outlier-corrected),,0.191297990254717,0.084993751879397,0.0653755748653011,,0.514,0.032968435499273,0.597418887620343,5.52058376251783,0.478972376631965,0,TRUE,5.19209967422831e-39,0.514,0.0247102365710992,0.357885743938336,1.21082021095039,1.02501806473943,1.43030219044837,0.514
DGKA,Bacterial pneumoniae,P23743,J10_PNEUMOBACT,Weighted median,7,0.189839849612485,0.119720690465875,0.112809747401197,,,0.032968435499273,0.597418887620343,5.52058376251783,0.478972376631965,0,TRUE,5.19209967422831e-39,0.514,-0.0448127037006299,0.424492402925599,1.20905595137226,0.956176553392851,1.52881420106114,0.514
DLG4,Bacterial pneumoniae,P78352,J10_PNEUMOBACT,Inverse variance weighted (multiplicative random effects),3,0.198233642537853,0.0643501506228412,0.0020662096707518,0.0896572941445832,,-0.017501927698175,0.879787907240572,0.6083757412847,0.73772225707637,0,TRUE,1.10312665909955e-26,,0.0721073473170838,0.324359937758621,1.21924722856234,1.07477071162388,1.38314506366748,
DLG4,Bacterial pneumoniae,P78352,J10_PNEUMOBACT,Contamination mixture,,0.202778878157352,0.191326530612245,0.122035029877225,,,-0.017501927698175,0.879787907240572,0.6083757412847,0.73772225707637,0,TRUE,1.10312665909955e-26,,-0.172221121842648,0.577778878157352,1.22480160791361,0.841793013764971,1.78207582412488,
DLG4,Bacterial pneumoniae,P78352,J10_PNEUMOBACT,Weighted median,3,0.209973916547558,0.131940107739666,0.111512034644851,,,-0.017501927698175,0.879787907240572,0.6083757412847,0.73772225707637,0,TRUE,1.10312665909955e-26,,-0.0486286946221871,0.468576527717302,1.2336458817934,0.952534745318242,1.59771826607474,
DNAJB14,Bacterial pneumoniae,Q8TBM8,J10_PNEUMOBACT,Inverse variance weighted (multiplicative random effects),8,0.125131979425876,0.0604578770318118,0.0384768645757608,0.436663083621326,,-0.0125920445057651,0.499304375214082,5.80631328944005,0.5625386242658,0,TRUE,2.14651455763108e-77,0.598,0.00663454044352524,0.243629418408228,1.13329801521844,1.00665659776005,1.27587142840563,0.598
DNAJB14,Bacterial pneumoniae,Q8TBM8,J10_PNEUMOBACT,Contamination mixture,,0.212998738915996,0.137755102040816,0.110504330008135,,,-0.0125920445057651,0.499304375214082,5.80631328944005,0.5625386242658,0,TRUE,2.14651455763108e-77,0.598,-0.0570012610840042,0.482998738915996,1.23738309079859,0.944592878154803,1.62092786088459,0.598
DNAJB14,Bacterial pneumoniae,Q8TBM8,J10_PNEUMOBACT,MR-PRESSO (Outlier-corrected),,0.125131979425876,0.0604578770318118,0.0772465983728407,,0.598,-0.0125920445057651,0.499304375214082,5.80631328944005,0.5625386242658,0,TRUE,2.14651455763108e-77,0.598,0.00663454044352524,0.243629418408228,1.13329801521844,1.00665659776005,1.27587142840563,0.598
DNAJB14,Bacterial pneumoniae,Q8TBM8,J10_PNEUMOBACT,Weighted median,8,0.124629619967765,0.0870214674620938,0.152094895948355,,,-0.0125920445057651,0.499304375214082,5.80631328944005,0.5625386242658,0,TRUE,2.14651455763108e-77,0.598,-0.0459324562579388,0.295191696193469,1.13272883522009,0.955106471477241,1.34338385557638,0.598
DTNB,Bacterial pneumoniae,O60941,J10_PNEUMOBACT,Inverse variance weighted (multiplicative random effects),3,0.156315486711711,0.0504304758173437,0.00193766793909591,0.0857611829843849,,-0.0354662821594584,0.684931287162027,0.315417974320896,0.854098299377208,0,TRUE,1.73987754196956e-23,,0.0574717541097172,0.255159219313705,1.16919501039909,1.05915535344631,1.29066710364451,
DTNB,Bacterial pneumoniae,O60941,J10_PNEUMOBACT,Contamination mixture,,0.155644994121651,0.198979591836735,0.231952828632264,,,-0.0354662821594584,0.684931287162027,0.315417974320896,0.854098299377208,0,TRUE,1.73987754196956e-23,,-0.234355005878349,0.545644994121651,1.16841133656139,0.791080927660477,1.72572110345592,
DTNB,Bacterial pneumoniae,O60941,J10_PNEUMOBACT,Weighted median,3,0.133883199513996,0.151893169701589,0.378085115590117,,,-0.0354662821594584,0.684931287162027,0.315417974320896,0.854098299377208,0,TRUE,1.73987754196956e-23,,-0.163827413101119,0.431593812129111,1.1432592786066,0.848888516274856,1.5397095767719,
EIF2AK3,Bacterial pneumoniae,Q9NZJ5,J10_PNEUMOBACT,Inverse variance weighted (multiplicative random effects),4,0.113175637830558,0.0418746426667962,0.00687736485236616,0.175489442472881,,0.00826171341672591,0.744746822072474,1.28317568434907,0.733132001109553,0,TRUE,1.68672094883435e-83,0.8,0.0311013382036375,0.195249937457479,1.11982859994289,1.03159003807113,1.21561477619037,0.8
EIF2AK3,Bacterial pneumoniae,Q9NZJ5,J10_PNEUMOBACT,Contamination mixture,,0.110330551406457,0.227040816326531,0.110116133479617,,,0.00826171341672591,0.744746822072474,1.28317568434907,0.733132001109553,0,TRUE,1.68672094883435e-83,0.8,-0.334669448593543,0.555330551406457,1.11664711873641,0.715574581447836,1.74251688099297,0.8
EIF2AK3,Bacterial pneumoniae,Q9NZJ5,J10_PNEUMOBACT,MR-PRESSO (Outlier-corrected),,0.113175637830558,0.0418746426667962,0.0736160237147654,,0.8,0.00826171341672591,0.744746822072474,1.28317568434907,0.733132001109553,0,TRUE,1.68672094883435e-83,0.8,0.0311013382036375,0.195249937457479,1.11982859994289,1.03159003807113,1.21561477619037,0.8
EIF2AK3,Bacterial pneumoniae,Q9NZJ5,J10_PNEUMOBACT,Weighted median,4,0.106574989790549,0.072516503808487,0.141652423394877,,,0.00826171341672591,0.744746822072474,1.28317568434907,0.733132001109553,0,TRUE,1.68672094883435e-83,0.8,-0.0355573576740854,0.248707337255184,1.11246134656119,0.965067378622308,1.28236667719454,0.8
EIF5,Bacterial pneumoniae,P55010,J10_PNEUMOBACT,Inverse variance weighted (multiplicative random effects),4,0.187555088748378,0.0573575762941094,0.00107575232827867,0.0626484184863341,,0.0131183423271404,0.504779687075346,0.829030929653702,0.842511353395857,0,TRUE,8.93219719582694e-31,0.831,0.0751342392119233,0.299975938284832,1.20629670096603,1.07802885491585,1.34982632804862,0.831
EIF5,Bacterial pneumoniae,P55010,J10_PNEUMOBACT,Contamination mixture,,0.190483584066079,0.426020408163265,0.120035817995134,,,0.0131183423271404,0.504779687075346,0.829030929653702,0.842511353395857,0,TRUE,8.93219719582694e-31,0.831,-0.644516415933921,1.02548358406608,1.20983451291104,0.524916321909013,2.78844358145984,0.831
EIF5,Bacterial pneumoniae,P55010,J10_PNEUMOBACT,MR-PRESSO (Outlier-corrected),,0.187555088748378,0.0573575762941094,0.046779604006654,,0.831,0.0131183423271404,0.504779687075346,0.829030929653702,0.842511353395857,0,TRUE,8.93219719582694e-31,0.831,0.0751342392119233,0.299975938284832,1.20629670096603,1.07802885491585,1.34982632804862,0.831
EIF5,Bacterial pneumoniae,P55010,J10_PNEUMOBACT,Weighted median,4,0.151896788510436,0.124310133876573,0.221738642838468,,,0.0131183423271404,0.504779687075346,0.829030929653702,0.842511353395857,0,TRUE,8.93219719582694e-31,0.831,-0.0917510738876479,0.39554465090852,1.16404008792048,0.912332224595305,1.48519288232635,0.831
ENTR1,Bacterial pneumoniae,Q96C92,J10_PNEUMOBACT,Inverse variance weighted (multiplicative random effects),8,-0.117530601529397,0.0383260045055941,0.00216506935424439,0.0921403554027467,,-0.0129206827582295,0.360141026172673,3.48429252431701,0.836886390822585,0,TRUE,8.21526768769614e-129,0.804,-0.192649570360361,-0.0424116326984325,0.889113303103255,0.824770947689686,0.958475159642273,0.804
ENTR1,Bacterial pneumoniae,Q96C92,J10_PNEUMOBACT,Contamination mixture,,-0.135301595726958,0.0816326530612245,0.0717874868882249,,,-0.0129206827582295,0.360141026172673,3.48429252431701,0.836886390822585,0,TRUE,8.21526768769614e-129,0.804,-0.295301595726958,0.0246984042730418,0.873452442435091,0.74430707377843,1.02500593649193,0.804
ENTR1,Bacterial pneumoniae,Q96C92,J10_PNEUMOBACT,MR-PRESSO (Outlier-corrected),,-0.117530601529397,0.0383260045055941,0.0181540429894944,,0.804,-0.0129206827582295,0.360141026172673,3.48429252431701,0.836886390822585,0,TRUE,8.21526768769614e-129,0.804,-0.192649570360361,-0.0424116326984325,0.889113303103255,0.824770947689686,0.958475159642273,0.804
ENTR1,Bacterial pneumoniae,Q96C92,J10_PNEUMOBACT,Weighted median,8,-0.143508428104731,0.0678033954399296,0.0342991205573451,,,-0.0129206827582295,0.360141026172673,3.48429252431701,0.836886390822585,0,TRUE,8.21526768769614e-129,0.804,-0.276403083166993,-0.010613773042469,0.866313498775579,0.758507127678133,0.989442354296838,0.804
ERBB3,Bacterial pneumoniae,P21860,J10_PNEUMOBACT,Inverse variance weighted (multiplicative random effects),21,0.105481985018977,0.033123312350843,0.00144992258838261,0.0729245156384256,,0.00648413874624571,0.225016509480039,22.2765273903134,0.325696007106951,10.2193997763912,TRUE,0,0.376,0.0405602928113251,0.17040367722663,1.11124608526539,1.04139409638747,1.18578342848431,0.376
ERBB3,Bacterial pneumoniae,P21860,J10_PNEUMOBACT,Contamination mixture,,0.0940022088431918,0.0357142857142857,0.00918616485356493,,,0.00648413874624571,0.225016509480039,22.2765273903134,0.325696007106951,10.2193997763912,TRUE,0,0.376,0.0240022088431917,0.164002208843192,1.09856217246607,1.02429258038982,1.17821691758627,0.376
ERBB3,Bacterial pneumoniae,P21860,J10_PNEUMOBACT,MR-PRESSO (Outlier-corrected),,0.105481985018977,0.033123312350843,0.00465778615278243,,0.376,0.00648413874624571,0.225016509480039,22.2765273903134,0.325696007106951,10.2193997763912,TRUE,0,0.376,0.0405602928113251,0.17040367722663,1.11124608526539,1.04139409638747,1.18578342848431,0.376
ERBB3,Bacterial pneumoniae,P21860,J10_PNEUMOBACT,Weighted median,21,0.0792966063663783,0.0433228211348168,0.0671952712483772,,,0.00648413874624571,0.225016509480039,22.2765273903134,0.325696007106951,10.2193997763912,TRUE,0,0.376,-0.00561612305786254,0.164209335790619,1.08252535837031,0.994399617879771,1.17846098333524,0.376
ERMAP,Bacterial pneumoniae,Q96PL5,J10_PNEUMOBACT,Inverse variance weighted (multiplicative random effects),34,0.049607576586439,0.0216699295569167,0.0220656607808432,0.350869971098069,,0.00665969732181027,0.151326422744995,34.0325554135849,0.417706772457666,3.03402257349363,TRUE,0,0.462,0.00713451465488224,0.0920806385179958,1.05085863391906,1.00716002593868,1.09645323487994,0.462
ERMAP,Bacterial pneumoniae,Q96PL5,J10_PNEUMOBACT,Contamination mixture,,0.0441442797065126,0.0204081632653061,0.0851746623780505,,,0.00665969732181027,0.151326422744995,34.0325554135849,0.417706772457666,3.03402257349363,TRUE,0,0.462,0.0041442797065126,0.0841442797065126,1.04513313551295,1.00415287910899,1.08778582790735,0.462
ERMAP,Bacterial pneumoniae,Q96PL5,J10_PNEUMOBACT,MR-PRESSO (Outlier-corrected),,0.049607576586439,0.0216699295569167,0.0285979666623709,,0.462,0.00665969732181027,0.151326422744995,34.0325554135849,0.417706772457666,3.03402257349363,TRUE,0,0.462,0.00713451465488224,0.0920806385179958,1.05085863391906,1.00716002593868,1.09645323487994,0.462
ERMAP,Bacterial pneumoniae,Q96PL5,J10_PNEUMOBACT,Weighted median,34,0.0429773256855379,0.0294635223418252,0.144658110733582,,,0.00665969732181027,0.151326422744995,34.0325554135849,0.417706772457666,3.03402257349363,TRUE,0,0.462,-0.0147711781044395,0.100725829475515,1.04391422454286,0.985337380576354,1.10597337489164,0.462
EZR,Bacterial pneumoniae,P15311,J10_PNEUMOBACT,Inverse variance weighted (multiplicative random effects),4,0.23117576164371,0.100957510762859,0.0220310442380194,0.350869971098069,,-0.00161594755724976,0.965624118644344,3.35687204347232,0.339805230053782,10.6310886697716,TRUE,3.38185275968641e-32,0.364,0.0332990405485061,0.429052482738914,1.26008069384102,1.03385965897883,1.5358016353585,0.364
EZR,Bacterial pneumoniae,P15311,J10_PNEUMOBACT,Contamination mixture,,0.235203940571296,0.186224489795918,0.26885233214508,,,-0.00161594755724976,0.965624118644344,3.35687204347232,0.339805230053782,10.6310886697716,TRUE,3.38185275968641e-32,0.364,-0.129796059428704,0.600203940571296,1.2651667612565,0.878274528466402,1.82249044223477,0.364
EZR,Bacterial pneumoniae,P15311,J10_PNEUMOBACT,MR-PRESSO (Outlier-corrected),,0.23117576164371,0.100957510762859,0.105972739724832,,0.364,-0.00161594755724976,0.965624118644344,3.35687204347232,0.339805230053782,10.6310886697716,TRUE,3.38185275968641e-32,0.364,0.0332990405485061,0.429052482738914,1.26008069384102,1.03385965897883,1.5358016353585,0.364
EZR,Bacterial pneumoniae,P15311,J10_PNEUMOBACT,Weighted median,4,0.138293502711488,0.124156075453795,0.265335738949826,,,-0.00161594755724976,0.965624118644344,3.35687204347232,0.339805230053782,10.6310886697716,TRUE,3.38185275968641e-32,0.364,-0.10505240517795,0.381639410600927,1.14831253366126,0.900277342155707,1.46468384043311,0.364
F2,Bacterial pneumoniae,P00734,J10_PNEUMOBACT,Inverse variance weighted (multiplicative random effects),8,0.177294642522659,0.0516004013690973,0.000590554134673295,0.0429558662258689,,-0.00335821607294607,0.699950906118434,7.8531315369186,0.34572272907213,10.8635839461992,TRUE,2.59745348506918e-101,0.324,0.0761578558392285,0.27843142920609,1.19398283942071,1.07913290814368,1.3210560164303,0.324
F2,Bacterial pneumoniae,P00734,J10_PNEUMOBACT,Contamination mixture,,0.257174302053993,0.0714285714285714,0.0202590277285453,,,-0.00335821607294607,0.699950906118434,7.8531315369186,0.34572272907213,10.8635839461992,TRUE,2.59745348506918e-101,0.324,0.117174302053993,0.397174302053993,1.29327052682413,1.12431538309311,1.48761520184008,0.324
F2,Bacterial pneumoniae,P00734,J10_PNEUMOBACT,MR-PRESSO (Outlier-corrected),,0.177294642522659,0.0516004013690973,0.0108973825274096,,0.324,-0.00335821607294607,0.699950906118434,7.8531315369186,0.34572272907213,10.8635839461992,TRUE,2.59745348506918e-101,0.324,0.0761578558392285,0.27843142920609,1.19398283942071,1.07913290814368,1.3210560164303,0.324
F2,Bacterial pneumoniae,P00734,J10_PNEUMOBACT,Weighted median,8,0.206396045721501,0.0695493123948817,0.00300113489961854,,,-0.00335821607294607,0.699950906118434,7.8531315369186,0.34572272907213,10.8635839461992,TRUE,2.59745348506918e-101,0.324,0.0700793934275331,0.342712698015469,1.22923994282359,1.07259333473505,1.40876396309715,0.324
F7,Bacterial pneumoniae,P08709,J10_PNEUMOBACT,Inverse variance weighted (multiplicative random effects),30,0.0552638981489364,0.0205344474639863,0.00711789427391312,0.176987640765952,,-0.0046244293367424,0.240559880681145,22.3438647170815,0.805677477139017,0,TRUE,0,0.811,0.0150163811195232,0.0955114151783496,1.05681947058114,1.01512969344036,1.10022138118554,0.811
F7,Bacterial pneumoniae,P08709,J10_PNEUMOBACT,Contamination mixture,,0.0860446117922552,0.0306122448979592,0.0163541006531163,,,-0.0046244293367424,0.240559880681145,22.3438647170815,0.805677477139017,0,TRUE,0,0.811,0.0260446117922551,0.146044611792255,1.08985494760313,1.02638673640395,1.15724781379829,0.811
F7,Bacterial pneumoniae,P08709,J10_PNEUMOBACT,MR-PRESSO (Outlier-corrected),,0.0552638981489364,0.0205344474639863,0.0116911624603206,,0.811,-0.0046244293367424,0.240559880681145,22.3438647170815,0.805677477139017,0,TRUE,0,0.811,0.0150163811195232,0.0955114151783496,1.05681947058114,1.01512969344036,1.10022138118554,0.811
F7,Bacterial pneumoniae,P08709,J10_PNEUMOBACT,Weighted median,30,0.0828575482454277,0.0333455638727739,0.0129618874284172,,,-0.0046244293367424,0.240559880681145,22.3438647170815,0.805677477139017,0,TRUE,0,0.811,0.0175002430547908,0.148214853436065,1.086387039785,1.01765426949648,1.15976204845755,0.811
FBLN2,Bacterial pneumoniae,P98095,J10_PNEUMOBACT,Inverse variance weighted (multiplicative random effects),18,0.045267814106746,0.0227505961782582,0.0466193762720154,0.468948544045318,,-0.00332301573789068,0.415947701072101,13.9177378714628,0.67291618263732,0,TRUE,0,0.72,0.000676645597360033,0.089858982616132,1.04630803844186,1.00067687457363,1.09401999698904,0.72
FBLN2,Bacterial pneumoniae,P98095,J10_PNEUMOBACT,Contamination mixture,,0.0615771676583004,0.0255102040816327,0.0347889200727148,,,-0.00332301573789068,0.415947701072101,13.9177378714628,0.67291618263732,0,TRUE,0,0.72,0.0115771676583003,0.1115771676583,1.06351256213635,1.01164444243024,1.11804001720675,0.72
FBLN2,Bacterial pneumoniae,P98095,J10_PNEUMOBACT,MR-PRESSO (Outlier-corrected),,0.045267814106746,0.0227505961782582,0.0629534250953913,,0.72,-0.00332301573789068,0.415947701072101,13.9177378714628,0.67291618263732,0,TRUE,0,0.72,0.000676645597360033,0.089858982616132,1.04630803844186,1.00067687457363,1.09401999698904,0.72
FBLN2,Bacterial pneumoniae,P98095,J10_PNEUMOBACT,Weighted median,18,0.0463300190644424,0.0325795315066627,0.15500909649038,,,-0.00332301573789068,0.415947701072101,13.9177378714628,0.67291618263732,0,TRUE,0,0.72,-0.0175258626886164,0.110185900817501,1.04742002250051,0.982626821964919,1.11648560675471,0.72
FCGR2A,Bacterial pneumoniae,P12318,J10_PNEUMOBACT,Inverse variance weighted (multiplicative random effects),39,-0.0359782052899511,0.0163389728688921,0.0276662291944313,0.380295442391381,,0.00210865390308963,0.658016341669008,49.061409660281,0.107854457990253,22.5460494039496,TRUE,0,0.126,-0.0680025921129796,-0.00395381846692259,0.964661317767729,0.934258051871652,0.996053987582023,0.126
FCGR2A,Bacterial pneumoniae,P12318,J10_PNEUMOBACT,Contamination mixture,,-0.0492212592254697,0.0204081632653061,0.063913382509155,,,0.00210865390308963,0.658016341669008,49.061409660281,0.107854457990253,22.5460494039496,TRUE,0,0.126,-0.0892212592254698,-0.00922125922546968,0.951970474144843,0.914643177943194,0.990821126202989,0.126
FCGR2A,Bacterial pneumoniae,P12318,J10_PNEUMOBACT,MR-PRESSO (Outlier-corrected),,-0.0359782052899511,0.0163389728688921,0.0338080626076491,,0.126,0.00210865390308963,0.658016341669008,49.061409660281,0.107854457990253,22.5460494039496,TRUE,0,0.126,-0.0680025921129796,-0.00395381846692259,0.964661317767729,0.934258051871652,0.996053987582023,0.126
FCGR2A,Bacterial pneumoniae,P12318,J10_PNEUMOBACT,Weighted median,39,-0.0447525366748373,0.0218206614744794,0.0402742665613752,,,0.00210865390308963,0.658016341669008,49.061409660281,0.107854457990253,22.5460494039496,TRUE,0,0.126,-0.087521033164817,-0.00198404018485763,0.95623408542295,0.916199600871005,0.998017926721847,0.126
FCRL1,Bacterial pneumoniae,Q96LA6,J10_PNEUMOBACT,Inverse variance weighted (multiplicative random effects),57,0.0562828529391788,0.0241857276375951,0.0199594019644345,0.335208384251199,,0.00328682637665125,0.40892354053975,73.491067195525,0.0584327195715993,23.8002628931616,TRUE,0,0.096,0.00887882676949245,0.103686879108865,1.05789687066088,1.00891836046956,1.10925307022188,0.096
FCRL1,Bacterial pneumoniae,Q96LA6,J10_PNEUMOBACT,Contamination mixture,,0.0700031022180858,0.0280612244897959,0.0238122783856992,,,0.00328682637665125,0.40892354053975,73.491067195525,0.0584327195715993,23.8002628931616,TRUE,0,0.096,0.0150031022180858,0.125003102218086,1.07251150841365,1.01511621372271,1.1331519683459,0.096
FCRL1,Bacterial pneumoniae,Q96LA6,J10_PNEUMOBACT,MR-PRESSO (Outlier-corrected),,0.0562828529391788,0.0241857276375951,0.023600617219687,,0.096,0.00328682637665125,0.40892354053975,73.491067195525,0.0584327195715993,23.8002628931616,TRUE,0,0.096,0.00887882676949245,0.103686879108865,1.05789687066088,1.00891836046956,1.10925307022188,0.096
FCRL1,Bacterial pneumoniae,Q96LA6,J10_PNEUMOBACT,Weighted median,57,0.06164662593229,0.0365195195555307,0.0914024147189661,,,0.00328682637665125,0.40892354053975,73.491067195525,0.0584327195715993,23.8002628931616,TRUE,0,0.096,-0.00993163239655023,0.13322488426113,1.06358643444877,0.990117523397461,1.14250690126343,0.096
FGF21,Bacterial pneumoniae,Q9NSA1,J10_PNEUMOBACT,Inverse variance weighted (multiplicative random effects),9,0.151530422123234,0.0341085384777351,8.88803738390999e-06,0.00166200164631702,,-0.0206825314510972,0.157460971731413,5.40999152359462,0.71299046772182,0,TRUE,4.14181163845938e-193,0.739,0.0846776867068736,0.218383157539595,1.16361370087062,1.08836621526043,1.24406364867715,0.739
FGF21,Bacterial pneumoniae,Q9NSA1,J10_PNEUMOBACT,Contamination mixture,,0.183631881752257,0.0535714285714286,0.00953500782929009,,,-0.0206825314510972,0.157460971731413,5.40999152359462,0.71299046772182,0,TRUE,4.14181163845938e-193,0.739,0.0786318817522569,0.288631881752257,1.20157342057096,1.0818060162279,1.33460034734956,0.739
FGF21,Bacterial pneumoniae,Q9NSA1,J10_PNEUMOBACT,MR-PRESSO (Outlier-corrected),,0.151530422123234,0.0341085384777351,0.00216047272786281,,0.739,-0.0206825314510972,0.157460971731413,5.40999152359462,0.71299046772182,0,TRUE,4.14181163845938e-193,0.739,0.0846776867068736,0.218383157539595,1.16361370087062,1.08836621526043,1.24406364867715,0.739
FGF21,Bacterial pneumoniae,Q9NSA1,J10_PNEUMOBACT,Weighted median,9,0.158656236554991,0.052146200145798,0.00234600550838333,,,-0.0206825314510972,0.157460971731413,5.40999152359462,0.71299046772182,0,TRUE,4.14181163845938e-193,0.739,0.0564496842692272,0.260862788840755,1.17193500901104,1.05807337572575,1.298049546331,0.739
FGFBP1,Bacterial pneumoniae,Q14512,J10_PNEUMOBACT,Inverse variance weighted (multiplicative random effects),28,-0.103141007358908,0.0364588999162341,0.00466985833965814,0.143577760015246,,0.00104394614127533,0.877497237673022,38.2035671368682,0.0747009201848818,29.3259713071563,TRUE,0,0.112,-0.174600451194727,-0.0316815635230889,0.901999775907694,0.839792491833003,0.968815039012423,0.112
FGFBP1,Bacterial pneumoniae,Q14512,J10_PNEUMOBACT,Contamination mixture,,-0.157726418508013,0.0586734693877551,0.0373509924348741,,,0.00104394614127533,0.877497237673022,38.2035671368682,0.0747009201848818,29.3259713071563,TRUE,0,0.112,-0.272726418508013,-0.0427264185080133,0.854083411422655,0.761301037014604,0.958173492745902,0.112
FGFBP1,Bacterial pneumoniae,Q14512,J10_PNEUMOBACT,MR-PRESSO (Outlier-corrected),,-0.103141007358908,0.0364588999162341,0.00870007051463946,,0.112,0.00104394614127533,0.877497237673022,38.2035671368682,0.0747009201848818,29.3259713071563,TRUE,0,0.112,-0.174600451194727,-0.0316815635230889,0.901999775907694,0.839792491833003,0.968815039012423,0.112
FGFBP1,Bacterial pneumoniae,Q14512,J10_PNEUMOBACT,Weighted median,28,-0.115665530725482,0.0467017278241917,0.013260838790281,,,0.00104394614127533,0.877497237673022,38.2035671368682,0.0747009201848818,29.3259713071563,TRUE,0,0.112,-0.207200917260898,-0.0241301441900662,0.890773109713535,0.812856316715226,0.976158660112505,0.112
FGFR2,Bacterial pneumoniae,P21802,J10_PNEUMOBACT,Inverse variance weighted (multiplicative random effects),18,0.0965395576915635,0.0420116579510724,0.0215661684363232,0.348364458026155,,0.00257223624779785,0.786809073896079,15.3877943097715,0.567570987041977,0,TRUE,6.80742328137935e-181,0.545,0.0141967081074616,0.178882407275665,1.1013531472702,1.01429795994822,1.19588010909921,0.545
FGFR2,Bacterial pneumoniae,P21802,J10_PNEUMOBACT,Contamination mixture,,0.106037771074275,0.0663265306122449,0.1097432788815,,,0.00257223624779785,0.786809073896079,15.3877943097715,0.567570987041977,0,TRUE,6.80742328137935e-181,0.545,-0.0239622289257253,0.236037771074275,1.11186387200631,0.976322585814386,1.266222135834,0.545
FGFR2,Bacterial pneumoniae,P21802,J10_PNEUMOBACT,MR-PRESSO (Outlier-corrected),,0.0965395576915635,0.0420116579510724,0.0345298792834992,,0.545,0.00257223624779785,0.786809073896079,15.3877943097715,0.567570987041977,0,TRUE,6.80742328137935e-181,0.545,0.0141967081074616,0.178882407275665,1.1013531472702,1.01429795994822,1.19588010909921,0.545
FGFR2,Bacterial pneumoniae,P21802,J10_PNEUMOBACT,Weighted median,18,0.106495696719005,0.0612414866082996,0.0820440936775232,,,0.00257223624779785,0.786809073896079,15.3877943097715,0.567570987041977,0,TRUE,6.80742328137935e-181,0.545,-0.0135376170332625,0.226529010471272,1.11237313958119,0.986553604399965,1.25423899537046,0.545
FOLR1,Bacterial pneumoniae,P15328,J10_PNEUMOBACT,Inverse variance weighted (multiplicative random effects),14,0.122883065067867,0.0444248050152647,0.00567326549955447,0.156936706881426,,-0.00486731932882739,0.629437625387994,16.5381874330025,0.221284207439544,21.3940460363989,TRUE,4.12451309086775e-209,0.251,0.035810447237948,0.209955682897786,1.13075218878591,1.0364593641344,1.23362338813152,0.251
FOLR1,Bacterial pneumoniae,P15328,J10_PNEUMOBACT,Contamination mixture,,0.175152363301505,0.0408163265306123,0.000312329432395435,,,-0.00486731932882739,0.629437625387994,16.5381874330025,0.221284207439544,21.3940460363989,TRUE,4.12451309086775e-209,0.251,0.0951523633015052,0.255152363301505,1.19142773264667,1.0998264155445,1.29065825484543,0.251
FOLR1,Bacterial pneumoniae,P15328,J10_PNEUMOBACT,MR-PRESSO (Outlier-corrected),,0.122883065067867,0.0444248050152647,0.0160369715952539,,0.251,-0.00486731932882739,0.629437625387994,16.5381874330025,0.221284207439544,21.3940460363989,TRUE,4.12451309086775e-209,0.251,0.035810447237948,0.209955682897786,1.13075218878591,1.0364593641344,1.23362338813152,0.251
FOLR1,Bacterial pneumoniae,P15328,J10_PNEUMOBACT,Weighted median,14,0.176053733350246,0.0515208572532414,0.000632838502488499,,,-0.00486731932882739,0.629437625387994,16.5381874330025,0.221284207439544,21.3940460363989,TRUE,4.12451309086775e-209,0.251,0.0750728531338926,0.277034613566599,1.192502134064,1.07796268098354,1.31921203287825,0.251
FUCA1,Bacterial pneumoniae,P04066,J10_PNEUMOBACT,Inverse variance weighted (multiplicative random effects),59,0.0276671308334084,0.0111433637716709,0.0130341536502656,0.267079463222572,,-0.00334876317590439,0.333348531481882,69.212555857525,0.148784203413503,16.2001759920644,TRUE,0,0.129,0.00582613784093337,0.0495081238258834,1.02805342017479,1.00584314279036,1.05075412832374,0.129
FUCA1,Bacterial pneumoniae,P04066,J10_PNEUMOBACT,Contamination mixture,,0.0291134191851326,0.0127551020408163,0.06882254054683,,,-0.00334876317590439,0.333348531481882,69.212555857525,0.148784203413503,16.2001759920644,TRUE,0,0.129,0.00411341918513264,0.0541134191851325,1.02954135759526,1.00412189090576,1.05560432114766,0.129
FUCA1,Bacterial pneumoniae,P04066,J10_PNEUMOBACT,MR-PRESSO (Outlier-corrected),,0.0276671308334084,0.0111433637716709,0.0159486770601283,,0.129,-0.00334876317590439,0.333348531481882,69.212555857525,0.148784203413503,16.2001759920644,TRUE,0,0.129,0.00582613784093337,0.0495081238258834,1.02805342017479,1.00584314279036,1.05075412832374,0.129
FUCA1,Bacterial pneumoniae,P04066,J10_PNEUMOBACT,Weighted median,59,0.0265468091136336,0.0167296916782815,0.112556129345857,,,-0.00334876317590439,0.333348531481882,69.212555857525,0.148784203413503,16.2001759920644,TRUE,0,0.129,-0.00624338657579818,0.0593370048030655,1.02690231452381,0.993776062864328,1.06113278733534,0.129
GFRA1,Bacterial pneumoniae,P56159,J10_PNEUMOBACT,Inverse variance weighted (multiplicative random effects),15,0.0773884634997028,0.0332766306920924,0.0200393681950568,0.335208384251199,,0.00590907530667766,0.379772930109738,16.1414613081767,0.304811956404325,13.2668366716707,TRUE,0,0.373,0.0121662673432017,0.142610659656204,1.08046171481925,1.01224057742673,1.15328069554162,0.373
GFRA1,Bacterial pneumoniae,P56159,J10_PNEUMOBACT,Contamination mixture,,0.0679570544842171,0.0433673469387755,0.1681768959769,,,0.00590907530667766,0.379772930109738,16.1414613081767,0.304811956404325,13.2668366716707,TRUE,0,0.373,-0.0170429455157829,0.152957054484217,1.07031934207556,0.983101463928886,1.16527493453506,0.373
GFRA1,Bacterial pneumoniae,P56159,J10_PNEUMOBACT,MR-PRESSO (Outlier-corrected),,0.0773884634997028,0.0332766306920924,0.0355775377987198,,0.373,0.00590907530667766,0.379772930109738,16.1414613081767,0.304811956404325,13.2668366716707,TRUE,0,0.373,0.0121662673432017,0.142610659656204,1.08046171481925,1.01224057742673,1.15328069554162,0.373
GFRA1,Bacterial pneumoniae,P56159,J10_PNEUMOBACT,Weighted median,15,0.0460552280853478,0.0394037118315214,0.242482484863479,,,0.00590907530667766,0.379772930109738,16.1414613081767,0.304811956404325,13.2668366716707,TRUE,0,0.373,-0.0311760471044342,0.12328650327513,1.04713224046876,0.969304914730961,1.13120846945615,0.373
GIMAP7,Bacterial pneumoniae,Q8NHV1,J10_PNEUMOBACT,Inverse variance weighted (multiplicative random effects),13,-0.0519069029671058,0.0244193945288936,0.033533037564889,0.414122771207857,,0.00729525836968427,0.310066086039094,4.70954326333391,0.966983652289043,0,TRUE,7.69135961352744e-219,0.958,-0.0997689162437372,-0.00404488969047431,0.949417250657705,0.905046535426212,0.995963279857145,0.958
GIMAP7,Bacterial pneumoniae,Q8NHV1,J10_PNEUMOBACT,Contamination mixture,,-0.0923623878418597,0.0739795918367347,0.212230028941288,,,0.00729525836968427,0.310066086039094,4.70954326333391,0.966983652289043,0,TRUE,7.69135961352744e-219,0.958,-0.23736238784186,0.0526376121581403,0.911774673612244,0.788705418968361,1.05404760186396,0.958
GIMAP7,Bacterial pneumoniae,Q8NHV1,J10_PNEUMOBACT,MR-PRESSO (Outlier-corrected),,-0.0519069029671058,0.0244193945288936,0.0549799358795592,,0.958,0.00729525836968427,0.310066086039094,4.70954326333391,0.966983652289043,0,TRUE,7.69135961352744e-219,0.958,-0.0997689162437372,-0.00404488969047431,0.949417250657705,0.905046535426212,0.995963279857145,0.958
GIMAP7,Bacterial pneumoniae,Q8NHV1,J10_PNEUMOBACT,Weighted median,13,-0.0636804265556164,0.0494911572334494,0.198197784275929,,,0.00729525836968427,0.310066086039094,4.70954326333391,0.966983652289043,0,TRUE,7.69135961352744e-219,0.958,-0.160683094733177,0.0333222416219444,0.938304808922287,0.851561892799789,1.03388364591097,0.958
GIT1,Bacterial pneumoniae,Q9Y2X7,J10_PNEUMOBACT,Inverse variance weighted (multiplicative random effects),4,0.144128561582755,0.0718796601245882,0.0449484095659658,0.458737536681538,,-0.028595082378339,0.511140161446686,1.39848853494749,0.705889065265532,0,TRUE,8.11639336818135e-33,0.729,0.00324442773856179,0.285012695426947,1.15503259179822,1.00324969659083,1.32977891012532,0.729
GIT1,Bacterial pneumoniae,Q9Y2X7,J10_PNEUMOBACT,Contamination mixture,,0.187400595762129,0.25,0.219351057030728,,,-0.028595082378339,0.511140161446686,1.39848853494749,0.705889065265532,0,TRUE,8.11639336818135e-33,0.729,-0.302599404237871,0.677400595762129,1.20611035098165,0.738895035310386,1.96875348896342,0.729
GIT1,Bacterial pneumoniae,Q9Y2X7,J10_PNEUMOBACT,MR-PRESSO (Outlier-corrected),,0.144128561582755,0.0718796601245882,0.138634414441145,,0.729,-0.028595082378339,0.511140161446686,1.39848853494749,0.705889065265532,0,TRUE,8.11639336818135e-33,0.729,0.00324442773856179,0.285012695426947,1.15503259179822,1.00324969659083,1.32977891012532,0.729
GIT1,Bacterial pneumoniae,Q9Y2X7,J10_PNEUMOBACT,Weighted median,4,0.143090485832052,0.125643740684111,0.254762031907096,,,-0.028595082378339,0.511140161446686,1.39848853494749,0.705889065265532,0,TRUE,8.11639336818135e-33,0.729,-0.103171245908805,0.389352217572909,1.15383420259041,0.901972501154839,1.47602434149918,0.729
GNE,Bacterial pneumoniae,Q9Y223,J10_PNEUMOBACT,Inverse variance weighted (multiplicative random effects),5,0.124733600830699,0.0607918471255844,0.040187681722695,0.443566381174274,,0.0009601016483176,0.938156114361089,3.32904199908018,0.504344004270326,0,TRUE,5.41830753399772e-81,0.637,0.00558158046455344,0.243885621196844,1.1328466234656,1.00559718650674,1.27619835210109,0.637
GNE,Bacterial pneumoniae,Q9Y223,J10_PNEUMOBACT,Contamination mixture,,0.154676074756171,0.086734693877551,0.108853511200882,,,0.0009601016483176,0.938156114361089,3.32904199908018,0.504344004270326,0,TRUE,5.41830753399772e-81,0.637,-0.0153239252438294,0.324676074756171,1.1672797884685,0.984792888654945,1.38358239611993,0.637
GNE,Bacterial pneumoniae,Q9Y223,J10_PNEUMOBACT,MR-PRESSO (Outlier-corrected),,0.124733600830699,0.0607918471255844,0.109464542175121,,0.637,0.0009601016483176,0.938156114361089,3.32904199908018,0.504344004270326,0,TRUE,5.41830753399772e-81,0.637,0.00558158046455344,0.243885621196844,1.1328466234656,1.00559718650674,1.27619835210109,0.637
GNE,Bacterial pneumoniae,Q9Y223,J10_PNEUMOBACT,Weighted median,5,0.130348624209697,0.0741723924928824,0.0788541046850498,,,0.0009601016483176,0.938156114361089,3.32904199908018,0.504344004270326,0,TRUE,5.41830753399772e-81,0.637,-0.0150292650763523,0.275726513495747,1.13922547568372,0.985083110648777,1.31748749970147,0.637
GOLGA3,Bacterial pneumoniae,Q08378,J10_PNEUMOBACT,Inverse variance weighted (multiplicative random effects),5,0.0562740907721518,0.0262256187583324,0.0318915012149769,0.407953134038982,,0.0102457890985494,0.49818893993727,1.56976509045566,0.814215722157768,0,TRUE,6.48324120287591e-206,0.778,0.00487187800582028,0.107676303538483,1.05788760123241,1.00488376489946,1.11368719043166,0.778
GOLGA3,Bacterial pneumoniae,Q08378,J10_PNEUMOBACT,Contamination mixture,,0.0587409668002849,0.188775510204082,0.262113767403118,,,0.0102457890985494,0.49818893993727,1.56976509045566,0.814215722157768,0,TRUE,6.48324120287591e-206,0.778,-0.311259033199715,0.428740966800285,1.06050050032035,0.732524103229359,1.53532328318155,0.778
GOLGA3,Bacterial pneumoniae,Q08378,J10_PNEUMOBACT,MR-PRESSO (Outlier-corrected),,0.0562740907721518,0.0262256187583324,0.0984480809569591,,0.778,0.0102457890985494,0.49818893993727,1.56976509045566,0.814215722157768,0,TRUE,6.48324120287591e-206,0.778,0.00487187800582028,0.107676303538483,1.05788760123241,1.00488376489946,1.11368719043166,0.778
GOLGA3,Bacterial pneumoniae,Q08378,J10_PNEUMOBACT,Weighted median,5,0.0385524505737553,0.0478604996766546,0.420521346608275,,,0.0102457890985494,0.49818893993727,1.56976509045566,0.814215722157768,0,TRUE,6.48324120287591e-206,0.778,-0.0552541287924877,0.132359029939998,1.03930523908451,0.946244649385827,1.14151808487329,0.778
GPA33,Bacterial pneumoniae,Q99795,J10_PNEUMOBACT,Inverse variance weighted (multiplicative random effects),38,-0.0449571328356179,0.0166252494511041,0.00684798083720832,0.175489442472881,,0.00331898648392412,0.286499416736002,30.5892686070936,0.762526702226357,0,TRUE,0,0.759,-0.077542621759782,-0.0123716439114539,0.956038463612682,0.925387581908867,0.987704570253149,0.759
GPA33,Bacterial pneumoniae,Q99795,J10_PNEUMOBACT,Contamination mixture,,-0.0619554849927567,0.0229591836734694,0.0367485485530157,,,0.00331898648392412,0.286499416736002,30.5892686070936,0.762526702226357,0,TRUE,0,0.759,-0.106955484992757,-0.0169554849927567,0.939924726615845,0.898565671757413,0.983187450257259,0.759
GPA33,Bacterial pneumoniae,Q99795,J10_PNEUMOBACT,MR-PRESSO (Outlier-corrected),,-0.0449571328356179,0.0166252494511041,0.0102862620110194,,0.759,0.00331898648392412,0.286499416736002,30.5892686070936,0.762526702226357,0,TRUE,0,0.759,-0.077542621759782,-0.0123716439114539,0.956038463612682,0.925387581908867,0.987704570253149,0.759
GPA33,Bacterial pneumoniae,Q99795,J10_PNEUMOBACT,Weighted median,38,-0.0591803116481632,0.0285460085553265,0.0381578200215174,,,0.00331898648392412,0.286499416736002,30.5892686070936,0.762526702226357,0,TRUE,0,0.759,-0.115130488416603,-0.00323013487972326,0.942536803469676,0.891249838538516,0.996775076393399,0.759
GSTP1,Bacterial pneumoniae,P09211,J10_PNEUMOBACT,Inverse variance weighted (multiplicative random effects),4,0.0418577095748123,0.00878829233382589,1.9083558759494e-06,0.00046924350594178,,-0.00401855695401902,0.802107339564464,0.161734761154366,0.983516504500547,0,TRUE,3.05389809789431e-189,0.984,0.0246326566005135,0.059082762549111,1.04274609540897,1.02493854695265,1.06086303683618,0.984
GSTP1,Bacterial pneumoniae,P09211,J10_PNEUMOBACT,Contamination mixture,,0.0428865160928498,0.104591836734694,0.264364542879032,,,-0.00401855695401902,0.802107339564464,0.161734761154366,0.983516504500547,0,TRUE,3.05389809789431e-189,0.984,-0.16211348390715,0.24788651609285,1.04381943142146,0.850344698625578,1.28131451536545,0.984
GSTP1,Bacterial pneumoniae,P09211,J10_PNEUMOBACT,MR-PRESSO (Outlier-corrected),,0.0418577095748123,0.00878829233382589,0.0175751507287081,,0.984,-0.00401855695401902,0.802107339564464,0.161734761154366,0.983516504500547,0,TRUE,3.05389809789431e-189,0.984,0.0246326566005135,0.059082762549111,1.04274609540897,1.02493854695265,1.06086303683618,0.984
GSTP1,Bacterial pneumoniae,P09211,J10_PNEUMOBACT,Weighted median,4,0.04312418877458,0.040987129795936,0.292735434091489,,,-0.00401855695401902,0.802107339564464,0.161734761154366,0.983516504500547,0,TRUE,3.05389809789431e-189,0.984,-0.0372105856254546,0.123458963174615,1.04406754826909,0.963473220373594,1.13140357437849,0.984
HBZ,Bacterial pneumoniae,P02008,J10_PNEUMOBACT,Inverse variance weighted (multiplicative random effects),35,0.0252315506246007,0.0116366646290847,0.0301373666906007,0.403306184452942,,-0.00286413111247325,0.545610153860127,29.3056465301595,0.697033668234924,0,TRUE,0,0.716,0.00242368795159472,0.0480394132976066,1.02555256036961,1.00242662745757,1.04921200741465,0.716
HBZ,Bacterial pneumoniae,P02008,J10_PNEUMOBACT,Contamination mixture,,0.0220316590580398,0.0127551020408163,0.0616662989191925,,,-0.00286413111247325,0.545610153860127,29.3056465301595,0.697033668234924,0,TRUE,0,0.716,-0.00296834094196014,0.0470316590580398,1.02227614825804,0.997036060226214,1.04815519216044,0.716
HBZ,Bacterial pneumoniae,P02008,J10_PNEUMOBACT,MR-PRESSO (Outlier-corrected),,0.0252315506246007,0.0116366646290847,0.0372274379354191,,0.716,-0.00286413111247325,0.545610153860127,29.3056465301595,0.697033668234924,0,TRUE,0,0.716,0.00242368795159472,0.0480394132976066,1.02555256036961,1.00242662745757,1.04921200741465,0.716
HBZ,Bacterial pneumoniae,P02008,J10_PNEUMOBACT,Weighted median,35,0.0263282836547373,0.0191207494998306,0.168528230425136,,,-0.00286413111247325,0.545610153860127,29.3056465301595,0.697033668234924,0,TRUE,0,0.716,-0.0111483853649306,0.0638049526744052,1.02667793474153,0.988913527593097,1.06588448056789,0.716
HDGFL2,Bacterial pneumoniae,Q7Z4V5,J10_PNEUMOBACT,Inverse variance weighted (multiplicative random effects),4,0.160009700936005,0.0699654666569575,0.02219692541967,0.350869971098069,,0.00989779806085563,0.59613557834005,2.4832212891126,0.478331005162372,0,TRUE,1.97445941152649e-64,0.662,0.0228773862883684,0.297142015583642,1.17352225520089,1.02314108073046,1.34600643976545,0.662
HDGFL2,Bacterial pneumoniae,Q7Z4V5,J10_PNEUMOBACT,Contamination mixture,,0.161324549591778,0.0943877551020408,0.098977354883576,,,0.00989779806085563,0.59613557834005,2.4832212891126,0.478331005162372,0,TRUE,1.97445941152649e-64,0.662,-0.0236754504082224,0.346324549591778,1.17506627421388,0.976602614309309,1.41386140950628,0.662
HDGFL2,Bacterial pneumoniae,Q7Z4V5,J10_PNEUMOBACT,MR-PRESSO (Outlier-corrected),,0.160009700936005,0.0699654666569575,0.106250767916916,,0.662,0.00989779806085563,0.59613557834005,2.4832212891126,0.478331005162372,0,TRUE,1.97445941152649e-64,0.662,0.0228773862883684,0.297142015583642,1.17352225520089,1.02314108073046,1.34600643976545,0.662
HDGFL2,Bacterial pneumoniae,Q7Z4V5,J10_PNEUMOBACT,Weighted median,4,0.141367793551106,0.0825286821511383,0.0867210976947823,,,0.00989779806085563,0.59613557834005,2.4832212891126,0.478331005162372,0,TRUE,1.97445941152649e-64,0.662,-0.0203884234651249,0.303124010567337,1.15184821243222,0.979818015074639,1.35408237455425,0.662
HHEX,Bacterial pneumoniae,Q03014,J10_PNEUMOBACT,Inverse variance weighted (multiplicative random effects),12,0.114846658538668,0.0445258990281744,0.00989942844836061,0.221287223800223,,0.00392322510953798,0.643650147430107,5.75056070069497,0.889478267737054,0,TRUE,8.66011615126697e-89,0.885,0.0275758964434459,0.20211742063389,1.12170142104856,1.02795963062664,1.22399172155755,0.885
HHEX,Bacterial pneumoniae,Q03014,J10_PNEUMOBACT,Contamination mixture,,0.15968615607346,0.10969387755102,0.142114182461775,,,0.00392322510953798,0.643650147430107,5.75056070069497,0.889478267737054,0,TRUE,8.66011615126697e-89,0.885,-0.0553138439265404,0.37468615607346,1.17314262952042,0.946188145946814,1.45453484604894,0.885
HHEX,Bacterial pneumoniae,Q03014,J10_PNEUMOBACT,MR-PRESSO (Outlier-corrected),,0.114846658538668,0.0445258990281744,0.0256212173785159,,0.885,0.00392322510953798,0.643650147430107,5.75056070069497,0.889478267737054,0,TRUE,8.66011615126697e-89,0.885,0.0275758964434459,0.20211742063389,1.12170142104856,1.02795963062664,1.22399172155755,0.885
HHEX,Bacterial pneumoniae,Q03014,J10_PNEUMOBACT,Weighted median,12,0.112660226501263,0.0853712280072579,0.18695156653038,,,0.00392322510953798,0.643650147430107,5.75056070069497,0.889478267737054,0,TRUE,8.66011615126697e-89,0.885,-0.0546673803929623,0.279987833395488,1.11925157631064,0.946800019834841,1.32311371443822,0.885
HJV,Bacterial pneumoniae,Q6ZVN8,J10_PNEUMOBACT,Inverse variance weighted (multiplicative random effects),7,-0.0971187027664084,0.0459924500426928,0.0347188216551004,0.414122771207857,,-0.00958035249456172,0.374975092656547,8.98692692364799,0.174314627549475,33.2363548632877,TRUE,2.77199440802999e-199,0.329,-0.187263904850086,-0.00697350068273046,0.90744828311831,0.829224871041581,0.993050757751666,0.329
HJV,Bacterial pneumoniae,Q6ZVN8,J10_PNEUMOBACT,Contamination mixture,,-0.0859461507994748,0.0408163265306123,0.0663430014846529,,,-0.00958035249456172,0.374975092656547,8.98692692364799,0.174314627549475,33.2363548632877,TRUE,2.77199440802999e-199,0.329,-0.165946150799475,-0.00594615079947475,0.917643644266323,0.847091848180046,0.994071492567828,0.329
HJV,Bacterial pneumoniae,Q6ZVN8,J10_PNEUMOBACT,MR-PRESSO (Outlier-corrected),,-0.0971187027664084,0.0459924500426928,0.0791949865509587,,0.329,-0.00958035249456172,0.374975092656547,8.98692692364799,0.174314627549475,33.2363548632877,TRUE,2.77199440802999e-199,0.329,-0.187263904850086,-0.00697350068273046,0.90744828311831,0.829224871041581,0.993050757751666,0.329
HJV,Bacterial pneumoniae,Q6ZVN8,J10_PNEUMOBACT,Weighted median,7,-0.066070414708309,0.0449600983377599,0.141687876899729,,,-0.00958035249456172,0.374975092656547,8.98692692364799,0.174314627549475,33.2363548632877,TRUE,2.77199440802999e-199,0.329,-0.154192207450318,0.0220513780337004,0.936064949230593,0.857107262776457,1.02229630669528,0.329
HS3ST3B1,Bacterial pneumoniae,Q9Y662,J10_PNEUMOBACT,Inverse variance weighted (multiplicative random effects),26,-0.0547716066026234,0.0209455901540707,0.00892413212587063,0.210096855261188,,0.0020553046187759,0.714965084447846,27.6593761418758,0.323770475105892,9.61473652997379,TRUE,0,0.251,-0.0958249633046019,-0.0137182499006449,0.946701343599881,0.908623044525469,0.986375416487357,0.251
HS3ST3B1,Bacterial pneumoniae,Q9Y662,J10_PNEUMOBACT,Contamination mixture,,-0.0811423208797686,0.0204081632653061,0.0140164345870969,,,0.0020553046187759,0.714965084447846,27.6593761418758,0.323770475105892,9.61473652997379,TRUE,0,0.251,-0.121142320879769,-0.0411423208797685,0.922062453366306,0.885907867433228,0.959692535941917,0.251
HS3ST3B1,Bacterial pneumoniae,Q9Y662,J10_PNEUMOBACT,MR-PRESSO (Outlier-corrected),,-0.0547716066026234,0.0209455901540707,0.0149076514133302,,0.251,0.0020553046187759,0.714965084447846,27.6593761418758,0.323770475105892,9.61473652997379,TRUE,0,0.251,-0.0958249633046019,-0.0137182499006449,0.946701343599881,0.908623044525469,0.986375416487357,0.251
HS3ST3B1,Bacterial pneumoniae,Q9Y662,J10_PNEUMOBACT,Weighted median,26,-0.0944957414422472,0.0294126883173959,0.00131468695942226,,,0.0020553046187759,0.714965084447846,27.6593761418758,0.323770475105892,9.61473652997379,TRUE,0,0.251,-0.152144610544343,-0.0368468723401512,0.909831609188233,0.8588640709595,0.963823712119266,0.251
ICOSLG,Bacterial pneumoniae,O75144,J10_PNEUMOBACT,Inverse variance weighted (multiplicative random effects),22,0.0750822956297677,0.0326669793542004,0.0215381452960544,0.348364458026155,,0.00202648199094007,0.764617828435375,18.4281642369667,0.621771135008037,0,TRUE,6.19432987946271e-266,0.642,0.011055016095535,0.139109575164,1.07797285968977,1.01111634858817,1.14925002236418,0.642
ICOSLG,Bacterial pneumoniae,O75144,J10_PNEUMOBACT,Contamination mixture,,0.0913121556217169,0.038265306122449,0.0151692862022769,,,0.00202648199094007,0.764617828435375,18.4281642369667,0.621771135008037,0,TRUE,6.19432987946271e-266,0.642,0.0163121556217169,0.166312155621717,1.09561095300343,1.01644592519915,1.180941681778,0.642
ICOSLG,Bacterial pneumoniae,O75144,J10_PNEUMOBACT,MR-PRESSO (Outlier-corrected),,0.0750822956297677,0.0326669793542004,0.0319079599366649,,0.642,0.00202648199094007,0.764617828435375,18.4281642369667,0.621771135008037,0,TRUE,6.19432987946271e-266,0.642,0.011055016095535,0.139109575164,1.07797285968977,1.01111634858817,1.14925002236418,0.642
ICOSLG,Bacterial pneumoniae,O75144,J10_PNEUMOBACT,Weighted median,22,0.103209292591875,0.049636417722249,0.0375892499127526,,,0.00202648199094007,0.764617828435375,18.4281642369667,0.621771135008037,0,TRUE,6.19432987946271e-266,0.642,0.00592191385626702,0.200496671327483,1.10872343239562,1.00593948305209,1.22200954456369,0.642
IGFBP3,Bacterial pneumoniae,P17936,J10_PNEUMOBACT,Inverse variance weighted (multiplicative random effects),39,0.028747306953097,0.0143665271436762,0.0453932439946893,0.460803894313062,,0.00295338668662907,0.511543636924423,21.9839890213694,0.982429301369677,0,TRUE,0,0.981,0.000588913751491546,0.0569057001547024,1.02916449890135,1.00058908719524,1.05855598402324,0.981
IGFBP3,Bacterial pneumoniae,P17936,J10_PNEUMOBACT,Contamination mixture,,0.0397203152331336,0.0204081632653061,0.154268952804379,,,0.00295338668662907,0.511543636924423,21.9839890213694,0.982429301369677,0,TRUE,0,0.981,-0.00027968476686635,0.0797203152331335,1.04051971597783,0.999720354341272,1.08298413114933,0.981
IGFBP3,Bacterial pneumoniae,P17936,J10_PNEUMOBACT,MR-PRESSO (Outlier-corrected),,0.028747306953097,0.0143665271436762,0.0525734755415891,,0.981,0.00295338668662907,0.511543636924423,21.9839890213694,0.982429301369677,0,TRUE,0,0.981,0.000588913751491546,0.0569057001547024,1.02916449890135,1.00058908719524,1.05855598402324,0.981
IGFBP3,Bacterial pneumoniae,P17936,J10_PNEUMOBACT,Weighted median,39,0.0143491867795242,0.0259834262948137,0.580781310662638,,,0.00295338668662907,0.511543636924423,21.9839890213694,0.982429301369677,0,TRUE,0,0.981,-0.0365783287583105,0.065276702317359,1.01445263054591,0.964082575547682,1.06745435061607,0.981
IL12A,Bacterial pneumoniae,P29459_P29460,J10_PNEUMOBACT,Inverse variance weighted (multiplicative random effects),59,0.0412368511953966,0.0188056126795262,0.02832216101645,0.386894705737061,,0.00334047712126203,0.35162966518707,71.759599958793,0.105767453363157,19.1745772923682,TRUE,0,0.081,0.00437785034352515,0.0780958520472681,1.04209889868758,1.00438744712966,1.08122629145689,0.081
IL12A,Bacterial pneumoniae,P29459_P29460,J10_PNEUMOBACT,Contamination mixture,,0.0938908277903756,0.0229591836734694,0.000852709685472772,,,0.00334047712126203,0.35162966518707,71.759599958793,0.105767453363157,19.1745772923682,TRUE,0,0.081,0.0488908277903756,0.138890827790376,1.0984398202687,1.05010570212208,1.14899865443418,0.081
IL12A,Bacterial pneumoniae,P29459_P29460,J10_PNEUMOBACT,MR-PRESSO (Outlier-corrected),,0.0412368511953966,0.0188056126795262,0.0323467392087734,,0.081,0.00334047712126203,0.35162966518707,71.759599958793,0.105767453363157,19.1745772923682,TRUE,0,0.081,0.00437785034352515,0.0780958520472681,1.04209889868758,1.00438744712966,1.08122629145689,0.081
IL12A,Bacterial pneumoniae,P29459_P29460,J10_PNEUMOBACT,Weighted median,59,0.0378693922535502,0.0304480905040063,0.213596669767227,,,0.00334047712126203,0.35162966518707,71.759599958793,0.105767453363157,19.1745772923682,TRUE,0,0.081,-0.0218088651343022,0.0975476496414025,1.03859557539216,0.978427228737094,1.10246397232472,0.081
IL2RA,Bacterial pneumoniae,P01589,J10_PNEUMOBACT,Inverse variance weighted (multiplicative random effects),31,0.046561363622673,0.0192458775882437,0.0155508271164638,0.296672244902883,,0.00469410099706346,0.268725732550222,26.144159929037,0.667753197498273,0,TRUE,0,0.722,0.00883944354971526,0.0842832836956307,1.04766236545417,1.00887862679846,1.08793704498638,0.722
IL2RA,Bacterial pneumoniae,P01589,J10_PNEUMOBACT,Contamination mixture,,0.0411323111379103,0.0229591836734694,0.0577262348947866,,,0.00469410099706346,0.268725732550222,26.144159929037,0.667753197498273,0,TRUE,0,0.722,-0.00386768886208977,0.0861323111379103,1.04198996330296,0.99613978101299,1.08995053136015,0.722
IL2RA,Bacterial pneumoniae,P01589,J10_PNEUMOBACT,MR-PRESSO (Outlier-corrected),,0.046561363622673,0.0192458775882437,0.0218231607001249,,0.722,0.00469410099706346,0.268725732550222,26.144159929037,0.667753197498273,0,TRUE,0,0.722,0.00883944354971526,0.0842832836956307,1.04766236545417,1.00887862679846,1.08793704498638,0.722
IL2RA,Bacterial pneumoniae,P01589,J10_PNEUMOBACT,Weighted median,31,0.0394568599019977,0.0276687615983505,0.153855762335255,,,0.00469410099706346,0.268725732550222,26.144159929037,0.667753197498273,0,TRUE,0,0.722,-0.0147739128307694,0.0936876326347647,1.0402456216189,0.98533468595196,1.0982166452933,0.722
IL6,Bacterial pneumoniae,P05231,J10_PNEUMOBACT,Inverse variance weighted (multiplicative random effects),9,0.205121719394606,0.0383517684156727,8.8720852309387e-08,2.45424057700842e-05,,0.0109038226769134,0.200232886296925,6.01089716264374,0.646011180785185,0,TRUE,3.51509802835294e-183,0.546,0.129952253299887,0.280291185489324,1.22767448766458,1.13877400932542,1.32351514463815,0.546
IL6,Bacterial pneumoniae,P05231,J10_PNEUMOBACT,Contamination mixture,,0.210550895649702,0.107142857142857,0.00265276534738659,,,0.0109038226769134,0.200232886296925,6.01089716264374,0.646011180785185,0,TRUE,3.51509802835294e-183,0.546,0.000550895649701455,0.420550895649702,1.23435787506951,1.00055104742058,1.52280022860808,0.546
IL6,Bacterial pneumoniae,P05231,J10_PNEUMOBACT,MR-PRESSO (Outlier-corrected),,0.205121719394606,0.0383517684156727,0.000687143932612985,,0.546,0.0109038226769134,0.200232886296925,6.01089716264374,0.646011180785185,0,TRUE,3.51509802835294e-183,0.546,0.129952253299887,0.280291185489324,1.22767448766458,1.13877400932542,1.32351514463815,0.546
IL6,Bacterial pneumoniae,P05231,J10_PNEUMOBACT,Weighted median,9,0.178710814572275,0.048858008033979,0.000254430190078515,,,0.0109038226769134,0.200232886296925,6.01089716264374,0.646011180785185,0,TRUE,3.51509802835294e-183,0.546,0.082949118825676,0.274472510318874,1.19567492240313,1.08648652543151,1.31583640164882,0.546
IL6R,Bacterial pneumoniae,P08887,J10_PNEUMOBACT,Inverse variance weighted (multiplicative random effects),40,0.0378863808231536,0.0121286595541525,0.00178588092906154,0.0823365520002747,,0.00468829753470062,0.355952921657055,51.7186428974168,0.0835430469847115,24.5919888552451,TRUE,0,0.11,0.0141142080970147,0.0616585535492925,1.03861321979526,1.01421428380762,1.06359912057607,0.11
IL6R,Bacterial pneumoniae,P08887,J10_PNEUMOBACT,Contamination mixture,,0.0398928831544108,0.0102040816326531,0.000283581807792408,,,0.00468829753470062,0.355952921657055,51.7186428974168,0.0835430469847115,24.5919888552451,TRUE,0,0.11,0.0198928831544107,0.0598928831544108,1.04069929179633,1.02009206513004,1.06172281205551,0.11
IL6R,Bacterial pneumoniae,P08887,J10_PNEUMOBACT,MR-PRESSO (Outlier-corrected),,0.0378863808231536,0.0121286595541525,0.00336202471180844,,0.11,0.00468829753470062,0.355952921657055,51.7186428974168,0.0835430469847115,24.5919888552451,TRUE,0,0.11,0.0141142080970147,0.0616585535492925,1.03861321979526,1.01421428380762,1.06359912057607,0.11
IL6R,Bacterial pneumoniae,P08887,J10_PNEUMOBACT,Weighted median,40,0.0282351343502992,0.0151007966272509,0.0615146799337845,,,0.00468829753470062,0.355952921657055,51.7186428974168,0.0835430469847115,24.5919888552451,TRUE,0,0.11,-0.00136242703911247,0.0578326957397109,1.02863752400381,0.998638500643258,1.05953771570708,0.11
ING1,Bacterial pneumoniae,Q9UK53,J10_PNEUMOBACT,Inverse variance weighted (multiplicative random effects),3,0.0719687364166708,0.0113015250391647,1.91439900919781e-10,1.05914125183869e-07,,0.00229585831676176,0.963376330451787,0.017793894592352,0.991142513426051,0,TRUE,1.12917698799366e-24,,0.049817747339908,0.0941197254934335,1.0746217470121,1.0510795168807,1.09869127939862,
ING1,Bacterial pneumoniae,Q9UK53,J10_PNEUMOBACT,Weighted median,3,0.0781247746145393,0.141549288817622,0.580998851596725,,,0.00229585831676176,0.963376330451787,0.017793894592352,0.991142513426051,0,TRUE,1.12917698799366e-24,,-0.199311831468001,0.355561380697079,1.08125756374928,0.819294371728497,1.4269815093426,
INPP5J,Bacterial pneumoniae,Q15735,J10_PNEUMOBACT,Inverse variance weighted (multiplicative random effects),4,-0.226845143524075,0.0520748514486291,1.32378446227263e-05,0.00209252501072095,,-0.0169113385832449,0.590936158089334,0.690094832030741,0.875531235005737,0,TRUE,7.12371017556501e-29,0.878,-0.328911852363388,-0.124778434684762,0.79704420018986,0.719706454374103,0.882692454952024,0.878
INPP5J,Bacterial pneumoniae,Q15735,J10_PNEUMOBACT,Contamination mixture,,-0.228107548654037,0.176020408163265,0.0456438388417054,,,-0.0169113385832449,0.590936158089334,0.690094832030741,0.875531235005737,0,TRUE,7.12371017556501e-29,0.878,-0.573107548654038,0.116892451345963,0.796038642346967,0.563770768656997,1.12399853865985,0.878
INPP5J,Bacterial pneumoniae,Q15735,J10_PNEUMOBACT,MR-PRESSO (Outlier-corrected),,-0.226845143524075,0.0520748514486291,0.022353812428751,,0.878,-0.0169113385832449,0.590936158089334,0.690094832030741,0.875531235005737,0,TRUE,7.12371017556501e-29,0.878,-0.328911852363388,-0.124778434684762,0.79704420018986,0.719706454374103,0.882692454952024,0.878
INPP5J,Bacterial pneumoniae,Q15735,J10_PNEUMOBACT,Weighted median,4,-0.209522207046015,0.129508105658048,0.105699058658547,,,-0.0169113385832449,0.590936158089334,0.690094832030741,0.875531235005737,0,TRUE,7.12371017556501e-29,0.878,-0.463358094135789,0.0443136800437581,0.810971629948821,0.629167291046489,1.04531019641524,0.878
ITPR1,Bacterial pneumoniae,Q14643,J10_PNEUMOBACT,Inverse variance weighted (multiplicative random effects),13,-0.0879062065265111,0.0416498233317398,0.0348065230206333,0.414122771207857,,-0.00267965788859617,0.77941433646797,13.0161375952429,0.36786882444615,7.80675210143951,TRUE,6.55177517415118e-228,0.442,-0.169539860256721,-0.00627255279630097,0.915846773145038,0.844053109636185,0.993747078595231,0.442
ITPR1,Bacterial pneumoniae,Q14643,J10_PNEUMOBACT,Contamination mixture,,-0.115256167505255,0.0535714285714286,0.0168982065644564,,,-0.00267965788859617,0.77941433646797,13.0161375952429,0.36786882444615,7.80675210143951,TRUE,6.55177517415118e-228,0.442,-0.220256167505255,-0.0102561675052547,0.891137834109502,0.802313245053196,0.989796247634827,0.442
ITPR1,Bacterial pneumoniae,Q14643,J10_PNEUMOBACT,MR-PRESSO (Outlier-corrected),,-0.0879062065265111,0.0416498233317398,0.0564710942015141,,0.442,-0.00267965788859617,0.77941433646797,13.0161375952429,0.36786882444615,7.80675210143951,TRUE,6.55177517415118e-228,0.442,-0.169539860256721,-0.00627255279630097,0.915846773145038,0.844053109636185,0.993747078595231,0.442
ITPR1,Bacterial pneumoniae,Q14643,J10_PNEUMOBACT,Weighted median,13,-0.127577707367057,0.0542597845776774,0.018711024444002,,,-0.00267965788859617,0.77941433646797,13.0161375952429,0.36786882444615,7.80675210143951,TRUE,6.55177517415118e-228,0.442,-0.233926885139304,-0.0212285295948089,0.880225013208368,0.791419678319789,0.978995209624544,0.442
KIFBP,Bacterial pneumoniae,Q96EK5,J10_PNEUMOBACT,Inverse variance weighted (multiplicative random effects),6,0.0928432588306224,0.0428958946037382,0.030434764032373,0.403306184452942,,-0.0155410319549682,0.355453736248363,1.8375979789347,0.871128999346525,0,TRUE,1.48458834337554e-74,0.842,0.00876730540729549,0.176919212253949,1.09728973131275,1.00880585079339,1.19353466625662,0.842
KIFBP,Bacterial pneumoniae,Q96EK5,J10_PNEUMOBACT,Contamination mixture,,0.12041544503083,0.176020408163265,0.179030370753365,,,-0.0155410319549682,0.355453736248363,1.8375979789347,0.871128999346525,0,TRUE,1.48458834337554e-74,0.842,-0.22458455496917,0.46541544503083,1.12796536185704,0.798848027273824,1.59267572067642,0.842
KIFBP,Bacterial pneumoniae,Q96EK5,J10_PNEUMOBACT,MR-PRESSO (Outlier-corrected),,0.0928432588306224,0.0428958946037382,0.0827274215632605,,0.842,-0.0155410319549682,0.355453736248363,1.8375979789347,0.871128999346525,0,TRUE,1.48458834337554e-74,0.842,0.00876730540729549,0.176919212253949,1.09728973131275,1.00880585079339,1.19353466625662,0.842
KIFBP,Bacterial pneumoniae,Q96EK5,J10_PNEUMOBACT,Weighted median,6,0.100838636656139,0.0846604876410513,0.233616509837438,,,-0.0155410319549682,0.355453736248363,1.8375979789347,0.871128999346525,0,TRUE,1.48458834337554e-74,0.842,-0.0650959191203211,0.2667731924326,1.10609814366719,0.936977585001231,1.30574426006401,0.842
KIR3DL2,Bacterial pneumoniae,P43630,J10_PNEUMOBACT,Inverse variance weighted (multiplicative random effects),3,0.161120319475489,0.0541607940134664,0.00293130409437729,0.110872269655835,,0.0147608956689769,0.647911353101671,0.5988498310757,0.741244376255689,0,TRUE,8.88316799271149e-32,,0.0549651632090947,0.267275475741883,1.17482631479635,1.05650380883212,1.30640027835176,
KIR3DL2,Bacterial pneumoniae,P43630,J10_PNEUMOBACT,Contamination mixture,,0.156839537790786,0.127551020408163,0.120104665437954,,,0.0147608956689769,0.647911353101671,0.5988498310757,0.741244376255689,0,TRUE,8.88316799271149e-32,,-0.0931604622092137,0.406839537790786,1.16980788888173,0.911047299904195,1.50206306196596,
KIR3DL2,Bacterial pneumoniae,P43630,J10_PNEUMOBACT,Weighted median,3,0.145975829349978,0.106389799380391,0.170037032685376,,,0.0147608956689769,0.647911353101671,0.5988498310757,0.741244376255689,0,TRUE,8.88316799271149e-32,,-0.0625481774355886,0.354499836135545,1.15716821820475,0.939367805391353,1.42546750861374,
KLK1,Bacterial pneumoniae,P06870,J10_PNEUMOBACT,Inverse variance weighted (multiplicative random effects),58,0.0322882278357406,0.0117697289837518,0.00608198890998538,0.164139529973142,,-0.00201065745619295,0.493636201531172,60.6456546757828,0.345833732065684,6.01140295256561,TRUE,0,0.356,0.00921955902758708,0.0553568966438941,1.0328151484835,1.00926219007435,1.05691775777156,0.356
KLK1,Bacterial pneumoniae,P06870,J10_PNEUMOBACT,Contamination mixture,,0.0359188345004118,0.0102040816326531,0.00955049688147023,,,-0.00201065745619295,0.493636201531172,60.6456546757828,0.345833732065684,6.01140295256561,TRUE,0,0.356,0.0159188345004118,0.0559188345004118,1.03657170921581,1.01604621416065,1.05751184677579,0.356
KLK1,Bacterial pneumoniae,P06870,J10_PNEUMOBACT,MR-PRESSO (Outlier-corrected),,0.0322882278357406,0.0117697289837518,0.00811579895806058,,0.356,-0.00201065745619295,0.493636201531172,60.6456546757828,0.345833732065684,6.01140295256561,TRUE,0,0.356,0.00921955902758708,0.0553568966438941,1.0328151484835,1.00926219007435,1.05691775777156,0.356
KLK1,Bacterial pneumoniae,P06870,J10_PNEUMOBACT,Weighted median,58,0.0276637516926774,0.0164611779080884,0.0928513092869625,,,-0.00201065745619295,0.493636201531172,60.6456546757828,0.345833732065684,6.01140295256561,TRUE,0,0.356,-0.00460015700717582,0.0599276603925306,1.02804994624348,0.995410407509383,1.06175973648462,0.356
KLK3,Bacterial pneumoniae,P07288,J10_PNEUMOBACT,Inverse variance weighted (multiplicative random effects),4,0.161321388168979,0.0500019504684594,0.00125401003807526,0.0693781053565136,,0.00503401133723531,0.788506398992756,0.384323285722316,0.943461554740852,0,TRUE,6.45666805692675e-53,0.955,0.0633175652507983,0.259325211087159,1.17506255933844,1.06536510845505,1.29605522782828,0.955
KLK3,Bacterial pneumoniae,P07288,J10_PNEUMOBACT,MR-PRESSO (Outlier-corrected),,0.161321388168979,0.0500019504684594,0.0483516725072532,,0.955,0.00503401133723531,0.788506398992756,0.384323285722316,0.943461554740852,0,TRUE,6.45666805692675e-53,0.955,0.0633175652507983,0.259325211087159,1.17506255933844,1.06536510845505,1.29605522782828,0.955
KLK3,Bacterial pneumoniae,P07288,J10_PNEUMOBACT,Weighted median,4,0.188178410793487,0.155284105915413,0.225576296440557,,,0.00503401133723531,0.788506398992756,0.384323285722316,0.943461554740852,0,TRUE,6.45666805692675e-53,0.955,-0.116178436800722,0.492535258387696,1.20704884668283,0.89031634392289,1.63645981366432,0.955
KLRB1,Bacterial pneumoniae,Q12918,J10_PNEUMOBACT,Inverse variance weighted (multiplicative random effects),27,0.0649441634606324,0.0307075277308149,0.0344362141003237,0.414122771207857,,0.00138587677045775,0.8039541495823,27.2385377641414,0.39690869910681,4.54700533070418,TRUE,0,0.385,0.0047574091082353,0.12513091781303,1.06709943958084,1.004768743546,1.13329681209535,0.385
KLRB1,Bacterial pneumoniae,Q12918,J10_PNEUMOBACT,Contamination mixture,,0.10853953718129,0.0357142857142857,0.00772103347889225,,,0.00138587677045775,0.8039541495823,27.2385377641414,0.39690869910681,4.54700533070418,TRUE,0,0.385,0.0385395371812899,0.17853953718129,1.11464897774586,1.03929181821472,1.19547014785908,0.385
KLRB1,Bacterial pneumoniae,Q12918,J10_PNEUMOBACT,MR-PRESSO (Outlier-corrected),,0.0649441634606324,0.0307075277308149,0.0441781718728929,,0.385,0.00138587677045775,0.8039541495823,27.2385377641414,0.39690869910681,4.54700533070418,TRUE,0,0.385,0.0047574091082353,0.12513091781303,1.06709943958084,1.004768743546,1.13329681209535,0.385
KLRB1,Bacterial pneumoniae,Q12918,J10_PNEUMOBACT,Weighted median,27,0.104484875345324,0.0472406345614641,0.026983355542052,,,0.00138587677045775,0.8039541495823,27.2385377641414,0.39690869910681,4.54700533070418,TRUE,0,0.385,0.0118932316048548,0.197076519085794,1.11013860327622,1.01196423730037,1.21783722493177,0.385
LCN15,Bacterial pneumoniae,Q6UWW0,J10_PNEUMOBACT,Inverse variance weighted (multiplicative random effects),24,-0.0399633567828136,0.0190047823662303,0.0354827939396601,0.414675901940885,,-0.00291234057797168,0.60159293462621,18.3832270386533,0.736383330183835,0,TRUE,0,0.744,-0.0772127302206251,-0.00271398334500218,0.960824646213459,0.925692909802355,0.997289696178322,0.744
LCN15,Bacterial pneumoniae,Q6UWW0,J10_PNEUMOBACT,Contamination mixture,,-0.0214982132061126,0.0229591836734694,0.359006836163533,,,-0.00291234057797168,0.60159293462621,18.3832270386533,0.736383330183835,0,TRUE,0,0.744,-0.0664982132061126,0.0235017867938875,0.978731226258558,0.935664587694603,1.02378013002907,0.744
LCN15,Bacterial pneumoniae,Q6UWW0,J10_PNEUMOBACT,MR-PRESSO (Outlier-corrected),,-0.0399633567828136,0.0190047823662303,0.0466284184895843,,0.744,-0.00291234057797168,0.60159293462621,18.3832270386533,0.736383330183835,0,TRUE,0,0.744,-0.0772127302206251,-0.00271398334500218,0.960824646213459,0.925692909802355,0.997289696178322,0.744
LCN15,Bacterial pneumoniae,Q6UWW0,J10_PNEUMOBACT,Weighted median,24,-0.0205144083756343,0.0281537421692384,0.466211783168035,,,-0.00291234057797168,0.60159293462621,18.3832270386533,0.736383330183835,0,TRUE,0,0.744,-0.0756957430273415,0.0346669262760729,0.979694580565301,0.927098239755708,1.03527482852511,0.744
LILRB5,Bacterial pneumoniae,O75023,J10_PNEUMOBACT,Inverse variance weighted (multiplicative random effects),38,0.0269801090323973,0.00700676236785169,0.000117837743762194,0.0144874959414297,,-0.00429226768299211,0.298933749214351,22.2780788609357,0.973296128643609,0,TRUE,0,0.97,0.0132468547914079,0.0407133632733866,1.02734736762705,1.01333498308328,1.04155351526385,0.97
LILRB5,Bacterial pneumoniae,O75023,J10_PNEUMOBACT,Contamination mixture,,0.0258852148703299,0.00765306122448975,0.00464514702489935,,,-0.00429226768299211,0.298933749214351,22.2780788609357,0.973296128643609,0,TRUE,0,0.97,0.01088521487033,0.0408852148703298,1.02622314655567,1.01094467436901,1.04173252327971,0.97
LILRB5,Bacterial pneumoniae,O75023,J10_PNEUMOBACT,MR-PRESSO (Outlier-corrected),,0.0269801090323973,0.00700676236785169,0.000451476061450414,,0.97,-0.00429226768299211,0.298933749214351,22.2780788609357,0.973296128643609,0,TRUE,0,0.97,0.0132468547914079,0.0407133632733866,1.02734736762705,1.01333498308328,1.04155351526385,0.97
LILRB5,Bacterial pneumoniae,O75023,J10_PNEUMOBACT,Weighted median,38,0.0277971478627613,0.0128389300875594,0.0303825307604079,,,-0.00429226768299211,0.298933749214351,22.2780788609357,0.973296128643609,0,TRUE,0,0.97,0.00263284489114481,0.0529614508343778,1.0281870933162,1.00263631387102,1.05438899851978,0.97
LRRC38,Bacterial pneumoniae,Q5VT99,J10_PNEUMOBACT,Inverse variance weighted (multiplicative random effects),6,0.0388061146635357,0.0164937594774266,0.0186338760019935,0.324698957420564,,0.00177505265958067,0.910553062290715,1.75862530921236,0.881432762701218,0,TRUE,0,0.944,0.00647834608777954,0.0711338832392919,1.03956890694211,1.0064993759602,1.07372497002277,0.944
LRRC38,Bacterial pneumoniae,Q5VT99,J10_PNEUMOBACT,Contamination mixture,,0.0347549465054424,0.0306122448979592,0.165221562773056,,,0.00177505265958067,0.910553062290715,1.75862530921236,0.881432762701218,0,TRUE,0,0.944,-0.0252450534945576,0.0947549465054424,1.03536595766352,0.975070938207994,1.09938941289606,0.944
LRRC38,Bacterial pneumoniae,Q5VT99,J10_PNEUMOBACT,MR-PRESSO (Outlier-corrected),,0.0388061146635357,0.0164937594774266,0.0653344809110652,,0.944,0.00177505265958067,0.910553062290715,1.75862530921236,0.881432762701218,0,TRUE,0,0.944,0.00647834608777954,0.0711338832392919,1.03956890694211,1.0064993759602,1.07372497002277,0.944
LRRC38,Bacterial pneumoniae,Q5VT99,J10_PNEUMOBACT,Weighted median,6,0.0430607436907456,0.0292811670678516,0.141400623291732,,,0.00177505265958067,0.910553062290715,1.75862530921236,0.881432762701218,0,TRUE,0,0.944,-0.0143303437622435,0.100451831143735,1.04400130941725,0.985771846889161,1.10567038154366,0.944
LRRC59,Bacterial pneumoniae,Q96AG4,J10_PNEUMOBACT,Inverse variance weighted (multiplicative random effects),6,0.148302383496751,0.0671983200569006,0.0273185394063485,0.380295442391381,,0.0061174951365923,0.63643651475345,4.00795815755306,0.548270739209594,0,TRUE,2.99066060342788e-63,0.67,0.0165936761852254,0.280011090808276,1.15986356694293,1.01673211591118,1.32314448699789,0.67
LRRC59,Bacterial pneumoniae,Q96AG4,J10_PNEUMOBACT,Contamination mixture,,0.180607458625903,0.142857142857143,0.0859502953742622,,,0.0061174951365923,0.63643651475345,4.00795815755306,0.548270739209594,0,TRUE,2.99066060342788e-63,0.67,-0.0993925413740966,0.460607458625904,1.19794484407104,0.905387236309605,1.58503653672631,0.67
LRRC59,Bacterial pneumoniae,Q96AG4,J10_PNEUMOBACT,MR-PRESSO (Outlier-corrected),,0.148302383496751,0.0671983200569006,0.0784062419880251,,0.67,0.0061174951365923,0.63643651475345,4.00795815755306,0.548270739209594,0,TRUE,2.99066060342788e-63,0.67,0.0165936761852254,0.280011090808276,1.15986356694293,1.01673211591118,1.32314448699789,0.67
LRRC59,Bacterial pneumoniae,Q96AG4,J10_PNEUMOBACT,Weighted median,6,0.152357799789203,0.0874957659934278,0.0816281580154127,,,0.0061174951365923,0.63643651475345,4.00795815755306,0.548270739209594,0,TRUE,2.99066060342788e-63,0.67,-0.0191339015579153,0.323849501136322,1.16457684724649,0.981047989593305,1.38243923592852,0.67
LRRFIP1,Bacterial pneumoniae,Q32MZ4,J10_PNEUMOBACT,Inverse variance weighted (multiplicative random effects),6,0.174329551588763,0.0545174942879802,0.00138537475404635,0.0712984728070833,,-0.00278904819423942,0.922940206626097,1.68224635982678,0.891128780790843,0,TRUE,2.29028469433022e-45,0.899,0.0674752627843215,0.281183840393204,1.19044781515244,1.06980379530336,1.32469711438943,0.899
LRRFIP1,Bacterial pneumoniae,Q32MZ4,J10_PNEUMOBACT,Contamination mixture,,0.198115881636429,0.173469387755102,0.0850733978697425,,,-0.00278904819423942,0.922940206626097,1.68224635982678,0.891128780790843,0,TRUE,2.29028469433022e-45,0.899,-0.141884118363571,0.538115881636429,1.21910365736335,0.86772180368259,1.7127767460599,0.899
LRRFIP1,Bacterial pneumoniae,Q32MZ4,J10_PNEUMOBACT,MR-PRESSO (Outlier-corrected),,0.174329551588763,0.0545174942879802,0.0240574452900822,,0.899,-0.00278904819423942,0.922940206626097,1.68224635982678,0.891128780790843,0,TRUE,2.29028469433022e-45,0.899,0.0674752627843215,0.281183840393204,1.19044781515244,1.06980379530336,1.32469711438943,0.899
LRRFIP1,Bacterial pneumoniae,Q32MZ4,J10_PNEUMOBACT,Weighted median,6,0.172345558081018,0.114675188149398,0.132864343163434,,,-0.00278904819423942,0.922940206626097,1.68224635982678,0.891128780790843,0,TRUE,2.29028469433022e-45,0.899,-0.0524178106918017,0.397108926853838,1.18808831580552,0.948932309940912,1.48751795187741,0.899
LXN,Bacterial pneumoniae,Q9BS40,J10_PNEUMOBACT,Inverse variance weighted (multiplicative random effects),3,-0.0605686775675748,0.0171265674107267,0.000405415243989265,0.0342239652714334,,0.00020229326916678,0.994827031903642,0.186011659592601,0.911188188239128,0,TRUE,2.2358561682328e-115,,-0.0941367496925991,-0.0270006054425505,0.941229125471782,0.910158289863826,0.973360652210203,
LXN,Bacterial pneumoniae,Q9BS40,J10_PNEUMOBACT,Contamination mixture,,-0.0584557431989921,0.410714285714286,0.281089510345987,,,0.00020229326916678,0.994827031903642,0.186011659592601,0.911188188239128,0,TRUE,2.2358561682328e-115,,-0.863455743198992,0.746544256801008,0.943219983375065,0.421702266656509,2.10969683443206,
LXN,Bacterial pneumoniae,Q9BS40,J10_PNEUMOBACT,Weighted median,3,-0.063680731640495,0.0564597215954825,0.259363562899969,,,0.00020229326916678,0.994827031903642,0.186011659592601,0.911188188239128,0,TRUE,2.2358561682328e-115,,-0.174341785967641,0.0469803226866507,0.938304522659722,0.840009745045322,1.04810138505737,
LY75,Bacterial pneumoniae,O60449,J10_PNEUMOBACT,Inverse variance weighted (multiplicative random effects),48,0.0362300468199613,0.0143068777207459,0.0113300269520574,0.238793806141933,,0.00434715503766993,0.301517168265235,56.9213798119972,0.152269169705406,17.4299706802014,TRUE,0,0.166,0.0081885664872993,0.0642715271526234,1.03689435330462,1.00822218449631,1.06638191109843,0.166
LY75,Bacterial pneumoniae,O60449,J10_PNEUMOBACT,Contamination mixture,,0.0353831535939948,0.0127551020408163,0.0491947580453012,,,0.00434715503766993,0.301517168265235,56.9213798119972,0.152269169705406,17.4299706802014,TRUE,0,0.166,0.0103831535939948,0.0603831535939948,1.03601658624072,1.01043724558633,1.06224347098671,0.166
LY75,Bacterial pneumoniae,O60449,J10_PNEUMOBACT,MR-PRESSO (Outlier-corrected),,0.0362300468199613,0.0143068777207459,0.0147297258385394,,0.166,0.00434715503766993,0.301517168265235,56.9213798119972,0.152269169705406,17.4299706802014,TRUE,0,0.166,0.0081885664872993,0.0642715271526234,1.03689435330462,1.00822218449631,1.06638191109843,0.166
LY75,Bacterial pneumoniae,O60449,J10_PNEUMOBACT,Weighted median,48,0.0244535249258935,0.0186638680723037,0.19012592106112,,,0.00434715503766993,0.301517168265235,56.9213798119972,0.152269169705406,17.4299706802014,TRUE,0,0.166,-0.0121276564958217,0.0610347063476087,1.02475496443757,0.987945587140001,1.06293580416654,0.166
LYZL2,Bacterial pneumoniae,Q7Z4W2,J10_PNEUMOBACT,Inverse variance weighted (multiplicative random effects),6,-0.0712687557113864,0.0353586291841327,0.0438421076898454,0.455505090693088,,0.000932828285409797,0.911191595035693,3.92738993431697,0.559916762630081,0,TRUE,3.80432135778938e-210,0.677,-0.140571668912286,-0.00196584251048637,0.931211590060706,0.868861392350382,0.998036088492345,0.677
LYZL2,Bacterial pneumoniae,Q7Z4W2,J10_PNEUMOBACT,Contamination mixture,,-0.0852684925153943,0.0892857142857143,0.106904286052847,,,0.000932828285409797,0.911191595035693,3.92738993431697,0.559916762630081,0,TRUE,3.80432135778938e-210,0.677,-0.260268492515394,0.0897315074846057,0.918265703831798,0.77084459201318,1.09388054553451,0.677
LYZL2,Bacterial pneumoniae,Q7Z4W2,J10_PNEUMOBACT,Contamination mixture,,-0.0852684925153943,0.0280612244897959,0.106904286052847,,,0.000932828285409797,0.911191595035693,3.92738993431697,0.559916762630081,0,TRUE,3.80432135778938e-210,0.677,-0.140268492515394,-0.0302684925153943,0.918265703831798,0.869124850551849,0.970185011161873,0.677
LYZL2,Bacterial pneumoniae,Q7Z4W2,J10_PNEUMOBACT,MR-PRESSO (Outlier-corrected),,-0.0712687557113864,0.0353586291841327,0.0999299926218419,,0.677,0.000932828285409797,0.911191595035693,3.92738993431697,0.559916762630081,0,TRUE,3.80432135778938e-210,0.677,-0.140571668912286,-0.00196584251048637,0.931211590060706,0.868861392350382,0.998036088492345,0.677
LYZL2,Bacterial pneumoniae,Q7Z4W2,J10_PNEUMOBACT,Weighted median,6,-0.0751934034625525,0.0424458685044315,0.0764754500100496,,,0.000932828285409797,0.911191595035693,3.92738993431697,0.559916762630081,0,TRUE,3.80432135778938e-210,0.677,-0.158387305731238,0.00800049880613317,0.927564074875894,0.853519145087222,1.00803258831699,0.677
MAP3K5,Bacterial pneumoniae,Q99683,J10_PNEUMOBACT,Inverse variance weighted (multiplicative random effects),3,0.17393659068295,0.0847876793859107,0.0402243997075009,0.443566381174274,,-0.0647197371221281,0.560046155938906,0.894391697414469,0.639418666691747,0,TRUE,2.52711435930848e-23,,0.00775273908656551,0.340120442279335,1.18998010760209,1.00778286938201,1.40511681584448,
MAP3K5,Bacterial pneumoniae,Q99683,J10_PNEUMOBACT,Contamination mixture,,0.176864241972857,0.272959183673469,0.253557771312681,,,-0.0647197371221281,0.560046155938906,0.894391697414469,0.639418666691747,0,TRUE,2.52711435930848e-23,,-0.358135758027143,0.711864241972857,1.19346905912376,0.698978176666785,2.03778664718565,
MAP3K5,Bacterial pneumoniae,Q99683,J10_PNEUMOBACT,Weighted median,3,0.12029129692746,0.148640747505983,0.418356766362775,,,-0.0647197371221281,0.560046155938906,0.894391697414469,0.639418666691747,0,TRUE,2.52711435930848e-23,,-0.171044568184267,0.411627162039187,1.12782533578886,0.842784011281475,1.50927161766294,
MAPK9,Bacterial pneumoniae,P45984,J10_PNEUMOBACT,Inverse variance weighted (multiplicative random effects),4,-0.112362876891688,0.0469702768443047,0.0167471492911704,0.311440683876975,,0.00988674402556031,0.51433813442596,1.17070375889009,0.760038990756996,0,TRUE,4.98582837827237e-61,0.699,-0.204424619506525,-0.0203011342768504,0.893719888355757,0.815116183461882,0.979903546326754,0.699
MAPK9,Bacterial pneumoniae,P45984,J10_PNEUMOBACT,Contamination mixture,,-0.143564166630767,0.301020408163265,0.152638776952937,,,0.00988674402556031,0.51433813442596,1.17070375889009,0.760038990756996,0,TRUE,4.98582837827237e-61,0.699,-0.733564166630767,0.446435833369233,0.866265213083771,0.480194443428686,1.56273240906528,0.699
MAPK9,Bacterial pneumoniae,P45984,J10_PNEUMOBACT,MR-PRESSO (Outlier-corrected),,-0.112362876891688,0.0469702768443047,0.0965487692009104,,0.699,0.00988674402556031,0.51433813442596,1.17070375889009,0.760038990756996,0,TRUE,4.98582837827237e-61,0.699,-0.204424619506525,-0.0203011342768504,0.893719888355757,0.815116183461882,0.979903546326754,0.699
MAPK9,Bacterial pneumoniae,P45984,J10_PNEUMOBACT,Weighted median,4,-0.142303651348465,0.0819934494543316,0.0826436056811053,,,0.00988674402556031,0.51433813442596,1.17070375889009,0.760038990756996,0,TRUE,4.98582837827237e-61,0.699,-0.303010812278955,0.0184035095820246,0.867357842116513,0.738591110474189,1.01857389780662,0.699
MAX,Bacterial pneumoniae,P61244,J10_PNEUMOBACT,Inverse variance weighted (multiplicative random effects),7,-0.0934776083673109,0.0455379982452435,0.0400979328533656,0.443566381174274,,0.00981449901454102,0.66590057797545,2.52180337134723,0.866019584728778,0,TRUE,9.30917063701112e-71,0.892,-0.182732084927988,-0.00422313180663361,0.910758410565678,0.832991296767592,0.995785773074589,0.892
MAX,Bacterial pneumoniae,P61244,J10_PNEUMOBACT,Contamination mixture,,-0.151214355748019,0.119897959183673,0.105885650080707,,,0.00981449901454102,0.66590057797545,2.52180337134723,0.866019584728778,0,TRUE,9.30917063701112e-71,0.892,-0.386214355748019,0.0837856442519813,0.859663405115473,0.679624828576872,1.08739577928934,0.892
MAX,Bacterial pneumoniae,P61244,J10_PNEUMOBACT,MR-PRESSO (Outlier-corrected),,-0.0934776083673109,0.0455379982452435,0.0859156813696164,,0.892,0.00981449901454102,0.66590057797545,2.52180337134723,0.866019584728778,0,TRUE,9.30917063701112e-71,0.892,-0.182732084927988,-0.00422313180663361,0.910758410565678,0.832991296767592,0.995785773074589,0.892
MAX,Bacterial pneumoniae,P61244,J10_PNEUMOBACT,Weighted median,7,-0.135713304931304,0.0852246253594727,0.111290610315337,,,0.00981449901454102,0.66590057797545,2.52180337134723,0.866019584728778,0,TRUE,9.30917063701112e-71,0.892,-0.302753570635871,0.0313269607732622,0.87309290804187,0.738781131304603,1.03182281432512,0.892
MEGF11,Bacterial pneumoniae,A6BM72,J10_PNEUMOBACT,Inverse variance weighted (multiplicative random effects),4,-0.120820525942099,0.0303296494465588,6.78853605220416e-05,0.00883707663736929,,-0.00220665408339705,0.907238263687555,0.666657556489922,0.881016968820531,0,TRUE,5.39493424598383e-119,0.821,-0.180266638857354,-0.061374413026844,0.886192993973888,0.835047525606183,0.940471049235557,0.821
MEGF11,Bacterial pneumoniae,A6BM72,J10_PNEUMOBACT,Contamination mixture,,-0.124985386997951,0.311224489795918,0.135150082156211,,,-0.00220665408339705,0.907238263687555,0.666657556489922,0.881016968820531,0,TRUE,5.39493424598383e-119,0.821,-0.734985386997951,0.485014613002049,0.882509798607866,0.479512466040346,1.62419874309038,0.821
MEGF11,Bacterial pneumoniae,A6BM72,J10_PNEUMOBACT,MR-PRESSO (Outlier-corrected),,-0.120820525942099,0.0303296494465588,0.0283115090295277,,0.821,-0.00220665408339705,0.907238263687555,0.666657556489922,0.881016968820531,0,TRUE,5.39493424598383e-119,0.821,-0.180266638857354,-0.061374413026844,0.886192993973888,0.835047525606183,0.940471049235557,0.821
MEGF11,Bacterial pneumoniae,A6BM72,J10_PNEUMOBACT,Weighted median,4,-0.145977712866016,0.0673409913430396,0.0301785281630259,,,-0.00220665408339705,0.907238263687555,0.666657556489922,0.881016968820531,0,TRUE,5.39493424598383e-119,0.821,-0.277966055898373,-0.0139893698336581,0.864176962997779,0.757322527710891,0.986108026699502,0.821
METAP1D,Bacterial pneumoniae,Q6UB28,J10_PNEUMOBACT,Inverse variance weighted (multiplicative random effects),6,-0.0792312233080153,0.0385642987945319,0.0399251386026573,0.443566381174274,,-0.0123766651668135,0.731741731672825,1.06615132971159,0.957055710697031,0,TRUE,1.25816945164758e-54,0.953,-0.154817248945298,-0.00364519767073281,0.923826289576651,0.856571702562688,0.996361437997074,0.953
METAP1D,Bacterial pneumoniae,Q6UB28,J10_PNEUMOBACT,Contamination mixture,,-0.123458403341567,0.25,0.255239725055233,,,-0.0123766651668135,0.731741731672825,1.06615132971159,0.957055710697031,0,TRUE,1.25816945164758e-54,0.953,-0.613458403341567,0.366541596658433,0.883858406035646,0.541474988259203,1.44273641231589,0.953
METAP1D,Bacterial pneumoniae,Q6UB28,J10_PNEUMOBACT,MR-PRESSO (Outlier-corrected),,-0.0792312233080153,0.0385642987945319,0.0950937772029991,,0.953,-0.0123766651668135,0.731741731672825,1.06615132971159,0.957055710697031,0,TRUE,1.25816945164758e-54,0.953,-0.154817248945298,-0.00364519767073281,0.923826289576651,0.856571702562688,0.996361437997074,0.953
METAP1D,Bacterial pneumoniae,Q6UB28,J10_PNEUMOBACT,Weighted median,6,-0.115762350382445,0.0958203471285402,0.227001619087055,,,-0.0123766651668135,0.731741731672825,1.06615132971159,0.957055710697031,0,TRUE,1.25816945164758e-54,0.953,-0.303570230754384,0.0720455299894935,0.89068686954156,0.738178044510341,1.07470427422422,0.953
MRPL58,Bacterial pneumoniae,Q14197,J10_PNEUMOBACT,Inverse variance weighted (multiplicative random effects),4,0.161522404787734,0.0614347051759724,0.00855930648132691,0.209694437277913,,0.0010499565193656,0.953374769147992,1.87500496460374,0.598750571020007,0,TRUE,2.77713950961499e-59,0.711,0.0411103826428285,0.28193442693264,1.17529879018331,1.04196711428169,1.32569178745973,0.711
MRPL58,Bacterial pneumoniae,Q14197,J10_PNEUMOBACT,Contamination mixture,,0.190461795161211,0.147959183673469,0.0771697188251212,,,0.0010499565193656,0.953374769147992,1.87500496460374,0.598750571020007,0,TRUE,2.77713950961499e-59,0.711,-0.0995382048387888,0.480461795161211,1.20980815222912,0.905255364072593,1.6168208698763,0.711
MRPL58,Bacterial pneumoniae,Q14197,J10_PNEUMOBACT,MR-PRESSO (Outlier-corrected),,0.161522404787734,0.0614347051759724,0.078380857970477,,0.711,0.0010499565193656,0.953374769147992,1.87500496460374,0.598750571020007,0,TRUE,2.77713950961499e-59,0.711,0.0411103826428285,0.28193442693264,1.17529879018331,1.04196711428169,1.32569178745973,0.711
MRPL58,Bacterial pneumoniae,Q14197,J10_PNEUMOBACT,Weighted median,4,0.171376524031292,0.090571484381559,0.0584685128850181,,,0.0010499565193656,0.953374769147992,1.87500496460374,0.598750571020007,0,TRUE,2.77713950961499e-59,0.711,-0.00614358535656334,0.348896633419148,1.18693757541678,0.993875247876358,1.41750266036561,0.711
MTSS2,Bacterial pneumoniae,Q765P7,J10_PNEUMOBACT,Inverse variance weighted (multiplicative random effects),7,0.15533887663945,0.0598004787266113,0.00938725098941484,0.216004530744225,,0.0199586923305223,0.371682104563473,4.70798727242401,0.581773429737023,0,TRUE,2.33855840315225e-73,0.649,0.0381299383352919,0.272547814943608,1.16805372016397,1.03886621265505,1.31330625307566,0.649
MTSS2,Bacterial pneumoniae,Q765P7,J10_PNEUMOBACT,Contamination mixture,,0.22038825783722,0.0790816326530612,0.019612254112932,,,0.0199586923305223,0.371682104563473,4.70798727242401,0.581773429737023,0,TRUE,2.33855840315225e-73,0.649,0.0653882578372201,0.37538825783722,1.24656062357535,1.06757343768337,1.45555643611793,0.649
MTSS2,Bacterial pneumoniae,Q765P7,J10_PNEUMOBACT,MR-PRESSO (Outlier-corrected),,0.15533887663945,0.0598004787266113,0.0407924195043369,,0.649,0.0199586923305223,0.371682104563473,4.70798727242401,0.581773429737023,0,TRUE,2.33855840315225e-73,0.649,0.0381299383352919,0.272547814943608,1.16805372016397,1.03886621265505,1.31330625307566,0.649
MTSS2,Bacterial pneumoniae,Q765P7,J10_PNEUMOBACT,Weighted median,7,0.185613065691528,0.0851377055753695,0.0292462601738181,,,0.0199586923305223,0.371682104563473,4.70798727242401,0.581773429737023,0,TRUE,2.33855840315225e-73,0.649,0.0187431627638033,0.352482968619252,1.20395631823352,1.01891991843206,1.42259542677794,0.649
NAPRT,Bacterial pneumoniae,Q6XQN6,J10_PNEUMOBACT,Inverse variance weighted (multiplicative random effects),8,0.110626480382312,0.0242932556500866,5.26869661207094e-06,0.0011659625602513,,-0.00823794598730281,0.478616485965139,3.77432177369492,0.80537327873375,0,TRUE,1.26791138844173e-277,0.85,0.0630116993081428,0.158241261456482,1.11697761587408,1.06503929938137,1.17144878605742,0.85
NAPRT,Bacterial pneumoniae,Q6XQN6,J10_PNEUMOBACT,Contamination mixture,,0.124472755760867,0.0331632653061225,0.0139884486042315,,,-0.00823794598730281,0.478616485965139,3.77432177369492,0.80537327873375,0,TRUE,1.26791138844173e-277,0.85,0.0594727557608666,0.189472755760867,1.13255116454517,1.06127684690546,1.2086121958212,0.85
NAPRT,Bacterial pneumoniae,Q6XQN6,J10_PNEUMOBACT,MR-PRESSO (Outlier-corrected),,0.110626480382312,0.0242932556500866,0.00262421784287174,,0.85,-0.00823794598730281,0.478616485965139,3.77432177369492,0.80537327873375,0,TRUE,1.26791138844173e-277,0.85,0.0630116993081428,0.158241261456482,1.11697761587408,1.06503929938137,1.17144878605742,0.85
NAPRT,Bacterial pneumoniae,Q6XQN6,J10_PNEUMOBACT,Weighted median,8,0.107689143090182,0.0404107321246126,0.00770192490931603,,,-0.00823794598730281,0.478616485965139,3.77432177369492,0.80537327873375,0,TRUE,1.26791138844173e-277,0.85,0.0284841081259411,0.186894178054422,1.11370148976771,1.02889365965614,1.20549970997522,0.85
NCR1,Bacterial pneumoniae,O76036,J10_PNEUMOBACT,Inverse variance weighted (multiplicative random effects),46,0.0586744326013294,0.0211510766833691,0.00553608486232018,0.155080453168539,,0.000912555126726068,0.79735570344556,54.9106711515181,0.147853060909868,18.0487161123401,TRUE,0,0.149,0.0172183223019259,0.100130542900733,1.06042994311633,1.01736741207609,1.10531519971037,0.149
NCR1,Bacterial pneumoniae,O76036,J10_PNEUMOBACT,Contamination mixture,,0.0511178394932833,0.0178571428571429,0.0103545143853739,,,0.000912555126726068,0.79735570344556,54.9106711515181,0.147853060909868,18.0487161123401,TRUE,0,0.149,0.0161178394932833,0.0861178394932833,1.05244690578636,1.01624843255083,1.08993475809754,0.149
NCR1,Bacterial pneumoniae,O76036,J10_PNEUMOBACT,MR-PRESSO (Outlier-corrected),,0.0586744326013294,0.0211510766833691,0.00803109065674488,,0.149,0.000912555126726068,0.79735570344556,54.9106711515181,0.147853060909868,18.0487161123401,TRUE,0,0.149,0.0172183223019259,0.100130542900733,1.06042994311633,1.01736741207609,1.10531519971037,0.149
NCR1,Bacterial pneumoniae,O76036,J10_PNEUMOBACT,Weighted median,46,0.0580604273908087,0.0294051635296269,0.0483251801254666,,,0.000912555126726068,0.79735570344556,54.9106711515181,0.147853060909868,18.0487161123401,TRUE,0,0.149,0.000426306872739993,0.115694547908877,1.05977903345728,1.00042639775443,1.12265290307876,0.149
NFKB1,Bacterial pneumoniae,P19838,J10_PNEUMOBACT,Inverse variance weighted (multiplicative random effects),7,0.182128999545633,0.0494637981421458,0.000231350941535669,0.0269462965062335,,0.00723718417165874,0.529365973898859,3.68386486374146,0.719368058748771,0,TRUE,1.77352657477092e-82,0.714,0.0851799551870278,0.279078043904239,1.19976895354756,1.08891300461125,1.32191050690088,0.714
NFKB1,Bacterial pneumoniae,P19838,J10_PNEUMOBACT,Contamination mixture,,0.193945560259154,0.10969387755102,0.0108417521271827,,,0.00723718417165874,0.529365973898859,3.68386486374146,0.719368058748771,0,TRUE,1.77352657477092e-82,0.714,-0.0210544397408457,0.408945560259154,1.21403018966829,0.979165657593819,1.5052297739362,0.714
NFKB1,Bacterial pneumoniae,P19838,J10_PNEUMOBACT,MR-PRESSO (Outlier-corrected),,0.182128999545633,0.0494637981421458,0.0103053456377168,,0.714,0.00723718417165874,0.529365973898859,3.68386486374146,0.719368058748771,0,TRUE,1.77352657477092e-82,0.714,0.0851799551870278,0.279078043904239,1.19976895354756,1.08891300461125,1.32191050690088,0.714
NFKB1,Bacterial pneumoniae,P19838,J10_PNEUMOBACT,Weighted median,7,0.134659881783925,0.0771169795430207,0.0807802321163083,,,0.00723718417165874,0.529365973898859,3.68386486374146,0.719368058748771,0,TRUE,1.77352657477092e-82,0.714,-0.016489398120396,0.285809161688245,1.14414757273472,0.983645807829819,1.3308384560525,0.714
NFKBIE,Bacterial pneumoniae,O00221,J10_PNEUMOBACT,Inverse variance weighted (multiplicative random effects),4,0.0594149600003686,0.0289717964823778,0.0402877734369765,0.443566381174274,,0.00720204256157516,0.411733430537733,1.8699434668283,0.599833984883419,0,TRUE,6.30926507308632e-176,0.515,0.00263023889490805,0.116199681105829,1.06121551137548,1.00263370100796,1.12322013558069,0.515
NFKBIE,Bacterial pneumoniae,O00221,J10_PNEUMOBACT,Contamination mixture,,0.0622212890963095,0.137755102040816,0.148118170801583,,,0.00720204256157516,0.411733430537733,1.8699434668283,0.599833984883419,0,TRUE,6.30926507308632e-176,0.515,-0.20777871090369,0.332221289096309,1.06419781404624,0.812386789161004,1.39406130494861,0.515
NFKBIE,Bacterial pneumoniae,O00221,J10_PNEUMOBACT,MR-PRESSO (Outlier-corrected),,0.0594149600003686,0.0289717964823778,0.132663817014238,,0.515,0.00720204256157516,0.411733430537733,1.8699434668283,0.599833984883419,0,TRUE,6.30926507308632e-176,0.515,0.00263023889490805,0.116199681105829,1.06121551137548,1.00263370100796,1.12322013558069,0.515
NFKBIE,Bacterial pneumoniae,O00221,J10_PNEUMOBACT,Weighted median,4,0.051809819469651,0.0369667760920504,0.161057471614275,,,0.00720204256157516,0.411733430537733,1.8699434668283,0.599833984883419,0,TRUE,6.30926507308632e-176,0.515,-0.0206450616707679,0.12426470061007,1.05317543000437,0.979566588601593,1.13231555595248,0.515
NMI,Bacterial pneumoniae,Q13287,J10_PNEUMOBACT,Inverse variance weighted (multiplicative random effects),23,-0.0525630707960763,0.0260204837844178,0.0433766368639474,0.454940745876377,,0.00645499663880927,0.277699470888119,25.000167104152,0.297066748789123,12.0005882026835,TRUE,0,0.356,-0.103563219013535,-0.00156292257861747,0.948794477945608,0.90161902147497,0.998438298148826,0.356
NMI,Bacterial pneumoniae,Q13287,J10_PNEUMOBACT,Contamination mixture,,-0.0900246538029484,0.0357142857142857,0.0261437720013492,,,0.00645499663880927,0.277699470888119,25.000167104152,0.297066748789123,12.0005882026835,TRUE,0,0.356,-0.160024653802948,-0.0200246538029485,0.913908653669624,0.852122780640123,0.980174507979698,0.356
NMI,Bacterial pneumoniae,Q13287,J10_PNEUMOBACT,MR-PRESSO (Outlier-corrected),,-0.0525630707960763,0.0260204837844178,0.0557184479983514,,0.356,0.00645499663880927,0.277699470888119,25.000167104152,0.297066748789123,12.0005882026835,TRUE,0,0.356,-0.103563219013535,-0.00156292257861747,0.948794477945608,0.90161902147497,0.998438298148826,0.356
NMI,Bacterial pneumoniae,Q13287,J10_PNEUMOBACT,Weighted median,23,-0.0516234696652277,0.0360323442140259,0.151944144059025,,,0.00645499663880927,0.277699470888119,25.000167104152,0.297066748789123,12.0005882026835,TRUE,0,0.356,-0.122246864324719,0.0189999249942631,0.949686385262972,0.884929883917496,1.01918157217294,0.356
NPL,Bacterial pneumoniae,Q9BXD5,J10_PNEUMOBACT,Inverse variance weighted (multiplicative random effects),14,0.0841070342890667,0.0326001660218243,0.0098812550122433,0.221287223800223,,-0.000210623213608137,0.966580398906306,12.3334281030014,0.500510567991174,0,TRUE,0,0.594,0.020210708886291,0.148003359691842,1.08774531362459,1.02041632816407,1.15951679197554,0.594
NPL,Bacterial pneumoniae,Q9BXD5,J10_PNEUMOBACT,Contamination mixture,,0.075716281658122,0.0331632653061225,0.0245771286988294,,,-0.000210623213608137,0.966580398906306,12.3334281030014,0.500510567991174,0,TRUE,0,0.594,0.0107162816581219,0.140716281658122,1.07865649610683,1.01077390666238,1.15109801403103,0.594
NPL,Bacterial pneumoniae,Q9BXD5,J10_PNEUMOBACT,MR-PRESSO (Outlier-corrected),,0.0841070342890667,0.0326001660218243,0.0228584650536574,,0.594,-0.000210623213608137,0.966580398906306,12.3334281030014,0.500510567991174,0,TRUE,0,0.594,0.020210708886291,0.148003359691842,1.08774531362459,1.02041632816407,1.15951679197554,0.594
NPL,Bacterial pneumoniae,Q9BXD5,J10_PNEUMOBACT,Weighted median,14,0.0782327534694883,0.0427367721481686,0.0671643985449882,,,-0.000210623213608137,0.966580398906306,12.3334281030014,0.500510567991174,0,TRUE,0,0.594,-0.00553131994092221,0.161996826879899,1.08137432300657,0.994483949642599,1.17585651018115,0.594
NPPB,Bacterial pneumoniae,P16860,J10_PNEUMOBACT,Inverse variance weighted (multiplicative random effects),4,0.107130931319541,0.0482408311000694,0.026367750412365,0.378907997808855,,0.0129782052150682,0.60520350064854,2.81230346669865,0.421478550190572,0,TRUE,1.23766449066505e-141,0.502,0.0125789023634045,0.201682960275677,1.11307998196976,1.01265834952562,1.2234600611768,0.502
NPPB,Bacterial pneumoniae,P16860,J10_PNEUMOBACT,Contamination mixture,,0.106081098666574,0.137755102040816,0.0884799979748744,,,0.0129782052150682,0.60520350064854,2.81230346669865,0.421478550190572,0,TRUE,1.23766449066505e-141,0.502,-0.163918901333426,0.376081098666574,1.11191204743451,0.848810856517608,1.45656525448122,0.502
NPPB,Bacterial pneumoniae,P16860,J10_PNEUMOBACT,MR-PRESSO (Outlier-corrected),,0.107130931319541,0.0482408311000694,0.112964052501805,,0.502,0.0129782052150682,0.60520350064854,2.81230346669865,0.421478550190572,0,TRUE,1.23766449066505e-141,0.502,0.0125789023634045,0.201682960275677,1.11307998196976,1.01265834952562,1.2234600611768,0.502
NPPB,Bacterial pneumoniae,P16860,J10_PNEUMOBACT,Weighted median,4,0.0747626457192803,0.0523858364358842,0.153535566906719,,,0.0129782052150682,0.60520350064854,2.81230346669865,0.421478550190572,0,TRUE,1.23766449066505e-141,0.502,-0.0279135936950527,0.177438885133613,1.07762834082731,0.97247239091705,1.19415507504446,0.502
NTF4,Bacterial pneumoniae,P34130,J10_PNEUMOBACT,Inverse variance weighted (multiplicative random effects),5,-0.125946242378207,0.0457495327805903,0.00590606549878577,0.161359542577937,,-0.00535780752301875,0.834402209984224,0.971848490689338,0.914034210081487,0,TRUE,4.63658038410932e-35,0.919,-0.215615326628164,-0.0362771581282504,0.88166224157482,0.806045306410281,0.964372972631731,0.919
NTF4,Bacterial pneumoniae,P34130,J10_PNEUMOBACT,Contamination mixture,,-0.124051495325125,0.303571428571429,0.17824397976108,,,-0.00535780752301875,0.834402209984224,0.971848490689338,0.914034210081487,0,TRUE,4.63658038410932e-35,0.919,-0.719051495325125,0.470948504674875,0.883334352121875,0.487214161775538,1.60151251514329,0.919
NTF4,Bacterial pneumoniae,P34130,J10_PNEUMOBACT,MR-PRESSO (Outlier-corrected),,-0.125946242378207,0.0457495327805903,0.0512188863170539,,0.919,-0.00535780752301875,0.834402209984224,0.971848490689338,0.914034210081487,0,TRUE,4.63658038410932e-35,0.919,-0.215615326628164,-0.0362771581282504,0.88166224157482,0.806045306410281,0.964372972631731,0.919
NTF4,Bacterial pneumoniae,P34130,J10_PNEUMOBACT,Weighted median,5,-0.0896223932051958,0.115912855209907,0.439411308080219,,,-0.00535780752301875,0.834402209984224,0.971848490689338,0.914034210081487,0,TRUE,4.63658038410932e-35,0.919,-0.316811589416613,0.137566803006222,0.914276357062275,0.728467993276328,1.14747835841565,0.919
NUCB2,Bacterial pneumoniae,P80303,J10_PNEUMOBACT,Inverse variance weighted (multiplicative random effects),21,0.0740589248619665,0.0310397207068523,0.0170355098069246,0.314163193356035,,-0.000150994243022314,0.979779599984724,30.3183708601073,0.0648565466492991,34.0333948275701,TRUE,0,0.101,0.0132210722765361,0.134896777447397,1.07687025805805,1.01330885709581,1.14441864844014,0.101
NUCB2,Bacterial pneumoniae,P80303,J10_PNEUMOBACT,Contamination mixture,,0.0606071834367881,0.0280612244897959,0.0664583624273226,,,-0.000150994243022314,0.979779599984724,30.3183708601073,0.0648565466492991,34.0333948275701,TRUE,0,0.101,0.00560718343678807,0.115607183436788,1.06248147188318,1.00562293311318,1.12255482738477,0.101
NUCB2,Bacterial pneumoniae,P80303,J10_PNEUMOBACT,MR-PRESSO (Outlier-corrected),,0.0740589248619665,0.0310397207068523,0.0270365529588999,,0.101,-0.000150994243022314,0.979779599984724,30.3183708601073,0.0648565466492991,34.0333948275701,TRUE,0,0.101,0.0132210722765361,0.134896777447397,1.07687025805805,1.01330885709581,1.14441864844014,0.101
NUCB2,Bacterial pneumoniae,P80303,J10_PNEUMOBACT,Weighted median,21,0.0703940168618531,0.0319758001483453,0.0277022106467845,,,-0.000150994243022314,0.979779599984724,30.3183708601073,0.0648565466492991,34.0333948275701,TRUE,0,0.101,0.00772144857109633,0.13306658515261,1.07293085082611,1.0077513358299,1.14232605775354,0.101
NUDT16,Bacterial pneumoniae,Q96DE0,J10_PNEUMOBACT,Inverse variance weighted (multiplicative random effects),11,0.111212817298718,0.0546453181531414,0.0418332088427968,0.450095155435352,,-0.00588865154067981,0.438679365878114,13.7460783291892,0.184891988130979,27.2519786333138,TRUE,2.73685304723243e-173,0.25,0.00410799371856095,0.218317640878875,1.11763273312601,1.00411644309078,1.24398214445113,0.25
NUDT16,Bacterial pneumoniae,Q96DE0,J10_PNEUMOBACT,Contamination mixture,,0.177972344472665,0.0612244897959184,0.0317650293780255,,,-0.00588865154067981,0.438679365878114,13.7460783291892,0.184891988130979,27.2519786333138,TRUE,2.73685304723243e-173,0.25,0.0579723444726645,0.297972344472665,1.19479227816738,1.0596856891385,1.34712453192507,0.25
NUDT16,Bacterial pneumoniae,Q96DE0,J10_PNEUMOBACT,MR-PRESSO (Outlier-corrected),,0.111212817298718,0.0546453181531414,0.0692033710561285,,0.25,-0.00588865154067981,0.438679365878114,13.7460783291892,0.184891988130979,27.2519786333138,TRUE,2.73685304723243e-173,0.25,0.00410799371856095,0.218317640878875,1.11763273312601,1.00411644309078,1.24398214445113,0.25
NUDT16,Bacterial pneumoniae,Q96DE0,J10_PNEUMOBACT,Weighted median,11,0.134755844958935,0.062295203579635,0.0305272064940396,,,-0.00588865154067981,0.438679365878114,13.7460783291892,0.184891988130979,27.2519786333138,TRUE,2.73685304723243e-173,0.25,0.0126572459428505,0.25685444397502,1.14425737403684,1.01273768791327,1.2928569299475,0.25
OBP2B,Bacterial pneumoniae,Q9NPH6,J10_PNEUMOBACT,Inverse variance weighted (multiplicative random effects),37,-0.0504490568345553,0.02489439451997,0.0427112438506208,0.450095155435352,,0.000322752539390698,0.92349358462797,45.3491167222949,0.136584609178341,20.615873908959,TRUE,0,0.167,-0.0992420700936965,-0.00165604357541413,0.950802364320735,0.905523481336535,0.998345326908117,0.167
OBP2B,Bacterial pneumoniae,Q9NPH6,J10_PNEUMOBACT,Contamination mixture,,-0.0605645951774161,0.0229591836734694,0.0239239548663979,,,0.000322752539390698,0.92349358462797,45.3491167222949,0.136584609178341,20.615873908959,TRUE,0,0.167,-0.105564595177416,-0.015564595177416,0.941232967944145,0.899816347172897,0.984555907134143,0.167
OBP2B,Bacterial pneumoniae,Q9NPH6,J10_PNEUMOBACT,MR-PRESSO (Outlier-corrected),,-0.0504490568345553,0.02489439451997,0.0501684986630415,,0.167,0.000322752539390698,0.92349358462797,45.3491167222949,0.136584609178341,20.615873908959,TRUE,0,0.167,-0.0992420700936965,-0.00165604357541413,0.950802364320735,0.905523481336535,0.998345326908117,0.167
OBP2B,Bacterial pneumoniae,Q9NPH6,J10_PNEUMOBACT,Weighted median,37,-0.0661179591750565,0.030780776617942,0.031711559217655,,,0.000322752539390698,0.92349358462797,45.3491167222949,0.136584609178341,20.615873908959,TRUE,0,0.167,-0.126448281346223,-0.00578763700389016,0.9360204455797,0.881219723862784,0.994229079102688,0.167
OGT,Bacterial pneumoniae,O15294,J10_PNEUMOBACT,Inverse variance weighted (multiplicative random effects),3,0.147253767755854,0.0460400488156009,0.00138199992613163,0.0712984728070833,,0.000582938978624131,0.980908220384347,0.247494265443103,0.883603246983807,0,TRUE,9.36180582028741e-19,,0.0570152720772764,0.237492263434432,1.15864795321658,1.0586719783923,1.26806518628331,
OGT,Bacterial pneumoniae,O15294,J10_PNEUMOBACT,Contamination mixture,,0.151129229354698,0.288265306122449,0.260704042070431,,,0.000582938978624131,0.980908220384347,0.247494265443103,0.883603246983807,0,TRUE,9.36180582028741e-19,,-0.413870770645302,0.716129229354698,1.16314696110103,0.66108637751197,2.04649634168883,
OGT,Bacterial pneumoniae,O15294,J10_PNEUMOBACT,Weighted median,3,0.156468174411871,0.154730772254128,0.311907054385972,,,0.000582938978624131,0.980908220384347,0.247494265443103,0.883603246983807,0,TRUE,9.36180582028741e-19,,-0.146804139206221,0.459740488029962,1.16937354572599,0.863463079419687,1.58366295217023,
PAG1,Bacterial pneumoniae,Q9NWQ8,J10_PNEUMOBACT,Inverse variance weighted (multiplicative random effects),9,0.132493523116162,0.0622783650911345,0.0333834908425648,0.414122771207857,,-0.004968686746709,0.842306428365422,8.55374662602584,0.381326598212774,6.47373192398515,TRUE,6.84931744861471e-84,0.422,0.010427927537538,0.254559118694785,1.14167162159076,1.01048248785934,1.28989280586831,0.422
PAG1,Bacterial pneumoniae,Q9NWQ8,J10_PNEUMOBACT,Contamination mixture,,0.16580782553372,0.114795918367347,0.0473120401670326,,,-0.004968686746709,0.842306428365422,8.55374662602584,0.381326598212774,6.47373192398515,TRUE,6.84931744861471e-84,0.422,-0.0591921744662803,0.39080782553372,1.18034624751604,0.942525622393327,1.47817441873616,0.422
PAG1,Bacterial pneumoniae,Q9NWQ8,J10_PNEUMOBACT,MR-PRESSO (Outlier-corrected),,0.132493523116162,0.0622783650911345,0.0660556542846545,,0.422,-0.004968686746709,0.842306428365422,8.55374662602584,0.381326598212774,6.47373192398515,TRUE,6.84931744861471e-84,0.422,0.010427927537538,0.254559118694785,1.14167162159076,1.01048248785934,1.28989280586831,0.422
PAG1,Bacterial pneumoniae,Q9NWQ8,J10_PNEUMOBACT,Weighted median,9,0.0837124195482564,0.084187373408348,0.320048426985797,,,-0.004968686746709,0.842306428365422,8.55374662602584,0.381326598212774,6.47373192398515,TRUE,6.84931744861471e-84,0.422,-0.0812948323321057,0.248719671428619,1.08731615797073,0.92192183900532,1.28238249422509,0.422
PAXX,Bacterial pneumoniae,Q9BUH6,J10_PNEUMOBACT,Inverse variance weighted (multiplicative random effects),6,0.174769229140418,0.0860077113496218,0.0421518201547594,0.450095155435352,,0.0329670836584292,0.0947689940428488,6.91080079500507,0.227359145915689,27.649484505271,TRUE,5.44683794506538e-56,0.308,0.00619411489515953,0.343344343385677,1.19097134341656,1.00621333809457,1.40965408342275,0.308
PAXX,Bacterial pneumoniae,Q9BUH6,J10_PNEUMOBACT,Contamination mixture,,0.448027615250901,0.214285714285714,0.197655072959645,,,0.0329670836584292,0.0947689940428488,6.91080079500507,0.227359145915689,27.649484505271,TRUE,5.44683794506538e-56,0.308,0.0280276152509007,0.868027615250901,1.56522191905272,1.02842408421841,2.38220758680986,0.308
PAXX,Bacterial pneumoniae,Q9BUH6,J10_PNEUMOBACT,MR-PRESSO (Outlier-corrected),,0.174769229140418,0.0860077113496218,0.0978591054067383,,0.308,0.0329670836584292,0.0947689940428488,6.91080079500507,0.227359145915689,27.649484505271,TRUE,5.44683794506538e-56,0.308,0.00619411489515953,0.343344343385677,1.19097134341656,1.00621333809457,1.40965408342275,0.308
PAXX,Bacterial pneumoniae,Q9BUH6,J10_PNEUMOBACT,Weighted median,6,0.082405555410696,0.0947192596330945,0.384301560833574,,,0.0329670836584292,0.0947689940428488,6.91080079500507,0.227359145915689,27.649484505271,TRUE,5.44683794506538e-56,0.308,-0.103244193470169,0.268055304291561,1.08589611158364,0.901906706860259,1.30741944392168,0.308
PCARE,Bacterial pneumoniae,A6NGG8,J10_PNEUMOBACT,Inverse variance weighted (multiplicative random effects),3,0.0562551407736916,0.0225482642441275,0.0126000878302008,0.260598078207798,,0.00162867098796566,0.93689450873609,0.457753189133681,0.795426687423514,0,TRUE,1.47328941466447e-120,,0.0120605428552018,0.100449738692181,1.05786755445394,1.012133564467,1.10566806798438,
PCARE,Bacterial pneumoniae,A6NGG8,J10_PNEUMOBACT,Contamination mixture,,0.0599125157898331,0.0561224489795918,0.233633947202495,,,0.00162867098796566,0.93689450873609,0.457753189133681,0.795426687423514,0,TRUE,1.47328941466447e-120,,-0.050087484210167,0.169912515789833,1.06174365667702,0.951146210585829,1.18520116039737,
PCARE,Bacterial pneumoniae,A6NGG8,J10_PNEUMOBACT,Weighted median,3,0.0548172103348453,0.0511263877872274,0.283634625394972,,,0.00162867098796566,0.93689450873609,0.457753189133681,0.795426687423514,0,TRUE,1.47328941466447e-120,,-0.0453905097281205,0.155024930397811,1.05634750761984,0.955624228400677,1.16768707164547,
PDLIM7,Bacterial pneumoniae,Q9NR12,J10_PNEUMOBACT,Inverse variance weighted (multiplicative random effects),5,0.103470353671646,0.0500771107291842,0.038807662330912,0.438170187440348,,0.0078122136729928,0.702960214134661,1.4552345597141,0.834540407727123,0,TRUE,9.2349704574049e-54,0.837,0.00531921664244477,0.201621490700847,1.10901291471669,1.00533338879239,1.22338485791839,0.837
PDLIM7,Bacterial pneumoniae,Q9NR12,J10_PNEUMOBACT,Contamination mixture,,0.107397477201988,0.204081632653061,0.312080774996448,,,0.0078122136729928,0.702960214134661,1.4552345597141,0.834540407727123,0,TRUE,9.2349704574049e-54,0.837,-0.292602522798012,0.507397477201988,1.11337670839964,0.746318726429455,1.66096287136913,0.837
PDLIM7,Bacterial pneumoniae,Q9NR12,J10_PNEUMOBACT,MR-PRESSO (Outlier-corrected),,0.103470353671646,0.0500771107291842,0.107690359758704,,0.837,0.0078122136729928,0.702960214134661,1.4552345597141,0.834540407727123,0,TRUE,9.2349704574049e-54,0.837,0.00531921664244477,0.201621490700847,1.10901291471669,1.00533338879239,1.22338485791839,0.837
PDLIM7,Bacterial pneumoniae,Q9NR12,J10_PNEUMOBACT,Weighted median,5,0.0593865375991459,0.102632407894971,0.562836573133851,,,0.0078122136729928,0.702960214134661,1.4552345597141,0.834540407727123,0,TRUE,9.2349704574049e-54,0.837,-0.141772981874997,0.260546057073289,1.06118534951107,0.867818244595864,1.29763847790658,0.837
PGA4,Bacterial pneumoniae,P0DJD7,J10_PNEUMOBACT,Inverse variance weighted (multiplicative random effects),11,-0.166301781682563,0.057135563790304,0.00360674704247529,0.124714550078091,,0.0030513368085291,0.740951551371691,8.9489661179666,0.536953654304398,0,TRUE,2.28479727253815e-82,0.59,-0.278287486711559,-0.0543160766535673,0.846790649718933,0.75707914003321,0.947132692653449,0.59
PGA4,Bacterial pneumoniae,P0DJD7,J10_PNEUMOBACT,Contamination mixture,,-0.239493265173645,0.107142857142857,0.0319553440715275,,,0.0030513368085291,0.740951551371691,8.9489661179666,0.536953654304398,0,TRUE,2.28479727253815e-82,0.59,-0.449493265173645,-0.0294932651736449,0.787026573811422,0.637951341891431,0.970937416714078,0.59
PGA4,Bacterial pneumoniae,P0DJD7,J10_PNEUMOBACT,MR-PRESSO (Outlier-corrected),,-0.166301781682563,0.057135563790304,0.0155473390530856,,0.59,0.0030513368085291,0.740951551371691,8.9489661179666,0.536953654304398,0,TRUE,2.28479727253815e-82,0.59,-0.278287486711559,-0.0543160766535673,0.846790649718933,0.75707914003321,0.947132692653449,0.59
PGA4,Bacterial pneumoniae,P0DJD7,J10_PNEUMOBACT,Weighted median,11,-0.115933994766276,0.0861499691068421,0.178391866398102,,,0.0030513368085291,0.740951551371691,8.9489661179666,0.536953654304398,0,TRUE,2.28479727253815e-82,0.59,-0.284787934215687,0.0529199446831342,0.890534001262517,0.752173747722989,1.05434523579876,0.59
PGR,Bacterial pneumoniae,P06401,J10_PNEUMOBACT,Inverse variance weighted (multiplicative random effects),6,-0.148383292088383,0.0627766116305454,0.0180948460270799,0.323502635315549,,0.00247308558624122,0.85411906760573,7.2241054978907,0.204499690933851,30.7872787646872,TRUE,8.07560018636442e-106,0.382,-0.271425450884252,-0.0253411332925144,0.862100615261915,0.762292109552554,0.974977258089713,0.382
PGR,Bacterial pneumoniae,P06401,J10_PNEUMOBACT,Contamination mixture,,-0.17016486774997,0.0714285714285714,0.00754963242651533,,,0.00247308558624122,0.85411906760573,7.2241054978907,0.204499690933851,30.7872787646872,TRUE,8.07560018636442e-106,0.382,-0.31016486774997,-0.0301648677499704,0.843525734941697,0.733326044442395,0.97028555156522,0.382
PGR,Bacterial pneumoniae,P06401,J10_PNEUMOBACT,MR-PRESSO (Outlier-corrected),,-0.148383292088383,0.0627766116305454,0.0644566679108649,,0.382,0.00247308558624122,0.85411906760573,7.2241054978907,0.204499690933851,30.7872787646872,TRUE,8.07560018636442e-106,0.382,-0.271425450884252,-0.0253411332925144,0.862100615261915,0.762292109552554,0.974977258089713,0.382
PGR,Bacterial pneumoniae,P06401,J10_PNEUMOBACT,Weighted median,6,-0.155909157693501,0.0576647672646221,0.00685688526578642,,,0.00247308558624122,0.85411906760573,7.2241054978907,0.204499690933851,30.7872787646872,TRUE,8.07560018636442e-106,0.382,-0.26893210153216,-0.0428862138548419,0.855636914871501,0.764195141565935,0.958020393312921,0.382
PIK3AP1,Bacterial pneumoniae,Q6ZUJ8,J10_PNEUMOBACT,Inverse variance weighted (multiplicative random effects),14,0.093554229313496,0.0305790249135292,0.00221762402317476,0.0925962634582217,,0.0032448730913614,0.627068066589991,12.1817521826479,0.512799502045889,0,TRUE,0,0.569,0.0336193404829788,0.153489118144013,1.09807014931708,1.03419085719841,1.16589509995051,0.569
PIK3AP1,Bacterial pneumoniae,Q6ZUJ8,J10_PNEUMOBACT,Contamination mixture,,0.104381500050044,0.0306122448979592,0.00373919763826413,,,0.0032448730913614,0.627068066589991,12.1817521826479,0.512799502045889,0,TRUE,0,0.569,0.0443815000500441,0.164381500050044,1.11002384830183,1.04538109176336,1.1786638896638,0.569
PIK3AP1,Bacterial pneumoniae,Q6ZUJ8,J10_PNEUMOBACT,MR-PRESSO (Outlier-corrected),,0.093554229313496,0.0305790249135292,0.00913283551429213,,0.569,0.0032448730913614,0.627068066589991,12.1817521826479,0.512799502045889,0,TRUE,0,0.569,0.0336193404829788,0.153489118144013,1.09807014931708,1.03419085719841,1.16589509995051,0.569
PIK3AP1,Bacterial pneumoniae,Q6ZUJ8,J10_PNEUMOBACT,Weighted median,14,0.0860457942911279,0.0424842285596406,0.0428305634720391,,,0.0032448730913614,0.627068066589991,12.1817521826479,0.512799502045889,0,TRUE,0,0.569,0.00277670631423221,0.169314882268024,1.08985623635614,1.0027805649338,1.18449305606834,0.569
PKLR,Bacterial pneumoniae,P30613,J10_PNEUMOBACT,Inverse variance weighted (multiplicative random effects),9,-0.0905709971131723,0.0335239724137273,0.00689904270001838,0.175489442472881,,-0.00207667890083993,0.725891265029702,5.52031007795435,0.700788783859277,0,TRUE,3.26456096554414e-186,0.805,-0.156277983044078,-0.0248640111822667,0.913409482162459,0.855321392476313,0.975442552288785,0.805
PKLR,Bacterial pneumoniae,P30613,J10_PNEUMOBACT,Contamination mixture,,-0.0873238035331796,0.0510204081632653,0.0504751905989635,,,-0.00207667890083993,0.725891265029702,5.52031007795435,0.700788783859277,0,TRUE,3.26456096554414e-186,0.805,-0.18732380353318,0.0126761964668204,0.916380320401829,0.829175203051356,1.01275688000495,0.805
PKLR,Bacterial pneumoniae,P30613,J10_PNEUMOBACT,MR-PRESSO (Outlier-corrected),,-0.0905709971131723,0.0335239724137273,0.0270037555047745,,0.805,-0.00207667890083993,0.725891265029702,5.52031007795435,0.700788783859277,0,TRUE,3.26456096554414e-186,0.805,-0.156277983044078,-0.0248640111822667,0.913409482162459,0.855321392476313,0.975442552288785,0.805
PKLR,Bacterial pneumoniae,P30613,J10_PNEUMOBACT,Weighted median,9,-0.0849569093278044,0.0453516710644754,0.0610281143527533,,,-0.00207667890083993,0.725891265029702,5.52031007795435,0.700788783859277,0,TRUE,3.26456096554414e-186,0.805,-0.173846184614176,0.00393236595856733,0.918551864565974,0.840426158190826,1.00394010785425,0.805
PLA2G7,Bacterial pneumoniae,Q13093,J10_PNEUMOBACT,Inverse variance weighted (multiplicative random effects),26,-0.0757812951072249,0.0252910159260781,0.00273212801126854,0.106655025954253,,0.00596076696957471,0.183943800278246,30.5202979245562,0.205397275666997,18.0873002557248,TRUE,0,0.183,-0.125351686322338,-0.0262109038921118,0.927018927965734,0.882186595063105,0.974129620214039,0.183
PLA2G7,Bacterial pneumoniae,Q13093,J10_PNEUMOBACT,Contamination mixture,,-0.12998800204002,0.0484693877551021,0.0321251949472258,,,0.00596076696957471,0.183943800278246,30.5202979245562,0.205397275666997,18.0873002557248,TRUE,0,0.183,-0.22498800204002,-0.03498800204002,0.878105966337602,0.798525799382487,0.965617001622207,0.183
PLA2G7,Bacterial pneumoniae,Q13093,J10_PNEUMOBACT,MR-PRESSO (Outlier-corrected),,-0.0757812951072249,0.0252910159260781,0.00609103054964988,,0.183,0.00596076696957471,0.183943800278246,30.5202979245562,0.205397275666997,18.0873002557248,TRUE,0,0.183,-0.125351686322338,-0.0262109038921118,0.927018927965734,0.882186595063105,0.974129620214039,0.183
PLA2G7,Bacterial pneumoniae,Q13093,J10_PNEUMOBACT,Weighted median,26,-0.0924544364095518,0.0369162463919297,0.0122646228938934,,,0.00596076696957471,0.183943800278246,30.5202979245562,0.205397275666997,18.0873002557248,TRUE,0,0.183,-0.164810279337734,-0.0200985934813697,0.911690749922067,0.848054582303465,0.98010203687106,0.183
PNPT1,Bacterial pneumoniae,Q8TCS8,J10_PNEUMOBACT,Inverse variance weighted (multiplicative random effects),3,0.199917392020908,0.0320683167924514,4.54355772059173e-10,2.0109786471339e-07,,0.00472207839664762,0.868980085856407,0.294075475111992,0.863261399426217,0,TRUE,2.37105937373414e-33,,0.137063491107703,0.262771292934112,1.22130186471402,1.14690096422144,1.30052924470813,
PNPT1,Bacterial pneumoniae,Q8TCS8,J10_PNEUMOBACT,Weighted median,3,0.200713514850626,0.0901059895182117,0.0259120805339038,,,0.00472207839664762,0.868980085856407,0.294075475111992,0.863261399426217,0,TRUE,2.37105937373414e-33,,0.0241057753949312,0.377321254306321,1.22227455815085,1.02439866833383,1.45837274264789,
PPP1R14A,Bacterial pneumoniae,Q96A00,J10_PNEUMOBACT,Inverse variance weighted (multiplicative random effects),10,0.06255744412406,0.0318807346757974,0.0497353107224939,0.493561626138471,,-0.00400739603181716,0.585577894747035,6.36239742047288,0.703171213094528,0,TRUE,6.3667278302495e-209,0.625,7.12041594970458e-05,0.125043684088623,1.06455560962598,1.00007120669457,1.13319795470548,0.625
PPP1R14A,Bacterial pneumoniae,Q96A00,J10_PNEUMOBACT,Contamination mixture,,0.0789655172413793,0.086734693877551,0.149186375405499,,,-0.00400739603181716,0.585577894747035,6.36239742047288,0.703171213094528,0,TRUE,6.3667278302495e-209,0.625,-0.0910344827586207,0.248965517241379,1.08216700532329,0.912986228072735,1.28269780134853,0.625
PPP1R14A,Bacterial pneumoniae,Q96A00,J10_PNEUMOBACT,MR-PRESSO (Outlier-corrected),,0.06255744412406,0.0318807346757974,0.0813518187752621,,0.625,-0.00400739603181716,0.585577894747035,6.36239742047288,0.703171213094528,0,TRUE,6.3667278302495e-209,0.625,7.12041594970458e-05,0.125043684088623,1.06455560962598,1.00007120669457,1.13319795470548,0.625
PPP1R14A,Bacterial pneumoniae,Q96A00,J10_PNEUMOBACT,Weighted median,10,0.087977139004581,0.0432823206769704,0.0420894614930968,,,-0.00400739603181716,0.585577894747035,6.36239742047288,0.703171213094528,0,TRUE,6.3667278302495e-209,0.625,0.00314379047771905,0.172810487531443,1.09196315837809,1.00314873736964,1.18864082148137,0.625
PPP1R9B,Bacterial pneumoniae,Q96SB3,J10_PNEUMOBACT,Inverse variance weighted (multiplicative random effects),3,0.172640461772256,0.0572677568338872,0.00257302341589088,0.103529105806664,,-0.033370345979618,0.600135597300482,0.529854676288178,0.767261698609422,0,TRUE,2.35532379066297e-31,,0.0603956583778369,0.284885265166675,1.18843873910339,1.06225675419475,1.32960946684903,
PPP1R9B,Bacterial pneumoniae,Q96SB3,J10_PNEUMOBACT,Contamination mixture,,0.172815569626437,0.165816326530612,0.169250398671495,,,-0.033370345979618,0.600135597300482,0.529854676288178,0.767261698609422,0,TRUE,2.35532379066297e-31,,-0.152184430373563,0.497815569626437,1.18864686228229,0.858829871819778,1.64512368464756,
PPP1R9B,Bacterial pneumoniae,Q96SB3,J10_PNEUMOBACT,Weighted median,3,0.133606441590209,0.125141186563968,0.285680390175456,,,-0.033370345979618,0.600135597300482,0.529854676288178,0.767261698609422,0,TRUE,2.35532379066297e-31,,-0.111670284075168,0.378883167255587,1.14294291632221,0.894339086731835,1.46065237374871,
PPP3R1,Bacterial pneumoniae,P63098,J10_PNEUMOBACT,Inverse variance weighted (multiplicative random effects),7,0.190428772814513,0.0537808480422662,0.000398872380862332,0.0342239652714334,,0.00348394551690469,0.789335437469812,3.73288795386061,0.712770574582506,0,TRUE,6.5871538388857e-78,0.664,0.0850183106516715,0.295839234977355,1.2097682021845,1.08873700199989,1.34425403043009,0.664
PPP3R1,Bacterial pneumoniae,P63098,J10_PNEUMOBACT,Contamination mixture,,0.240732154540639,0.112244897959184,0.0526607854420661,,,0.00348394551690469,0.789335437469812,3.73288795386061,0.712770574582506,0,TRUE,6.5871538388857e-78,0.664,0.0207321545406385,0.460732154540639,1.27218024196899,1.02094855857657,1.58523419663058,0.664
PPP3R1,Bacterial pneumoniae,P63098,J10_PNEUMOBACT,MR-PRESSO (Outlier-corrected),,0.190428772814513,0.0537808480422662,0.0122066561761256,,0.664,0.00348394551690469,0.789335437469812,3.73288795386061,0.712770574582506,0,TRUE,6.5871538388857e-78,0.664,0.0850183106516715,0.295839234977355,1.2097682021845,1.08873700199989,1.34425403043009,0.664
PPP3R1,Bacterial pneumoniae,P63098,J10_PNEUMOBACT,Weighted median,7,0.26274799408057,0.0895529035495369,0.00334626916323105,,,0.00348394551690469,0.789335437469812,3.73288795386061,0.712770574582506,0,TRUE,6.5871538388857e-78,0.664,0.0872243031234777,0.438271685037662,1.30049894422072,1.09114139869552,1.55002596908263,0.664
PRSS53,Bacterial pneumoniae,Q2L4Q9,J10_PNEUMOBACT,Inverse variance weighted (multiplicative random effects),68,0.0371733092049948,0.0122893562882967,0.00248766514902157,0.101948203236754,,-0.00308073142887604,0.378725901509986,79.9138474995272,0.133976509386748,16.1597118692146,TRUE,0,0.13,0.0130861708799332,0.0612604475300564,1.03787287817564,1.01317216953568,1.06317577963699,0.13
PRSS53,Bacterial pneumoniae,Q2L4Q9,J10_PNEUMOBACT,Contamination mixture,,0.0332470629585153,0.0102040816326531,0.00929210692781587,,,-0.00308073142887604,0.378725901509986,79.9138474995272,0.133976509386748,16.1597118692146,TRUE,0,0.13,0.0132470629585153,0.0532470629585153,1.03380592284192,1.01333519402632,1.05469018781092,0.13
PRSS53,Bacterial pneumoniae,Q2L4Q9,J10_PNEUMOBACT,MR-PRESSO (Outlier-corrected),,0.0371733092049948,0.0122893562882967,0.00352532917627625,,0.13,-0.00308073142887604,0.378725901509986,79.9138474995272,0.133976509386748,16.1597118692146,TRUE,0,0.13,0.0130861708799332,0.0612604475300564,1.03787287817564,1.01317216953568,1.06317577963699,0.13
PRSS53,Bacterial pneumoniae,Q2L4Q9,J10_PNEUMOBACT,Weighted median,68,0.0210880689085903,0.0172055111671942,0.220327478192522,,,-0.00308073142887604,0.378725901509986,79.9138474995272,0.133976509386748,16.1597118692146,TRUE,0,0.13,-0.0126347329791103,0.0548108707962909,1.02131199350953,0.987444750158053,1.05634081088532,0.13
PSCA,Bacterial pneumoniae,O43653,J10_PNEUMOBACT,Inverse variance weighted (multiplicative random effects),51,-0.0166046593531258,0.00789622173541926,0.0354778928662992,0.414675901940885,,0.00139469167864256,0.679789114523314,38.399916289692,0.884175969091768,0,TRUE,0,0.906,-0.0320812539545476,-0.00112806475170404,0.98353243813513,0.968427890286451,0.998872571274156,0.906
PSCA,Bacterial pneumoniae,O43653,J10_PNEUMOBACT,Contamination mixture,,-0.0120148937252972,0.0076530612244898,0.148468537132479,,,0.00139469167864256,0.679789114523314,38.399916289692,0.884175969091768,0,TRUE,0,0.906,-0.0270148937252972,0.00298510627470283,0.988056996902853,0.973346744657347,1.00298956614106,0.906
PSCA,Bacterial pneumoniae,O43653,J10_PNEUMOBACT,MR-PRESSO (Outlier-corrected),,-0.0166046593531258,0.00789622173541926,0.0405328877335283,,0.906,0.00139469167864256,0.679789114523314,38.399916289692,0.884175969091768,0,TRUE,0,0.906,-0.0320812539545476,-0.00112806475170404,0.98353243813513,0.968427890286451,0.998872571274156,0.906
PSCA,Bacterial pneumoniae,O43653,J10_PNEUMOBACT,Weighted median,51,-0.0155188204288444,0.0133748517533411,0.245927294971759,,,0.00139469167864256,0.679789114523314,38.399916289692,0.884175969091768,0,TRUE,0,0.906,-0.041733529865393,0.0106958890077042,0.984600975964747,0.959125324777922,1.01075329451362,0.906
PTPRC,Bacterial pneumoniae,P08575,J10_PNEUMOBACT,Inverse variance weighted (multiplicative random effects),19,0.0881335689029275,0.0281583270000305,0.00174848460051714,0.0823275834243498,,-0.00574964173034842,0.415239033336669,11.4616107140471,0.873752110338478,0,TRUE,1.06164796022153e-263,0.892,0.0329432479828677,0.143323889822987,1.09213398742499,1.03349188482779,1.15410354352957,0.892
PTPRC,Bacterial pneumoniae,P08575,J10_PNEUMOBACT,Contamination mixture,,0.110572740385975,0.0433673469387755,0.0441874790033191,,,-0.00574964173034842,0.415239033336669,11.4616107140471,0.873752110338478,0,TRUE,1.06164796022153e-263,0.892,0.0255727403859751,0.195572740385975,1.11691759111397,1.02590252810227,1.21600724354145,0.892
PTPRC,Bacterial pneumoniae,P08575,J10_PNEUMOBACT,MR-PRESSO (Outlier-corrected),,0.0881335689029275,0.0281583270000305,0.00578743274820534,,0.892,-0.00574964173034842,0.415239033336669,11.4616107140471,0.873752110338478,0,TRUE,1.06164796022153e-263,0.892,0.0329432479828677,0.143323889822987,1.09213398742499,1.03349188482779,1.15410354352957,0.892
PTPRC,Bacterial pneumoniae,P08575,J10_PNEUMOBACT,Weighted median,19,0.0975524803774452,0.0457746442004415,0.0330770612296653,,,-0.00574964173034842,0.415239033336669,11.4616107140471,0.873752110338478,0,TRUE,1.06164796022153e-263,0.892,0.00783417774457991,0.187270783010311,1.10246929805003,1.00786494520849,1.20595379263984,0.892
PTPRS,Bacterial pneumoniae,Q13332,J10_PNEUMOBACT,Inverse variance weighted (multiplicative random effects),28,-0.0396494223829837,0.0161811707333585,0.014272009098125,0.284540145352709,,-0.00378702899868674,0.373134242323298,18.9243050662117,0.872743293554087,0,TRUE,0,0.846,-0.0713645170203664,-0.00793432774560104,0.961126329474008,0.931122420289479,0.99209706594863,0.846
PTPRS,Bacterial pneumoniae,Q13332,J10_PNEUMOBACT,Contamination mixture,,-0.033008823957533,0.0204081632653061,0.100681788752546,,,-0.00378702899868674,0.373134242323298,18.9243050662117,0.872743293554087,0,TRUE,0,0.846,-0.073008823957533,0.00699117604246696,0.967530022107538,0.929592627303736,1.00701567136413,0.846
PTPRS,Bacterial pneumoniae,Q13332,J10_PNEUMOBACT,MR-PRESSO (Outlier-corrected),,-0.0396494223829837,0.0161811707333585,0.0210366257306911,,0.846,-0.00378702899868674,0.373134242323298,18.9243050662117,0.872743293554087,0,TRUE,0,0.846,-0.0713645170203664,-0.00793432774560104,0.961126329474008,0.931122420289479,0.99209706594863,0.846
PTPRS,Bacterial pneumoniae,Q13332,J10_PNEUMOBACT,Weighted median,28,-0.0228288360902874,0.0250965716131551,0.363012592014775,,,-0.00378702899868674,0.373134242323298,18.9243050662117,0.872743293554087,0,TRUE,0,0.846,-0.0720181164520713,0.0263604442714966,0.977429770157103,0.930514038045533,1.02671095386808,0.846
QPCT,Bacterial pneumoniae,Q16769,J10_PNEUMOBACT,Inverse variance weighted (multiplicative random effects),31,-0.0306021076690099,0.0125896676832665,0.0150683571061533,0.292511177858923,,-0.000675774972079389,0.846146854049668,21.6345908684216,0.867002244660061,0,TRUE,0,0.911,-0.0552778563282123,-0.00592635900980749,0.96986139672468,0.946222197598468,0.994091167216421,0.911
QPCT,Bacterial pneumoniae,Q16769,J10_PNEUMOBACT,Contamination mixture,,-0.0328281375515289,0.0153061224489796,0.0374076007177654,,,-0.000675774972079389,0.846146854049668,21.6345908684216,0.867002244660061,0,TRUE,0,0.911,-0.0628281375515289,-0.00282813755152894,0.96770485742464,0.939104856680938,0.997175857862062,0.911
QPCT,Bacterial pneumoniae,Q16769,J10_PNEUMOBACT,MR-PRESSO (Outlier-corrected),,-0.0306021076690099,0.0125896676832665,0.0212584033722008,,0.911,-0.000675774972079389,0.846146854049668,21.6345908684216,0.867002244660061,0,TRUE,0,0.911,-0.0552778563282123,-0.00592635900980749,0.96986139672468,0.946222197598468,0.994091167216421,0.911
QPCT,Bacterial pneumoniae,Q16769,J10_PNEUMOBACT,Weighted median,31,-0.029300692580675,0.0172044698316307,0.0885519660086484,,,-0.000675774972079389,0.846146854049668,21.6345908684216,0.867002244660061,0,TRUE,0,0.911,-0.0630214534506712,0.00442006828932125,0.971124410654402,0.938923330327711,1.00442985119956,0.911
RBFOX3,Bacterial pneumoniae,A6NFN3,J10_PNEUMOBACT,Inverse variance weighted (multiplicative random effects),5,-0.220978384248068,0.102008621264141,0.0302904348053858,0.403306184452942,,0.0274578151188822,0.251397142928961,3.33429465815518,0.503516979775999,0,TRUE,1.91247969042295e-32,0.558,-0.420915281925786,-0.0210414865703512,0.801734010186375,0.656445711870068,0.979178340975669,0.558
RBFOX3,Bacterial pneumoniae,A6NFN3,J10_PNEUMOBACT,Contamination mixture,,-0.302678862153396,0.176020408163265,0.0530557217428401,,,0.0274578151188822,0.251397142928961,3.33429465815518,0.503516979775999,0,TRUE,1.91247969042295e-32,0.558,-0.647678862153397,0.0423211378466036,0.738836326583555,0.523258924367856,1.04322944542026,0.558
RBFOX3,Bacterial pneumoniae,A6NFN3,J10_PNEUMOBACT,MR-PRESSO (Outlier-corrected),,-0.220978384248068,0.102008621264141,0.0962108300971505,,0.558,0.0274578151188822,0.251397142928961,3.33429465815518,0.503516979775999,0,TRUE,1.91247969042295e-32,0.558,-0.420915281925786,-0.0210414865703512,0.801734010186375,0.656445711870068,0.979178340975669,0.558
RBFOX3,Bacterial pneumoniae,A6NFN3,J10_PNEUMOBACT,Weighted median,5,-0.268192112457716,0.145834301356283,0.0659123295885883,,,0.0274578151188822,0.251397142928961,3.33429465815518,0.503516979775999,0,TRUE,1.91247969042295e-32,0.558,-0.554027343116031,0.0176431182005984,0.764760846903507,0.574630908175056,1.01779967738595,0.558
REG1B,Bacterial pneumoniae,P48304,J10_PNEUMOBACT,Inverse variance weighted (multiplicative random effects),23,-0.0808816296180759,0.0244303022509974,0.00093059818880436,0.0588403940521157,,-0.00660344665415881,0.340509028755997,29.8272318165994,0.122724410994578,26.2418982248409,TRUE,0,0.123,-0.128765022030031,-0.032998237206121,0.922302858325008,0.879180529331682,0.967540265161586,0.123
REG1B,Bacterial pneumoniae,P48304,J10_PNEUMOBACT,Contamination mixture,,-0.0691152612069681,0.0408163265306123,0.0340180414811798,,,-0.00660344665415881,0.340509028755997,29.8272318165994,0.122724410994578,26.2418982248409,TRUE,0,0.123,-0.149115261206968,0.0108847387930319,0.933219109918013,0.861469815125705,1.01094419308132,0.123
REG1B,Bacterial pneumoniae,P48304,J10_PNEUMOBACT,MR-PRESSO (Outlier-corrected),,-0.0808816296180759,0.0244303022509974,0.00318022028903311,,0.123,-0.00660344665415881,0.340509028755997,29.8272318165994,0.122724410994578,26.2418982248409,TRUE,0,0.123,-0.128765022030031,-0.032998237206121,0.922302858325008,0.879180529331682,0.967540265161586,0.123
REG1B,Bacterial pneumoniae,P48304,J10_PNEUMOBACT,Weighted median,23,-0.0707894809955633,0.0317827483174899,0.0259277229693017,,,-0.00660344665415881,0.340509028755997,29.8272318165994,0.122724410994578,26.2418982248409,TRUE,0,0.123,-0.133083667697843,-0.00849529429328311,0.931658003199623,0.875391847024139,0.991540688751668,0.123
RELT,Bacterial pneumoniae,Q969Z4,J10_PNEUMOBACT,Inverse variance weighted (multiplicative random effects),20,0.0623113262175937,0.0217191019082503,0.0041181838465995,0.13808395231098,,0.00150691736228862,0.729649134585371,17.7559279937806,0.538793062515398,0,TRUE,0,0.665,0.0197418864774231,0.104880765957764,1.06429363566758,1.01993804624645,1.11057818373492,0.665
RELT,Bacterial pneumoniae,Q969Z4,J10_PNEUMOBACT,Contamination mixture,,0.0727683019077813,0.0229591836734694,0.0061882253655271,,,0.00150691736228862,0.729649134585371,17.7559279937806,0.538793062515398,0,TRUE,0,0.665,0.0277683019077813,0.117768301907781,1.07548132107409,1.02815743470537,1.12498342465493,0.665
RELT,Bacterial pneumoniae,Q969Z4,J10_PNEUMOBACT,MR-PRESSO (Outlier-corrected),,0.0623113262175937,0.0217191019082503,0.00982561552315511,,0.665,0.00150691736228862,0.729649134585371,17.7559279937806,0.538793062515398,0,TRUE,0,0.665,0.0197418864774231,0.104880765957764,1.06429363566758,1.01993804624645,1.11057818373492,0.665
RELT,Bacterial pneumoniae,Q969Z4,J10_PNEUMOBACT,Weighted median,20,0.0580974796891314,0.027188275899654,0.0326095584579877,,,0.00150691736228862,0.729649134585371,17.7559279937806,0.538793062515398,0,TRUE,0,0.665,0.0048084589258096,0.111386500452453,1.05981830143366,1.00482003811635,1.11782686396196,0.665
RGMA,Bacterial pneumoniae,Q96B86,J10_PNEUMOBACT,Inverse variance weighted (multiplicative random effects),49,-0.0699026301160009,0.0203750554680826,0.000601816117749862,0.0429558662258689,,0.000440765598622316,0.911222562384216,39.0337766339672,0.81859191826754,0,TRUE,0,0.84,-0.109837738833443,-0.0299675213985591,0.932484611404141,0.895979506182069,0.97047705277406,0.84
RGMA,Bacterial pneumoniae,Q96B86,J10_PNEUMOBACT,Contamination mixture,,-0.0852333721096348,0.0255102040816327,0.00431201370640641,,,0.000440765598622316,0.911222562384216,39.0337766339672,0.81859191826754,0,TRUE,0,0.84,-0.135233372109635,-0.0352333721096347,0.918297954262232,0.873512034553046,0.965380097177117,0.84
RGMA,Bacterial pneumoniae,Q96B86,J10_PNEUMOBACT,MR-PRESSO (Outlier-corrected),,-0.0699026301160009,0.0203750554680826,0.00124675168256524,,0.84,0.000440765598622316,0.911222562384216,39.0337766339672,0.81859191826754,0,TRUE,0,0.84,-0.109837738833443,-0.0299675213985591,0.932484611404141,0.895979506182069,0.97047705277406,0.84
RGMA,Bacterial pneumoniae,Q96B86,J10_PNEUMOBACT,Weighted median,49,-0.0778083188278998,0.0373232323146076,0.0370951379246019,,,0.000440765598622316,0.911222562384216,39.0337766339672,0.81859191826754,0,TRUE,0,0.84,-0.150961854164531,-0.00465478349126888,0.925141741802426,0.85988049889364,0.995356033223743,0.84
ROBO2,Bacterial pneumoniae,Q9HCK4,J10_PNEUMOBACT,Inverse variance weighted (multiplicative random effects),19,-0.111289491634807,0.0481801528163555,0.0208958098338186,0.342536497498078,,-0.0100060353718348,0.277413661616576,22.1458674826957,0.225573439229117,18.7207274040415,TRUE,2.78539364053554e-187,0.206,-0.205722591154863,-0.0168563921147499,0.894679709144286,0.814058872094176,0.983284881958639,0.206
ROBO2,Bacterial pneumoniae,Q9HCK4,J10_PNEUMOBACT,Contamination mixture,,-0.271182869222287,0.0714285714285714,0.0197350344318978,,,-0.0100060353718348,0.277413661616576,22.1458674826957,0.225573439229117,18.7207274040415,TRUE,2.78539364053554e-187,0.206,-0.411182869222287,-0.131182869222287,0.762477050070075,0.662865702781007,0.877057372925557,0.206
ROBO2,Bacterial pneumoniae,Q9HCK4,J10_PNEUMOBACT,MR-PRESSO (Outlier-corrected),,-0.111289491634807,0.0481801528163555,0.0329631349438203,,0.206,-0.0100060353718348,0.277413661616576,22.1458674826957,0.225573439229117,18.7207274040415,TRUE,2.78539364053554e-187,0.206,-0.205722591154863,-0.0168563921147499,0.894679709144286,0.814058872094176,0.983284881958639,0.206
ROBO2,Bacterial pneumoniae,Q9HCK4,J10_PNEUMOBACT,Weighted median,19,-0.15924293877974,0.0655463210082939,0.0151208409772041,,,-0.0100060353718348,0.277413661616576,22.1458674826957,0.225573439229117,18.7207274040415,TRUE,2.78539364053554e-187,0.206,-0.287713727955996,-0.0307721496034844,0.852789158244125,0.749976258747611,0.969696493637226,0.206
RRM2B,Bacterial pneumoniae,Q7LG56,J10_PNEUMOBACT,Inverse variance weighted (multiplicative random effects),5,0.116809386846632,0.047450396822755,0.0138274224361138,0.278182598646544,,-0.0106740780511603,0.417602893047831,1.96823301640153,0.741601844776598,0,TRUE,1.03356685147869e-79,0.762,0.0238066090740325,0.209812164619232,1.12390517816151,1.02409224859061,1.23344635333064,0.762
RRM2B,Bacterial pneumoniae,Q7LG56,J10_PNEUMOBACT,Contamination mixture,,0.164588954263238,0.13265306122449,0.0922422179918148,,,-0.0106740780511603,0.417602893047831,1.96823301640153,0.741601844776598,0,TRUE,1.03356685147869e-79,0.762,-0.0954110457367618,0.424588954263238,1.17890843381863,0.908999217413055,1.52896181724341,0.762
RRM2B,Bacterial pneumoniae,Q7LG56,J10_PNEUMOBACT,MR-PRESSO (Outlier-corrected),,0.116809386846632,0.047450396822755,0.0695630220554492,,0.762,-0.0106740780511603,0.417602893047831,1.96823301640153,0.741601844776598,0,TRUE,1.03356685147869e-79,0.762,0.0238066090740325,0.209812164619232,1.12390517816151,1.02409224859061,1.23344635333064,0.762
RRM2B,Bacterial pneumoniae,Q7LG56,J10_PNEUMOBACT,Weighted median,5,0.153596058770049,0.0814220663423521,0.0592386368910939,,,-0.0106740780511603,0.417602893047831,1.96823301640153,0.741601844776598,0,TRUE,1.03356685147869e-79,0.762,-0.00599119126096154,0.313183308801059,1.16601978816939,0.994026720137345,1.36777223273709,0.762
RTN4R,Bacterial pneumoniae,Q9BZR6,J10_PNEUMOBACT,Inverse variance weighted (multiplicative random effects),26,0.0598604618921846,0.0233013227371766,0.0102000493873708,0.221329965374569,,0.00253986122727579,0.628267285084075,27.3884911819719,0.336760187468884,8.72078409176498,TRUE,0,0.329,0.0141898693273184,0.105531054457051,1.06168839021981,1.01429102341119,1.11130061482421,0.329
RTN4R,Bacterial pneumoniae,Q9BZR6,J10_PNEUMOBACT,Contamination mixture,,0.0512389839906563,0.0280612244897959,0.0915433103371173,,,0.00253986122727579,0.628267285084075,27.3884911819719,0.336760187468884,8.72078409176498,TRUE,0,0.329,-0.0037610160093437,0.106238983990656,1.05257441166094,0.996246047752952,1.11208761588794,0.329
RTN4R,Bacterial pneumoniae,Q9BZR6,J10_PNEUMOBACT,MR-PRESSO (Outlier-corrected),,0.0598604618921846,0.0233013227371766,0.0165537907086558,,0.329,0.00253986122727579,0.628267285084075,27.3884911819719,0.336760187468884,8.72078409176498,TRUE,0,0.329,0.0141898693273184,0.105531054457051,1.06168839021981,1.01429102341119,1.11130061482421,0.329
RTN4R,Bacterial pneumoniae,Q9BZR6,J10_PNEUMOBACT,Weighted median,26,0.0424387768776061,0.0321239475190557,0.186469789345779,,,0.00253986122727579,0.628267285084075,27.3884911819719,0.336760187468884,8.72078409176498,TRUE,0,0.329,-0.0205241602597431,0.105401714014955,1.04335217714021,0.979685026743873,1.11115688800644,0.329
S100A16,Bacterial pneumoniae,Q96FQ6,J10_PNEUMOBACT,Inverse variance weighted (multiplicative random effects),4,-0.181444096369113,0.086739697598245,0.0364543501242483,0.418494471606025,,0.0102020456758038,0.740273855160385,4.53369993705393,0.209303955341598,33.8288805688043,TRUE,1.37811131557237e-65,0.336,-0.351453903661673,-0.0114342890765525,0.834064871254886,0.703664285561387,0.988630833958591,0.336
S100A16,Bacterial pneumoniae,Q96FQ6,J10_PNEUMOBACT,Contamination mixture,,-0.22879965233468,0.0994897959183673,0.0616279266528445,,,0.0102020456758038,0.740273855160385,4.53369993705393,0.209303955341598,33.8288805688043,TRUE,1.37811131557237e-65,0.336,-0.42379965233468,-0.0337996523346795,0.795487891682931,0.654555007340627,0.966765174381819,0.336
S100A16,Bacterial pneumoniae,Q96FQ6,J10_PNEUMOBACT,MR-PRESSO (Outlier-corrected),,-0.181444096369113,0.086739697598245,0.127555038659814,,0.336,0.0102020456758038,0.740273855160385,4.53369993705393,0.209303955341598,33.8288805688043,TRUE,1.37811131557237e-65,0.336,-0.351453903661673,-0.0114342890765525,0.834064871254886,0.703664285561387,0.988630833958591,0.336
S100A16,Bacterial pneumoniae,Q96FQ6,J10_PNEUMOBACT,Weighted median,4,-0.196518723475784,0.0848274293785098,0.0205207107465482,,,0.0102020456758038,0.740273855160385,4.53369993705393,0.209303955341598,33.8288805688043,TRUE,1.37811131557237e-65,0.336,-0.362780485057663,-0.0302569618939049,0.821585948206636,0.695739141875207,0.970196198062507,0.336
SCLY,Bacterial pneumoniae,Q96I15,J10_PNEUMOBACT,Inverse variance weighted (multiplicative random effects),15,0.0978437792986268,0.0437769580124419,0.025413932488243,0.372457169513125,,-0.00350159094000772,0.65019563260249,18.9594717772127,0.166503631853283,26.1582803333871,TRUE,1.72855061120342e-290,0.181,0.0120409415942407,0.183646617003013,1.10279049294678,1.01211372556731,1.20159112618706,0.181
SCLY,Bacterial pneumoniae,Q96I15,J10_PNEUMOBACT,Contamination mixture,,0.175817197992047,0.048469387755102,0.00911096720195959,,,-0.00350159094000772,0.65019563260249,18.9594717772127,0.166503631853283,26.1582803333871,TRUE,1.72855061120342e-290,0.181,0.0808171979920466,0.270817197992047,1.19222009850157,1.08417268950638,1.31103538857657,0.181
SCLY,Bacterial pneumoniae,Q96I15,J10_PNEUMOBACT,MR-PRESSO (Outlier-corrected),,0.0978437792986268,0.0437769580124419,0.0422264688823478,,0.181,-0.00350159094000772,0.65019563260249,18.9594717772127,0.166503631853283,26.1582803333871,TRUE,1.72855061120342e-290,0.181,0.0120409415942407,0.183646617003013,1.10279049294678,1.01211372556731,1.20159112618706,0.181
SCLY,Bacterial pneumoniae,Q96I15,J10_PNEUMOBACT,Weighted median,15,0.157003121043537,0.0504950922321492,0.0018754715487431,,,-0.00350159094000772,0.65019563260249,18.9594717772127,0.166503631853283,26.1582803333871,TRUE,1.72855061120342e-290,0.181,0.0580327402685247,0.25597350181855,1.16999926551386,1.05974969163178,1.29171849929503,0.181
SCRG1,Bacterial pneumoniae,O75711,J10_PNEUMOBACT,Inverse variance weighted (multiplicative random effects),5,-0.180081643612344,0.0686249254936924,0.00868672094894187,0.209694437277913,,0.00180868164736261,0.889110926518687,1.84751373493227,0.763778929127797,0,TRUE,8.16785931287316e-36,0.824,-0.314586497579981,-0.0455767896447066,0.835202019717675,0.730090706134473,0.955446231378273,0.824
SCRG1,Bacterial pneumoniae,O75711,J10_PNEUMOBACT,Contamination mixture,,-0.225628252521265,0.122448979591837,0.0476587606405411,,,0.00180868164736261,0.889110926518687,1.84751373493227,0.763778929127797,0,TRUE,8.16785931287316e-36,0.824,-0.465628252521265,0.0143717474787353,0.798014706486341,0.627740601663004,1.01447551756475,0.824
SCRG1,Bacterial pneumoniae,O75711,J10_PNEUMOBACT,MR-PRESSO (Outlier-corrected),,-0.180081643612344,0.0686249254936924,0.0585444191128819,,0.824,0.00180868164736261,0.889110926518687,1.84751373493227,0.763778929127797,0,TRUE,8.16785931287316e-36,0.824,-0.314586497579981,-0.0455767896447066,0.835202019717675,0.730090706134473,0.955446231378273,0.824
SCRG1,Bacterial pneumoniae,O75711,J10_PNEUMOBACT,Weighted median,5,-0.220462593740484,0.11633718345342,0.058088266768212,,,0.00180868164736261,0.889110926518687,1.84751373493227,0.763778929127797,0,TRUE,8.16785931287316e-36,0.824,-0.448483473309187,0.00755828582821966,0.802147643643372,0.638595865328888,1.0075869217713,0.824
SDC1,Bacterial pneumoniae,P18827,J10_PNEUMOBACT,Inverse variance weighted (multiplicative random effects),24,0.0833881118449813,0.0382920008044429,0.0294291149355095,0.397627797228496,,0.00708101665896441,0.370137114372988,31.9624696997159,0.100926428076894,28.0406044461439,TRUE,0,0.111,0.00833579026827309,0.158440433421689,1.08696359013812,1.00837062970544,1.1716821290512,0.111
SDC1,Bacterial pneumoniae,P18827,J10_PNEUMOBACT,Contamination mixture,,0.0777926648124332,0.0433673469387755,0.0453969476544814,,,0.00708101665896441,0.370137114372988,31.9624696997159,0.100926428076894,28.0406044461439,TRUE,0,0.111,-0.00720733518756678,0.162792664812433,1.08089852713684,0.992818575366634,1.17679267386305,0.111
SDC1,Bacterial pneumoniae,P18827,J10_PNEUMOBACT,MR-PRESSO (Outlier-corrected),,0.0833881118449813,0.0382920008044429,0.0399390385949991,,0.111,0.00708101665896441,0.370137114372988,31.9624696997159,0.100926428076894,28.0406044461439,TRUE,0,0.111,0.00833579026827309,0.158440433421689,1.08696359013812,1.00837062970544,1.1716821290512,0.111
SDC1,Bacterial pneumoniae,P18827,J10_PNEUMOBACT,Weighted median,24,0.0654689353097714,0.0471672382641497,0.165131824951144,,,0.00708101665896441,0.370137114372988,31.9624696997159,0.100926428076894,28.0406044461439,TRUE,0,0.111,-0.026978851687962,0.157916722307505,1.06765957028452,0.973381826689268,1.17106866675045,0.111
SELL,Bacterial pneumoniae,P14151,J10_PNEUMOBACT,Inverse variance weighted (multiplicative random effects),32,0.0732165219376822,0.0205023238134112,0.00035544054901934,0.0335528461423674,,0.0059846077074128,0.153379251788547,36.0978634748748,0.242371368959345,14.1223412804558,TRUE,0,0.255,0.0330319672633961,0.113401076611968,1.07596348139286,1.03358357955173,1.12008108119631,0.255
SELL,Bacterial pneumoniae,P14151,J10_PNEUMOBACT,Contamination mixture,,0.0582373547211923,0.0229591836734694,0.00669555191707367,,,0.0059846077074128,0.153379251788547,36.0978634748748,0.242371368959345,14.1223412804558,TRUE,0,0.255,0.0132373547211923,0.103237354721192,1.05996655392072,1.01332535637552,1.10875454597251,0.255
SELL,Bacterial pneumoniae,P14151,J10_PNEUMOBACT,MR-PRESSO (Outlier-corrected),,0.0732165219376822,0.0205023238134112,0.0011835711228481,,0.255,0.0059846077074128,0.153379251788547,36.0978634748748,0.242371368959345,14.1223412804558,TRUE,0,0.255,0.0330319672633961,0.113401076611968,1.07596348139286,1.03358357955173,1.12008108119631,0.255
SELL,Bacterial pneumoniae,P14151,J10_PNEUMOBACT,Weighted median,32,0.0536384128295367,0.0286933951705841,0.0615721272543686,,,0.0059846077074128,0.153379251788547,36.0978634748748,0.242371368959345,14.1223412804558,TRUE,0,0.255,-0.00260064170480812,0.109877467363882,1.05510302145582,0.997402737034232,1.11614129834395,0.255
SEMA4D,Bacterial pneumoniae,Q92854,J10_PNEUMOBACT,Inverse variance weighted (multiplicative random effects),10,0.113092107326739,0.0439894774012245,0.0101437542283759,0.221329965374569,,-0.000283347194444594,0.982311295315748,7.20649018358879,0.615630445962472,0,TRUE,5.2379325632709e-141,0.65,0.0268727316203388,0.199311483033139,1.11973506400235,1.02723705964782,1.22056209107779,0.65
SEMA4D,Bacterial pneumoniae,Q92854,J10_PNEUMOBACT,Contamination mixture,,0.142381516830583,0.0790816326530612,0.0652497818401517,,,-0.000283347194444594,0.982311295315748,7.20649018358879,0.615630445962472,0,TRUE,5.2379325632709e-141,0.65,-0.0126184831694167,0.297381516830583,1.15301645981933,0.987460796077697,1.34632884859329,0.65
SEMA4D,Bacterial pneumoniae,Q92854,J10_PNEUMOBACT,MR-PRESSO (Outlier-corrected),,0.113092107326739,0.0439894774012245,0.0301437530199442,,0.65,-0.000283347194444594,0.982311295315748,7.20649018358879,0.615630445962472,0,TRUE,5.2379325632709e-141,0.65,0.0268727316203388,0.199311483033139,1.11973506400235,1.02723705964782,1.22056209107779,0.65
SEMA4D,Bacterial pneumoniae,Q92854,J10_PNEUMOBACT,Weighted median,10,0.130888581851859,0.0617002321934681,0.0338912770837655,,,-0.000283347194444594,0.982311295315748,7.20649018358879,0.615630445962472,0,TRUE,5.2379325632709e-141,0.65,0.00995612675266151,0.251821036951056,1.13984077528838,1.01000585387545,1.28636580473742,0.65
SEPTIN9,Bacterial pneumoniae,Q9UHD8,J10_PNEUMOBACT,Inverse variance weighted (multiplicative random effects),4,-0.10958281319878,0.0418721019344154,0.00886844819810432,0.210096855261188,,-0.0100395846335801,0.744778420664135,0.354903869212978,0.94939233132767,0,TRUE,1.33247274372284e-38,0.927,-0.191652132990234,-0.0275134934073254,0.896207943442347,0.825594015465748,0.972861555247652,0.927
SEPTIN9,Bacterial pneumoniae,Q9UHD8,J10_PNEUMOBACT,Contamination mixture,,-0.110449330612829,0.262755102040816,0.368058121880358,,,-0.0100395846335801,0.744778420664135,0.354903869212978,0.94939233132767,0,TRUE,1.33247274372284e-38,0.927,-0.625449330612829,0.404550669387171,0.895431700015539,0.535020973199304,1.49862896887602,0.927
SEPTIN9,Bacterial pneumoniae,Q9UHD8,J10_PNEUMOBACT,MR-PRESSO (Outlier-corrected),,-0.10958281319878,0.0418721019344154,0.0792000015309307,,0.927,-0.0100395846335801,0.744778420664135,0.354903869212978,0.94939233132767,0,TRUE,1.33247274372284e-38,0.927,-0.191652132990234,-0.0275134934073254,0.896207943442347,0.825594015465748,0.972861555247652,0.927
SEPTIN9,Bacterial pneumoniae,Q9UHD8,J10_PNEUMOBACT,Weighted median,4,-0.103286501362535,0.144546364962904,0.474883317215205,,,-0.0100395846335801,0.744778420664135,0.354903869212978,0.94939233132767,0,TRUE,1.33247274372284e-38,0.927,-0.386597376689828,0.180024373964757,0.901868549895556,0.679364567880784,1.19724654441126,0.927
SERPINA5,Bacterial pneumoniae,P05154,J10_PNEUMOBACT,Inverse variance weighted (multiplicative random effects),18,0.0614304121918624,0.0249129985586315,0.0136708556210403,0.277555995315249,,0.00756741241992956,0.27893133321418,18.3471776899159,0.367261922642335,7.34269713132148,TRUE,0,0.373,0.0126009350169446,0.11025988936678,1.06335649730619,1.01268066132198,1.11656821696112,0.373
SERPINA5,Bacterial pneumoniae,P05154,J10_PNEUMOBACT,Contamination mixture,,0.049340852857698,0.0459183673469388,0.217313446534805,,,0.00756741241992956,0.27893133321418,18.3471776899159,0.367261922642335,7.34269713132148,TRUE,0,0.373,-0.040659147142302,0.139340852857698,1.05057838236237,0.960156346212775,1.14951584899753,0.373
SERPINA5,Bacterial pneumoniae,P05154,J10_PNEUMOBACT,MR-PRESSO (Outlier-corrected),,0.0614304121918624,0.0249129985586315,0.0246084268748903,,0.373,0.00756741241992956,0.27893133321418,18.3471776899159,0.367261922642335,7.34269713132148,TRUE,0,0.373,0.0126009350169446,0.11025988936678,1.06335649730619,1.01268066132198,1.11656821696112,0.373
SERPINA5,Bacterial pneumoniae,P05154,J10_PNEUMOBACT,Weighted median,18,0.0506483220617971,0.0350050885507257,0.147929258861967,,,0.00756741241992956,0.27893133321418,18.3471776899159,0.367261922642335,7.34269713132148,TRUE,0,0.373,-0.0179616514976253,0.119258295621219,1.05195287960441,0.982198697485179,1.12666089228316,0.373
SETMAR,Bacterial pneumoniae,Q53H47,J10_PNEUMOBACT,Inverse variance weighted (multiplicative random effects),9,0.113535356912857,0.0401345634332948,0.00467130534166185,0.143577760015246,,-0.000388252116272047,0.966072424753945,10.0138778037809,0.264053226046495,20.1108685690226,TRUE,5.04380457347738e-286,0.399,0.034871612583599,0.192199101242115,1.12023149611957,1.0354867567957,1.21191178608756,0.399
SETMAR,Bacterial pneumoniae,Q53H47,J10_PNEUMOBACT,Contamination mixture,,0.103346519823789,0.038265306122449,0.0253700261012591,,,-0.000388252116272047,0.966072424753945,10.0138778037809,0.264053226046495,20.1108685690226,TRUE,5.04380457347738e-286,0.399,0.0283465198237886,0.178346519823789,1.10887558988304,1.02875210566272,1.19523942363778,0.399
SETMAR,Bacterial pneumoniae,Q53H47,J10_PNEUMOBACT,MR-PRESSO (Outlier-corrected),,0.113535356912857,0.0401345634332948,0.0221888619577194,,0.399,-0.000388252116272047,0.966072424753945,10.0138778037809,0.264053226046495,20.1108685690226,TRUE,5.04380457347738e-286,0.399,0.034871612583599,0.192199101242115,1.12023149611957,1.0354867567957,1.21191178608756,0.399
SETMAR,Bacterial pneumoniae,Q53H47,J10_PNEUMOBACT,Weighted median,9,0.106034727482233,0.0416681560783784,0.0109358350129688,,,-0.000388252116272047,0.966072424753945,10.0138778037809,0.264053226046495,20.1108685690226,TRUE,5.04380457347738e-286,0.399,0.024365141568611,0.187704313395854,1.11186048795143,1.0246643971558,1.20647672359755,0.399
SH2B3,Bacterial pneumoniae,Q9UQQ2,J10_PNEUMOBACT,Inverse variance weighted (multiplicative random effects),9,0.134757720871997,0.0618955656617158,0.0294672204001235,0.397627797228496,,-0.000156038714284618,0.99183301331911,7.41926665185442,0.492144413027981,0,TRUE,5.95142549863351e-84,0.525,0.0134424121750337,0.256073029568959,1.1442595205662,1.0135331675989,1.29184706752938,0.525
SH2B3,Bacterial pneumoniae,Q9UQQ2,J10_PNEUMOBACT,Contamination mixture,,0.292333981926727,0.173469387755102,0.282766403190778,,,-0.000156038714284618,0.99183301331911,7.41926665185442,0.492144413027981,0,TRUE,5.95142549863351e-84,0.525,-0.0476660180732733,0.632333981926727,1.33955032853793,0.953452169700203,1.88199800651804,0.525
SH2B3,Bacterial pneumoniae,Q9UQQ2,J10_PNEUMOBACT,MR-PRESSO (Outlier-corrected),,0.134757720871997,0.0618955656617158,0.0611306842137121,,0.525,-0.000156038714284618,0.99183301331911,7.41926665185442,0.492144413027981,0,TRUE,5.95142549863351e-84,0.525,0.0134424121750337,0.256073029568959,1.1442595205662,1.0135331675989,1.29184706752938,0.525
SH2B3,Bacterial pneumoniae,Q9UQQ2,J10_PNEUMOBACT,Weighted median,9,0.0932061256159324,0.0902345057831723,0.301635633590411,,,-0.000156038714284618,0.99183301331911,7.41926665185442,0.492144413027981,0,TRUE,5.95142549863351e-84,0.525,-0.0836535057190854,0.27006575695095,1.09768797356018,0.919749888966102,1.31005059283357,0.525
SH2D1A,Bacterial pneumoniae,O60880,J10_PNEUMOBACT,Inverse variance weighted (multiplicative random effects),7,0.159386043471826,0.0461736529925683,0.000556689255989881,0.0424811490864002,,0.0100487515608314,0.453295211865761,3.33644705809883,0.765587029535145,0,TRUE,1.73613881400084e-75,0.744,0.0688856836063916,0.249886403337259,1.17279060745955,1.07131373342556,1.28387956396988,0.744
SH2D1A,Bacterial pneumoniae,O60880,J10_PNEUMOBACT,Contamination mixture,,0.160418712825541,0.125,0.060314947281589,,,0.0100487515608314,0.453295211865761,3.33644705809883,0.765587029535145,0,TRUE,1.73613881400084e-75,0.744,-0.0845812871744586,0.405418712825542,1.17400233792898,0.918896957803577,1.49993040869043,0.744
SH2D1A,Bacterial pneumoniae,O60880,J10_PNEUMOBACT,MR-PRESSO (Outlier-corrected),,0.159386043471826,0.0461736529925683,0.0136016188929334,,0.744,0.0100487515608314,0.453295211865761,3.33644705809883,0.765587029535145,0,TRUE,1.73613881400084e-75,0.744,0.0688856836063916,0.249886403337259,1.17279060745955,1.07131373342556,1.28387956396988,0.744
SH2D1A,Bacterial pneumoniae,O60880,J10_PNEUMOBACT,Weighted median,7,0.105567884980039,0.0815522842883672,0.195499317582657,,,0.0100487515608314,0.453295211865761,3.33644705809883,0.765587029535145,0,TRUE,1.73613881400084e-75,0.744,-0.0542745922251611,0.265410362185238,1.1113415453608,0.947171984726828,1.30396596432392,0.744
SH3BP1,Bacterial pneumoniae,Q9Y3L3,J10_PNEUMOBACT,Inverse variance weighted (multiplicative random effects),9,-0.0647221162880785,0.0279094679326837,0.0203949194657702,0.336820572968279,,-0.00527776783912591,0.592975698641299,4.71527938379676,0.78752871851902,0,TRUE,3.56018244366887e-308,0.831,-0.119424673436139,-0.0100195591400183,0.937327895345673,0.887430852418209,0.99003046941522,0.831
SH3BP1,Bacterial pneumoniae,Q9Y3L3,J10_PNEUMOBACT,Contamination mixture,,-0.0720469533421583,0.0433673469387755,0.0569880924909084,,,-0.00527776783912591,0.592975698641299,4.71527938379676,0.78752871851902,0,TRUE,3.56018244366887e-308,0.831,-0.157046953342158,0.0129530466578418,0.930487205301382,0.8546639285477,1.01303730075611,0.831
SH3BP1,Bacterial pneumoniae,Q9Y3L3,J10_PNEUMOBACT,MR-PRESSO (Outlier-corrected),,-0.0647221162880785,0.0279094679326837,0.0489956905591591,,0.831,-0.00527776783912591,0.592975698641299,4.71527938379676,0.78752871851902,0,TRUE,3.56018244366887e-308,0.831,-0.119424673436139,-0.0100195591400183,0.937327895345673,0.887430852418209,0.99003046941522,0.831
SH3BP1,Bacterial pneumoniae,Q9Y3L3,J10_PNEUMOBACT,Weighted median,9,-0.0677580491636063,0.0432241179521639,0.116974934273924,,,-0.00527776783912591,0.592975698641299,4.71527938379676,0.78752871851902,0,TRUE,3.56018244366887e-308,0.831,-0.152477320349848,0.016961222022635,0.934486546028312,0.858578365992554,1.0171058802517,0.831
SHISA5,Bacterial pneumoniae,Q8N114,J10_PNEUMOBACT,Inverse variance weighted (multiplicative random effects),11,0.131660349545372,0.0656719372707498,0.0449823974061879,0.458737536681538,,0.013147521952049,0.213908283996688,11.506256521553,0.319458154245917,13.0907608285243,TRUE,9.41741710151523e-151,0.337,0.00294335249470265,0.260377346596042,1.14072080712088,1.00294768840966,1.29741957116613,0.337
SHISA5,Bacterial pneumoniae,Q8N114,J10_PNEUMOBACT,Contamination mixture,,0.262358729497066,0.147959183673469,0.101739259666433,,,0.013147521952049,0.213908283996688,11.506256521553,0.319458154245917,13.0907608285243,TRUE,9.41741710151523e-151,0.337,-0.0276412705029337,0.552358729497066,1.29999280455836,0.972737253765304,1.73734611824712,0.337
SHISA5,Bacterial pneumoniae,Q8N114,J10_PNEUMOBACT,MR-PRESSO (Outlier-corrected),,0.131660349545372,0.0656719372707498,0.0728009348206473,,0.337,0.013147521952049,0.213908283996688,11.506256521553,0.319458154245917,13.0907608285243,TRUE,9.41741710151523e-151,0.337,0.00294335249470265,0.260377346596042,1.14072080712088,1.00294768840966,1.29741957116613,0.337
SHISA5,Bacterial pneumoniae,Q8N114,J10_PNEUMOBACT,Weighted median,11,0.134906038037495,0.0856735516206377,0.115336769725303,,,0.013147521952049,0.213908283996688,11.506256521553,0.319458154245917,13.0907608285243,TRUE,9.41741710151523e-151,0.337,-0.0330141231389548,0.302826199213945,1.14442924648121,0.967524895004004,1.35367917349159,0.337
SIGLEC5,Bacterial pneumoniae,O15389,J10_PNEUMOBACT,Inverse variance weighted (multiplicative random effects),30,0.0374636731117049,0.0125099702193896,0.00274710188856414,0.106655025954253,,0.00243943212029866,0.590931335075629,28.0788003642762,0.513702627961845,0,TRUE,0,0.575,0.0129441314817012,0.0619832147417086,1.03817428275561,1.0130282693904,1.06394448599515,0.575
SIGLEC5,Bacterial pneumoniae,O15389,J10_PNEUMOBACT,Contamination mixture,,0.030740190226809,0.010204081632653,0.0191868411739178,,,0.00243943212029866,0.590931335075629,28.0788003642762,0.513702627961845,0,TRUE,0,0.575,0.010740190226809,0.0507401902268089,1.03121754868191,1.01079807310865,1.05204952502439,0.575
SIGLEC5,Bacterial pneumoniae,O15389,J10_PNEUMOBACT,MR-PRESSO (Outlier-corrected),,0.0374636731117049,0.0125099702193896,0.00557230367681338,,0.575,0.00243943212029866,0.590931335075629,28.0788003642762,0.513702627961845,0,TRUE,0,0.575,0.0129441314817012,0.0619832147417086,1.03817428275561,1.0130282693904,1.06394448599515,0.575
SIGLEC5,Bacterial pneumoniae,O15389,J10_PNEUMOBACT,Weighted median,30,0.0380335010570066,0.0185563861315901,0.0404017328973872,,,0.00243943212029866,0.590931335075629,28.0788003642762,0.513702627961845,0,TRUE,0,0.575,0.00166298423908999,0.0744040178749233,1.03876603205565,1.0016643677642,1.07724194258914,0.575
SIL1,Bacterial pneumoniae,Q9H173,J10_PNEUMOBACT,Inverse variance weighted (multiplicative random effects),5,0.103293673800256,0.0256625082823233,5.6955714077586e-05,0.00787768720335612,,0.0021294536089755,0.842838200696503,1.08949418226857,0.895935469504793,0,TRUE,5.73971882437488e-120,0.853,0.0529951575669025,0.15359219003361,1.10881699176587,1.05442453912671,1.16601527715487,0.853
SIL1,Bacterial pneumoniae,Q9H173,J10_PNEUMOBACT,Contamination mixture,,0.131207587010339,0.0688775510204082,0.0648839826382155,,,0.0021294536089755,0.842838200696503,1.08949418226857,0.895935469504793,0,TRUE,5.73971882437488e-120,0.853,-0.00379241298966065,0.266207587010339,1.14020444837925,0.996214769126429,1.30500593285105,0.853
SIL1,Bacterial pneumoniae,Q9H173,J10_PNEUMOBACT,MR-PRESSO (Outlier-corrected),,0.103293673800256,0.0256625082823233,0.0157977729224529,,0.853,0.0021294536089755,0.842838200696503,1.08949418226857,0.895935469504793,0,TRUE,5.73971882437488e-120,0.853,0.0529951575669025,0.15359219003361,1.10881699176587,1.05442453912671,1.16601527715487,0.853
SIL1,Bacterial pneumoniae,Q9H173,J10_PNEUMOBACT,Weighted median,5,0.125474015002493,0.0600669049742892,0.0367163403282396,,,0.0021294536089755,0.842838200696503,1.08949418226857,0.895935469504793,0,TRUE,5.73971882437488e-120,0.853,0.00774288125288654,0.2432051487521,1.13368570975744,1.00777293487507,1.27533022968865,0.853
SIRPA,Bacterial pneumoniae,P78324,J10_PNEUMOBACT,Inverse variance weighted (multiplicative random effects),45,-0.024717034718557,0.0118159458812064,0.0364530846458396,0.418494471606025,,0.00121997908983487,0.757511810551351,55.1961614707797,0.120032045358343,20.284311757271,TRUE,0,0.156,-0.0478762886457215,-0.00155778079139247,0.975585929921983,0.953251707843031,0.99844343191931,0.156
SIRPA,Bacterial pneumoniae,P78324,J10_PNEUMOBACT,Contamination mixture,,-0.0208986449302295,0.0102040816326531,0.122155131132061,,,0.00121997908983487,0.757511810551351,55.1961614707797,0.120032045358343,20.284311757271,TRUE,0,0.156,-0.0408986449302295,-0.000898644930229509,0.979318218405789,0.959926418426489,0.999101758730201,0.156
SIRPA,Bacterial pneumoniae,P78324,J10_PNEUMOBACT,MR-PRESSO (Outlier-corrected),,-0.024717034718557,0.0118159458812064,0.0422573027359874,,0.156,0.00121997908983487,0.757511810551351,55.1961614707797,0.120032045358343,20.284311757271,TRUE,0,0.156,-0.0478762886457215,-0.00155778079139247,0.975585929921983,0.953251707843031,0.99844343191931,0.156
SIRPA,Bacterial pneumoniae,P78324,J10_PNEUMOBACT,Weighted median,45,-0.0302160143855223,0.0132950361127953,0.0230425147740186,,,0.00121997908983487,0.757511810551351,55.1961614707797,0.120032045358343,20.284311757271,TRUE,0,0.156,-0.0562742851666012,-0.00415774360444349,0.970235925992835,0.945279824095296,0.995850887844902,0.156
SIRT1,Bacterial pneumoniae,Q96EB6,J10_PNEUMOBACT,Inverse variance weighted (multiplicative random effects),3,-0.197557978702093,0.0569332942165261,0.000520477160284295,0.0411362841324695,,0.00980022517816909,0.70384425887981,0.76471750666676,0.682250249744692,0,TRUE,6.66670091603045e-30,,-0.309147235366484,-0.0859687220377023,0.820732554239979,0.734072680609011,0.917622932146771,
SIRT1,Bacterial pneumoniae,Q96EB6,J10_PNEUMOBACT,Contamination mixture,,-0.231018838855848,0.232142857142857,0.0720808546370247,,,0.00980022517816909,0.70384425887981,0.76471750666676,0.682250249744692,0,TRUE,6.66670091603045e-30,,-0.686018838855848,0.223981161144152,0.79372451303271,0.5035769044043,1.25104745090377,
SIRT1,Bacterial pneumoniae,Q96EB6,J10_PNEUMOBACT,Weighted median,3,-0.218728303789626,0.102210711237873,0.0323568369844749,,,0.00980022517816909,0.70384425887981,0.76471750666676,0.682250249744692,0,TRUE,6.66670091603045e-30,,-0.419061297815858,-0.0183953097633943,0.80354000727298,0.657663880672777,0.981772851243931,
SLC4A1,Bacterial pneumoniae,P02730,J10_PNEUMOBACT,Inverse variance weighted (multiplicative random effects),3,-0.156148506423564,0.0115581955307982,1.36957768466316e-41,1.51543770807979e-38,,0.00233353901361242,0.93809184901701,0.0150094780251873,0.992523351227332,0,TRUE,6.76554252824896e-28,,-0.178802569663929,-0.1334944431832,0.855432143769361,0.836270988361993,0.875032331358467,
SLC4A1,Bacterial pneumoniae,P02730,J10_PNEUMOBACT,Contamination mixture,,-0.153133947321465,0.237244897959184,0.241948080602541,,,0.00233353901361242,0.93809184901701,0.0150094780251873,0.992523351227332,0,TRUE,6.76554252824896e-28,,-0.618133947321465,0.311866052678535,0.858014785331576,0.538949207438517,1.36597171252279,
SLC4A1,Bacterial pneumoniae,P02730,J10_PNEUMOBACT,Weighted median,3,-0.149561863964917,0.147347589921161,0.31009269258827,,,0.00233353901361242,0.93809184901701,0.0150094780251873,0.992523351227332,0,TRUE,6.76554252824896e-28,,-0.438363140210393,0.139239412280559,0.861085166229402,0.645091481661404,1.14939924736055,
SLC51B,Bacterial pneumoniae,Q86UW2,J10_PNEUMOBACT,Inverse variance weighted (multiplicative random effects),21,-0.0460411363682801,0.0191423160537252,0.0161635297261207,0.303134671897502,,0.0051207770692841,0.289084107337617,16.6328252185462,0.676670901570272,0,TRUE,0,0.627,-0.0835600758335815,-0.00852219690297873,0.955002676040885,0.919835825107359,0.991514014078332,0.627
SLC51B,Bacterial pneumoniae,Q86UW2,J10_PNEUMOBACT,Contamination mixture,,-0.0696635456415928,0.0357142857142857,0.163552449870633,,,0.0051207770692841,0.289084107337617,16.6328252185462,0.676670901570272,0,TRUE,0,0.627,-0.139663545641593,0.000336454358407179,0.932707580650533,0.869650783977986,1.00033651096552,0.627
SLC51B,Bacterial pneumoniae,Q86UW2,J10_PNEUMOBACT,MR-PRESSO (Outlier-corrected),,-0.0460411363682801,0.0191423160537252,0.0259628804468903,,0.627,0.0051207770692841,0.289084107337617,16.6328252185462,0.676670901570272,0,TRUE,0,0.627,-0.0835600758335815,-0.00852219690297873,0.955002676040885,0.919835825107359,0.991514014078332,0.627
SLC51B,Bacterial pneumoniae,Q86UW2,J10_PNEUMOBACT,Weighted median,21,-0.0567340351758891,0.0319338117669176,0.0756318834304921,,,0.0051207770692841,0.289084107337617,16.6328252185462,0.676670901570272,0,TRUE,0,0.627,-0.119324306239048,0.00585623588726944,0.944845331574012,0.887519925835428,1.00587341715947,0.627
SMAD1,Bacterial pneumoniae,Q15797,J10_PNEUMOBACT,Inverse variance weighted (multiplicative random effects),6,0.133995840109981,0.0675244127186794,0.0472106135912975,0.472747003970775,,-0.00410067757221523,0.852727572945539,3.48288661248912,0.625978669317765,0,TRUE,2.35239357690279e-52,0.67,0.00164799118136927,0.266343689038592,1.14338806326616,1.0016493498651,1.30518355889275,0.67
SMAD1,Bacterial pneumoniae,Q15797,J10_PNEUMOBACT,Contamination mixture,,0.200724443574014,0.191326530612245,0.214948037653941,,,-0.00410067757221523,0.852727572945539,3.48288661248912,0.625978669317765,0,TRUE,2.35239357690279e-52,0.67,-0.174275556425986,0.575724443574014,1.22228791612439,0.840065380348052,1.77841842415256,0.67
SMAD1,Bacterial pneumoniae,Q15797,J10_PNEUMOBACT,MR-PRESSO (Outlier-corrected),,0.133995840109981,0.0675244127186794,0.103990779376369,,0.67,-0.00410067757221523,0.852727572945539,3.48288661248912,0.625978669317765,0,TRUE,2.35239357690279e-52,0.67,0.00164799118136927,0.266343689038592,1.14338806326616,1.0016493498651,1.30518355889275,0.67
SMAD1,Bacterial pneumoniae,Q15797,J10_PNEUMOBACT,Weighted median,6,0.110767548489062,0.103667404797759,0.285299699151641,,,-0.00410067757221523,0.852727572945539,3.48288661248912,0.625978669317765,0,TRUE,2.35239357690279e-52,0.67,-0.0924205649145449,0.313955661892669,1.1171351969062,0.911721630773739,1.36882904391282,0.67
SMOC2,Bacterial pneumoniae,Q9H3U7,J10_PNEUMOBACT,Inverse variance weighted (multiplicative random effects),26,-0.06292953122955,0.0250940399392512,0.0121503247263522,0.253666685088844,,0.00400318693649554,0.495589166301793,32.5783914345203,0.14194906476674,23.2620184755046,TRUE,0,0.131,-0.112113849510482,-0.0137452129486176,0.939009642212626,0.893942476793243,0.98634882115823,0.131
SMOC2,Bacterial pneumoniae,Q9H3U7,J10_PNEUMOBACT,Contamination mixture,,-0.0910210079187166,0.0280612244897959,0.00797030789791314,,,0.00400318693649554,0.495589166301793,32.5783914345203,0.14194906476674,23.2620184755046,TRUE,0,0.131,-0.146021007918717,-0.0360210079187166,0.912998530498879,0.864139549220545,0.964620028611109,0.131
SMOC2,Bacterial pneumoniae,Q9H3U7,J10_PNEUMOBACT,MR-PRESSO (Outlier-corrected),,-0.06292953122955,0.0250940399392512,0.0190093425342198,,0.131,0.00400318693649554,0.495589166301793,32.5783914345203,0.14194906476674,23.2620184755046,TRUE,0,0.131,-0.112113849510482,-0.0137452129486176,0.939009642212626,0.893942476793243,0.98634882115823,0.131
SMOC2,Bacterial pneumoniae,Q9H3U7,J10_PNEUMOBACT,Weighted median,26,-0.0993450845423083,0.0335911470411096,0.00310166696712787,,,0.00400318693649554,0.495589166301793,32.5783914345203,0.14194906476674,23.2620184755046,TRUE,0,0.131,-0.165183732742883,-0.0335064363417335,0.905430204138932,0.847737932562593,0.96704868695555,0.131
SNAP25,Bacterial pneumoniae,P60880,J10_PNEUMOBACT,Inverse variance weighted (multiplicative random effects),22,-0.0767670871327293,0.0261248988224809,0.00329842455633284,0.117881361478952,,0.00541143668844611,0.272389427612432,32.3144051833215,0.0543940578717355,35.013502860827,TRUE,0,0.116,-0.127971888824792,-0.0255622854406668,0.926105530383049,0.879878113204793,0.974761663615156,0.116
SNAP25,Bacterial pneumoniae,P60880,J10_PNEUMOBACT,Contamination mixture,,-0.0855143901031983,0.0204081632653061,0.00146611023389234,,,0.00541143668844611,0.272389427612432,32.3144051833215,0.0543940578717355,35.013502860827,TRUE,0,0.116,-0.125514390103198,-0.0455143901031984,0.918039932269741,0.882043071644882,0.955505852645197,0.116
SNAP25,Bacterial pneumoniae,P60880,J10_PNEUMOBACT,MR-PRESSO (Outlier-corrected),,-0.0767670871327293,0.0261248988224809,0.00784894413455105,,0.116,0.00541143668844611,0.272389427612432,32.3144051833215,0.0543940578717355,35.013502860827,TRUE,0,0.116,-0.127971888824792,-0.0255622854406668,0.926105530383049,0.879878113204793,0.974761663615156,0.116
SNAP25,Bacterial pneumoniae,P60880,J10_PNEUMOBACT,Weighted median,22,-0.0791268162373964,0.0264513684684628,0.00277694852500484,,,0.00541143668844611,0.272389427612432,32.3144051833215,0.0543940578717355,35.013502860827,TRUE,0,0.116,-0.130971498435584,-0.0272821340392093,0.923922748608721,0.87724277682625,0.973086661921603,0.116
SNX5,Bacterial pneumoniae,Q9Y5X3,J10_PNEUMOBACT,Inverse variance weighted (multiplicative random effects),5,0.141092254743962,0.0399838272648379,0.000417554027261049,0.0342239652714334,,-0.00438887258038093,0.6949844128009,1.70115557278584,0.79050770206738,0,TRUE,3.15720544120023e-90,0.857,0.0627239533048795,0.219460556183044,1.15153087727084,1.06473288266686,1.24540472347095,0.857
SNX5,Bacterial pneumoniae,Q9Y5X3,J10_PNEUMOBACT,Contamination mixture,,0.157277471641089,0.142857142857143,0.0707477498257414,,,-0.00438887258038093,0.6949844128009,1.70115557278584,0.79050770206738,0,TRUE,3.15720544120023e-90,0.857,-0.122722528358911,0.437277471641089,1.17032029954742,0.884509054693532,1.54848567831487,0.857
SNX5,Bacterial pneumoniae,Q9Y5X3,J10_PNEUMOBACT,MR-PRESSO (Outlier-corrected),,0.141092254743962,0.0399838272648379,0.0242582413660275,,0.857,-0.00438887258038093,0.6949844128009,1.70115557278584,0.79050770206738,0,TRUE,3.15720544120023e-90,0.857,0.0627239533048795,0.219460556183044,1.15153087727084,1.06473288266686,1.24540472347095,0.857
SNX5,Bacterial pneumoniae,Q9Y5X3,J10_PNEUMOBACT,Weighted median,5,0.142145443624183,0.0656207562267269,0.0302985128652375,,,-0.00438887258038093,0.6949844128009,1.70115557278584,0.79050770206738,0,TRUE,3.15720544120023e-90,0.857,0.0135287614197983,0.270762125828568,1.15274429565322,1.01362068920113,1.31096318900943,0.857
SPARC,Bacterial pneumoniae,P09486,J10_PNEUMOBACT,Inverse variance weighted (multiplicative random effects),28,-0.0725755611226067,0.029986686894017,0.0155094385966152,0.296672244902883,,-0.00705439775752477,0.34999101686612,23.5400113900136,0.655690807093744,0,TRUE,0,0.685,-0.13134946743488,-0.0138016548103333,0.929995472503393,0.876911268905558,0.986293151365531,0.685
SPARC,Bacterial pneumoniae,P09486,J10_PNEUMOBACT,Contamination mixture,,-0.12087874295879,0.0459183673469388,0.00447011347772074,,,-0.00705439775752477,0.34999101686612,23.5400113900136,0.655690807093744,0,TRUE,0,0.685,-0.21087874295879,-0.0308787429587904,0.886141403963289,0.809872263642079,0.969593135943061,0.685
SPARC,Bacterial pneumoniae,P09486,J10_PNEUMOBACT,MR-PRESSO (Outlier-corrected),,-0.0725755611226067,0.029986686894017,0.0225123146730634,,0.685,-0.00705439775752477,0.34999101686612,23.5400113900136,0.655690807093744,0,TRUE,0,0.685,-0.13134946743488,-0.0138016548103333,0.929995472503393,0.876911268905558,0.986293151365531,0.685
SPARC,Bacterial pneumoniae,P09486,J10_PNEUMOBACT,Weighted median,28,-0.036400257256954,0.0462559964576605,0.431322516024018,,,-0.00705439775752477,0.34999101686612,23.5400113900136,0.655690807093744,0,TRUE,0,0.685,-0.127062010313969,0.0542614958000607,0.964254266465517,0.880679059718895,1.05576064303576,0.685
SSNA1,Bacterial pneumoniae,O43805,J10_PNEUMOBACT,Inverse variance weighted (multiplicative random effects),9,0.151960534888399,0.0423718592861654,0.00033533221840409,0.0335528461423674,,-0.00288014185465352,0.823990994053931,3.70528700878286,0.882686829377041,0,TRUE,2.60341006841403e-90,0.899,0.0689116906875153,0.235009379089284,1.16411429362504,1.07134159553104,1.26492063248081,0.899
SSNA1,Bacterial pneumoniae,O43805,J10_PNEUMOBACT,Contamination mixture,,0.196145540556442,0.0816326530612245,0.0224044064246208,,,-0.00288014185465352,0.823990994053931,3.70528700878286,0.882686829377041,0,TRUE,2.60341006841403e-90,0.899,0.0361455405564418,0.356145540556442,1.21670397222194,1.03680673293944,1.42781533818136,0.899
SSNA1,Bacterial pneumoniae,O43805,J10_PNEUMOBACT,MR-PRESSO (Outlier-corrected),,0.151960534888399,0.0423718592861654,0.0071221301294547,,0.899,-0.00288014185465352,0.823990994053931,3.70528700878286,0.882686829377041,0,TRUE,2.60341006841403e-90,0.899,0.0689116906875153,0.235009379089284,1.16411429362504,1.07134159553104,1.26492063248081,0.899
SSNA1,Bacterial pneumoniae,O43805,J10_PNEUMOBACT,Weighted median,9,0.161923904937568,0.0787268310227752,0.0397072296550697,,,-0.00288014185465352,0.823990994053931,3.70528700878286,0.882686829377041,0,TRUE,2.60341006841403e-90,0.899,0.00761931613292896,0.316228493742208,1.17577076756682,1.00764841698467,1.37194370036479,0.899
STAU1,Bacterial pneumoniae,O95793,J10_PNEUMOBACT,Inverse variance weighted (multiplicative random effects),3,-0.139113940979118,0.0474209798888246,0.00335061292554027,0.117881361478952,,-0.000318402342080666,0.989144275576225,0.600293260229955,0.740709602384393,0,TRUE,1.07448347668187e-46,,-0.232059061561214,-0.0461688203970215,0.870128879473307,0.79289929205366,0.954880745236223,
STAU1,Bacterial pneumoniae,O95793,J10_PNEUMOBACT,Weighted median,3,-0.134637869924471,0.0941184762987882,0.152569331448836,,,-0.000318402342080666,0.989144275576225,0.600293260229955,0.740709602384393,0,TRUE,1.07448347668187e-46,,-0.319110083470096,0.049834343621154,0.874032367792803,0.726795536727655,1.05109696103673,
SULT2A1,Bacterial pneumoniae,Q06520,J10_PNEUMOBACT,Inverse variance weighted (multiplicative random effects),10,-0.0463503624024234,0.0197386460795399,0.0188641998337238,0.326144329937741,,0.00240557340745886,0.686866140765555,3.38314030788859,0.94715198586189,0,TRUE,0,0.966,-0.0850381087183216,-0.00766261608652525,0.954707410005102,0.918477281742494,0.992366666913588,0.966
SULT2A1,Bacterial pneumoniae,Q06520,J10_PNEUMOBACT,Contamination mixture,,-0.0540907568076567,0.0357142857142857,0.183567688264824,,,0.00240557340745886,0.686866140765555,3.38314030788859,0.94715198586189,0,TRUE,0,0.966,-0.124090756807657,0.0159092431923432,0.947346124490126,0.883299671786445,1.01603646899514,0.966
SULT2A1,Bacterial pneumoniae,Q06520,J10_PNEUMOBACT,MR-PRESSO (Outlier-corrected),,-0.0463503624024234,0.0197386460795399,0.0434327004135284,,0.966,0.00240557340745886,0.686866140765555,3.38314030788859,0.94715198586189,0,TRUE,0,0.966,-0.0850381087183216,-0.00766261608652525,0.954707410005102,0.918477281742494,0.992366666913588,0.966
SULT2A1,Bacterial pneumoniae,Q06520,J10_PNEUMOBACT,Weighted median,10,-0.0525621187885466,0.037957705172915,0.166127421186976,,,0.00240557340745886,0.686866140765555,3.38314030788859,0.94715198586189,0,TRUE,0,0.966,-0.12695922092746,0.0218349833503668,0.948795381205525,0.880769588831791,1.02207511114335,0.966
TBC1D5,Bacterial pneumoniae,Q92609,J10_PNEUMOBACT,Inverse variance weighted (multiplicative random effects),5,0.150032968434988,0.0445135195384367,0.000750309832583368,0.0503162321062725,,-0.00978936221492701,0.741807509347694,0.872095428558309,0.928529602164346,0,TRUE,8.47528512419118e-41,0.924,0.062786470139652,0.237279466730324,1.1618725472164,1.06479944847728,1.26779537489958,0.924
TBC1D5,Bacterial pneumoniae,Q92609,J10_PNEUMOBACT,Contamination mixture,,0.146546468231088,0.278061224489796,0.155048836108663,,,-0.00978936221492701,0.741807509347694,0.872095428558309,0.928529602164346,0,TRUE,8.47528512419118e-41,0.924,-0.398453531768912,0.691546468231088,1.1578287318215,0.67135747666149,1.99680113625563,0.924
TBC1D5,Bacterial pneumoniae,Q92609,J10_PNEUMOBACT,MR-PRESSO (Outlier-corrected),,0.150032968434988,0.0445135195384367,0.0280306565200307,,0.924,-0.00978936221492701,0.741807509347694,0.872095428558309,0.928529602164346,0,TRUE,8.47528512419118e-41,0.924,0.062786470139652,0.237279466730324,1.1618725472164,1.06479944847728,1.26779537489958,0.924
TBC1D5,Bacterial pneumoniae,Q92609,J10_PNEUMOBACT,Weighted median,5,0.113374039425715,0.116317298851821,0.329710934771964,,,-0.00978936221492701,0.741807509347694,0.872095428558309,0.928529602164346,0,TRUE,8.47528512419118e-41,0.924,-0.114607866323854,0.341355945175284,1.12005079776489,0.891715747130753,1.40685391461392,0.924
TCN1,Bacterial pneumoniae,P20061,J10_PNEUMOBACT,Inverse variance weighted (multiplicative random effects),62,0.0326517132976337,0.0128041910152032,0.0107698157443554,0.229169252329409,,0.00471785153674113,0.0641094222282143,59.6987072691077,0.523185494324957,0,TRUE,0,0.489,0.0075554989078355,0.0577479276874319,1.0331906300117,1.00758411371068,1.05944790456521,0.489
TCN1,Bacterial pneumoniae,P20061,J10_PNEUMOBACT,Contamination mixture,,0.0324107320203515,0.0178571428571429,0.0124623275397275,,,0.00471785153674113,0.0641094222282143,59.6987072691077,0.523185494324957,0,TRUE,0,0.489,-0.00258926797964854,0.0674107320203515,1.03294168041131,0.99741408128335,1.06973476227455,0.489
TCN1,Bacterial pneumoniae,P20061,J10_PNEUMOBACT,MR-PRESSO (Outlier-corrected),,0.0326517132976337,0.0128041910152032,0.0132974950752956,,0.489,0.00471785153674113,0.0641094222282143,59.6987072691077,0.523185494324957,0,TRUE,0,0.489,0.0075554989078355,0.0577479276874319,1.0331906300117,1.00758411371068,1.05944790456521,0.489
TCN1,Bacterial pneumoniae,P20061,J10_PNEUMOBACT,Weighted median,62,0.0209462526846335,0.0178044332377375,0.239410004886911,,,0.00471785153674113,0.0641094222282143,59.6987072691077,0.523185494324957,0,TRUE,0,0.489,-0.013950436461332,0.0558429418305989,1.02116716516887,0.986146419957844,1.05743159242378,0.489
TF,Bacterial pneumoniae,P02787,J10_PNEUMOBACT,Inverse variance weighted (multiplicative random effects),20,-0.0751102246300927,0.0264793430117265,0.00456025200651677,0.143577760015246,,-9.82777696127066e-05,0.984392772815763,19.1847549850929,0.445042735406012,0.963030204120095,TRUE,0,0.406,-0.127009736933077,-0.0232107123271087,0.92764123178154,0.880725096994079,0.977056584214674,0.406
TF,Bacterial pneumoniae,P02787,J10_PNEUMOBACT,Contamination mixture,,-0.0370373663898128,0.0331632653061224,0.270167060973275,,,-9.82777696127066e-05,0.984392772815763,19.1847549850929,0.445042735406012,0.963030204120095,TRUE,0,0.406,-0.102037366389813,0.0279626336101871,0.963640126923683,0.902995809345055,1.02835725770534,0.406
TF,Bacterial pneumoniae,P02787,J10_PNEUMOBACT,MR-PRESSO (Outlier-corrected),,-0.0751102246300927,0.0264793430117265,0.0105477803656636,,0.406,-9.82777696127066e-05,0.984392772815763,19.1847549850929,0.445042735406012,0.963030204120095,TRUE,0,0.406,-0.127009736933077,-0.0232107123271087,0.92764123178154,0.880725096994079,0.977056584214674,0.406
TF,Bacterial pneumoniae,P02787,J10_PNEUMOBACT,Weighted median,20,-0.0457620788049306,0.038079183506097,0.229456127875566,,,-9.82777696127066e-05,0.984392772815763,19.1847549850929,0.445042735406012,0.963030204120095,TRUE,0,0.406,-0.120397278476881,0.0288731208670196,0.955269213948633,0.886568152299086,1.02929399026077,0.406
TFPI2,Bacterial pneumoniae,P48307,J10_PNEUMOBACT,Inverse variance weighted (multiplicative random effects),33,0.0713016626782409,0.0322002022443235,0.0268065371316614,0.380295442391381,,0.00444323457994113,0.425498227845263,44.6843221901483,0.0674311260058682,28.3865158257784,TRUE,0,0.082,0.00818926627936681,0.134414059077115,1.07390513410932,1.00822289004244,1.1438663498483,0.082
TFPI2,Bacterial pneumoniae,P48307,J10_PNEUMOBACT,Contamination mixture,,0.114562266006127,0.0561224489795918,0.136947795533976,,,0.00444323457994113,0.425498227845263,44.6843221901483,0.0674311260058682,28.3865158257784,TRUE,0,0.082,0.00456226600612653,0.224562266006127,1.12138246289748,1.00457268898646,1.25177465192962,0.082
TFPI2,Bacterial pneumoniae,P48307,J10_PNEUMOBACT,MR-PRESSO (Outlier-corrected),,0.0713016626782409,0.0322002022443235,0.034050824197285,,0.082,0.00444323457994113,0.425498227845263,44.6843221901483,0.0674311260058682,28.3865158257784,TRUE,0,0.082,0.00818926627936681,0.134414059077115,1.07390513410932,1.00822289004244,1.1438663498483,0.082
TFPI2,Bacterial pneumoniae,P48307,J10_PNEUMOBACT,Weighted median,33,0.0630509572749292,0.040377790292795,0.118399764746882,,,0.00444323457994113,0.425498227845263,44.6843221901483,0.0674311260058682,28.3865158257784,TRUE,0,0.082,-0.016089511698949,0.142191426248807,1.06508111147953,0.984039233089351,1.15279730308016,0.082
TIGIT,Bacterial pneumoniae,Q495A1,J10_PNEUMOBACT,Inverse variance weighted (multiplicative random effects),3,0.267553549789713,0.0797189524345269,0.000790185275644585,0.051431765147102,,0.00864596149495552,0.831919473894105,1.40897018133084,0.494363060886471,0,TRUE,2.74470783310017e-37,,0.111304403018041,0.423802696561386,1.30676360487874,1.11773509701128,1.52776013171792,
TIGIT,Bacterial pneumoniae,Q495A1,J10_PNEUMOBACT,Contamination mixture,,0.315914645798632,0.10969387755102,0.0430024037304213,,,0.00864596149495552,0.831919473894105,1.40897018133084,0.494363060886471,0,TRUE,2.74470783310017e-37,,0.100914645798632,0.530914645798632,1.37151318621726,1.10618222043386,1.70048694077729,
TIGIT,Bacterial pneumoniae,Q495A1,J10_PNEUMOBACT,Weighted median,3,0.29590906071656,0.109419302229588,0.00684363335239511,,,0.00864596149495552,0.831919473894105,1.40897018133084,0.494363060886471,0,TRUE,2.74470783310017e-37,,0.0814472283465676,0.510370893086552,1.34434789723857,1.08485596643031,1.66590895449148,
TIMP3,Bacterial pneumoniae,P35625,J10_PNEUMOBACT,Inverse variance weighted (multiplicative random effects),50,-0.0352332594632998,0.0154568781129837,0.0226400268225923,0.355336023818417,,-0.00160116405389928,0.572818229785392,38.765168602816,0.852562320883438,0,TRUE,0,0.855,-0.0655287405647479,-0.00493777836185164,0.965380205923653,0.936572128760903,0.995074392425267,0.855
TIMP3,Bacterial pneumoniae,P35625,J10_PNEUMOBACT,Contamination mixture,,-0.0397546915562748,0.0178571428571428,0.0408374656454507,,,-0.00160116405389928,0.572818229785392,38.765168602816,0.852562320883438,0,TRUE,0,0.855,-0.0747546915562747,-0.00475469155627484,0.961025157825098,0.927971097555697,0.99525659409594,0.855
TIMP3,Bacterial pneumoniae,P35625,J10_PNEUMOBACT,MR-PRESSO (Outlier-corrected),,-0.0352332594632998,0.0154568781129837,0.0270319806268273,,0.855,-0.00160116405389928,0.572818229785392,38.765168602816,0.852562320883438,0,TRUE,0,0.855,-0.0655287405647479,-0.00493777836185164,0.965380205923653,0.936572128760903,0.995074392425267,0.855
TIMP3,Bacterial pneumoniae,P35625,J10_PNEUMOBACT,Weighted median,50,-0.0410778706846667,0.0247701375172209,0.0972442923180314,,,-0.00160116405389928,0.572818229785392,38.765168602816,0.852562320883438,0,TRUE,0,0.855,-0.0896273402184196,0.00747159884908623,0.959754390306338,0.914271834136234,1.00749958089055,0.855
TLR4,Bacterial pneumoniae,O00206,J10_PNEUMOBACT,Inverse variance weighted (multiplicative random effects),4,-0.0998008663273056,0.0167542244039618,2.57290224572165e-09,9.48972111630336e-07,,-0.00744821262908062,0.673556602547291,0.392867314091634,0.941711967650447,0,TRUE,1.60250462015203e-105,0.848,-0.132639146159071,-0.0669625864955404,0.905017619575706,0.875781064056275,0.93523019092115,0.848
TLR4,Bacterial pneumoniae,O00206,J10_PNEUMOBACT,Contamination mixture,,-0.0977780504096294,0.308673469387755,0.0554108146758652,,,-0.00744821262908062,0.673556602547291,0.392867314091634,0.941711967650447,0,TRUE,1.60250462015203e-105,0.848,-0.702778050409629,0.507221949590371,0.906850156439869,0.495207679226032,1.66067135210892,0.848
TLR4,Bacterial pneumoniae,O00206,J10_PNEUMOBACT,MR-PRESSO (Outlier-corrected),,-0.0998008663273056,0.0167542244039618,0.00946333465608864,,0.848,-0.00744821262908062,0.673556602547291,0.392867314091634,0.941711967650447,0,TRUE,1.60250462015203e-105,0.848,-0.132639146159071,-0.0669625864955404,0.905017619575706,0.875781064056275,0.93523019092115,0.848
TLR4,Bacterial pneumoniae,O00206,J10_PNEUMOBACT,Weighted median,4,-0.0893291685052287,0.0475207253489008,0.0601361753823776,,,-0.00744821262908062,0.673556602547291,0.392867314091634,0.941711967650447,0,TRUE,1.60250462015203e-105,0.848,-0.182469790189074,0.00381145317861693,0.914544484781676,0.833209814659089,1.00381872600336,0.848
TMEM132A,Bacterial pneumoniae,Q24JP5,J10_PNEUMOBACT,Inverse variance weighted (multiplicative random effects),20,-0.0324397513109942,0.0133272730993145,0.0149293780259833,0.292511177858923,,0.0114965009594491,0.310586771795947,11.1206250549388,0.919714178793867,0,TRUE,0,0.917,-0.0585612065856506,-0.00631829603633778,0.968080773671786,0.943120513446565,0.993701622423743,0.917
TMEM132A,Bacterial pneumoniae,Q24JP5,J10_PNEUMOBACT,Contamination mixture,,-0.0309190365930669,0.0153061224489796,0.103751292766799,,,0.0114965009594491,0.310586771795947,11.1206250549388,0.919714178793867,0,TRUE,0,0.917,-0.060919036593067,-0.000919036593066913,0.969554068298938,0.94089941511449,0.999081385591719,0.917
TMEM132A,Bacterial pneumoniae,Q24JP5,J10_PNEUMOBACT,MR-PRESSO (Outlier-corrected),,-0.0324397513109942,0.0133272730993145,0.0249661976860312,,0.917,0.0114965009594491,0.310586771795947,11.1206250549388,0.919714178793867,0,TRUE,0,0.917,-0.0585612065856506,-0.00631829603633778,0.968080773671786,0.943120513446565,0.993701622423743,0.917
TMEM132A,Bacterial pneumoniae,Q24JP5,J10_PNEUMOBACT,Weighted median,20,-0.0414922991680147,0.0231410836868214,0.0729706016227469,,,0.0114965009594491,0.310586771795947,11.1206250549388,0.919714178793867,0,TRUE,0,0.917,-0.0868488231941847,0.00386422485815532,0.959356723157965,0.916815686424027,1.00387170060125,0.917
TNF,Bacterial pneumoniae,P01375,J10_PNEUMOBACT,Inverse variance weighted (multiplicative random effects),6,0.125541958780727,0.051627046864084,0.0150277720754353,0.292511177858923,,0.00549389358612156,0.681075180793808,4.55628967146014,0.472387581514679,0,TRUE,4.27309766355831e-126,0.492,0.0243529469271221,0.226730970634331,1.1337627392647,1.02465190181702,1.2544923272631,0.492
TNF,Bacterial pneumoniae,P01375,J10_PNEUMOBACT,Contamination mixture,,0.143783927758255,0.076530612244898,0.120771437595972,,,0.00549389358612156,0.681075180793808,4.55628967146014,0.472387581514679,0,TRUE,4.27309766355831e-126,0.492,-0.00621607224174517,0.293783927758255,1.15463459708385,0.9938032075664,1.34149401273079,0.492
TNF,Bacterial pneumoniae,P01375,J10_PNEUMOBACT,MR-PRESSO (Outlier-corrected),,0.125541958780727,0.051627046864084,0.0592557352040526,,0.492,0.00549389358612156,0.681075180793808,4.55628967146014,0.472387581514679,0,TRUE,4.27309766355831e-126,0.492,0.0243529469271221,0.226730970634331,1.1337627392647,1.02465190181702,1.2544923272631,0.492
TNF,Bacterial pneumoniae,P01375,J10_PNEUMOBACT,Weighted median,6,0.1375804813834,0.0696668190832018,0.0482868615176295,,,0.00549389358612156,0.681075180793808,4.55628967146014,0.472387581514679,0,TRUE,4.27309766355831e-126,0.492,0.00103351598032397,0.274127446786475,1.14749405416479,1.00103405024201,1.31538243282056,0.492
TNFRSF10C,Bacterial pneumoniae,O14798,J10_PNEUMOBACT,Inverse variance weighted (multiplicative random effects),65,0.0411056121898401,0.0144717538767205,0.00450565824742171,0.143577760015246,,-0.00353544013623967,0.170926145298585,74.1535228204716,0.180836662378119,13.6925697313851,TRUE,0,0.154,0.0127409745914679,0.0694702497882124,1.04196214363842,1.01282248662127,1.0719401702833,0.154
TNFRSF10C,Bacterial pneumoniae,O14798,J10_PNEUMOBACT,Contamination mixture,,0.0519417727160485,0.0178571428571429,0.0181800053890941,,,-0.00353544013623967,0.170926145298585,74.1535228204716,0.180836662378119,13.6925697313851,TRUE,0,0.154,0.0169417727160485,0.0869417727160485,1.05331440909055,1.01708609843998,1.09083316161681,0.154
TNFRSF10C,Bacterial pneumoniae,O14798,J10_PNEUMOBACT,MR-PRESSO (Outlier-corrected),,0.0411056121898401,0.0144717538767205,0.00603477422881287,,0.154,-0.00353544013623967,0.170926145298585,74.1535228204716,0.180836662378119,13.6925697313851,TRUE,0,0.154,0.0127409745914679,0.0694702497882124,1.04196214363842,1.01282248662127,1.0719401702833,0.154
TNFRSF10C,Bacterial pneumoniae,O14798,J10_PNEUMOBACT,Weighted median,65,0.0631922679581944,0.0216062943269402,0.00344771060957113,,,-0.00353544013623967,0.170926145298585,74.1535228204716,0.180836662378119,13.6925697313851,TRUE,0,0.154,0.0208439310773916,0.105540604838997,1.06523162945377,1.02106268304875,1.11131122822022,0.154
TNFRSF17,Bacterial pneumoniae,Q02223,J10_PNEUMOBACT,Inverse variance weighted (multiplicative random effects),36,-0.0678022046235586,0.0306741919636309,0.027077480027082,0.380295442391381,,-0.000477830308429968,0.925132182500619,40.358076791627,0.245349984303378,13.2763432194534,TRUE,0,0.261,-0.127923620872275,-0.00768078837484194,0.934445284256025,0.879920584144766,0.992348633504255,0.261
TNFRSF17,Bacterial pneumoniae,Q02223,J10_PNEUMOBACT,Contamination mixture,,-0.0538518631876961,0.0306122448979592,0.0718045723277546,,,-0.000477830308429968,0.925132182500619,40.358076791627,0.245349984303378,13.2763432194534,TRUE,0,0.261,-0.113851863187696,0.00614813681230386,0.947572466469912,0.892390141922313,1.00616707539788,0.261
TNFRSF17,Bacterial pneumoniae,Q02223,J10_PNEUMOBACT,MR-PRESSO (Outlier-corrected),,-0.0678022046235586,0.0306741919636309,0.0337083899149646,,0.261,-0.000477830308429968,0.925132182500619,40.358076791627,0.245349984303378,13.2763432194534,TRUE,0,0.261,-0.127923620872275,-0.00768078837484194,0.934445284256025,0.879920584144766,0.992348633504255,0.261
TNFRSF17,Bacterial pneumoniae,Q02223,J10_PNEUMOBACT,Weighted median,36,-0.0580455952781781,0.0406054266722325,0.152859599879583,,,-0.000477830308429968,0.925132182500619,40.358076791627,0.245349984303378,13.2763432194534,TRUE,0,0.261,-0.137632231555754,0.0215410409993976,0.943606922435818,0.871419113273298,1.02177472413271,0.261
TNFSF13,Bacterial pneumoniae,O75888,J10_PNEUMOBACT,Inverse variance weighted (multiplicative random effects),21,-0.0632880004306514,0.0300292839276695,0.0350705578198561,0.414675901940885,,-0.00131831459691094,0.815003725598149,24.9069394112766,0.20501458472383,19.7010934593394,TRUE,0,0.217,-0.122145396928884,-0.0044306039324192,0.938673096500596,0.885019680003924,0.995579196713581,0.217
TNFSF13,Bacterial pneumoniae,O75888,J10_PNEUMOBACT,Contamination mixture,,-0.104389754772087,0.0306122448979592,0.00606511831939675,,,-0.00131831459691094,0.815003725598149,24.9069394112766,0.20501458472383,19.7010934593394,TRUE,0,0.217,-0.164389754772087,-0.0443897547720866,0.900874109003936,0.848411285084218,0.956581052776867,0.217
TNFSF13,Bacterial pneumoniae,O75888,J10_PNEUMOBACT,MR-PRESSO (Outlier-corrected),,-0.0632880004306514,0.0300292839276695,0.0478890694261252,,0.217,-0.00131831459691094,0.815003725598149,24.9069394112766,0.20501458472383,19.7010934593394,TRUE,0,0.217,-0.122145396928884,-0.0044306039324192,0.938673096500596,0.885019680003924,0.995579196713581,0.217
TNFSF13,Bacterial pneumoniae,O75888,J10_PNEUMOBACT,Weighted median,21,-0.102041352351251,0.0368434812132447,0.00561268242160127,,,-0.00131831459691094,0.815003725598149,24.9069394112766,0.20501458472383,19.7010934593394,TRUE,0,0.217,-0.17425457552921,-0.0298281291732912,0.902992210045754,0.840083005857981,0.970612339158733,0.217
TNFSF8,Bacterial pneumoniae,P32971,J10_PNEUMOBACT,Inverse variance weighted (multiplicative random effects),29,0.0572204178930239,0.0268391831822516,0.0330090539640256,0.412706420465473,,-0.00331921540898271,0.552672803817099,40.843916958012,0.0555005184177753,31.4463399071536,TRUE,0,0.065,0.00461561885581067,0.109825216930237,1.05888918279745,1.00462628723193,1.11608298100067,0.065
TNFSF8,Bacterial pneumoniae,P32971,J10_PNEUMOBACT,Contamination mixture,,0.0875040779646861,0.0280612244897959,0.0106403040534608,,,-0.00331921540898271,0.552672803817099,40.843916958012,0.0555005184177753,31.4463399071536,TRUE,0,0.065,0.0325040779646861,0.142504077964686,1.09144671531504,1.0330381058283,1.1531577834845,0.065
TNFSF8,Bacterial pneumoniae,P32971,J10_PNEUMOBACT,MR-PRESSO (Outlier-corrected),,0.0572204178930239,0.0268391831822516,0.0419203873925004,,0.065,-0.00331921540898271,0.552672803817099,40.843916958012,0.0555005184177753,31.4463399071536,TRUE,0,0.065,0.00461561885581067,0.109825216930237,1.05888918279745,1.00462628723193,1.11608298100067,0.065
TNFSF8,Bacterial pneumoniae,P32971,J10_PNEUMOBACT,Weighted median,29,0.0788028967911957,0.0325785985517874,0.0155694571953415,,,-0.00331921540898271,0.552672803817099,40.843916958012,0.0555005184177753,31.4463399071536,TRUE,0,0.065,0.0149488436296924,0.142656949952699,1.08199103714611,1.01506113644412,1.1533340824826,0.065
TP53BP1,Bacterial pneumoniae,Q12888,J10_PNEUMOBACT,Inverse variance weighted (multiplicative random effects),11,0.132876844311827,0.0623219315627551,0.0329982916297188,0.412706420465473,,0.0131471623702378,0.498664787580429,9.60081214185679,0.4761848395083,0,TRUE,1.61676839225715e-86,0.505,0.0107258584488271,0.255027830174827,1.14210933240837,1.01078358667889,1.29049753514515,0.505
TP53BP1,Bacterial pneumoniae,Q12888,J10_PNEUMOBACT,Contamination mixture,,0.118576545926497,0.11734693877551,0.223727836732824,,,0.0131471623702378,0.498664787580429,9.60081214185679,0.4761848395083,0,TRUE,1.61676839225715e-86,0.505,-0.111423454073503,0.348576545926497,1.12589305333051,0.894559863696171,1.41704900810131,0.505
TP53BP1,Bacterial pneumoniae,Q12888,J10_PNEUMOBACT,MR-PRESSO (Outlier-corrected),,0.132876844311827,0.0623219315627551,0.0588124197711598,,0.505,0.0131471623702378,0.498664787580429,9.60081214185679,0.4761848395083,0,TRUE,1.61676839225715e-86,0.505,0.0107258584488271,0.255027830174827,1.14210933240837,1.01078358667889,1.29049753514515,0.505
TP53BP1,Bacterial pneumoniae,Q12888,J10_PNEUMOBACT,Weighted median,11,0.0823691993890837,0.0875470018984379,0.346778205522164,,,0.0131471623702378,0.498664787580429,9.60081214185679,0.4761848395083,0,TRUE,1.61676839225715e-86,0.505,-0.0892229243318545,0.253961323110022,1.08585663343878,0.914641654966267,1.28912194407599,0.505
TPSAB1,Bacterial pneumoniae,Q15661,J10_PNEUMOBACT,Inverse variance weighted (multiplicative random effects),52,-0.0308128514777811,0.010782040196891,0.00426597027804421,0.138832238607527,,0.000209977867678539,0.93989092136331,59.0096865166064,0.2060393365348,13.5735113833427,TRUE,0,0.26,-0.0519456502636875,-0.00968005269187461,0.969657025975646,0.94938046401861,0.99036664820765,0.26
TPSAB1,Bacterial pneumoniae,Q15661,J10_PNEUMOBACT,Contamination mixture,,-0.0262035368051834,0.0076530612244898,0.00563192940113558,,,0.000209977867678539,0.93989092136331,59.0096865166064,0.2060393365348,13.5735113833427,TRUE,0,0.26,-0.0412035368051834,-0.0112035368051834,0.974136796738066,0.95963378927335,0.988858989091717,0.26
TPSAB1,Bacterial pneumoniae,Q15661,J10_PNEUMOBACT,MR-PRESSO (Outlier-corrected),,-0.0308128514777811,0.010782040196891,0.0061614742893031,,0.26,0.000209977867678539,0.93989092136331,59.0096865166064,0.2060393365348,13.5735113833427,TRUE,0,0.26,-0.0519456502636875,-0.00968005269187461,0.969657025975646,0.94938046401861,0.99036664820765,0.26
TPSAB1,Bacterial pneumoniae,Q15661,J10_PNEUMOBACT,Weighted median,52,-0.0357383400302993,0.0139464496930805,0.0103909513743404,,,0.000209977867678539,0.93989092136331,59.0096865166064,0.2060393365348,13.5735113833427,TRUE,0,0.26,-0.063073381428737,-0.00840329863186161,0.96489273425847,0.938874575203496,0.991631910389089,0.26
TPSD1,Bacterial pneumoniae,Q9BZJ3,J10_PNEUMOBACT,Inverse variance weighted (multiplicative random effects),12,-0.0536084226975096,0.0120750300639654,9.01220955978503e-06,0.00166200164631702,,0.00328654449798816,0.543155639261377,2.97750161044107,0.99101988074328,0,TRUE,0,0.997,-0.0772754816228818,-0.0299413637721374,0.947803172056038,0.925634823096736,0.970502438482271,0.997
TPSD1,Bacterial pneumoniae,Q9BZJ3,J10_PNEUMOBACT,Contamination mixture,,-0.0584156919467971,0.0229591836734694,0.0234410564700976,,,0.00328654449798816,0.543155639261377,2.97750161044107,0.99101988074328,0,TRUE,0,0.997,-0.103415691946797,-0.013415691946797,0.943257761273016,0.901752044496531,0.9866738973667,0.997
TPSD1,Bacterial pneumoniae,Q9BZJ3,J10_PNEUMOBACT,MR-PRESSO (Outlier-corrected),,-0.0536084226975096,0.0120750300639654,0.000995657054185971,,0.997,0.00328654449798816,0.543155639261377,2.97750161044107,0.99101988074328,0,TRUE,0,0.997,-0.0772754816228818,-0.0299413637721374,0.947803172056038,0.925634823096736,0.970502438482271,0.997
TPSD1,Bacterial pneumoniae,Q9BZJ3,J10_PNEUMOBACT,Weighted median,12,-0.0582074413229334,0.0267006503170833,0.0292573959462035,,,0.00328654449798816,0.543155639261377,2.97750161044107,0.99101988074328,0,TRUE,0,0.997,-0.110540715944417,-0.00587416670145019,0.943454215745439,0.895349874431605,0.99414305248315,0.997
ULBP2,Bacterial pneumoniae,Q9BZM5,J10_PNEUMOBACT,Inverse variance weighted (multiplicative random effects),31,0.0310348604310301,0.0149325184102151,0.0376779923691344,0.429801016045847,,0.0046854742513649,0.247514815753606,34.0428532648483,0.279122807293364,11.8757767846176,TRUE,0,0.353,0.00176712434700864,0.0603025965150516,1.03152146254255,1.00176868663135,1.06215790320215,0.353
ULBP2,Bacterial pneumoniae,Q9BZM5,J10_PNEUMOBACT,Contamination mixture,,0.0285747789861986,0.0127551020408163,0.0934070939912056,,,0.0046854742513649,0.247514815753606,34.0428532648483,0.279122807293364,11.8757767846176,TRUE,0,0.353,0.00357477898619862,0.0535747789861987,1.02898695455887,1.00358117612912,1.0550358833316,0.353
ULBP2,Bacterial pneumoniae,Q9BZM5,J10_PNEUMOBACT,MR-PRESSO (Outlier-corrected),,0.0310348604310301,0.0149325184102151,0.0463300310000868,,0.353,0.0046854742513649,0.247514815753606,34.0428532648483,0.279122807293364,11.8757767846176,TRUE,0,0.353,0.00176712434700864,0.0603025965150516,1.03152146254255,1.00176868663135,1.06215790320215,0.353
ULBP2,Bacterial pneumoniae,Q9BZM5,J10_PNEUMOBACT,Weighted median,31,0.0362830683480539,0.0186709430125944,0.0519810546847871,,,0.0046854742513649,0.247514815753606,34.0428532648483,0.279122807293364,11.8757767846176,TRUE,0,0.353,-0.00031197995663125,0.072878116652739,1.03694933248523,0.999688068704055,1.07559943126607,0.353
UMOD,Bacterial pneumoniae,P07911,J10_PNEUMOBACT,Inverse variance weighted (multiplicative random effects),61,-0.0346298080115394,0.0165586796260694,0.0364977103569647,0.418494471606025,,-0.000972451683093753,0.725174063229823,78.8110330578449,0.0521629444476459,23.8685274484832,TRUE,0,0.064,-0.0670848200786355,-0.00217479594444325,0.965962941819146,0.93511588137027,0.997827567210819,0.064
UMOD,Bacterial pneumoniae,P07911,J10_PNEUMOBACT,Contamination mixture,,-0.0278888065078684,0.0153061224489796,0.0665530920638373,,,-0.000972451683093753,0.725174063229823,78.8110330578449,0.0521629444476459,23.8685274484832,TRUE,0,0.064,-0.0578888065078683,0.00211119349213151,0.972496496070984,0.943754881003661,1.00211342363025,0.064
UMOD,Bacterial pneumoniae,P07911,J10_PNEUMOBACT,MR-PRESSO (Outlier-corrected),,-0.0346298080115394,0.0165586796260694,0.0407397427703711,,0.064,-0.000972451683093753,0.725174063229823,78.8110330578449,0.0521629444476459,23.8685274484832,TRUE,0,0.064,-0.0670848200786355,-0.00217479594444325,0.965962941819146,0.93511588137027,0.997827567210819,0.064
UMOD,Bacterial pneumoniae,P07911,J10_PNEUMOBACT,Weighted median,61,-0.0223294174404401,0.0222520402889105,0.315630621216037,,,-0.000972451683093753,0.725174063229823,78.8110330578449,0.0521629444476459,23.8685274484832,TRUE,0,0.064,-0.0659434164067047,0.0212845815258246,0.977918038728302,0.93618383543835,1.02151271392379,0.064
UROS,Bacterial pneumoniae,P10746,J10_PNEUMOBACT,Inverse variance weighted (multiplicative random effects),4,0.302140599940278,0.0393395950983594,1.58694170785178e-14,1.17063399982533e-11,,-0.00145672870616544,0.925295922199431,0.818879908651165,0.844946082523624,0,TRUE,8.67585370257445e-60,0.801,0.225034993547493,0.379246206333062,1.35275141010675,1.25236654017308,1.46118274390571,0.801
UROS,Bacterial pneumoniae,P10746,J10_PNEUMOBACT,Contamination mixture,,0.303830334432629,0.0816326530612245,0.00279665299144966,,,-0.00145672870616544,0.925295922199431,0.818879908651165,0.844946082523624,0,TRUE,8.67585370257445e-60,0.801,0.143830334432629,0.463830334432629,1.35503913310189,1.15468818107893,1.59015315331439,0.801
UROS,Bacterial pneumoniae,P10746,J10_PNEUMOBACT,MR-PRESSO (Outlier-corrected),,0.302140599940278,0.0393395950983594,0.00458609883250254,,0.801,-0.00145672870616544,0.925295922199431,0.818879908651165,0.844946082523624,0,TRUE,8.67585370257445e-60,0.801,0.225034993547493,0.379246206333062,1.35275141010675,1.25236654017308,1.46118274390571,0.801
UROS,Bacterial pneumoniae,P10746,J10_PNEUMOBACT,Weighted median,4,0.294394560008107,0.0805144860466018,0.000255764869327187,,,-0.00145672870616544,0.925295922199431,0.818879908651165,0.844946082523624,0,TRUE,8.67585370257445e-60,0.801,0.136586167356767,0.452202952659447,1.34231342239147,1.14635365178425,1.57177091129588,0.801
VCPKMT,Bacterial pneumoniae,Q9H867,J10_PNEUMOBACT,Inverse variance weighted (multiplicative random effects),4,-0.17085230449802,0.0299919306190812,1.22213706321271e-08,3.86369902984247e-06,,0.00120252632704447,0.938409297892911,0.388067700659893,0.942696247787062,0,TRUE,2.09245050811228e-29,0.956,-0.229636488511419,-0.112068120484621,0.842946063620085,0.794822477097344,0.893983356846579,0.956
VCPKMT,Bacterial pneumoniae,Q9H867,J10_PNEUMOBACT,MR-PRESSO (Outlier-corrected),,-0.17085230449802,0.0299919306190812,0.0107256805723366,,0.956,0.00120252632704447,0.938409297892911,0.388067700659893,0.942696247787062,0,TRUE,2.09245050811228e-29,0.956,-0.229636488511419,-0.112068120484621,0.842946063620085,0.794822477097344,0.893983356846579,0.956
VCPKMT,Bacterial pneumoniae,Q9H867,J10_PNEUMOBACT,Weighted median,4,-0.160305531429838,0.0961638973650082,0.0955137545179128,,,0.00120252632704447,0.938409297892911,0.388067700659893,0.942696247787062,0,TRUE,2.09245050811228e-29,0.956,-0.348786770265254,0.0281757074055776,0.851883472025469,0.70554355709718,1.02857639703485,0.956
VEGFC,Bacterial pneumoniae,P49767,J10_PNEUMOBACT,Inverse variance weighted (multiplicative random effects),31,-0.0681690063380643,0.0302823326375339,0.0243782690330524,0.362997379291286,,-0.00287767537977558,0.692149368904978,26.08115839424,0.670982546423156,0,TRUE,0,0.701,-0.127522378307631,-0.00881563436849794,0.934102590977732,0.880273716577775,0.991223109402267,0.701
VEGFC,Bacterial pneumoniae,P49767,J10_PNEUMOBACT,Contamination mixture,,-0.114762759293368,0.0433673469387755,0.009841182315202,,,-0.00287767537977558,0.692149368904978,26.08115839424,0.670982546423156,0,TRUE,0,0.701,-0.199762759293368,-0.0297627592933679,0.891577637327112,0.81892501238258,0.970675790044662,0.701
VEGFC,Bacterial pneumoniae,P49767,J10_PNEUMOBACT,MR-PRESSO (Outlier-corrected),,-0.0681690063380643,0.0302823326375339,0.0318607696059622,,0.701,-0.00287767537977558,0.692149368904978,26.08115839424,0.670982546423156,0,TRUE,0,0.701,-0.127522378307631,-0.00881563436849794,0.934102590977732,0.880273716577775,0.991223109402267,0.701
VEGFC,Bacterial pneumoniae,P49767,J10_PNEUMOBACT,Weighted median,31,-0.0602227394302723,0.0482305796145964,0.211795952039654,,,-0.00287767537977558,0.692149368904978,26.08115839424,0.670982546423156,0,TRUE,0,0.701,-0.154754675474881,0.0343091966143366,0.941554788848666,0.85662530290374,1.03490454624532,0.701
VPS28,Bacterial pneumoniae,Q9UK41,J10_PNEUMOBACT,Inverse variance weighted (multiplicative random effects),4,0.14394950659887,0.0562447406819186,0.0104870624823706,0.22531911916006,,0.0149898154497209,0.538503947335139,1.12043721064263,0.772142890812634,0,TRUE,1.588573475457e-41,0.771,0.0337098148623095,0.25418919833543,1.15482579597058,1.0342844292072,1.28941573650231,0.771
VPS28,Bacterial pneumoniae,Q9UK41,J10_PNEUMOBACT,Contamination mixture,,0.142491849015253,0.227040816326531,0.170597314218781,,,0.0149898154497209,0.538503947335139,1.12043721064263,0.772142890812634,0,TRUE,1.588573475457e-41,0.771,-0.302508150984747,0.587491849015253,1.1531436816625,0.738962464962616,1.79946940962072,0.771
VPS28,Bacterial pneumoniae,Q9UK41,J10_PNEUMOBACT,MR-PRESSO (Outlier-corrected),,0.14394950659887,0.0562447406819186,0.0832618676986528,,0.771,0.0149898154497209,0.538503947335139,1.12043721064263,0.772142890812634,0,TRUE,1.588573475457e-41,0.771,0.0337098148623095,0.25418919833543,1.15482579597058,1.0342844292072,1.28941573650231,0.771
VPS28,Bacterial pneumoniae,Q9UK41,J10_PNEUMOBACT,Weighted median,4,0.109629947198658,0.105909603076549,0.300609351289198,,,0.0149898154497209,0.538503947335139,1.12043721064263,0.772142890812634,0,TRUE,1.588573475457e-41,0.771,-0.0979528748313787,0.317212769228695,1.11586506505344,0.906691630743141,1.37329473570431,0.771
WAS,Bacterial pneumoniae,P42768,J10_PNEUMOBACT,Inverse variance weighted (multiplicative random effects),4,0.0816601980795035,0.0290390914188924,0.00492225234382402,0.149218416943597,,0.0150075214236814,0.546059361998538,0.623063723474663,0.891132753993859,0,TRUE,4.39393248039093e-81,0.846,0.0247435788984743,0.138576817260533,1.08508703251992,1.02505224179708,1.14863791339912,0.846
WAS,Bacterial pneumoniae,P42768,J10_PNEUMOBACT,Contamination mixture,,0.079898099883377,0.168367346938776,0.200107941848479,,,0.0150075214236814,0.546059361998538,0.623063723474663,0.891132753993859,0,TRUE,4.39393248039093e-81,0.846,-0.250101900116623,0.409898099883377,1.08317668622046,0.778721427224038,1.50666424802768,0.846
WAS,Bacterial pneumoniae,P42768,J10_PNEUMOBACT,MR-PRESSO (Outlier-corrected),,0.0816601980795035,0.0290390914188924,0.0671770774266727,,0.846,0.0150075214236814,0.546059361998538,0.623063723474663,0.891132753993859,0,TRUE,4.39393248039093e-81,0.846,0.0247435788984743,0.138576817260533,1.08508703251992,1.02505224179708,1.14863791339912,0.846
WAS,Bacterial pneumoniae,P42768,J10_PNEUMOBACT,Weighted median,4,0.0876691596804072,0.0711717722510749,0.218025007537538,,,0.0150075214236814,0.546059361998538,0.623063723474663,0.891132753993859,0,TRUE,4.39393248039093e-81,0.846,-0.0518275139316996,0.227165833292514,1.09162690808428,0.94949262696942,1.25503797776412,0.846
WASHC3,Bacterial pneumoniae,Q9Y3C0,J10_PNEUMOBACT,Inverse variance weighted (multiplicative random effects),11,0.117993714302022,0.0367152559988717,0.00131012940065858,0.0707150332599374,,0.000142922147911004,0.986559200405084,5.56882421264278,0.850095553131344,0,TRUE,2.65745708406324e-125,0.835,0.0460318125442339,0.189955616059811,1.12523703844494,1.0471077215878,1.20919592758649,0.835
WASHC3,Bacterial pneumoniae,Q9Y3C0,J10_PNEUMOBACT,Contamination mixture,,0.156786101295642,0.0688775510204082,0.0196330882773052,,,0.000142922147911004,0.986559200405084,5.56882421264278,0.850095553131344,0,TRUE,2.65745708406324e-125,0.835,0.021786101295642,0.291786101295642,1.16974538011829,1.02202515123292,1.33881661587039,0.835
WASHC3,Bacterial pneumoniae,Q9Y3C0,J10_PNEUMOBACT,MR-PRESSO (Outlier-corrected),,0.117993714302022,0.0367152559988717,0.00927286191417727,,0.835,0.000142922147911004,0.986559200405084,5.56882421264278,0.850095553131344,0,TRUE,2.65745708406324e-125,0.835,0.0460318125442339,0.189955616059811,1.12523703844494,1.0471077215878,1.20919592758649,0.835
WASHC3,Bacterial pneumoniae,Q9Y3C0,J10_PNEUMOBACT,Weighted median,11,0.158281959660722,0.0648101983540845,0.0145965012495855,,,0.000142922147911004,0.986559200405084,5.56882421264278,0.850095553131344,0,TRUE,2.65745708406324e-125,0.835,0.0312539708867164,0.285309948434728,1.17149646288954,1.03174750444343,1.33017424966106,0.835
WFIKKN2,Bacterial pneumoniae,Q8TEU8,J10_PNEUMOBACT,Inverse variance weighted (multiplicative random effects),34,-0.0404098976864181,0.0148868901824315,0.00663835159283226,0.174888953273069,,-0.00313561508376357,0.450040546479181,26.5015848011663,0.78106818413962,0,TRUE,0,0.8,-0.0695882024439838,-0.0112315929288523,0.960395694487106,0.932777856469462,0.988831245930813,0.8
WFIKKN2,Bacterial pneumoniae,Q8TEU8,J10_PNEUMOBACT,Contamination mixture,,-0.0425284269144417,0.0153061224489796,0.0265563702778268,,,-0.00313561508376357,0.450040546479181,26.5015848011663,0.78106818413962,0,TRUE,0,0.8,-0.0725284269144417,-0.0125284269144417,0.958363221824411,0.930039308136658,0.987549727103264,0.8
WFIKKN2,Bacterial pneumoniae,Q8TEU8,J10_PNEUMOBACT,MR-PRESSO (Outlier-corrected),,-0.0404098976864181,0.0148868901824315,0.0104741047117101,,0.8,-0.00313561508376357,0.450040546479181,26.5015848011663,0.78106818413962,0,TRUE,0,0.8,-0.0695882024439838,-0.0112315929288523,0.960395694487106,0.932777856469462,0.988831245930813,0.8
WFIKKN2,Bacterial pneumoniae,Q8TEU8,J10_PNEUMOBACT,Weighted median,34,-0.028761919412028,0.0216645664076529,0.184309658276419,,,-0.00313561508376357,0.450040546479181,26.5015848011663,0.78106818413962,0,TRUE,0,0.8,-0.0712244695710277,0.0137006307469717,0.971647767402908,0.931252830741075,1.01379491447855,0.8
ZBTB17,Bacterial pneumoniae,Q13105,J10_PNEUMOBACT,Inverse variance weighted (multiplicative random effects),3,-0.35315904338374,0.00835136208088824,0,0,,0.00219611167712248,0.925623763600466,0.01380710487317,0.993120222339939,0,TRUE,1.58249331781868e-32,,-0.369527713062281,-0.336790373705199,0.702465462008372,0.691060632487135,0.714058509654465,
ZBTB17,Bacterial pneumoniae,Q13105,J10_PNEUMOBACT,Contamination mixture,,-0.351987849194513,0.0969387755102041,0.000501081538180493,,,0.00219611167712248,0.925623763600466,0.01380710487317,0.993120222339939,0,TRUE,1.58249331781868e-32,,-0.541987849194514,-0.161987849194513,0.703288667448223,0.581590987345164,0.850451538148668,
ZBTB17,Bacterial pneumoniae,Q13105,J10_PNEUMOBACT,Weighted median,3,-0.353236324621852,0.114738493632646,0.00207961128503628,,,0.00219611167712248,0.925623763600466,0.01380710487317,0.993120222339939,0,TRUE,1.58249331781868e-32,,-0.578123772141838,-0.128348877101866,0.702411176705381,0.5609498495809,0.879546471987213,
ZFYVE19,Bacterial pneumoniae,Q96K21,J10_PNEUMOBACT,Inverse variance weighted (multiplicative random effects),21,0.0581823437344061,0.0284089564498067,0.0405572370219571,0.444322601631639,,0.00211063177900732,0.743403715075859,22.3531813128881,0.321657620242307,10.5272769900155,TRUE,0,0.372,0.00250078909278503,0.113863898376027,1.05990824571844,1.00250391867409,1.12059959907963,0.372
ZFYVE19,Bacterial pneumoniae,Q96K21,J10_PNEUMOBACT,Contamination mixture,,0.0649603930612654,0.0561224489795918,0.0584111110251814,,,0.00211063177900732,0.743403715075859,22.3531813128881,0.321657620242307,10.5272769900155,TRUE,0,0.372,-0.0450396069387345,0.174960393061265,1.06711675831911,0.955959618449238,1.19119903593079,0.372
ZFYVE19,Bacterial pneumoniae,Q96K21,J10_PNEUMOBACT,MR-PRESSO (Outlier-corrected),,0.0581823437344061,0.0284089564498067,0.0539151033416995,,0.372,0.00211063177900732,0.743403715075859,22.3531813128881,0.321657620242307,10.5272769900155,TRUE,0,0.372,0.00250078909278503,0.113863898376027,1.05990824571844,1.00250391867409,1.12059959907963,0.372
ZFYVE19,Bacterial pneumoniae,Q96K21,J10_PNEUMOBACT,Weighted median,21,0.0462143502510327,0.0364989470304657,0.205447533117177,,,0.00211063177900732,0.743403715075859,22.3531813128881,0.321657620242307,10.5272769900155,TRUE,0,0.372,-0.02532358592868,0.117752286430746,1.04729887567595,0.974994366520495,1.124965407653,0.372
