PubChem_CID,Ingredient_name,SMILES,Target,Common name,Uniprot ID,Target Class,Probability*
124211,"5,2'-Dihydroxy-6,7,8,6'-tetramethoxyflavone",COC1=CC=CC(=C1C2=CC(=O)C3=C(C(=C(C(=C3O2)OC)OC)OC)O)O,Aldose reductase   (by homology),AKR1B1,P15121,Enzyme,0.20127836818
124211,"5,2'-Dihydroxy-6,7,8,6'-tetramethoxyflavone",COC1=CC=CC(=C1C2=CC(=O)C3=C(C(=C(C(=C3O2)OC)OC)OC)O)O,Cytochrome P450 1B1,CYP1B1,Q16678,Cytochrome P450,0.153290396807
124211,"5,2'-Dihydroxy-6,7,8,6'-tetramethoxyflavone",COC1=CC=CC(=C1C2=CC(=O)C3=C(C(=C(C(=C3O2)OC)OC)OC)O)O,Stem cell growth factor receptor,KIT,P10721,Kinase,0.153290396807
124211,"5,2'-Dihydroxy-6,7,8,6'-tetramethoxyflavone",COC1=CC=CC(=C1C2=CC(=O)C3=C(C(=C(C(=C3O2)OC)OC)OC)O)O,Ornithine decarboxylase,ODC1,P11926,Lyase,0.145250660164
124211,"5,2'-Dihydroxy-6,7,8,6'-tetramethoxyflavone",COC1=CC=CC(=C1C2=CC(=O)C3=C(C(=C(C(=C3O2)OC)OC)OC)O)O,Adenosine A1 receptor   (by homology),ADORA1,P30542,Family A G protein-coupled receptor,0.145250660164
124211,"5,2'-Dihydroxy-6,7,8,6'-tetramethoxyflavone",COC1=CC=CC(=C1C2=CC(=O)C3=C(C(=C(C(=C3O2)OC)OC)OC)O)O,Adenosine A2a receptor   (by homology),ADORA2A,P29274,Family A G protein-coupled receptor,0.13728888346
124211,"5,2'-Dihydroxy-6,7,8,6'-tetramethoxyflavone",COC1=CC=CC(=C1C2=CC(=O)C3=C(C(=C(C(=C3O2)OC)OC)OC)O)O,ATP-binding cassette sub-family G member 2,ABCG2,Q9UNQ0,Primary active transporter,0.129284219584
124211,"5,2'-Dihydroxy-6,7,8,6'-tetramethoxyflavone",COC1=CC=CC(=C1C2=CC(=O)C3=C(C(=C(C(=C3O2)OC)OC)OC)O)O,Cyclooxygenase-2,PTGS2,P35354,Oxidoreductase,0.12128700335
124211,"5,2'-Dihydroxy-6,7,8,6'-tetramethoxyflavone",COC1=CC=CC(=C1C2=CC(=O)C3=C(C(=C(C(=C3O2)OC)OC)OC)O)O,Adenosine A3 receptor,ADORA3,P0DMS8,Family A G protein-coupled receptor,0.12128700335
124211,"5,2'-Dihydroxy-6,7,8,6'-tetramethoxyflavone",COC1=CC=CC(=C1C2=CC(=O)C3=C(C(=C(C(=C3O2)OC)OC)OC)O)O,P-glycoprotein 1,ABCB1,P08183,Primary active transporter,0.12128700335
124211,"5,2'-Dihydroxy-6,7,8,6'-tetramethoxyflavone",COC1=CC=CC(=C1C2=CC(=O)C3=C(C(=C(C(=C3O2)OC)OC)OC)O)O,Induced myeloid leukemia cell differentiation protein Mcl-1,MCL1,Q07820,Other cytosolic protein,0.12128700335
124211,"5,2'-Dihydroxy-6,7,8,6'-tetramethoxyflavone",COC1=CC=CC(=C1C2=CC(=O)C3=C(C(=C(C(=C3O2)OC)OC)OC)O)O,Mu opioid receptor   (by homology),OPRM1,P35372,Family A G protein-coupled receptor,0.113285953487
124211,"5,2'-Dihydroxy-6,7,8,6'-tetramethoxyflavone",COC1=CC=CC(=C1C2=CC(=O)C3=C(C(=C(C(=C3O2)OC)OC)OC)O)O,Delta opioid receptor   (by homology),OPRD1,P41143,Family A G protein-coupled receptor,0.113285953487
124211,"5,2'-Dihydroxy-6,7,8,6'-tetramethoxyflavone",COC1=CC=CC(=C1C2=CC(=O)C3=C(C(=C(C(=C3O2)OC)OC)OC)O)O,Plasminogen,PLG,P00747,Protease,0.113285953487
124211,"5,2'-Dihydroxy-6,7,8,6'-tetramethoxyflavone",COC1=CC=CC(=C1C2=CC(=O)C3=C(C(=C(C(=C3O2)OC)OC)OC)O)O,Arachidonate 5-lipoxygenase,ALOX5,P09917,Oxidoreductase,0.113285953487
124211,"5,2'-Dihydroxy-6,7,8,6'-tetramethoxyflavone",COC1=CC=CC(=C1C2=CC(=O)C3=C(C(=C(C(=C3O2)OC)OC)OC)O)O,"Nitric oxide synthase, inducible   (by homology)",NOS2,P35228,Enzyme,0.113285953487
124211,"5,2'-Dihydroxy-6,7,8,6'-tetramethoxyflavone",COC1=CC=CC(=C1C2=CC(=O)C3=C(C(=C(C(=C3O2)OC)OC)OC)O)O,NADPH oxidase 4,NOX4,Q9NPH5,Enzyme,0.113285953487
124211,"5,2'-Dihydroxy-6,7,8,6'-tetramethoxyflavone",COC1=CC=CC(=C1C2=CC(=O)C3=C(C(=C(C(=C3O2)OC)OC)OC)O)O,G-protein coupled receptor 35,GPR35,Q9HC97,Family A G protein-coupled receptor,0.113285953487
124211,"5,2'-Dihydroxy-6,7,8,6'-tetramethoxyflavone",COC1=CC=CC(=C1C2=CC(=O)C3=C(C(=C(C(=C3O2)OC)OC)OC)O)O,Carbonic anhydrase VII,CA7,P43166,Lyase,0.113285953487
124211,"5,2'-Dihydroxy-6,7,8,6'-tetramethoxyflavone",COC1=CC=CC(=C1C2=CC(=O)C3=C(C(=C(C(=C3O2)OC)OC)OC)O)O,Carbonic anhydrase XII,CA12,O43570,Lyase,0.113285953487
124211,"5,2'-Dihydroxy-6,7,8,6'-tetramethoxyflavone",COC1=CC=CC(=C1C2=CC(=O)C3=C(C(=C(C(=C3O2)OC)OC)OC)O)O,Estrogen receptor beta,ESR2,Q92731,Nuclear receptor,0.113285953487
124211,"5,2'-Dihydroxy-6,7,8,6'-tetramethoxyflavone",COC1=CC=CC(=C1C2=CC(=O)C3=C(C(=C(C(=C3O2)OC)OC)OC)O)O,Tyrosine-protein kinase receptor FLT3,FLT3,P36888,Kinase,0.113285953487
124211,"5,2'-Dihydroxy-6,7,8,6'-tetramethoxyflavone",COC1=CC=CC(=C1C2=CC(=O)C3=C(C(=C(C(=C3O2)OC)OC)OC)O)O,Butyrylcholinesterase,BCHE,P06276,Hydrolase,0.113285953487
124211,"5,2'-Dihydroxy-6,7,8,6'-tetramethoxyflavone",COC1=CC=CC(=C1C2=CC(=O)C3=C(C(=C(C(=C3O2)OC)OC)OC)O)O,Receptor-type tyrosine-protein phosphatase S,PTPRS,Q13332,Phosphatase,0.113285953487
124211,"5,2'-Dihydroxy-6,7,8,6'-tetramethoxyflavone",COC1=CC=CC(=C1C2=CC(=O)C3=C(C(=C(C(=C3O2)OC)OC)OC)O)O,DNA-3-methyladenine glycosylase,MPG,P29372,Enzyme,0.113285953487
124211,"5,2'-Dihydroxy-6,7,8,6'-tetramethoxyflavone",COC1=CC=CC(=C1C2=CC(=O)C3=C(C(=C(C(=C3O2)OC)OC)OC)O)O,Telomerase reverse transcriptase,TERT,O14746,Enzyme,0.113285953487
124211,"5,2'-Dihydroxy-6,7,8,6'-tetramethoxyflavone",COC1=CC=CC(=C1C2=CC(=O)C3=C(C(=C(C(=C3O2)OC)OC)OC)O)O,Estradiol 17-beta-dehydrogenase 2,HSD17B2,P37059,Enzyme,0.113285953487
124211,"5,2'-Dihydroxy-6,7,8,6'-tetramethoxyflavone",COC1=CC=CC(=C1C2=CC(=O)C3=C(C(=C(C(=C3O2)OC)OC)OC)O)O,Estradiol 17-beta-dehydrogenase 1,HSD17B1,P14061,Enzyme,0.113285953487
124211,"5,2'-Dihydroxy-6,7,8,6'-tetramethoxyflavone",COC1=CC=CC(=C1C2=CC(=O)C3=C(C(=C(C(=C3O2)OC)OC)OC)O)O,Beta amyloid A4 protein,APP,P05067,Membrane receptor,0.113285953487
124211,"5,2'-Dihydroxy-6,7,8,6'-tetramethoxyflavone",COC1=CC=CC(=C1C2=CC(=O)C3=C(C(=C(C(=C3O2)OC)OC)OC)O)O,Multidrug resistance-associated protein 1,ABCC1,P33527,Primary active transporter,0.113285953487
124211,"5,2'-Dihydroxy-6,7,8,6'-tetramethoxyflavone",COC1=CC=CC(=C1C2=CC(=O)C3=C(C(=C(C(=C3O2)OC)OC)OC)O)O,Carbonic anhydrase II,CA2,P00918,Lyase,0.113285953487
124211,"5,2'-Dihydroxy-6,7,8,6'-tetramethoxyflavone",COC1=CC=CC(=C1C2=CC(=O)C3=C(C(=C(C(=C3O2)OC)OC)OC)O)O,Aryl hydrocarbon receptor,AHR,P35869,Transcription factor,0.113285953487
124211,"5,2'-Dihydroxy-6,7,8,6'-tetramethoxyflavone",COC1=CC=CC(=C1C2=CC(=O)C3=C(C(=C(C(=C3O2)OC)OC)OC)O)O,Estrogen-related receptor alpha,ESRRA,P11474,Nuclear receptor,0.113285953487
124211,"5,2'-Dihydroxy-6,7,8,6'-tetramethoxyflavone",COC1=CC=CC(=C1C2=CC(=O)C3=C(C(=C(C(=C3O2)OC)OC)OC)O)O,Matrix metalloproteinase 13,MMP13,P45452,Protease,0.113285953487
124211,"5,2'-Dihydroxy-6,7,8,6'-tetramethoxyflavone",COC1=CC=CC(=C1C2=CC(=O)C3=C(C(=C(C(=C3O2)OC)OC)OC)O)O,Carbonic anhydrase XIII,CA13,Q8N1Q1,Lyase,0.113285953487
124211,"5,2'-Dihydroxy-6,7,8,6'-tetramethoxyflavone",COC1=CC=CC(=C1C2=CC(=O)C3=C(C(=C(C(=C3O2)OC)OC)OC)O)O,Matrix metalloproteinase 9,MMP9,P14780,Protease,0.113285953487
124211,"5,2'-Dihydroxy-6,7,8,6'-tetramethoxyflavone",COC1=CC=CC(=C1C2=CC(=O)C3=C(C(=C(C(=C3O2)OC)OC)OC)O)O,Monoamine oxidase A,MAOA,P21397,Oxidoreductase,0.113285953487
124211,"5,2'-Dihydroxy-6,7,8,6'-tetramethoxyflavone",COC1=CC=CC(=C1C2=CC(=O)C3=C(C(=C(C(=C3O2)OC)OC)OC)O)O,Matrix metalloproteinase 3,MMP3,P08254,Protease,0.113285953487
124211,"5,2'-Dihydroxy-6,7,8,6'-tetramethoxyflavone",COC1=CC=CC(=C1C2=CC(=O)C3=C(C(=C(C(=C3O2)OC)OC)OC)O)O,Matrix metalloproteinase 2,MMP2,P08253,Protease,0.113285953487
124211,"5,2'-Dihydroxy-6,7,8,6'-tetramethoxyflavone",COC1=CC=CC(=C1C2=CC(=O)C3=C(C(=C(C(=C3O2)OC)OC)OC)O)O,LDL-associated phospholipase A2,PLA2G7,Q13093,Enzyme,0.113285953487
124211,"5,2'-Dihydroxy-6,7,8,6'-tetramethoxyflavone",COC1=CC=CC(=C1C2=CC(=O)C3=C(C(=C(C(=C3O2)OC)OC)OC)O)O,Tyrosinase,TYR,P14679,Oxidoreductase,0.113285953487
124211,"5,2'-Dihydroxy-6,7,8,6'-tetramethoxyflavone",COC1=CC=CC(=C1C2=CC(=O)C3=C(C(=C(C(=C3O2)OC)OC)OC)O)O,Xanthine dehydrogenase,XDH,P47989,Oxidoreductase,0.113285953487
124211,"5,2'-Dihydroxy-6,7,8,6'-tetramethoxyflavone",COC1=CC=CC(=C1C2=CC(=O)C3=C(C(=C(C(=C3O2)OC)OC)OC)O)O,Microtubule-associated protein tau,MAPT,P10636,Unclassified protein,0.113285953487
124211,"5,2'-Dihydroxy-6,7,8,6'-tetramethoxyflavone",COC1=CC=CC(=C1C2=CC(=O)C3=C(C(=C(C(=C3O2)OC)OC)OC)O)O,Lysine-specific demethylase 4D-like,KDM4E,B2RXH2,Eraser,0.113285953487
124211,"5,2'-Dihydroxy-6,7,8,6'-tetramethoxyflavone",COC1=CC=CC(=C1C2=CC(=O)C3=C(C(=C(C(=C3O2)OC)OC)OC)O)O,Vasopressin V2 receptor,AVPR2,P30518,Family A G protein-coupled receptor,0.113285953487
124211,"5,2'-Dihydroxy-6,7,8,6'-tetramethoxyflavone",COC1=CC=CC(=C1C2=CC(=O)C3=C(C(=C(C(=C3O2)OC)OC)OC)O)O,DNA topoisomerase II alpha,TOP2A,P11388,Isomerase,0.113285953487
124211,"5,2'-Dihydroxy-6,7,8,6'-tetramethoxyflavone",COC1=CC=CC(=C1C2=CC(=O)C3=C(C(=C(C(=C3O2)OC)OC)OC)O)O,Cytochrome P450 19A1,CYP19A1,P11511,Cytochrome P450,0.113285953487
124211,"5,2'-Dihydroxy-6,7,8,6'-tetramethoxyflavone",COC1=CC=CC(=C1C2=CC(=O)C3=C(C(=C(C(=C3O2)OC)OC)OC)O)O,Glyoxalase I,GLO1,Q04760,Enzyme,0.113285953487
124211,"5,2'-Dihydroxy-6,7,8,6'-tetramethoxyflavone",COC1=CC=CC(=C1C2=CC(=O)C3=C(C(=C(C(=C3O2)OC)OC)OC)O)O,Carbonic anhydrase III,CA3,P07451,Lyase,0.113285953487
124211,"5,2'-Dihydroxy-6,7,8,6'-tetramethoxyflavone",COC1=CC=CC(=C1C2=CC(=O)C3=C(C(=C(C(=C3O2)OC)OC)OC)O)O,CaM kinase II beta,CAMK2B,Q13554,Kinase,0.113285953487
124211,"5,2'-Dihydroxy-6,7,8,6'-tetramethoxyflavone",COC1=CC=CC(=C1C2=CC(=O)C3=C(C(=C(C(=C3O2)OC)OC)OC)O)O,Phospholipase A2 group 1B,PLA2G1B,P04054,Enzyme,0.113285953487
124211,"5,2'-Dihydroxy-6,7,8,6'-tetramethoxyflavone",COC1=CC=CC(=C1C2=CC(=O)C3=C(C(=C(C(=C3O2)OC)OC)OC)O)O,DNA-(apurinic or apyrimidinic site) lyase,APEX1,P27695,Enzyme,0.113285953487
124211,"5,2'-Dihydroxy-6,7,8,6'-tetramethoxyflavone",COC1=CC=CC(=C1C2=CC(=O)C3=C(C(=C(C(=C3O2)OC)OC)OC)O)O,Aldo-keto reductase family 1 member C2   (by homology),AKR1C2,P52895,Enzyme,0.113285953487
124211,"5,2'-Dihydroxy-6,7,8,6'-tetramethoxyflavone",COC1=CC=CC(=C1C2=CC(=O)C3=C(C(=C(C(=C3O2)OC)OC)OC)O)O,Aldo-keto reductase family 1 member C1   (by homology),AKR1C1,Q04828,Enzyme,0.113285953487
124211,"5,2'-Dihydroxy-6,7,8,6'-tetramethoxyflavone",COC1=CC=CC(=C1C2=CC(=O)C3=C(C(=C(C(=C3O2)OC)OC)OC)O)O,Aldo-keto-reductase family 1 member C3   (by homology),AKR1C3,P42330,Enzyme,0.113285953487
124211,"5,2'-Dihydroxy-6,7,8,6'-tetramethoxyflavone",COC1=CC=CC(=C1C2=CC(=O)C3=C(C(=C(C(=C3O2)OC)OC)OC)O)O,Aldo-keto reductase family 1 member C4   (by homology),AKR1C4,P17516,Enzyme,0.113285953487
124211,"5,2'-Dihydroxy-6,7,8,6'-tetramethoxyflavone",COC1=CC=CC(=C1C2=CC(=O)C3=C(C(=C(C(=C3O2)OC)OC)OC)O)O,Serine/threonine-protein kinase PIM1,PIM1,P11309,Kinase,0.113285953487
124211,"5,2'-Dihydroxy-6,7,8,6'-tetramethoxyflavone",COC1=CC=CC(=C1C2=CC(=O)C3=C(C(=C(C(=C3O2)OC)OC)OC)O)O,Carbonic anhydrase I,CA1,P00915,Lyase,0.113285953487
124211,"5,2'-Dihydroxy-6,7,8,6'-tetramethoxyflavone",COC1=CC=CC(=C1C2=CC(=O)C3=C(C(=C(C(=C3O2)OC)OC)OC)O)O,Carbonic anhydrase IX,CA9,Q16790,Lyase,0.113285953487
124211,"5,2'-Dihydroxy-6,7,8,6'-tetramethoxyflavone",COC1=CC=CC(=C1C2=CC(=O)C3=C(C(=C(C(=C3O2)OC)OC)OC)O)O,Vascular endothelial growth factor receptor 2,KDR,P35968,Kinase,0.113285953487
124211,"5,2'-Dihydroxy-6,7,8,6'-tetramethoxyflavone",COC1=CC=CC(=C1C2=CC(=O)C3=C(C(=C(C(=C3O2)OC)OC)OC)O)O,Serine/threonine-protein kinase PLK1,PLK1,P53350,Kinase,0.113285953487
124211,"5,2'-Dihydroxy-6,7,8,6'-tetramethoxyflavone",COC1=CC=CC(=C1C2=CC(=O)C3=C(C(=C(C(=C3O2)OC)OC)OC)O)O,Epidermal growth factor receptor erbB1,EGFR,P00533,Kinase,0.113285953487
124211,"5,2'-Dihydroxy-6,7,8,6'-tetramethoxyflavone",COC1=CC=CC(=C1C2=CC(=O)C3=C(C(=C(C(=C3O2)OC)OC)OC)O)O,Beta-glucuronidase,GUSB,P08236,Enzyme,0.113285953487
124211,"5,2'-Dihydroxy-6,7,8,6'-tetramethoxyflavone",COC1=CC=CC(=C1C2=CC(=O)C3=C(C(=C(C(=C3O2)OC)OC)OC)O)O,Arachidonate 15-lipoxygenase,ALOX15,P16050,Enzyme,0.113285953487
124211,"5,2'-Dihydroxy-6,7,8,6'-tetramethoxyflavone",COC1=CC=CC(=C1C2=CC(=O)C3=C(C(=C(C(=C3O2)OC)OC)OC)O)O,Acetylcholinesterase,ACHE,P22303,Hydrolase,0.113285953487
124211,"5,2'-Dihydroxy-6,7,8,6'-tetramethoxyflavone",COC1=CC=CC(=C1C2=CC(=O)C3=C(C(=C(C(=C3O2)OC)OC)OC)O)O,Serine/threonine-protein kinase Aurora-B,AURKB,Q96GD4,Kinase,0.113285953487
124211,"5,2'-Dihydroxy-6,7,8,6'-tetramethoxyflavone",COC1=CC=CC(=C1C2=CC(=O)C3=C(C(=C(C(=C3O2)OC)OC)OC)O)O,Quinone reductase 1,NQO1,P15559,Enzyme,0.113285953487
124211,"5,2'-Dihydroxy-6,7,8,6'-tetramethoxyflavone",COC1=CC=CC(=C1C2=CC(=O)C3=C(C(=C(C(=C3O2)OC)OC)OC)O)O,Tyrosine-protein kinase SRC,SRC,P12931,Kinase,0.113285953487
124211,"5,2'-Dihydroxy-6,7,8,6'-tetramethoxyflavone",COC1=CC=CC(=C1C2=CC(=O)C3=C(C(=C(C(=C3O2)OC)OC)OC)O)O,PI3-kinase p110-gamma subunit,PIK3CG,P48736,Enzyme,0.113285953487
124211,"5,2'-Dihydroxy-6,7,8,6'-tetramethoxyflavone",COC1=CC=CC(=C1C2=CC(=O)C3=C(C(=C(C(=C3O2)OC)OC)OC)O)O,Cyclin-dependent kinase 1/cyclin B,CCNB3,Q8WWL7,Other cytosolic protein,0.113285953487
124211,"5,2'-Dihydroxy-6,7,8,6'-tetramethoxyflavone",COC1=CC=CC(=C1C2=CC(=O)C3=C(C(=C(C(=C3O2)OC)OC)OC)O)O,Cyclin-dependent kinase 1/cyclin B,CDK1,P06493,Other cytosolic protein,0.113285953487
124211,"5,2'-Dihydroxy-6,7,8,6'-tetramethoxyflavone",COC1=CC=CC(=C1C2=CC(=O)C3=C(C(=C(C(=C3O2)OC)OC)OC)O)O,Cyclin-dependent kinase 1/cyclin B,CCNB1,P14635,Other cytosolic protein,0.113285953487
124211,"5,2'-Dihydroxy-6,7,8,6'-tetramethoxyflavone",COC1=CC=CC(=C1C2=CC(=O)C3=C(C(=C(C(=C3O2)OC)OC)OC)O)O,Cyclin-dependent kinase 1/cyclin B,CCNB2,O95067,Other cytosolic protein,0.113285953487
124211,"5,2'-Dihydroxy-6,7,8,6'-tetramethoxyflavone",COC1=CC=CC(=C1C2=CC(=O)C3=C(C(=C(C(=C3O2)OC)OC)OC)O)O,Glycogen synthase kinase-3 beta,GSK3B,P49841,Kinase,0.113285953487
124211,"5,2'-Dihydroxy-6,7,8,6'-tetramethoxyflavone",COC1=CC=CC(=C1C2=CC(=O)C3=C(C(=C(C(=C3O2)OC)OC)OC)O)O,Beta-secretase 1,BACE1,P56817,Protease,0.113285953487
124211,"5,2'-Dihydroxy-6,7,8,6'-tetramethoxyflavone",COC1=CC=CC(=C1C2=CC(=O)C3=C(C(=C(C(=C3O2)OC)OC)OC)O)O,"6-phosphofructo-2-kinase/fructose-2,6-bisphosphatase 3",PFKFB3,Q16875,Enzyme,0.113285953487
124211,"5,2'-Dihydroxy-6,7,8,6'-tetramethoxyflavone",COC1=CC=CC(=C1C2=CC(=O)C3=C(C(=C(C(=C3O2)OC)OC)OC)O)O,Hepatocyte growth factor receptor,MET,P08581,Kinase,0.113285953487
124211,"5,2'-Dihydroxy-6,7,8,6'-tetramethoxyflavone",COC1=CC=CC(=C1C2=CC(=O)C3=C(C(=C(C(=C3O2)OC)OC)OC)O)O,AMY1C,AMY1A,P04745,Enzyme,0.113285953487
124211,"5,2'-Dihydroxy-6,7,8,6'-tetramethoxyflavone",COC1=CC=CC(=C1C2=CC(=O)C3=C(C(=C(C(=C3O2)OC)OC)OC)O)O,Myeloperoxidase,MPO,P05164,Enzyme,0.113285953487
124211,"5,2'-Dihydroxy-6,7,8,6'-tetramethoxyflavone",COC1=CC=CC(=C1C2=CC(=O)C3=C(C(=C(C(=C3O2)OC)OC)OC)O)O,Kinesin-1 heavy chain/ Tyrosine-protein kinase receptor RET,RET,P07949,Kinase,0.113285953487
124211,"5,2'-Dihydroxy-6,7,8,6'-tetramethoxyflavone",COC1=CC=CC(=C1C2=CC(=O)C3=C(C(=C(C(=C3O2)OC)OC)OC)O)O,Matrix metalloproteinase 1,MMP1,P03956,Protease,0.113285953487
124211,"5,2'-Dihydroxy-6,7,8,6'-tetramethoxyflavone",COC1=CC=CC(=C1C2=CC(=O)C3=C(C(=C(C(=C3O2)OC)OC)OC)O)O,ADAM17,ADAM17,P78536,Protease,0.113285953487
124211,"5,2'-Dihydroxy-6,7,8,6'-tetramethoxyflavone",COC1=CC=CC(=C1C2=CC(=O)C3=C(C(=C(C(=C3O2)OC)OC)OC)O)O,Serine/threonine-protein kinase/endoribonuclease IRE1,ERN1,O75460,Enzyme,0.113285953487
124211,"5,2'-Dihydroxy-6,7,8,6'-tetramethoxyflavone",COC1=CC=CC(=C1C2=CC(=O)C3=C(C(=C(C(=C3O2)OC)OC)OC)O)O,Cyclin-dependent kinase 6,CDK6,Q00534,Kinase,0.113285953487
124211,"5,2'-Dihydroxy-6,7,8,6'-tetramethoxyflavone",COC1=CC=CC(=C1C2=CC(=O)C3=C(C(=C(C(=C3O2)OC)OC)OC)O)O,Arginase-1   (by homology),ARG1,P05089,Enzyme,0.113285953487
124211,"5,2'-Dihydroxy-6,7,8,6'-tetramethoxyflavone",COC1=CC=CC(=C1C2=CC(=O)C3=C(C(=C(C(=C3O2)OC)OC)OC)O)O,Platelet-derived growth factor receptor beta,PDGFRB,P09619,Kinase,0.113285953487
124211,"5,2'-Dihydroxy-6,7,8,6'-tetramethoxyflavone",COC1=CC=CC(=C1C2=CC(=O)C3=C(C(=C(C(=C3O2)OC)OC)OC)O)O,Heat shock protein HSP 90-beta,HSP90AB1,P08238,Other cytosolic protein,0.113285953487
124211,"5,2'-Dihydroxy-6,7,8,6'-tetramethoxyflavone",COC1=CC=CC(=C1C2=CC(=O)C3=C(C(=C(C(=C3O2)OC)OC)OC)O)O,Carbonic anhydrase IV,CA4,P22748,Lyase,0.113285953487
124211,"5,2'-Dihydroxy-6,7,8,6'-tetramethoxyflavone",COC1=CC=CC(=C1C2=CC(=O)C3=C(C(=C(C(=C3O2)OC)OC)OC)O)O,Matrix metalloproteinase 7,MMP7,P09237,Protease,0.113285953487
124211,"5,2'-Dihydroxy-6,7,8,6'-tetramethoxyflavone",COC1=CC=CC(=C1C2=CC(=O)C3=C(C(=C(C(=C3O2)OC)OC)OC)O)O,Matrix metalloproteinase 8,MMP8,P22894,Protease,0.113285953487
124211,"5,2'-Dihydroxy-6,7,8,6'-tetramethoxyflavone",COC1=CC=CC(=C1C2=CC(=O)C3=C(C(=C(C(=C3O2)OC)OC)OC)O)O,Carbonyl reductase [NADPH] 1,CBR1,P16152,Enzyme,0.113285953487
124211,"5,2'-Dihydroxy-6,7,8,6'-tetramethoxyflavone",COC1=CC=CC(=C1C2=CC(=O)C3=C(C(=C(C(=C3O2)OC)OC)OC)O)O,Subtilisin/kexin type 7,PCSK7,Q16549,Protease,0.113285953487
124211,"5,2'-Dihydroxy-6,7,8,6'-tetramethoxyflavone",COC1=CC=CC(=C1C2=CC(=O)C3=C(C(=C(C(=C3O2)OC)OC)OC)O)O,Cytochrome P450 2C9,CYP2C9,P11712,Cytochrome P450,0.113285953487
124211,"5,2'-Dihydroxy-6,7,8,6'-tetramethoxyflavone",COC1=CC=CC(=C1C2=CC(=O)C3=C(C(=C(C(=C3O2)OC)OC)OC)O)O,Dynamin-1,DNM1,Q05193,Enzyme,0.113285953487
124211,"5,2'-Dihydroxy-6,7,8,6'-tetramethoxyflavone",COC1=CC=CC(=C1C2=CC(=O)C3=C(C(=C(C(=C3O2)OC)OC)OC)O)O,Cyclophilin A,PPIA,P62937,Isomerase,0.113285953487
124211,"5,2'-Dihydroxy-6,7,8,6'-tetramethoxyflavone",COC1=CC=CC(=C1C2=CC(=O)C3=C(C(=C(C(=C3O2)OC)OC)OC)O)O,"Indoleamine 2,3-dioxygenase",IDO1,P14902,Enzyme,0.113285953487
124211,"5,2'-Dihydroxy-6,7,8,6'-tetramethoxyflavone",COC1=CC=CC(=C1C2=CC(=O)C3=C(C(=C(C(=C3O2)OC)OC)OC)O)O,Casein kinase II alpha,CSNK2A1,P68400,Kinase,0.113285953487
124211,"5,2'-Dihydroxy-6,7,8,6'-tetramethoxyflavone",COC1=CC=CC(=C1C2=CC(=O)C3=C(C(=C(C(=C3O2)OC)OC)OC)O)O,Cyclin-dependent kinase 1,CDK1,P06493,Kinase,0.113285953487
124211,"5,2'-Dihydroxy-6,7,8,6'-tetramethoxyflavone",COC1=CC=CC(=C1C2=CC(=O)C3=C(C(=C(C(=C3O2)OC)OC)OC)O)O,Equilibrative nucleoside transporter 1,SLC29A1,Q99808,Electrochemical transporter,0.113285953487
124211,"5,2'-Dihydroxy-6,7,8,6'-tetramethoxyflavone",COC1=CC=CC(=C1C2=CC(=O)C3=C(C(=C(C(=C3O2)OC)OC)OC)O)O,G protein-coupled receptor kinase 6,GRK6,P43250,Kinase,0.113285953487
124211,"5,2'-Dihydroxy-6,7,8,6'-tetramethoxyflavone",COC1=CC=CC(=C1C2=CC(=O)C3=C(C(=C(C(=C3O2)OC)OC)OC)O)O,Adenosine A2b receptor,ADORA2B,P29275,Family A G protein-coupled receptor,0.113285953487
124211,"5,2'-Dihydroxy-6,7,8,6'-tetramethoxyflavone",COC1=CC=CC(=C1C2=CC(=O)C3=C(C(=C(C(=C3O2)OC)OC)OC)O)O,Bone morphogenetic protein 1,BMP1,P13497,Protease,0.113285953487
124211,"5,2'-Dihydroxy-6,7,8,6'-tetramethoxyflavone",COC1=CC=CC(=C1C2=CC(=O)C3=C(C(=C(C(=C3O2)OC)OC)OC)O)O,Death-associated protein kinase 1,DAPK1,P53355,Kinase,0.113285953487
5280373,Biochanin A,COC1=CC=C(C=C1)C2=COC3=CC(=CC(=C3C2=O)O)O,Cytochrome P450 19A1,CYP19A1,P11511,Cytochrome P450,1.0
5280373,Biochanin A,COC1=CC=C(C=C1)C2=COC3=CC(=CC(=C3C2=O)O)O,Carbonic anhydrase VII,CA7,P43166,Lyase,1.0
5280373,Biochanin A,COC1=CC=C(C=C1)C2=COC3=CC(=CC(=C3C2=O)O)O,Estradiol 17-beta-dehydrogenase 2,HSD17B2,P37059,Enzyme,1.0
5280373,Biochanin A,COC1=CC=C(C=C1)C2=COC3=CC(=CC(=C3C2=O)O)O,Carbonic anhydrase XII,CA12,O43570,Lyase,1.0
5280373,Biochanin A,COC1=CC=C(C=C1)C2=COC3=CC(=CC(=C3C2=O)O)O,Carbonic anhydrase IV,CA4,P22748,Lyase,1.0
5280373,Biochanin A,COC1=CC=C(C=C1)C2=COC3=CC(=CC(=C3C2=O)O)O,Carbonyl reductase [NADPH] 1,CBR1,P16152,Enzyme,1.0
5280373,Biochanin A,COC1=CC=C(C=C1)C2=COC3=CC(=CC(=C3C2=O)O)O,P-glycoprotein 1,ABCB1,P08183,Primary active transporter,0.221330189598
5280373,Biochanin A,COC1=CC=C(C=C1)C2=COC3=CC(=CC(=C3C2=O)O)O,Estradiol 17-beta-dehydrogenase 1,HSD17B1,P14061,Enzyme,0.196657136121
5280373,Biochanin A,COC1=CC=C(C=C1)C2=COC3=CC(=CC(=C3C2=O)O)O,Estrogen receptor alpha,ESR1,P03372,Nuclear receptor,0.163737226168
5280373,Biochanin A,COC1=CC=C(C=C1)C2=COC3=CC(=CC(=C3C2=O)O)O,Estrogen receptor beta,ESR2,Q92731,Nuclear receptor,0.163737226168
5280373,Biochanin A,COC1=CC=C(C=C1)C2=COC3=CC(=CC(=C3C2=O)O)O,Arachidonate 12-lipoxygenase,ALOX12,P18054,Enzyme,0.147256737367
5280373,Biochanin A,COC1=CC=C(C=C1)C2=COC3=CC(=CC(=C3C2=O)O)O,Epidermal growth factor receptor erbB1,EGFR,P00533,Kinase,0.139061946948
5280373,Biochanin A,COC1=CC=C(C=C1)C2=COC3=CC(=CC(=C3C2=O)O)O,ATP-binding cassette sub-family G member 2,ABCG2,Q9UNQ0,Primary active transporter,0.130791955177
5280373,Biochanin A,COC1=CC=C(C=C1)C2=COC3=CC(=CC(=C3C2=O)O)O,Aldehyde dehydrogenase,ALDH2,P05091,Oxidoreductase,0.130791955177
5280373,Biochanin A,COC1=CC=C(C=C1)C2=COC3=CC(=CC(=C3C2=O)O)O,Thromboxane-A synthase,TBXAS1,P24557,Cytochrome P450,0.122581769115
5280373,Biochanin A,COC1=CC=C(C=C1)C2=COC3=CC(=CC(=C3C2=O)O)O,Monoamine oxidase A,MAOA,P21397,Oxidoreductase,0.122581769115
5280373,Biochanin A,COC1=CC=C(C=C1)C2=COC3=CC(=CC(=C3C2=O)O)O,Maltase-glucoamylase,MGAM,O43451,Hydrolase,0.122581769115
5280373,Biochanin A,COC1=CC=C(C=C1)C2=COC3=CC(=CC(=C3C2=O)O)O,Serotonin 2a (5-HT2a) receptor,HTR2A,P28223,Family A G protein-coupled receptor,0.122581769115
5280373,Biochanin A,COC1=CC=C(C=C1)C2=COC3=CC(=CC(=C3C2=O)O)O,Serotonin 2c (5-HT2c) receptor,HTR2C,P28335,Family A G protein-coupled receptor,0.122581769115
5280373,Biochanin A,COC1=CC=C(C=C1)C2=COC3=CC(=CC(=C3C2=O)O)O,Adenosine A1 receptor   (by homology),ADORA1,P30542,Family A G protein-coupled receptor,0.122581769115
5280373,Biochanin A,COC1=CC=C(C=C1)C2=COC3=CC(=CC(=C3C2=O)O)O,Adenosine A2a receptor,ADORA2A,P29274,Family A G protein-coupled receptor,0.122581769115
5280373,Biochanin A,COC1=CC=C(C=C1)C2=COC3=CC(=CC(=C3C2=O)O)O,Estrogen-related receptor alpha,ESRRA,P11474,Nuclear receptor,0.122581769115
5280373,Biochanin A,COC1=CC=C(C=C1)C2=COC3=CC(=CC(=C3C2=O)O)O,Estrogen-related receptor beta,ESRRB,O95718,Nuclear receptor,0.122581769115
5280373,Biochanin A,COC1=CC=C(C=C1)C2=COC3=CC(=CC(=C3C2=O)O)O,Interleukin-2,IL2,P60568,Secreted protein,0.122581769115
5280373,Biochanin A,COC1=CC=C(C=C1)C2=COC3=CC(=CC(=C3C2=O)O)O,Cyclooxygenase-1,PTGS1,P23219,Oxidoreductase,0.114337558605
5280373,Biochanin A,COC1=CC=C(C=C1)C2=COC3=CC(=CC(=C3C2=O)O)O,Norepinephrine transporter,SLC6A2,P23975,Electrochemical transporter,0.114337558605
5280373,Biochanin A,COC1=CC=C(C=C1)C2=COC3=CC(=CC(=C3C2=O)O)O,Arachidonate 15-lipoxygenase,ALOX15,P16050,Enzyme,0.106099949133
5280373,Biochanin A,COC1=CC=C(C=C1)C2=COC3=CC(=CC(=C3C2=O)O)O,Xanthine dehydrogenase,XDH,P47989,Oxidoreductase,0.106099949133
5280373,Biochanin A,COC1=CC=C(C=C1)C2=COC3=CC(=CC(=C3C2=O)O)O,Tyrosinase   (by homology),TYR,P14679,Oxidoreductase,0.0978745343258
5280373,Biochanin A,COC1=CC=C(C=C1)C2=COC3=CC(=CC(=C3C2=O)O)O,Macrophage migration inhibitory factor,MIF,P14174,Enzyme,0.0978745343258
5280373,Biochanin A,COC1=CC=C(C=C1)C2=COC3=CC(=CC(=C3C2=O)O)O,Carbonic anhydrase II,CA2,P00918,Lyase,0.0978745343258
5280373,Biochanin A,COC1=CC=C(C=C1)C2=COC3=CC(=CC(=C3C2=O)O)O,Receptor-type tyrosine-protein phosphatase S,PTPRS,Q13332,Phosphatase,0.0978745343258
5280373,Biochanin A,COC1=CC=C(C=C1)C2=COC3=CC(=CC(=C3C2=O)O)O,Peroxisome proliferator-activated receptor alpha,PPARA,Q07869,Nuclear receptor,0.0978745343258
5280373,Biochanin A,COC1=CC=C(C=C1)C2=COC3=CC(=CC(=C3C2=O)O)O,Toll-like receptor (TLR7/TLR9),TLR9,Q9NR96,Toll-like and Il-1 receptors,0.0978745343258
5280373,Biochanin A,COC1=CC=C(C=C1)C2=COC3=CC(=CC(=C3C2=O)O)O,Carbonic anhydrase I,CA1,P00915,Lyase,0.0978745343258
5280373,Biochanin A,COC1=CC=C(C=C1)C2=COC3=CC(=CC(=C3C2=O)O)O,Cytochrome P450 1B1,CYP1B1,Q16678,Cytochrome P450,0.0978745343258
5280373,Biochanin A,COC1=CC=C(C=C1)C2=COC3=CC(=CC(=C3C2=O)O)O,"6-phosphofructo-2-kinase/fructose-2,6-bisphosphatase 3",PFKFB3,Q16875,Enzyme,0.0978745343258
5280373,Biochanin A,COC1=CC=C(C=C1)C2=COC3=CC(=CC(=C3C2=O)O)O,Serum paraoxonase/arylesterase 1,PON1,P27169,Enzyme,0.0978745343258
5280373,Biochanin A,COC1=CC=C(C=C1)C2=COC3=CC(=CC(=C3C2=O)O)O,Carbonic anhydrase VB,CA5B,Q9Y2D0,Lyase,0.0978745343258
5280373,Biochanin A,COC1=CC=C(C=C1)C2=COC3=CC(=CC(=C3C2=O)O)O,Monoamine oxidase B,MAOB,P27338,Oxidoreductase,0.0978745343258
5280373,Biochanin A,COC1=CC=C(C=C1)C2=COC3=CC(=CC(=C3C2=O)O)O,NADPH oxidase 4,NOX4,Q9NPH5,Enzyme,0.0978745343258
5280373,Biochanin A,COC1=CC=C(C=C1)C2=COC3=CC(=CC(=C3C2=O)O)O,Steryl-sulfatase,STS,P08842,Enzyme,0.0978745343258
5280373,Biochanin A,COC1=CC=C(C=C1)C2=COC3=CC(=CC(=C3C2=O)O)O,Acetylcholinesterase,ACHE,P22303,Hydrolase,0.0978745343258
5280373,Biochanin A,COC1=CC=C(C=C1)C2=COC3=CC(=CC(=C3C2=O)O)O,Protein-tyrosine phosphatase 1B,PTPN1,P18031,Phosphatase,0.0978745343258
5280373,Biochanin A,COC1=CC=C(C=C1)C2=COC3=CC(=CC(=C3C2=O)O)O,Heat shock protein HSP 90-beta,HSP90AB1,P08238,Other cytosolic protein,0.0978745343258
5280373,Biochanin A,COC1=CC=C(C=C1)C2=COC3=CC(=CC(=C3C2=O)O)O,Carbonic anhydrase IX,CA9,Q16790,Lyase,0.0978745343258
5280373,Biochanin A,COC1=CC=C(C=C1)C2=COC3=CC(=CC(=C3C2=O)O)O,CDC7/DBF4 (Cell division cycle 7-related protein kinase/Activator of S phase kinase),CDC7,O00311,Kinase,0.0978745343258
5280373,Biochanin A,COC1=CC=C(C=C1)C2=COC3=CC(=CC(=C3C2=O)O)O,Glucagon receptor,GCGR,P47871,Family B G protein-coupled receptor,0.0978745343258
5280378,Formononetin,COC1=CC=C(C=C1)C2=COC3=C(C2=O)C=CC(=C3)O,Interleukin-2,IL2,P60568,Secreted protein,1.0
5280378,Formononetin,COC1=CC=C(C=C1)C2=COC3=C(C2=O)C=CC(=C3)O,Cytochrome P450 19A1,CYP19A1,P11511,Cytochrome P450,0.288928252457
5280378,Formononetin,COC1=CC=C(C=C1)C2=COC3=C(C2=O)C=CC(=C3)O,Aldehyde dehydrogenase,ALDH2,P05091,Oxidoreductase,0.182484828777
5280378,Formononetin,COC1=CC=C(C=C1)C2=COC3=C(C2=O)C=CC(=C3)O,Carbonic anhydrase XII,CA12,O43570,Lyase,0.182484828777
5280378,Formononetin,COC1=CC=C(C=C1)C2=COC3=C(C2=O)C=CC(=C3)O,Adenosine A1 receptor   (by homology),ADORA1,P30542,Family A G protein-coupled receptor,0.157929217109
5280378,Formononetin,COC1=CC=C(C=C1)C2=COC3=C(C2=O)C=CC(=C3)O,Adenosine A2a receptor,ADORA2A,P29274,Family A G protein-coupled receptor,0.157929217109
5280378,Formononetin,COC1=CC=C(C=C1)C2=COC3=C(C2=O)C=CC(=C3)O,Thromboxane-A synthase,TBXAS1,P24557,Cytochrome P450,0.149732593856
5280378,Formononetin,COC1=CC=C(C=C1)C2=COC3=C(C2=O)C=CC(=C3)O,Monoamine oxidase A,MAOA,P21397,Oxidoreductase,0.149732593856
5280378,Formononetin,COC1=CC=C(C=C1)C2=COC3=C(C2=O)C=CC(=C3)O,Maltase-glucoamylase,MGAM,O43451,Hydrolase,0.149732593856
5280378,Formononetin,COC1=CC=C(C=C1)C2=COC3=C(C2=O)C=CC(=C3)O,Serotonin 2a (5-HT2a) receptor,HTR2A,P28223,Family A G protein-coupled receptor,0.149732593856
5280378,Formononetin,COC1=CC=C(C=C1)C2=COC3=C(C2=O)C=CC(=C3)O,Serotonin 2c (5-HT2c) receptor,HTR2C,P28335,Family A G protein-coupled receptor,0.149732593856
5280378,Formononetin,COC1=CC=C(C=C1)C2=COC3=C(C2=O)C=CC(=C3)O,Estrogen-related receptor alpha,ESRRA,P11474,Nuclear receptor,0.149732593856
5280378,Formononetin,COC1=CC=C(C=C1)C2=COC3=C(C2=O)C=CC(=C3)O,Estrogen-related receptor beta,ESRRB,O95718,Nuclear receptor,0.149732593856
5280378,Formononetin,COC1=CC=C(C=C1)C2=COC3=C(C2=O)C=CC(=C3)O,ATP-binding cassette sub-family G member 2,ABCG2,Q9UNQ0,Primary active transporter,0.149732593856
5280378,Formononetin,COC1=CC=C(C=C1)C2=COC3=C(C2=O)C=CC(=C3)O,Carbonic anhydrase VII,CA7,P43166,Lyase,0.141522086267
5280378,Formononetin,COC1=CC=C(C=C1)C2=COC3=C(C2=O)C=CC(=C3)O,Estradiol 17-beta-dehydrogenase 2,HSD17B2,P37059,Enzyme,0.141522086267
5280378,Formononetin,COC1=CC=C(C=C1)C2=COC3=C(C2=O)C=CC(=C3)O,Carbonic anhydrase IV,CA4,P22748,Lyase,0.141522086267
5280378,Formononetin,COC1=CC=C(C=C1)C2=COC3=C(C2=O)C=CC(=C3)O,Carbonyl reductase [NADPH] 1,CBR1,P16152,Enzyme,0.141522086267
5280378,Formononetin,COC1=CC=C(C=C1)C2=COC3=C(C2=O)C=CC(=C3)O,Norepinephrine transporter,SLC6A2,P23975,Electrochemical transporter,0.133337961498
5280378,Formononetin,COC1=CC=C(C=C1)C2=COC3=C(C2=O)C=CC(=C3)O,Arachidonate 12-lipoxygenase,ALOX12,P18054,Enzyme,0.133337961498
5280378,Formononetin,COC1=CC=C(C=C1)C2=COC3=C(C2=O)C=CC(=C3)O,Epidermal growth factor receptor erbB1,EGFR,P00533,Kinase,0.125142648574
5280378,Formononetin,COC1=CC=C(C=C1)C2=COC3=C(C2=O)C=CC(=C3)O,Tyrosinase   (by homology),TYR,P14679,Oxidoreductase,0.116965063224
5280378,Formononetin,COC1=CC=C(C=C1)C2=COC3=C(C2=O)C=CC(=C3)O,Xanthine dehydrogenase,XDH,P47989,Oxidoreductase,0.116965063224
5280378,Formononetin,COC1=CC=C(C=C1)C2=COC3=C(C2=O)C=CC(=C3)O,"6-phosphofructo-2-kinase/fructose-2,6-bisphosphatase 3",PFKFB3,Q16875,Enzyme,0.116965063224
5280378,Formononetin,COC1=CC=C(C=C1)C2=COC3=C(C2=O)C=CC(=C3)O,Estrogen receptor beta,ESR2,Q92731,Nuclear receptor,0.108770969359
5280378,Formononetin,COC1=CC=C(C=C1)C2=COC3=C(C2=O)C=CC(=C3)O,Receptor-type tyrosine-protein phosphatase S,PTPRS,Q13332,Phosphatase,0.108770969359
5280378,Formononetin,COC1=CC=C(C=C1)C2=COC3=C(C2=O)C=CC(=C3)O,Estradiol 17-beta-dehydrogenase 1,HSD17B1,P14061,Enzyme,0.108770969359
5280378,Formononetin,COC1=CC=C(C=C1)C2=COC3=C(C2=O)C=CC(=C3)O,P-glycoprotein 1,ABCB1,P08183,Primary active transporter,0.108770969359
5280378,Formononetin,COC1=CC=C(C=C1)C2=COC3=C(C2=O)C=CC(=C3)O,Estrogen receptor alpha,ESR1,P03372,Nuclear receptor,0.108770969359
5280378,Formononetin,COC1=CC=C(C=C1)C2=COC3=C(C2=O)C=CC(=C3)O,Macrophage migration inhibitory factor,MIF,P14174,Enzyme,0.108770969359
5280378,Formononetin,COC1=CC=C(C=C1)C2=COC3=C(C2=O)C=CC(=C3)O,Arachidonate 15-lipoxygenase,ALOX15,P16050,Enzyme,0.108770969359
5280378,Formononetin,COC1=CC=C(C=C1)C2=COC3=C(C2=O)C=CC(=C3)O,Peroxisome proliferator-activated receptor alpha,PPARA,Q07869,Nuclear receptor,0.100578902067
5280378,Formononetin,COC1=CC=C(C=C1)C2=COC3=C(C2=O)C=CC(=C3)O,Cyclooxygenase-1,PTGS1,P23219,Oxidoreductase,0.100578902067
5280378,Formononetin,COC1=CC=C(C=C1)C2=COC3=C(C2=O)C=CC(=C3)O,Toll-like receptor (TLR7/TLR9),TLR9,Q9NR96,Toll-like and Il-1 receptors,0.100578902067
5280378,Formononetin,COC1=CC=C(C=C1)C2=COC3=C(C2=O)C=CC(=C3)O,Monoamine oxidase B,MAOB,P27338,Oxidoreductase,0.100578902067
5280378,Formononetin,COC1=CC=C(C=C1)C2=COC3=C(C2=O)C=CC(=C3)O,Carbonic anhydrase II,CA2,P00918,Lyase,0.100578902067
5280378,Formononetin,COC1=CC=C(C=C1)C2=COC3=C(C2=O)C=CC(=C3)O,Carbonic anhydrase I,CA1,P00915,Lyase,0.100578902067
5280378,Formononetin,COC1=CC=C(C=C1)C2=COC3=C(C2=O)C=CC(=C3)O,NADPH oxidase 4,NOX4,Q9NPH5,Enzyme,0.100578902067
5280378,Formononetin,COC1=CC=C(C=C1)C2=COC3=C(C2=O)C=CC(=C3)O,Serum paraoxonase/arylesterase 1,PON1,P27169,Enzyme,0.100578902067
5280378,Formononetin,COC1=CC=C(C=C1)C2=COC3=C(C2=O)C=CC(=C3)O,Tankyrase-2,TNKS2,Q9H2K2,Enzyme,0.100578902067
5280378,Formononetin,COC1=CC=C(C=C1)C2=COC3=C(C2=O)C=CC(=C3)O,Tankyrase-1,TNKS,O95271,Enzyme,0.100578902067
5280378,Formononetin,COC1=CC=C(C=C1)C2=COC3=C(C2=O)C=CC(=C3)O,Acetylcholinesterase,ACHE,P22303,Hydrolase,0.100578902067
5280378,Formononetin,COC1=CC=C(C=C1)C2=COC3=C(C2=O)C=CC(=C3)O,Carbonic anhydrase III,CA3,P07451,Lyase,0.100578902067
5280378,Formononetin,COC1=CC=C(C=C1)C2=COC3=C(C2=O)C=CC(=C3)O,Carbonic anhydrase VI,CA6,P23280,Lyase,0.100578902067
5280378,Formononetin,COC1=CC=C(C=C1)C2=COC3=C(C2=O)C=CC(=C3)O,Carbonic anhydrase XIV,CA14,Q9ULX7,Lyase,0.100578902067
5280378,Formononetin,COC1=CC=C(C=C1)C2=COC3=C(C2=O)C=CC(=C3)O,Carbonic anhydrase XIII,CA13,Q8N1Q1,Lyase,0.100578902067
5280378,Formononetin,COC1=CC=C(C=C1)C2=COC3=C(C2=O)C=CC(=C3)O,Carbonic anhydrase VB,CA5B,Q9Y2D0,Lyase,0.100578902067
5280378,Formononetin,COC1=CC=C(C=C1)C2=COC3=C(C2=O)C=CC(=C3)O,Carbonic anhydrase VA,CA5A,P35218,Lyase,0.100578902067
5280378,Formononetin,COC1=CC=C(C=C1)C2=COC3=C(C2=O)C=CC(=C3)O,Dihydroorotate dehydrogenase,DHODH,Q02127,Oxidoreductase,0.100578902067
5280378,Formononetin,COC1=CC=C(C=C1)C2=COC3=C(C2=O)C=CC(=C3)O,Steryl-sulfatase,STS,P08842,Enzyme,0.100578902067
5280378,Formononetin,COC1=CC=C(C=C1)C2=COC3=C(C2=O)C=CC(=C3)O,DNA excision repair protein ERCC-5,ERCC5,P28715,Other nuclear protein,0.100578902067
5280378,Formononetin,COC1=CC=C(C=C1)C2=COC3=C(C2=O)C=CC(=C3)O,Flap endonuclease 1,FEN1,P39748,Enzyme,0.100578902067
5280378,Formononetin,COC1=CC=C(C=C1)C2=COC3=C(C2=O)C=CC(=C3)O,Serine/threonine-protein kinase RAF,RAF1,P04049,Kinase,0.100578902067
5280378,Formononetin,COC1=CC=C(C=C1)C2=COC3=C(C2=O)C=CC(=C3)O,Carbonic anhydrase IX,CA9,Q16790,Lyase,0.100578902067
5280378,Formononetin,COC1=CC=C(C=C1)C2=COC3=C(C2=O)C=CC(=C3)O,Protein-tyrosine phosphatase 1B,PTPN1,P18031,Phosphatase,0.100578902067
5280378,Formononetin,COC1=CC=C(C=C1)C2=COC3=C(C2=O)C=CC(=C3)O,Beta-secretase 1,BACE1,P56817,Protease,0.100578902067
68077,Tangeritin,COC1=CC=C(C=C1)C2=CC(=O)C3=C(O2)C(=C(C(=C3OC)OC)OC)OC,Delta opioid receptor   (by homology),OPRD1,P41143,Family A G protein-coupled receptor,1.0
68077,Tangeritin,COC1=CC=C(C=C1)C2=CC(=O)C3=C(O2)C(=C(C(=C3OC)OC)OC)OC,Aldose reductase,AKR1B1,P15121,Enzyme,0.361328707541
68077,Tangeritin,COC1=CC=C(C=C1)C2=CC(=O)C3=C(O2)C(=C(C(=C3OC)OC)OC)OC,Mu opioid receptor   (by homology),OPRM1,P35372,Family A G protein-coupled receptor,0.257235116096
68077,Tangeritin,COC1=CC=C(C=C1)C2=CC(=O)C3=C(O2)C(=C(C(=C3OC)OC)OC)OC,ATP-binding cassette sub-family G member 2,ABCG2,Q9UNQ0,Primary active transporter,0.217290827894
68077,Tangeritin,COC1=CC=C(C=C1)C2=CC(=O)C3=C(O2)C(=C(C(=C3OC)OC)OC)OC,Cytochrome P450 1B1,CYP1B1,Q16678,Cytochrome P450,0.169299096013
68077,Tangeritin,COC1=CC=C(C=C1)C2=CC(=O)C3=C(O2)C(=C(C(=C3OC)OC)OC)OC,Stem cell growth factor receptor,KIT,P10721,Kinase,0.161276819402
68077,Tangeritin,COC1=CC=C(C=C1)C2=CC(=O)C3=C(O2)C(=C(C(=C3OC)OC)OC)OC,Cyclooxygenase-2,PTGS2,P35354,Oxidoreductase,0.153290396807
68077,Tangeritin,COC1=CC=C(C=C1)C2=CC(=O)C3=C(O2)C(=C(C(=C3OC)OC)OC)OC,"Nitric oxide synthase, inducible",NOS2,P35228,Enzyme,0.13728888346
68077,Tangeritin,COC1=CC=C(C=C1)C2=CC(=O)C3=C(O2)C(=C(C(=C3OC)OC)OC)OC,Adenosine A2a receptor,ADORA2A,P29274,Family A G protein-coupled receptor,0.13728888346
68077,Tangeritin,COC1=CC=C(C=C1)C2=CC(=O)C3=C(O2)C(=C(C(=C3OC)OC)OC)OC,Adenosine A1 receptor,ADORA1,P30542,Family A G protein-coupled receptor,0.13728888346
68077,Tangeritin,COC1=CC=C(C=C1)C2=CC(=O)C3=C(O2)C(=C(C(=C3OC)OC)OC)OC,Adenosine A3 receptor,ADORA3,P0DMS8,Family A G protein-coupled receptor,0.13728888346
68077,Tangeritin,COC1=CC=C(C=C1)C2=CC(=O)C3=C(O2)C(=C(C(=C3OC)OC)OC)OC,"6-phosphofructo-2-kinase/fructose-2,6-bisphosphatase 3",PFKFB3,Q16875,Enzyme,0.12128700335
68077,Tangeritin,COC1=CC=C(C=C1)C2=CC(=O)C3=C(O2)C(=C(C(=C3OC)OC)OC)OC,Telomerase reverse transcriptase,TERT,O14746,Enzyme,0.12128700335
68077,Tangeritin,COC1=CC=C(C=C1)C2=CC(=O)C3=C(O2)C(=C(C(=C3OC)OC)OC)OC,P-glycoprotein 1,ABCB1,P08183,Primary active transporter,0.12128700335
68077,Tangeritin,COC1=CC=C(C=C1)C2=CC(=O)C3=C(O2)C(=C(C(=C3OC)OC)OC)OC,Arachidonate 5-lipoxygenase,ALOX5,P09917,Oxidoreductase,0.12128700335
68077,Tangeritin,COC1=CC=C(C=C1)C2=CC(=O)C3=C(O2)C(=C(C(=C3OC)OC)OC)OC,Tyrosine-protein kinase receptor FLT3,FLT3,P36888,Kinase,0.113285953487
68077,Tangeritin,COC1=CC=C(C=C1)C2=CC(=O)C3=C(O2)C(=C(C(=C3OC)OC)OC)OC,Plasminogen,PLG,P00747,Protease,0.113285953487
68077,Tangeritin,COC1=CC=C(C=C1)C2=CC(=O)C3=C(O2)C(=C(C(=C3OC)OC)OC)OC,Serine/threonine-protein kinase PIM1,PIM1,P11309,Kinase,0.113285953487
68077,Tangeritin,COC1=CC=C(C=C1)C2=CC(=O)C3=C(O2)C(=C(C(=C3OC)OC)OC)OC,NADPH oxidase 4,NOX4,Q9NPH5,Enzyme,0.113285953487
68077,Tangeritin,COC1=CC=C(C=C1)C2=CC(=O)C3=C(O2)C(=C(C(=C3OC)OC)OC)OC,Receptor-type tyrosine-protein phosphatase S,PTPRS,Q13332,Phosphatase,0.113285953487
68077,Tangeritin,COC1=CC=C(C=C1)C2=CC(=O)C3=C(O2)C(=C(C(=C3OC)OC)OC)OC,Matrix metalloproteinase 13,MMP13,P45452,Protease,0.113285953487
68077,Tangeritin,COC1=CC=C(C=C1)C2=CC(=O)C3=C(O2)C(=C(C(=C3OC)OC)OC)OC,Insulin-like growth factor I receptor,IGF1R,P08069,Kinase,0.113285953487
68077,Tangeritin,COC1=CC=C(C=C1)C2=CC(=O)C3=C(O2)C(=C(C(=C3OC)OC)OC)OC,Cytochrome P450 1A1,CYP1A1,P04798,Cytochrome P450,0.113285953487
68077,Tangeritin,COC1=CC=C(C=C1)C2=CC(=O)C3=C(O2)C(=C(C(=C3OC)OC)OC)OC,Beta amyloid A4 protein,APP,P05067,Membrane receptor,0.113285953487
68077,Tangeritin,COC1=CC=C(C=C1)C2=CC(=O)C3=C(O2)C(=C(C(=C3OC)OC)OC)OC,Serine/threonine-protein kinase Aurora-B,AURKB,Q96GD4,Kinase,0.113285953487
68077,Tangeritin,COC1=CC=C(C=C1)C2=CC(=O)C3=C(O2)C(=C(C(=C3OC)OC)OC)OC,Vascular endothelial growth factor receptor 2,KDR,P35968,Kinase,0.113285953487
68077,Tangeritin,COC1=CC=C(C=C1)C2=CC(=O)C3=C(O2)C(=C(C(=C3OC)OC)OC)OC,Hepatocyte growth factor receptor,MET,P08581,Kinase,0.113285953487
68077,Tangeritin,COC1=CC=C(C=C1)C2=CC(=O)C3=C(O2)C(=C(C(=C3OC)OC)OC)OC,Tyrosine-protein kinase SYK,SYK,P43405,Kinase,0.113285953487
68077,Tangeritin,COC1=CC=C(C=C1)C2=CC(=O)C3=C(O2)C(=C(C(=C3OC)OC)OC)OC,Serine/threonine-protein kinase PLK1,PLK1,P53350,Kinase,0.113285953487
68077,Tangeritin,COC1=CC=C(C=C1)C2=CC(=O)C3=C(O2)C(=C(C(=C3OC)OC)OC)OC,Thrombin,F2,P00734,Protease,0.113285953487
68077,Tangeritin,COC1=CC=C(C=C1)C2=CC(=O)C3=C(O2)C(=C(C(=C3OC)OC)OC)OC,Cytochrome P450 19A1,CYP19A1,P11511,Cytochrome P450,0.113285953487
68077,Tangeritin,COC1=CC=C(C=C1)C2=CC(=O)C3=C(O2)C(=C(C(=C3OC)OC)OC)OC,Induced myeloid leukemia cell differentiation protein Mcl-1,MCL1,Q07820,Other cytosolic protein,0.113285953487
68077,Tangeritin,COC1=CC=C(C=C1)C2=CC(=O)C3=C(O2)C(=C(C(=C3OC)OC)OC)OC,AMY1C,AMY1A,P04745,Enzyme,0.113285953487
68077,Tangeritin,COC1=CC=C(C=C1)C2=CC(=O)C3=C(O2)C(=C(C(=C3OC)OC)OC)OC,G protein-coupled receptor kinase 6,GRK6,P43250,Kinase,0.113285953487
68077,Tangeritin,COC1=CC=C(C=C1)C2=CC(=O)C3=C(O2)C(=C(C(=C3OC)OC)OC)OC,Epidermal growth factor receptor erbB1,EGFR,P00533,Kinase,0.113285953487
68077,Tangeritin,COC1=CC=C(C=C1)C2=CC(=O)C3=C(O2)C(=C(C(=C3OC)OC)OC)OC,Tyrosinase,TYR,P14679,Oxidoreductase,0.113285953487
68077,Tangeritin,COC1=CC=C(C=C1)C2=CC(=O)C3=C(O2)C(=C(C(=C3OC)OC)OC)OC,Aryl hydrocarbon receptor,AHR,P35869,Transcription factor,0.113285953487
68077,Tangeritin,COC1=CC=C(C=C1)C2=CC(=O)C3=C(O2)C(=C(C(=C3OC)OC)OC)OC,Estrogen-related receptor alpha,ESRRA,P11474,Nuclear receptor,0.113285953487
68077,Tangeritin,COC1=CC=C(C=C1)C2=CC(=O)C3=C(O2)C(=C(C(=C3OC)OC)OC)OC,Carbonic anhydrase II,CA2,P00918,Lyase,0.113285953487
68077,Tangeritin,COC1=CC=C(C=C1)C2=CC(=O)C3=C(O2)C(=C(C(=C3OC)OC)OC)OC,Carbonic anhydrase XII,CA12,O43570,Lyase,0.113285953487
68077,Tangeritin,COC1=CC=C(C=C1)C2=CC(=O)C3=C(O2)C(=C(C(=C3OC)OC)OC)OC,Neurotrophic tyrosine kinase receptor type 2,NTRK2,Q16620,Kinase,0.113285953487
68077,Tangeritin,COC1=CC=C(C=C1)C2=CC(=O)C3=C(O2)C(=C(C(=C3OC)OC)OC)OC,Focal adhesion kinase 1,PTK2,Q05397,Kinase,0.113285953487
68077,Tangeritin,COC1=CC=C(C=C1)C2=CC(=O)C3=C(O2)C(=C(C(=C3OC)OC)OC)OC,Tankyrase-2,TNKS2,Q9H2K2,Enzyme,0.113285953487
68077,Tangeritin,COC1=CC=C(C=C1)C2=CC(=O)C3=C(O2)C(=C(C(=C3OC)OC)OC)OC,Tankyrase-1,TNKS,O95271,Enzyme,0.113285953487
68077,Tangeritin,COC1=CC=C(C=C1)C2=CC(=O)C3=C(O2)C(=C(C(=C3OC)OC)OC)OC,Glycogen synthase kinase-3 beta,GSK3B,P49841,Kinase,0.113285953487
68077,Tangeritin,COC1=CC=C(C=C1)C2=CC(=O)C3=C(O2)C(=C(C(=C3OC)OC)OC)OC,Tyrosine-protein kinase SRC,SRC,P12931,Kinase,0.113285953487
68077,Tangeritin,COC1=CC=C(C=C1)C2=CC(=O)C3=C(O2)C(=C(C(=C3OC)OC)OC)OC,Acetylcholinesterase,ACHE,P22303,Hydrolase,0.113285953487
68077,Tangeritin,COC1=CC=C(C=C1)C2=CC(=O)C3=C(O2)C(=C(C(=C3OC)OC)OC)OC,Inhibitor of nuclear factor kappa B kinase beta subunit,IKBKB,O14920,Kinase,0.113285953487
68077,Tangeritin,COC1=CC=C(C=C1)C2=CC(=O)C3=C(O2)C(=C(C(=C3OC)OC)OC)OC,Casein kinase II alpha,CSNK2A1,P68400,Kinase,0.113285953487
68077,Tangeritin,COC1=CC=C(C=C1)C2=CC(=O)C3=C(O2)C(=C(C(=C3OC)OC)OC)OC,Estradiol 17-beta-dehydrogenase 2,HSD17B2,P37059,Enzyme,0.113285953487
68077,Tangeritin,COC1=CC=C(C=C1)C2=CC(=O)C3=C(O2)C(=C(C(=C3OC)OC)OC)OC,Estradiol 17-beta-dehydrogenase 1,HSD17B1,P14061,Enzyme,0.113285953487
68077,Tangeritin,COC1=CC=C(C=C1)C2=CC(=O)C3=C(O2)C(=C(C(=C3OC)OC)OC)OC,Insulin receptor,INSR,P06213,Kinase,0.113285953487
68077,Tangeritin,COC1=CC=C(C=C1)C2=CC(=O)C3=C(O2)C(=C(C(=C3OC)OC)OC)OC,ALK tyrosine kinase receptor,ALK,Q9UM73,Kinase,0.113285953487
68077,Tangeritin,COC1=CC=C(C=C1)C2=CC(=O)C3=C(O2)C(=C(C(=C3OC)OC)OC)OC,Dopamine D4 receptor,DRD4,P21917,Family A G protein-coupled receptor,0.113285953487
68077,Tangeritin,COC1=CC=C(C=C1)C2=CC(=O)C3=C(O2)C(=C(C(=C3OC)OC)OC)OC,Liver glycogen phosphorylase,PYGL,P06737,Enzyme,0.113285953487
68077,Tangeritin,COC1=CC=C(C=C1)C2=CC(=O)C3=C(O2)C(=C(C(=C3OC)OC)OC)OC,G-protein coupled receptor 35,GPR35,Q9HC97,Family A G protein-coupled receptor,0.113285953487
68077,Tangeritin,COC1=CC=C(C=C1)C2=CC(=O)C3=C(O2)C(=C(C(=C3OC)OC)OC)OC,Estrogen receptor beta,ESR2,Q92731,Nuclear receptor,0.113285953487
68077,Tangeritin,COC1=CC=C(C=C1)C2=CC(=O)C3=C(O2)C(=C(C(=C3OC)OC)OC)OC,Death-associated protein kinase 1,DAPK1,P53355,Kinase,0.113285953487
68077,Tangeritin,COC1=CC=C(C=C1)C2=CC(=O)C3=C(O2)C(=C(C(=C3OC)OC)OC)OC,DNA-3-methyladenine glycosylase,MPG,P29372,Enzyme,0.113285953487
68077,Tangeritin,COC1=CC=C(C=C1)C2=CC(=O)C3=C(O2)C(=C(C(=C3OC)OC)OC)OC,Cyclin-dependent kinase 1,CDK1,P06493,Kinase,0.113285953487
68077,Tangeritin,COC1=CC=C(C=C1)C2=CC(=O)C3=C(O2)C(=C(C(=C3OC)OC)OC)OC,Matrix metalloproteinase 9,MMP9,P14780,Protease,0.113285953487
68077,Tangeritin,COC1=CC=C(C=C1)C2=CC(=O)C3=C(O2)C(=C(C(=C3OC)OC)OC)OC,Poly [ADP-ribose] polymerase-1,PARP1,P09874,Enzyme,0.113285953487
68077,Tangeritin,COC1=CC=C(C=C1)C2=CC(=O)C3=C(O2)C(=C(C(=C3OC)OC)OC)OC,Matrix metalloproteinase 2,MMP2,P08253,Protease,0.113285953487
68077,Tangeritin,COC1=CC=C(C=C1)C2=CC(=O)C3=C(O2)C(=C(C(=C3OC)OC)OC)OC,Glyoxalase I,GLO1,Q04760,Enzyme,0.113285953487
68077,Tangeritin,COC1=CC=C(C=C1)C2=CC(=O)C3=C(O2)C(=C(C(=C3OC)OC)OC)OC,Myeloperoxidase,MPO,P05164,Enzyme,0.113285953487
68077,Tangeritin,COC1=CC=C(C=C1)C2=CC(=O)C3=C(O2)C(=C(C(=C3OC)OC)OC)OC,PI3-kinase p85-alpha subunit,PIK3R1,P27986,Enzyme,0.113285953487
68077,Tangeritin,COC1=CC=C(C=C1)C2=CC(=O)C3=C(O2)C(=C(C(=C3OC)OC)OC)OC,Carbonic anhydrase III,CA3,P07451,Lyase,0.113285953487
68077,Tangeritin,COC1=CC=C(C=C1)C2=CC(=O)C3=C(O2)C(=C(C(=C3OC)OC)OC)OC,Protein kinase N1,PKN1,Q16512,Kinase,0.113285953487
68077,Tangeritin,COC1=CC=C(C=C1)C2=CC(=O)C3=C(O2)C(=C(C(=C3OC)OC)OC)OC,Interleukin-8 receptor A,CXCR1,P25024,Family A G protein-coupled receptor,0.113285953487
68077,Tangeritin,COC1=CC=C(C=C1)C2=CC(=O)C3=C(O2)C(=C(C(=C3OC)OC)OC)OC,Serine/threonine-protein kinase NEK6,NEK6,Q9HC98,Kinase,0.113285953487
68077,Tangeritin,COC1=CC=C(C=C1)C2=CC(=O)C3=C(O2)C(=C(C(=C3OC)OC)OC)OC,DNA-(apurinic or apyrimidinic site) lyase,APEX1,P27695,Enzyme,0.113285953487
68077,Tangeritin,COC1=CC=C(C=C1)C2=CC(=O)C3=C(O2)C(=C(C(=C3OC)OC)OC)OC,NUAK family SNF1-like kinase 1,NUAK1,O60285,Kinase,0.113285953487
68077,Tangeritin,COC1=CC=C(C=C1)C2=CC(=O)C3=C(O2)C(=C(C(=C3OC)OC)OC)OC,Aldo-keto reductase family 1 member C2   (by homology),AKR1C2,P52895,Enzyme,0.113285953487
68077,Tangeritin,COC1=CC=C(C=C1)C2=CC(=O)C3=C(O2)C(=C(C(=C3OC)OC)OC)OC,Aldo-keto reductase family 1 member C1   (by homology),AKR1C1,Q04828,Enzyme,0.113285953487
68077,Tangeritin,COC1=CC=C(C=C1)C2=CC(=O)C3=C(O2)C(=C(C(=C3OC)OC)OC)OC,Aldo-keto reductase family 1 member C4   (by homology),AKR1C4,P17516,Enzyme,0.113285953487
68077,Tangeritin,COC1=CC=C(C=C1)C2=CC(=O)C3=C(O2)C(=C(C(=C3OC)OC)OC)OC,Aldehyde reductase   (by homology),AKR1A1,P14550,Enzyme,0.113285953487
68077,Tangeritin,COC1=CC=C(C=C1)C2=CC(=O)C3=C(O2)C(=C(C(=C3OC)OC)OC)OC,Cyclin-dependent kinase 5/CDK5 activator 1,CDK5R1,Q15078,Kinase,0.113285953487
68077,Tangeritin,COC1=CC=C(C=C1)C2=CC(=O)C3=C(O2)C(=C(C(=C3OC)OC)OC)OC,Cyclin-dependent kinase 5/CDK5 activator 1,CDK5,Q00535,Kinase,0.113285953487
68077,Tangeritin,COC1=CC=C(C=C1)C2=CC(=O)C3=C(O2)C(=C(C(=C3OC)OC)OC)OC,PI3-kinase p110-gamma subunit,PIK3CG,P48736,Enzyme,0.113285953487
68077,Tangeritin,COC1=CC=C(C=C1)C2=CC(=O)C3=C(O2)C(=C(C(=C3OC)OC)OC)OC,Carbonic anhydrase I,CA1,P00915,Lyase,0.113285953487
68077,Tangeritin,COC1=CC=C(C=C1)C2=CC(=O)C3=C(O2)C(=C(C(=C3OC)OC)OC)OC,Carbonic anhydrase IX,CA9,Q16790,Lyase,0.113285953487
68077,Tangeritin,COC1=CC=C(C=C1)C2=CC(=O)C3=C(O2)C(=C(C(=C3OC)OC)OC)OC,Cytochrome P450 1A2,CYP1A2,P05177,Cytochrome P450,0.113285953487
68077,Tangeritin,COC1=CC=C(C=C1)C2=CC(=O)C3=C(O2)C(=C(C(=C3OC)OC)OC)OC,Cyclin-dependent kinase 1/cyclin B,CCNB3,Q8WWL7,Other cytosolic protein,0.113285953487
68077,Tangeritin,COC1=CC=C(C=C1)C2=CC(=O)C3=C(O2)C(=C(C(=C3OC)OC)OC)OC,Cyclin-dependent kinase 1/cyclin B,CDK1,P06493,Other cytosolic protein,0.113285953487
68077,Tangeritin,COC1=CC=C(C=C1)C2=CC(=O)C3=C(O2)C(=C(C(=C3OC)OC)OC)OC,Cyclin-dependent kinase 1/cyclin B,CCNB1,P14635,Other cytosolic protein,0.113285953487
68077,Tangeritin,COC1=CC=C(C=C1)C2=CC(=O)C3=C(O2)C(=C(C(=C3OC)OC)OC)OC,Cyclin-dependent kinase 1/cyclin B,CCNB2,O95067,Other cytosolic protein,0.113285953487
68077,Tangeritin,COC1=CC=C(C=C1)C2=CC(=O)C3=C(O2)C(=C(C(=C3OC)OC)OC)OC,Ornithine decarboxylase,ODC1,P11926,Lyase,0.113285953487
68077,Tangeritin,COC1=CC=C(C=C1)C2=CC(=O)C3=C(O2)C(=C(C(=C3OC)OC)OC)OC,Beta-secretase 1,BACE1,P56817,Protease,0.113285953487
68077,Tangeritin,COC1=CC=C(C=C1)C2=CC(=O)C3=C(O2)C(=C(C(=C3OC)OC)OC)OC,DNA topoisomerase I   (by homology),TOP1,P11387,Isomerase,0.113285953487
68077,Tangeritin,COC1=CC=C(C=C1)C2=CC(=O)C3=C(O2)C(=C(C(=C3OC)OC)OC)OC,Arginase-1   (by homology),ARG1,P05089,Enzyme,0.113285953487
68077,Tangeritin,COC1=CC=C(C=C1)C2=CC(=O)C3=C(O2)C(=C(C(=C3OC)OC)OC)OC,Multidrug resistance-associated protein 1,ABCC1,P33527,Primary active transporter,0.113285953487
68077,Tangeritin,COC1=CC=C(C=C1)C2=CC(=O)C3=C(O2)C(=C(C(=C3OC)OC)OC)OC,Matrix metalloproteinase 3,MMP3,P08254,Protease,0.113285953487
68077,Tangeritin,COC1=CC=C(C=C1)C2=CC(=O)C3=C(O2)C(=C(C(=C3OC)OC)OC)OC,Serine/threonine-protein kinase AKT,AKT1,P31749,Kinase,0.113285953487
68077,Tangeritin,COC1=CC=C(C=C1)C2=CC(=O)C3=C(O2)C(=C(C(=C3OC)OC)OC)OC,Monoamine oxidase A,MAOA,P21397,Oxidoreductase,0.113285953487
68077,Tangeritin,COC1=CC=C(C=C1)C2=CC(=O)C3=C(O2)C(=C(C(=C3OC)OC)OC)OC,Carbonic anhydrase VII,CA7,P43166,Lyase,0.113285953487
68077,Tangeritin,COC1=CC=C(C=C1)C2=CC(=O)C3=C(O2)C(=C(C(=C3OC)OC)OC)OC,Tyrosine-protein kinase JAK1,JAK1,P23458,Kinase,0.113285953487
68077,Tangeritin,COC1=CC=C(C=C1)C2=CC(=O)C3=C(O2)C(=C(C(=C3OC)OC)OC)OC,Phosphodiesterase 10A,PDE10A,Q9Y233,Phosphodiesterase,0.113285953487
68077,Tangeritin,COC1=CC=C(C=C1)C2=CC(=O)C3=C(O2)C(=C(C(=C3OC)OC)OC)OC,Bone morphogenetic protein 4,BMP4,P12644,Protease,0.113285953487
68077,Tangeritin,COC1=CC=C(C=C1)C2=CC(=O)C3=C(O2)C(=C(C(=C3OC)OC)OC)OC,Androgen Receptor,AR,P10275,Nuclear receptor,0.113285953487
68077,Tangeritin,COC1=CC=C(C=C1)C2=CC(=O)C3=C(O2)C(=C(C(=C3OC)OC)OC)OC,Cyclin-dependent kinase 2,CDK2,P24941,Kinase,0.113285953487
68077,Tangeritin,COC1=CC=C(C=C1)C2=CC(=O)C3=C(O2)C(=C(C(=C3OC)OC)OC)OC,Xanthine dehydrogenase,XDH,P47989,Oxidoreductase,0.113285953487
68077,Tangeritin,COC1=CC=C(C=C1)C2=CC(=O)C3=C(O2)C(=C(C(=C3OC)OC)OC)OC,"AMP-activated protein kinase, beta-1 subunit",PRKAB1,Q9Y478,Kinase,0.113285953487
68077,Tangeritin,COC1=CC=C(C=C1)C2=CC(=O)C3=C(O2)C(=C(C(=C3OC)OC)OC)OC,Bone morphogenetic protein receptor type-1A,BMPR1A,P36894,Kinase,0.113285953487
68077,Tangeritin,COC1=CC=C(C=C1)C2=CC(=O)C3=C(O2)C(=C(C(=C3OC)OC)OC)OC,Activin receptor type-1B,ACVR1B,P36896,Kinase,0.113285953487
14332,"3,5-Dimethoxybenzoic acid",COC1=CC(=CC(=C1)C(=O)O)OC,Carbonic anhydrase II,CA2,P00918,Lyase,0.396787375006
14332,"3,5-Dimethoxybenzoic acid",COC1=CC(=CC(=C1)C(=O)O)OC,Carbonic anhydrase VII,CA7,P43166,Lyase,0.396787375006
14332,"3,5-Dimethoxybenzoic acid",COC1=CC(=CC(=C1)C(=O)O)OC,Carbonic anhydrase I,CA1,P00915,Lyase,0.396787375006
14332,"3,5-Dimethoxybenzoic acid",COC1=CC(=CC(=C1)C(=O)O)OC,Carbonic anhydrase XII,CA12,O43570,Lyase,0.396787375006
14332,"3,5-Dimethoxybenzoic acid",COC1=CC(=CC(=C1)C(=O)O)OC,Carbonic anhydrase XIV,CA14,Q9ULX7,Lyase,0.396787375006
14332,"3,5-Dimethoxybenzoic acid",COC1=CC(=CC(=C1)C(=O)O)OC,Carbonic anhydrase IX,CA9,Q16790,Lyase,0.396787375006
14332,"3,5-Dimethoxybenzoic acid",COC1=CC(=CC(=C1)C(=O)O)OC,Carbonic anhydrase VA,CA5A,P35218,Lyase,0.212408695957
14332,"3,5-Dimethoxybenzoic acid",COC1=CC(=CC(=C1)C(=O)O)OC,Carbonic anhydrase IV,CA4,P22748,Lyase,0.185778875656
14332,"3,5-Dimethoxybenzoic acid",COC1=CC(=CC(=C1)C(=O)O)OC,Carbonic anhydrase III,CA3,P07451,Lyase,0.168448928811
14332,"3,5-Dimethoxybenzoic acid",COC1=CC(=CC(=C1)C(=O)O)OC,Carbonic anhydrase VI,CA6,P23280,Lyase,0.0893704742941
14332,"3,5-Dimethoxybenzoic acid",COC1=CC(=CC(=C1)C(=O)O)OC,Aldo-keto-reductase family 1 member C3,AKR1C3,P42330,Enzyme,0.0893704742941
14332,"3,5-Dimethoxybenzoic acid",COC1=CC(=CC(=C1)C(=O)O)OC,Carbonic anhydrase XIII   (by homology),CA13,Q8N1Q1,Lyase,0.0893704742941
14332,"3,5-Dimethoxybenzoic acid",COC1=CC(=CC(=C1)C(=O)O)OC,Tyrosine-protein kinase FYN,FYN,P06241,Kinase,0.080569968052
14332,"3,5-Dimethoxybenzoic acid",COC1=CC(=CC(=C1)C(=O)O)OC,Tyrosine-protein kinase LCK,LCK,P06239,Kinase,0.080569968052
14332,"3,5-Dimethoxybenzoic acid",COC1=CC(=CC(=C1)C(=O)O)OC,Neuronal acetylcholine receptor; alpha4/beta2,CHRNA4,P43681,Ligand-gated ion channel,0.080569968052
14332,"3,5-Dimethoxybenzoic acid",COC1=CC(=CC(=C1)C(=O)O)OC,Neuronal acetylcholine receptor; alpha4/beta2,CHRNB2,P17787,Ligand-gated ion channel,0.080569968052
14332,"3,5-Dimethoxybenzoic acid",COC1=CC(=CC(=C1)C(=O)O)OC,"Alpha-(1,3)-fucosyltransferase 7",FUT7,Q11130,Transferase,0.080569968052
14332,"3,5-Dimethoxybenzoic acid",COC1=CC(=CC(=C1)C(=O)O)OC,Neuronal acetylcholine receptor protein alpha-7 subunit,CHRNA7,P36544,Ligand-gated ion channel,0.0717871625222
14332,"3,5-Dimethoxybenzoic acid",COC1=CC(=CC(=C1)C(=O)O)OC,Serine/threonine-protein kinase PIM1,PIM1,P11309,Kinase,0.0717871625222
14332,"3,5-Dimethoxybenzoic acid",COC1=CC(=CC(=C1)C(=O)O)OC,Kynurenine 3-monooxygenase   (by homology),KMO,O15229,Oxidoreductase,0.0717871625222
14332,"3,5-Dimethoxybenzoic acid",COC1=CC(=CC(=C1)C(=O)O)OC,Carbonic anhydrase VB,CA5B,Q9Y2D0,Lyase,0.0717871625222
14332,"3,5-Dimethoxybenzoic acid",COC1=CC(=CC(=C1)C(=O)O)OC,T1R1/T1R3_UNCURATED,TAS1R3,Q7RTX0,Family C G protein-coupled receptor,0.0717871625222
14332,"3,5-Dimethoxybenzoic acid",COC1=CC(=CC(=C1)C(=O)O)OC,T1R1/T1R3_UNCURATED,TAS1R1,Q7RTX1,Family C G protein-coupled receptor,0.0717871625222
14332,"3,5-Dimethoxybenzoic acid",COC1=CC(=CC(=C1)C(=O)O)OC,Matrix metalloproteinase 12,MMP12,P39900,Protease,0.0717871625222
14332,"3,5-Dimethoxybenzoic acid",COC1=CC(=CC(=C1)C(=O)O)OC,Matrix metalloproteinase 8,MMP8,P22894,Protease,0.0717871625222
14332,"3,5-Dimethoxybenzoic acid",COC1=CC(=CC(=C1)C(=O)O)OC,Peroxisome proliferator-activated receptor alpha   (by homology),PPARA,Q07869,Nuclear receptor,0.0717871625222
14332,"3,5-Dimethoxybenzoic acid",COC1=CC(=CC(=C1)C(=O)O)OC,Lysine-specific demethylase 4D-like,KDM4E,B2RXH2,Eraser,0.0717871625222
14332,"3,5-Dimethoxybenzoic acid",COC1=CC(=CC(=C1)C(=O)O)OC,Lysine-specific demethylase 3A,KDM3A,Q9Y4C1,Eraser,0.0717871625222
14332,"3,5-Dimethoxybenzoic acid",COC1=CC(=CC(=C1)C(=O)O)OC,Lysine-specific demethylase 2A,KDM2A,Q9Y2K7,Eraser,0.0717871625222
14332,"3,5-Dimethoxybenzoic acid",COC1=CC(=CC(=C1)C(=O)O)OC,Lysine-specific demethylase 5C,KDM5C,P41229,Eraser,0.0717871625222
14332,"3,5-Dimethoxybenzoic acid",COC1=CC(=CC(=C1)C(=O)O)OC,Lysine-specific demethylase 4A,KDM4A,O75164,Eraser,0.0717871625222
14332,"3,5-Dimethoxybenzoic acid",COC1=CC(=CC(=C1)C(=O)O)OC,Lysine-specific demethylase 4C,KDM4C,Q9H3R0,Eraser,0.0717871625222
14332,"3,5-Dimethoxybenzoic acid",COC1=CC(=CC(=C1)C(=O)O)OC,"Intercellular adhesion molecule (ICAM-1), Integrin alpha-L/beta-2",ITGAL,P20701,Membrane receptor,0.0717871625222
14332,"3,5-Dimethoxybenzoic acid",COC1=CC(=CC(=C1)C(=O)O)OC,"Intercellular adhesion molecule (ICAM-1), Integrin alpha-L/beta-2",ICAM1,P05362,Membrane receptor,0.0717871625222
14332,"3,5-Dimethoxybenzoic acid",COC1=CC(=CC(=C1)C(=O)O)OC,"Intercellular adhesion molecule (ICAM-1), Integrin alpha-L/beta-2",ITGB2,P05107,Membrane receptor,0.0717871625222
14332,"3,5-Dimethoxybenzoic acid",COC1=CC(=CC(=C1)C(=O)O)OC,Lysine-specific demethylase 4B,KDM4B,O94953,Eraser,0.0717871625222
14332,"3,5-Dimethoxybenzoic acid",COC1=CC(=CC(=C1)C(=O)O)OC,Lysine-specific demethylase 5B,KDM5B,Q9UGL1,Eraser,0.0717871625222
14332,"3,5-Dimethoxybenzoic acid",COC1=CC(=CC(=C1)C(=O)O)OC,Serine/threonine-protein kinase/endoribonuclease IRE1,ERN1,O75460,Enzyme,0.0717871625222
14332,"3,5-Dimethoxybenzoic acid",COC1=CC(=CC(=C1)C(=O)O)OC,Aldose reductase   (by homology),AKR1B1,P15121,Enzyme,0.0717871625222
14332,"3,5-Dimethoxybenzoic acid",COC1=CC(=CC(=C1)C(=O)O)OC,Tubulin beta-1 chain,TUBB1,Q9H4B7,Structural protein,0.0717871625222
14332,"3,5-Dimethoxybenzoic acid",COC1=CC(=CC(=C1)C(=O)O)OC,Lysine-specific demethylase 6B,KDM6B,O15054,Eraser,0.0717871625222
14332,"3,5-Dimethoxybenzoic acid",COC1=CC(=CC(=C1)C(=O)O)OC,Mast cell carboxypeptidase A,CPA3,P15088,Protease,0.0717871625222
14332,"3,5-Dimethoxybenzoic acid",COC1=CC(=CC(=C1)C(=O)O)OC,Angiotensin-converting enzyme   (by homology),ACE,P12821,Protease,0.0717871625222
14332,"3,5-Dimethoxybenzoic acid",COC1=CC(=CC(=C1)C(=O)O)OC,Egl nine homolog 3,EGLN3,Q9H6Z9,Enzyme,0.0717871625222
14332,"3,5-Dimethoxybenzoic acid",COC1=CC(=CC(=C1)C(=O)O)OC,Lysine-specific demethylase 4D,KDM4D,Q6B0I6,Eraser,0.0717871625222
14332,"3,5-Dimethoxybenzoic acid",COC1=CC(=CC(=C1)C(=O)O)OC,Aminopeptidase B,RNPEP,Q9H4A4,Protease,0.0717871625222
14332,"3,5-Dimethoxybenzoic acid",COC1=CC(=CC(=C1)C(=O)O)OC,Prostanoid DP receptor,PTGDR,Q13258,Family A G protein-coupled receptor,0.0717871625222
14332,"3,5-Dimethoxybenzoic acid",COC1=CC(=CC(=C1)C(=O)O)OC,Palmitoleoyl-protein carboxylesterase NOTUM,NOTUM,Q6P988,Hydrolase,0.0717871625222
4114,Methoxsalen,COC1=C2C(=CC3=C1OC=C3)C=CC(=O)O2,Acetylcholinesterase,ACHE,P22303,Hydrolase,0.980243838738
4114,Methoxsalen,COC1=C2C(=CC3=C1OC=C3)C=CC(=O)O2,Cytochrome P450 1A2,CYP1A2,P05177,Cytochrome P450,0.980243838738
4114,Methoxsalen,COC1=C2C(=CC3=C1OC=C3)C=CC(=O)O2,Carbonic anhydrase XII,CA12,O43570,Lyase,0.0690974435253
4114,Methoxsalen,COC1=C2C(=CC3=C1OC=C3)C=CC(=O)O2,Carbonic anhydrase IX,CA9,Q16790,Lyase,0.0690974435253
4114,Methoxsalen,COC1=C2C(=CC3=C1OC=C3)C=CC(=O)O2,Voltage-gated potassium channel subunit Kv1.3,KCNA3,P22001,Voltage-gated ion channel,0.0690974435253
4114,Methoxsalen,COC1=C2C(=CC3=C1OC=C3)C=CC(=O)O2,Carbonic anhydrase VII,CA7,P43166,Lyase,0.0604245879294
4114,Methoxsalen,COC1=C2C(=CC3=C1OC=C3)C=CC(=O)O2,Carbonic anhydrase XIII,CA13,Q8N1Q1,Lyase,0.0604245879294
4114,Methoxsalen,COC1=C2C(=CC3=C1OC=C3)C=CC(=O)O2,Carbonic anhydrase II,CA2,P00918,Lyase,0.0604245879294
4114,Methoxsalen,COC1=C2C(=CC3=C1OC=C3)C=CC(=O)O2,Monoamine oxidase A,MAOA,P21397,Oxidoreductase,0.0604245879294
4114,Methoxsalen,COC1=C2C(=CC3=C1OC=C3)C=CC(=O)O2,Epidermal growth factor receptor erbB1,EGFR,P00533,Kinase,0.0604245879294
4114,Methoxsalen,COC1=C2C(=CC3=C1OC=C3)C=CC(=O)O2,Carbonic anhydrase I,CA1,P00915,Lyase,0.0604245879294
4114,Methoxsalen,COC1=C2C(=CC3=C1OC=C3)C=CC(=O)O2,Nuclear factor NF-kappa-B p105 subunit,NFKB1,P19838,Other cytosolic protein,0.0604245879294
4114,Methoxsalen,COC1=C2C(=CC3=C1OC=C3)C=CC(=O)O2,Trace amine-associated receptor 1   (by homology),TAAR1,Q96RJ0,Family A G protein-coupled receptor,0.0604245879294
4114,Methoxsalen,COC1=C2C(=CC3=C1OC=C3)C=CC(=O)O2,D-amino-acid oxidase,DAO,P14920,Enzyme,0.0604245879294
4114,Methoxsalen,COC1=C2C(=CC3=C1OC=C3)C=CC(=O)O2,Monoamine oxidase B,MAOB,P27338,Oxidoreductase,0.0604245879294
4114,Methoxsalen,COC1=C2C(=CC3=C1OC=C3)C=CC(=O)O2,Adenosine A1 receptor,ADORA1,P30542,Family A G protein-coupled receptor,0.0604245879294
4114,Methoxsalen,COC1=C2C(=CC3=C1OC=C3)C=CC(=O)O2,Adenosine A2b receptor,ADORA2B,P29275,Family A G protein-coupled receptor,0.0604245879294
4114,Methoxsalen,COC1=C2C(=CC3=C1OC=C3)C=CC(=O)O2,Adenosine A3 receptor,ADORA3,P0DMS8,Family A G protein-coupled receptor,0.0604245879294
4114,Methoxsalen,COC1=C2C(=CC3=C1OC=C3)C=CC(=O)O2,Tyrosine-protein kinase JAK1,JAK1,P23458,Kinase,0.0604245879294
4114,Methoxsalen,COC1=C2C(=CC3=C1OC=C3)C=CC(=O)O2,Tyrosine-protein kinase JAK2,JAK2,O60674,Kinase,0.0604245879294
2353,Berberine,COC1=C(C2=C[N+]3=C(C=C2C=C1)C4=CC5=C(C=C4CC3)OCO5)OC,Acetylcholinesterase,ACHE,P22303,Hydrolase,0.77510108537
2353,Berberine,COC1=C(C2=C[N+]3=C(C=C2C=C1)C4=CC5=C(C=C4CC3)OCO5)OC,Serotonin 2b (5-HT2b) receptor,HTR2B,P41595,Family A G protein-coupled receptor,0.758298959951
2353,Berberine,COC1=C(C2=C[N+]3=C(C=C2C=C1)C4=CC5=C(C=C4CC3)OCO5)OC,Butyrylcholinesterase,BCHE,P06276,Hydrolase,0.758298959951
2353,Berberine,COC1=C(C2=C[N+]3=C(C=C2C=C1)C4=CC5=C(C=C4CC3)OCO5)OC,Adrenergic receptor alpha-2,ADRA2C,P18825,Family A G protein-coupled receptor,0.758298959951
2353,Berberine,COC1=C(C2=C[N+]3=C(C=C2C=C1)C4=CC5=C(C=C4CC3)OCO5)OC,Alpha-2b adrenergic receptor,ADRA2B,P18089,Family A G protein-coupled receptor,0.758298959951
2353,Berberine,COC1=C(C2=C[N+]3=C(C=C2C=C1)C4=CC5=C(C=C4CC3)OCO5)OC,Muscarinic acetylcholine receptor M1,CHRM1,P11229,Family A G protein-coupled receptor,0.758298959951
2353,Berberine,COC1=C(C2=C[N+]3=C(C=C2C=C1)C4=CC5=C(C=C4CC3)OCO5)OC,Sigma opioid receptor,SIGMAR1,Q99720,Membrane receptor,0.758298959951
2353,Berberine,COC1=C(C2=C[N+]3=C(C=C2C=C1)C4=CC5=C(C=C4CC3)OCO5)OC,Cytochrome P450 2D6,CYP2D6,P10635,Cytochrome P450,0.758298959951
2353,Berberine,COC1=C(C2=C[N+]3=C(C=C2C=C1)C4=CC5=C(C=C4CC3)OCO5)OC,SUMO-activating enzyme,SAE1,Q9UBE0,Enzyme,0.71657023515
2353,Berberine,COC1=C(C2=C[N+]3=C(C=C2C=C1)C4=CC5=C(C=C4CC3)OCO5)OC,SUMO-activating enzyme,UBA2,Q9UBT2,Enzyme,0.71657023515
2353,Berberine,COC1=C(C2=C[N+]3=C(C=C2C=C1)C4=CC5=C(C=C4CC3)OCO5)OC,Ras-related C3 botulinum toxin substrate 1,RAC1,P63000,Unclassified protein,0.105608279572
2353,Berberine,COC1=C(C2=C[N+]3=C(C=C2C=C1)C4=CC5=C(C=C4CC3)OCO5)OC,Cell division control protein 42 homolog,CDC42,P60953,Unclassified protein,0.0972399887602
2353,Berberine,COC1=C(C2=C[N+]3=C(C=C2C=C1)C4=CC5=C(C=C4CC3)OCO5)OC,Ribosomal protein S6 kinase 1,RPS6KB1,P23443,Kinase,0.0972399887602
2353,Berberine,COC1=C(C2=C[N+]3=C(C=C2C=C1)C4=CC5=C(C=C4CC3)OCO5)OC,Serine/threonine-protein kinase Aurora-A,AURKA,O14965,Kinase,0.0972399887602
2353,Berberine,COC1=C(C2=C[N+]3=C(C=C2C=C1)C4=CC5=C(C=C4CC3)OCO5)OC,Serine/threonine-protein kinase Aurora-B,AURKB,Q96GD4,Kinase,0.0972399887602
2353,Berberine,COC1=C(C2=C[N+]3=C(C=C2C=C1)C4=CC5=C(C=C4CC3)OCO5)OC,Cytochrome P450 11B2,CYP11B2,P19099,Cytochrome P450,0.0972399887602
2353,Berberine,COC1=C(C2=C[N+]3=C(C=C2C=C1)C4=CC5=C(C=C4CC3)OCO5)OC,Perforin-1,PRF1,P14222,Other ion channel,0.0972399887602
2353,Berberine,COC1=C(C2=C[N+]3=C(C=C2C=C1)C4=CC5=C(C=C4CC3)OCO5)OC,"Glutamate receptor ionotropic, AMPA 1",GRIA1,P42261,Ligand-gated ion channel,0.0972399887602
2353,Berberine,COC1=C(C2=C[N+]3=C(C=C2C=C1)C4=CC5=C(C=C4CC3)OCO5)OC,Thromboxane-A synthase,TBXAS1,P24557,Cytochrome P450,0.0972399887602
2353,Berberine,COC1=C(C2=C[N+]3=C(C=C2C=C1)C4=CC5=C(C=C4CC3)OCO5)OC,15-hydroxyprostaglandin dehydrogenase [NAD+],HPGD,P15428,Enzyme,0.0972399887602
2353,Berberine,COC1=C(C2=C[N+]3=C(C=C2C=C1)C4=CC5=C(C=C4CC3)OCO5)OC,Excitatory amino acid transporter 1,SLC1A3,P43003,Electrochemical transporter,0.0972399887602
2353,Berberine,COC1=C(C2=C[N+]3=C(C=C2C=C1)C4=CC5=C(C=C4CC3)OCO5)OC,GABA-A receptor; alpha-3/beta-3/gamma-2,GABRB3,P28472,Ligand-gated ion channel,0.0972399887602
2353,Berberine,COC1=C(C2=C[N+]3=C(C=C2C=C1)C4=CC5=C(C=C4CC3)OCO5)OC,GABA-A receptor; alpha-3/beta-3/gamma-2,GABRA3,P34903,Ligand-gated ion channel,0.0972399887602
2353,Berberine,COC1=C(C2=C[N+]3=C(C=C2C=C1)C4=CC5=C(C=C4CC3)OCO5)OC,GABA-A receptor; alpha-3/beta-3/gamma-2,GABRG2,P18507,Ligand-gated ion channel,0.0972399887602
2353,Berberine,COC1=C(C2=C[N+]3=C(C=C2C=C1)C4=CC5=C(C=C4CC3)OCO5)OC,GABA-A receptor; alpha-1/beta-3/gamma-2,GABRB3,P28472,Ligand-gated ion channel,0.0972399887602
2353,Berberine,COC1=C(C2=C[N+]3=C(C=C2C=C1)C4=CC5=C(C=C4CC3)OCO5)OC,GABA-A receptor; alpha-1/beta-3/gamma-2,GABRG2,P18507,Ligand-gated ion channel,0.0972399887602
2353,Berberine,COC1=C(C2=C[N+]3=C(C=C2C=C1)C4=CC5=C(C=C4CC3)OCO5)OC,GABA-A receptor; alpha-1/beta-3/gamma-2,GABRA1,P14867,Ligand-gated ion channel,0.0972399887602
2353,Berberine,COC1=C(C2=C[N+]3=C(C=C2C=C1)C4=CC5=C(C=C4CC3)OCO5)OC,GABA-A receptor; alpha-5/beta-3/gamma-2,GABRB3,P28472,Ligand-gated ion channel,0.0972399887602
2353,Berberine,COC1=C(C2=C[N+]3=C(C=C2C=C1)C4=CC5=C(C=C4CC3)OCO5)OC,GABA-A receptor; alpha-5/beta-3/gamma-2,GABRG2,P18507,Ligand-gated ion channel,0.0972399887602
2353,Berberine,COC1=C(C2=C[N+]3=C(C=C2C=C1)C4=CC5=C(C=C4CC3)OCO5)OC,GABA-A receptor; alpha-5/beta-3/gamma-2,GABRA5,P31644,Ligand-gated ion channel,0.0972399887602
2353,Berberine,COC1=C(C2=C[N+]3=C(C=C2C=C1)C4=CC5=C(C=C4CC3)OCO5)OC,Serine/threonine-protein kinase PIM1,PIM1,P11309,Kinase,0.0972399887602
2353,Berberine,COC1=C(C2=C[N+]3=C(C=C2C=C1)C4=CC5=C(C=C4CC3)OCO5)OC,Serine/threonine-protein kinase PIM2,PIM2,Q9P1W9,Kinase,0.0972399887602
2353,Berberine,COC1=C(C2=C[N+]3=C(C=C2C=C1)C4=CC5=C(C=C4CC3)OCO5)OC,Hepatocyte growth factor receptor,MET,P08581,Kinase,0.0972399887602
2353,Berberine,COC1=C(C2=C[N+]3=C(C=C2C=C1)C4=CC5=C(C=C4CC3)OCO5)OC,Serotonin 3a (5-HT3a) receptor   (by homology),HTR3A,P46098,Ligand-gated ion channel,0.0972399887602
2353,Berberine,COC1=C(C2=C[N+]3=C(C=C2C=C1)C4=CC5=C(C=C4CC3)OCO5)OC,G protein-coupled receptor kinase 5,GRK5,P34947,Kinase,0.0972399887602
2353,Berberine,COC1=C(C2=C[N+]3=C(C=C2C=C1)C4=CC5=C(C=C4CC3)OCO5)OC,Cytochrome P450 11B1,CYP11B1,P15538,Cytochrome P450,0.0972399887602
2353,Berberine,COC1=C(C2=C[N+]3=C(C=C2C=C1)C4=CC5=C(C=C4CC3)OCO5)OC,Inosine-5'-monophosphate dehydrogenase 2,IMPDH2,P12268,Oxidoreductase,0.0972399887602
2353,Berberine,COC1=C(C2=C[N+]3=C(C=C2C=C1)C4=CC5=C(C=C4CC3)OCO5)OC,PI3-kinase p110-alpha/p85-alpha,PIK3CA,P42336,Enzyme,0.0972399887602
2353,Berberine,COC1=C(C2=C[N+]3=C(C=C2C=C1)C4=CC5=C(C=C4CC3)OCO5)OC,PI3-kinase p110-alpha/p85-alpha,PIK3R1,P27986,Enzyme,0.0972399887602
2353,Berberine,COC1=C(C2=C[N+]3=C(C=C2C=C1)C4=CC5=C(C=C4CC3)OCO5)OC,Coagulation factor VII/tissue factor,F3,P13726,Surface antigen,0.0972399887602
2353,Berberine,COC1=C(C2=C[N+]3=C(C=C2C=C1)C4=CC5=C(C=C4CC3)OCO5)OC,Cytochrome P450 19A1,CYP19A1,P11511,Cytochrome P450,0.0972399887602
2353,Berberine,COC1=C(C2=C[N+]3=C(C=C2C=C1)C4=CC5=C(C=C4CC3)OCO5)OC,"Branched-chain-amino-acid aminotransferase, mitochondrial",BCAT2,O15382,Transferase,0.0972399887602
2353,Berberine,COC1=C(C2=C[N+]3=C(C=C2C=C1)C4=CC5=C(C=C4CC3)OCO5)OC,Transient receptor potential cation channel subfamily M member 8   (by homology),TRPM8,Q7Z2W7,Voltage-gated ion channel,0.0972399887602
2353,Berberine,COC1=C(C2=C[N+]3=C(C=C2C=C1)C4=CC5=C(C=C4CC3)OCO5)OC,Intercellular adhesion molecule-1,ICAM1,P05362,Adhesion,0.0972399887602
2353,Berberine,COC1=C(C2=C[N+]3=C(C=C2C=C1)C4=CC5=C(C=C4CC3)OCO5)OC,Selectin E,SELE,P16581,Adhesion,0.0972399887602
2353,Berberine,COC1=C(C2=C[N+]3=C(C=C2C=C1)C4=CC5=C(C=C4CC3)OCO5)OC,Monoamine oxidase B,MAOB,P27338,Oxidoreductase,0.0972399887602
2353,Berberine,COC1=C(C2=C[N+]3=C(C=C2C=C1)C4=CC5=C(C=C4CC3)OCO5)OC,PI3-kinase p110-delta subunit,PIK3CD,O00329,Enzyme,0.0972399887602
2353,Berberine,COC1=C(C2=C[N+]3=C(C=C2C=C1)C4=CC5=C(C=C4CC3)OCO5)OC,PI3-kinase p110-beta subunit,PIK3CB,P42338,Enzyme,0.0972399887602
2353,Berberine,COC1=C(C2=C[N+]3=C(C=C2C=C1)C4=CC5=C(C=C4CC3)OCO5)OC,PI3-kinase p110-gamma subunit,PIK3CG,P48736,Enzyme,0.0972399887602
2353,Berberine,COC1=C(C2=C[N+]3=C(C=C2C=C1)C4=CC5=C(C=C4CC3)OCO5)OC,MAP kinase-activated protein kinase 2,MAPKAPK2,P49137,Kinase,0.0972399887602
2353,Berberine,COC1=C(C2=C[N+]3=C(C=C2C=C1)C4=CC5=C(C=C4CC3)OCO5)OC,Poly [ADP-ribose] polymerase 10,PARP10,Q53GL7,Enzyme,0.0972399887602
2353,Berberine,COC1=C(C2=C[N+]3=C(C=C2C=C1)C4=CC5=C(C=C4CC3)OCO5)OC,Serine/threonine-protein kinase Chk2,CHEK2,O96017,Kinase,0.0972399887602
2353,Berberine,COC1=C(C2=C[N+]3=C(C=C2C=C1)C4=CC5=C(C=C4CC3)OCO5)OC,CDK8/Cyclin C,CCNC,P24863,Kinase,0.0972399887602
2353,Berberine,COC1=C(C2=C[N+]3=C(C=C2C=C1)C4=CC5=C(C=C4CC3)OCO5)OC,CDK8/Cyclin C,CDK8,P49336,Kinase,0.0972399887602
2353,Berberine,COC1=C(C2=C[N+]3=C(C=C2C=C1)C4=CC5=C(C=C4CC3)OCO5)OC,Cell division protein kinase 8,CDK8,P49336,Kinase,0.0972399887602
2353,Berberine,COC1=C(C2=C[N+]3=C(C=C2C=C1)C4=CC5=C(C=C4CC3)OCO5)OC,c-Jun N-terminal kinase 3,MAPK10,P53779,Kinase,0.0972399887602
2353,Berberine,COC1=C(C2=C[N+]3=C(C=C2C=C1)C4=CC5=C(C=C4CC3)OCO5)OC,1-acylglycerol-3-phosphate O-acyltransferase beta,AGPAT2,O15120,Enzyme,0.0972399887602
2353,Berberine,COC1=C(C2=C[N+]3=C(C=C2C=C1)C4=CC5=C(C=C4CC3)OCO5)OC,Protein-glutamine gamma-glutamyltransferase,TGM2,P21980,Enzyme,0.0972399887602
2353,Berberine,COC1=C(C2=C[N+]3=C(C=C2C=C1)C4=CC5=C(C=C4CC3)OCO5)OC,Acyl-CoA desaturase   (by homology),SCD,O00767,Enzyme,0.0972399887602
2353,Berberine,COC1=C(C2=C[N+]3=C(C=C2C=C1)C4=CC5=C(C=C4CC3)OCO5)OC,X-box-binding protein 1,XBP1,P17861,Unclassified protein,0.0972399887602
2353,Berberine,COC1=C(C2=C[N+]3=C(C=C2C=C1)C4=CC5=C(C=C4CC3)OCO5)OC,Thymidylate synthase,TYMS,P04818,Transferase,0.0972399887602
2353,Berberine,COC1=C(C2=C[N+]3=C(C=C2C=C1)C4=CC5=C(C=C4CC3)OCO5)OC,Dihydrofolate reductase,DHFR,P00374,Oxidoreductase,0.0972399887602
2353,Berberine,COC1=C(C2=C[N+]3=C(C=C2C=C1)C4=CC5=C(C=C4CC3)OCO5)OC,GABA-A receptor; alpha-2/beta-3/gamma-2,GABRA2,P47869,Ligand-gated ion channel,0.0972399887602
2353,Berberine,COC1=C(C2=C[N+]3=C(C=C2C=C1)C4=CC5=C(C=C4CC3)OCO5)OC,GABA-A receptor; alpha-2/beta-3/gamma-2,GABRB3,P28472,Ligand-gated ion channel,0.0972399887602
2353,Berberine,COC1=C(C2=C[N+]3=C(C=C2C=C1)C4=CC5=C(C=C4CC3)OCO5)OC,GABA-A receptor; alpha-2/beta-3/gamma-2,GABRG2,P18507,Ligand-gated ion channel,0.0972399887602
2353,Berberine,COC1=C(C2=C[N+]3=C(C=C2C=C1)C4=CC5=C(C=C4CC3)OCO5)OC,Rho-associated protein kinase 1,ROCK1,Q13464,Kinase,0.0972399887602
2353,Berberine,COC1=C(C2=C[N+]3=C(C=C2C=C1)C4=CC5=C(C=C4CC3)OCO5)OC,cAMP-dependent protein kinase alpha-catalytic subunit,PRKACA,P17612,Kinase,0.0972399887602
2353,Berberine,COC1=C(C2=C[N+]3=C(C=C2C=C1)C4=CC5=C(C=C4CC3)OCO5)OC,Muscarinic acetylcholine receptor M4,CHRM4,P08173,Family A G protein-coupled receptor,0.0972399887602
2353,Berberine,COC1=C(C2=C[N+]3=C(C=C2C=C1)C4=CC5=C(C=C4CC3)OCO5)OC,Tyrosine-protein kinase JAK2,JAK2,O60674,Kinase,0.0972399887602
2353,Berberine,COC1=C(C2=C[N+]3=C(C=C2C=C1)C4=CC5=C(C=C4CC3)OCO5)OC,Tyrosine-protein kinase LCK   (by homology),LCK,P06239,Kinase,0.0972399887602
2353,Berberine,COC1=C(C2=C[N+]3=C(C=C2C=C1)C4=CC5=C(C=C4CC3)OCO5)OC,Cyclin-dependent kinase 9,CDK9,P50750,Kinase,0.0972399887602
2353,Berberine,COC1=C(C2=C[N+]3=C(C=C2C=C1)C4=CC5=C(C=C4CC3)OCO5)OC,Protein-tyrosine phosphatase 1B,PTPN1,P18031,Phosphatase,0.0972399887602
2353,Berberine,COC1=C(C2=C[N+]3=C(C=C2C=C1)C4=CC5=C(C=C4CC3)OCO5)OC,5-lipoxygenase activating protein,ALOX5AP,P20292,Other cytosolic protein,0.0972399887602
2353,Berberine,COC1=C(C2=C[N+]3=C(C=C2C=C1)C4=CC5=C(C=C4CC3)OCO5)OC,Serine/threonine-protein kinase Chk1,CHEK1,O14757,Kinase,0.0972399887602
2353,Berberine,COC1=C(C2=C[N+]3=C(C=C2C=C1)C4=CC5=C(C=C4CC3)OCO5)OC,Stem cell growth factor receptor,KIT,P10721,Kinase,0.0972399887602
2353,Berberine,COC1=C(C2=C[N+]3=C(C=C2C=C1)C4=CC5=C(C=C4CC3)OCO5)OC,Tyrosine-protein kinase SRC,SRC,P12931,Kinase,0.0972399887602
2353,Berberine,COC1=C(C2=C[N+]3=C(C=C2C=C1)C4=CC5=C(C=C4CC3)OCO5)OC,MAP kinase-interacting serine/threonine-protein kinase MNK1,MKNK1,Q9BUB5,Kinase,0.0972399887602
2353,Berberine,COC1=C(C2=C[N+]3=C(C=C2C=C1)C4=CC5=C(C=C4CC3)OCO5)OC,Inhibitor of nuclear factor kappa B kinase beta subunit,IKBKB,O14920,Kinase,0.0972399887602
2353,Berberine,COC1=C(C2=C[N+]3=C(C=C2C=C1)C4=CC5=C(C=C4CC3)OCO5)OC,MAP kinase p38 alpha,MAPK14,Q16539,Kinase,0.0972399887602
2353,Berberine,COC1=C(C2=C[N+]3=C(C=C2C=C1)C4=CC5=C(C=C4CC3)OCO5)OC,Leucine-rich repeat serine/threonine-protein kinase 2,LRRK2,Q5S007,Kinase,0.0972399887602
2353,Berberine,COC1=C(C2=C[N+]3=C(C=C2C=C1)C4=CC5=C(C=C4CC3)OCO5)OC,Rho-associated protein kinase 2,ROCK2,O75116,Kinase,0.0972399887602
2353,Berberine,COC1=C(C2=C[N+]3=C(C=C2C=C1)C4=CC5=C(C=C4CC3)OCO5)OC,Serine-protein kinase ATR,ATR,Q13535,Kinase,0.0972399887602
2353,Berberine,COC1=C(C2=C[N+]3=C(C=C2C=C1)C4=CC5=C(C=C4CC3)OCO5)OC,"Amine oxidase, copper containing",AOC3,Q16853,Enzyme,0.0972399887602
2353,Berberine,COC1=C(C2=C[N+]3=C(C=C2C=C1)C4=CC5=C(C=C4CC3)OCO5)OC,Beta-adrenergic receptor kinase 2,GRK3,P35626,Kinase,0.0972399887602
2353,Berberine,COC1=C(C2=C[N+]3=C(C=C2C=C1)C4=CC5=C(C=C4CC3)OCO5)OC,Serine/threonine-protein kinase PLK1,PLK1,P53350,Kinase,0.0972399887602
2353,Berberine,COC1=C(C2=C[N+]3=C(C=C2C=C1)C4=CC5=C(C=C4CC3)OCO5)OC,G-protein coupled receptor kinase 2,GRK2,P25098,Kinase,0.0972399887602
2353,Berberine,COC1=C(C2=C[N+]3=C(C=C2C=C1)C4=CC5=C(C=C4CC3)OCO5)OC,Neuropeptide Y receptor type 5,NPY5R,Q15761,Family A G protein-coupled receptor,0.0972399887602
2353,Berberine,COC1=C(C2=C[N+]3=C(C=C2C=C1)C4=CC5=C(C=C4CC3)OCO5)OC,Mitogen-activated protein kinase kinase kinase kinase 4,MAP4K4,O95819,Kinase,0.0972399887602
2353,Berberine,COC1=C(C2=C[N+]3=C(C=C2C=C1)C4=CC5=C(C=C4CC3)OCO5)OC,Nerve growth factor receptor Trk-A,NTRK1,P04629,Kinase,0.0972399887602
2353,Berberine,COC1=C(C2=C[N+]3=C(C=C2C=C1)C4=CC5=C(C=C4CC3)OCO5)OC,Tyrosine-protein kinase ABL,ABL1,P00519,Kinase,0.0972399887602
2353,Berberine,COC1=C(C2=C[N+]3=C(C=C2C=C1)C4=CC5=C(C=C4CC3)OCO5)OC,Cyclin-dependent kinase 1/cyclin B1,CDK1,P06493,Other cytosolic protein,0.0972399887602
2353,Berberine,COC1=C(C2=C[N+]3=C(C=C2C=C1)C4=CC5=C(C=C4CC3)OCO5)OC,Cyclin-dependent kinase 1/cyclin B1,CCNB1,P14635,Other cytosolic protein,0.0972399887602
2353,Berberine,COC1=C(C2=C[N+]3=C(C=C2C=C1)C4=CC5=C(C=C4CC3)OCO5)OC,Mineralocorticoid receptor,NR3C2,P08235,Nuclear receptor,0.0972399887602
2353,Berberine,COC1=C(C2=C[N+]3=C(C=C2C=C1)C4=CC5=C(C=C4CC3)OCO5)OC,Progesterone receptor,PGR,P06401,Nuclear receptor,0.0972399887602
2353,Berberine,COC1=C(C2=C[N+]3=C(C=C2C=C1)C4=CC5=C(C=C4CC3)OCO5)OC,Dopamine D4 receptor,DRD4,P21917,Family A G protein-coupled receptor,0.0972399887602
2353,Berberine,COC1=C(C2=C[N+]3=C(C=C2C=C1)C4=CC5=C(C=C4CC3)OCO5)OC,Cyclooxygenase-2,PTGS2,P35354,Oxidoreductase,0.0972399887602
2353,Berberine,COC1=C(C2=C[N+]3=C(C=C2C=C1)C4=CC5=C(C=C4CC3)OCO5)OC,Dopamine D3 receptor,DRD3,P35462,Family A G protein-coupled receptor,0.0972399887602
2353,Berberine,COC1=C(C2=C[N+]3=C(C=C2C=C1)C4=CC5=C(C=C4CC3)OCO5)OC,Cyclin-dependent kinase 2,CDK2,P24941,Kinase,0.0972399887602
2353,Berberine,COC1=C(C2=C[N+]3=C(C=C2C=C1)C4=CC5=C(C=C4CC3)OCO5)OC,Cyclin-dependent kinase 4,CDK4,P11802,Kinase,0.0972399887602
2353,Berberine,COC1=C(C2=C[N+]3=C(C=C2C=C1)C4=CC5=C(C=C4CC3)OCO5)OC,NAD-dependent deacetylase sirtuin 2,SIRT2,Q8IXJ6,Eraser,0.0972399887602
2353,Berberine,COC1=C(C2=C[N+]3=C(C=C2C=C1)C4=CC5=C(C=C4CC3)OCO5)OC,Adenosine A2a receptor,ADORA2A,P29274,Family A G protein-coupled receptor,0.0972399887602
2353,Berberine,COC1=C(C2=C[N+]3=C(C=C2C=C1)C4=CC5=C(C=C4CC3)OCO5)OC,Adenosine A3 receptor,ADORA3,P0DMS8,Family A G protein-coupled receptor,0.0972399887602
2353,Berberine,COC1=C(C2=C[N+]3=C(C=C2C=C1)C4=CC5=C(C=C4CC3)OCO5)OC,Metabotropic glutamate receptor 5,GRM5,P41594,Family C G protein-coupled receptor,0.0972399887602
2353,Berberine,COC1=C(C2=C[N+]3=C(C=C2C=C1)C4=CC5=C(C=C4CC3)OCO5)OC,Glutaminyl-peptide cyclotransferase,QPCT,Q16769,Enzyme,0.0972399887602
2353,Berberine,COC1=C(C2=C[N+]3=C(C=C2C=C1)C4=CC5=C(C=C4CC3)OCO5)OC,Macrophage colony stimulating factor receptor,CSF1R,P07333,Kinase,0.0972399887602
2353,Berberine,COC1=C(C2=C[N+]3=C(C=C2C=C1)C4=CC5=C(C=C4CC3)OCO5)OC,Cannabinoid receptor 2,CNR2,P34972,Family A G protein-coupled receptor,0.0972399887602
2353,Berberine,COC1=C(C2=C[N+]3=C(C=C2C=C1)C4=CC5=C(C=C4CC3)OCO5)OC,Runt-related transcription factor 1/Core-binding factor subunit beta,CBFB,Q13951,Unclassified protein,0.0972399887602
2353,Berberine,COC1=C(C2=C[N+]3=C(C=C2C=C1)C4=CC5=C(C=C4CC3)OCO5)OC,Estradiol 17-beta-dehydrogenase 1,HSD17B1,P14061,Enzyme,0.0972399887602
2353,Berberine,COC1=C(C2=C[N+]3=C(C=C2C=C1)C4=CC5=C(C=C4CC3)OCO5)OC,Phenylethanolamine N-methyltransferase,PNMT,P11086,Enzyme,0.0972399887602
2353,Berberine,COC1=C(C2=C[N+]3=C(C=C2C=C1)C4=CC5=C(C=C4CC3)OCO5)OC,Poly [ADP-ribose] polymerase 2,PARP2,Q9UGN5,Enzyme,0.0972399887602
2353,Berberine,COC1=C(C2=C[N+]3=C(C=C2C=C1)C4=CC5=C(C=C4CC3)OCO5)OC,Prostaglandin E synthase,PTGES,O14684,Enzyme,0.0972399887602
2353,Berberine,COC1=C(C2=C[N+]3=C(C=C2C=C1)C4=CC5=C(C=C4CC3)OCO5)OC,40S ribosomal protein S27,RPS27,P42677,Unclassified protein,0.0972399887602
1183,Vanillin,COC1=C(C=CC(=C1)C=O)O,Serine/threonine-protein kinase/endoribonuclease IRE1,ERN1,O75460,Enzyme,0.261667695979
1183,Vanillin,COC1=C(C=CC(=C1)C=O)O,Carbonic anhydrase II,CA2,P00918,Lyase,0.168421357392
1183,Vanillin,COC1=C(C=CC(=C1)C=O)O,Carbonic anhydrase VII,CA7,P43166,Lyase,0.0630257148888
1183,Vanillin,COC1=C(C=CC(=C1)C=O)O,Carbonic anhydrase I,CA1,P00915,Lyase,0.0630257148888
1183,Vanillin,COC1=C(C=CC(=C1)C=O)O,Carbonic anhydrase XII,CA12,O43570,Lyase,0.0630257148888
1183,Vanillin,COC1=C(C=CC(=C1)C=O)O,Carbonic anhydrase XIV,CA14,Q9ULX7,Lyase,0.0630257148888
1183,Vanillin,COC1=C(C=CC(=C1)C=O)O,Carbonic anhydrase IX,CA9,Q16790,Lyase,0.0630257148888
1183,Vanillin,COC1=C(C=CC(=C1)C=O)O,Carbonic anhydrase IV,CA4,P22748,Lyase,0.0630257148888
1183,Vanillin,COC1=C(C=CC(=C1)C=O)O,Carbonic anhydrase III,CA3,P07451,Lyase,0.053517944289
1183,Vanillin,COC1=C(C=CC(=C1)C=O)O,Carbonic anhydrase VI,CA6,P23280,Lyase,0.053517944289
1183,Vanillin,COC1=C(C=CC(=C1)C=O)O,Carbonic anhydrase VA,CA5A,P35218,Lyase,0.053517944289
1183,Vanillin,COC1=C(C=CC(=C1)C=O)O,Dual specificity phosphatase Cdc25B,CDC25B,P30305,Phosphatase,0.053517944289
1183,Vanillin,COC1=C(C=CC(=C1)C=O)O,Leukocyte common antigen,PTPRC,P08575,Enzyme,0.0439186325197
1183,Vanillin,COC1=C(C=CC(=C1)C=O)O,Histone acetyltransferase p300,EP300,Q09472,Writer,0.0439186325197
1183,Vanillin,COC1=C(C=CC(=C1)C=O)O,Transthyretin,TTR,P02766,Secreted protein,0.0439186325197
1183,Vanillin,COC1=C(C=CC(=C1)C=O)O,Arylamine N-acetyltransferase 1,NAT1,P18440,Enzyme,0.0439186325197
1183,Vanillin,COC1=C(C=CC(=C1)C=O)O,Alkaline phosphatase placental-like,ALPG,P10696,Enzyme,0.0439186325197
1183,Vanillin,COC1=C(C=CC(=C1)C=O)O,Phospholipase A-2-activating protein,PLAA,Q9Y263,Unclassified protein,0.0439186325197
1183,Vanillin,COC1=C(C=CC(=C1)C=O)O,Aldo-keto-reductase family 1 member C3,AKR1C3,P42330,Enzyme,0.0439186325197
8417,Scoparone,COC1=C(C=C2C(=C1)C=CC(=O)O2)OC,Carbonic anhydrase XII,CA12,O43570,Lyase,0.480888332728
8417,Scoparone,COC1=C(C=C2C(=C1)C=CC(=O)O2)OC,Carbonic anhydrase IX,CA9,Q16790,Lyase,0.480888332728
8417,Scoparone,COC1=C(C=C2C(=C1)C=CC(=O)O2)OC,Carbonic anhydrase XIII,CA13,Q8N1Q1,Lyase,0.395234371836
8417,Scoparone,COC1=C(C=C2C(=C1)C=CC(=O)O2)OC,Carbonic anhydrase VII,CA7,P43166,Lyase,0.3476512206
8417,Scoparone,COC1=C(C=C2C(=C1)C=CC(=O)O2)OC,Carbonic anhydrase XIV,CA14,Q9ULX7,Lyase,0.21422579096
8417,Scoparone,COC1=C(C=C2C(=C1)C=CC(=O)O2)OC,Carbonic anhydrase I,CA1,P00915,Lyase,0.204771116708
8417,Scoparone,COC1=C(C=C2C(=C1)C=CC(=O)O2)OC,Carbonic anhydrase VI,CA6,P23280,Lyase,0.185814992342
8417,Scoparone,COC1=C(C=C2C(=C1)C=CC(=O)O2)OC,Carbonic anhydrase VB,CA5B,Q9Y2D0,Lyase,0.138112933584
8417,Scoparone,COC1=C(C=C2C(=C1)C=CC(=O)O2)OC,Carbonic anhydrase VA,CA5A,P35218,Lyase,0.109507900685
8417,Scoparone,COC1=C(C=C2C(=C1)C=CC(=O)O2)OC,Carbonic anhydrase IV,CA4,P22748,Lyase,0.109507900685
8417,Scoparone,COC1=C(C=C2C(=C1)C=CC(=O)O2)OC,Xanthine dehydrogenase,XDH,P47989,Oxidoreductase,0.0619466223505
8417,Scoparone,COC1=C(C=C2C(=C1)C=CC(=O)O2)OC,Carbonic anhydrase II,CA2,P00918,Lyase,0.0524239602665
8417,Scoparone,COC1=C(C=C2C(=C1)C=CC(=O)O2)OC,Epidermal growth factor receptor erbB1,EGFR,P00533,Kinase,0.0524239602665
8417,Scoparone,COC1=C(C=C2C(=C1)C=CC(=O)O2)OC,Arachidonate 5-lipoxygenase,ALOX5,P09917,Oxidoreductase,0.0524239602665
8417,Scoparone,COC1=C(C=C2C(=C1)C=CC(=O)O2)OC,Steroid 5-alpha-reductase 1,SRD5A1,P18405,Oxidoreductase,0.0524239602665
8417,Scoparone,COC1=C(C=C2C(=C1)C=CC(=O)O2)OC,Carbonic anhydrase III,CA3,P07451,Lyase,0.0428942118511
8417,Scoparone,COC1=C(C=C2C(=C1)C=CC(=O)O2)OC,Carbonyl reductase [NADPH] 1,CBR1,P16152,Enzyme,0.0428942118511
8417,Scoparone,COC1=C(C=C2C(=C1)C=CC(=O)O2)OC,Tyrosine-protein kinase SRC,SRC,P12931,Kinase,0.0428942118511
8417,Scoparone,COC1=C(C=C2C(=C1)C=CC(=O)O2)OC,Monoamine oxidase A,MAOA,P21397,Oxidoreductase,0.0428942118511
8417,Scoparone,COC1=C(C=C2C(=C1)C=CC(=O)O2)OC,Aldose reductase,AKR1B1,P15121,Enzyme,0.0428942118511
8417,Scoparone,COC1=C(C=C2C(=C1)C=CC(=O)O2)OC,Aldo-keto reductase family 1 member C1,AKR1C1,Q04828,Enzyme,0.0428942118511
8417,Scoparone,COC1=C(C=C2C(=C1)C=CC(=O)O2)OC,Glycogen synthase kinase-3 beta,GSK3B,P49841,Kinase,0.0428942118511
8417,Scoparone,COC1=C(C=C2C(=C1)C=CC(=O)O2)OC,Monoamine oxidase B,MAOB,P27338,Oxidoreductase,0.0428942118511
8417,Scoparone,COC1=C(C=C2C(=C1)C=CC(=O)O2)OC,Estrogen receptor beta,ESR2,Q92731,Nuclear receptor,0.0428942118511
8417,Scoparone,COC1=C(C=C2C(=C1)C=CC(=O)O2)OC,Voltage-gated potassium channel subunit Kv1.3,KCNA3,P22001,Voltage-gated ion channel,0.0428942118511
8417,Scoparone,COC1=C(C=C2C(=C1)C=CC(=O)O2)OC,Cyclooxygenase-2,PTGS2,P35354,Oxidoreductase,0.0428942118511
8417,Scoparone,COC1=C(C=C2C(=C1)C=CC(=O)O2)OC,Insulin-like growth factor I receptor,IGF1R,P08069,Kinase,0.0428942118511
8417,Scoparone,COC1=C(C=C2C(=C1)C=CC(=O)O2)OC,Vascular endothelial growth factor receptor 2,KDR,P35968,Kinase,0.0428942118511
8417,Scoparone,COC1=C(C=C2C(=C1)C=CC(=O)O2)OC,Serine/threonine-protein kinase Aurora-A,AURKA,O14965,Kinase,0.0428942118511
8417,Scoparone,COC1=C(C=C2C(=C1)C=CC(=O)O2)OC,Receptor protein-tyrosine kinase erbB-2,ERBB2,P04626,Kinase,0.0428942118511
8417,Scoparone,COC1=C(C=C2C(=C1)C=CC(=O)O2)OC,Phosphodiesterase 5A,PDE5A,O76074,Phosphodiesterase,0.0428942118511
8417,Scoparone,COC1=C(C=C2C(=C1)C=CC(=O)O2)OC,ADAMTS5,ADAMTS5,Q9UNA0,Protease,0.0428942118511
8417,Scoparone,COC1=C(C=C2C(=C1)C=CC(=O)O2)OC,Phosphodiesterase 3,PDE3A,Q14432,Phosphodiesterase,0.0428942118511
8417,Scoparone,COC1=C(C=C2C(=C1)C=CC(=O)O2)OC,Phosphodiesterase 3B,PDE3B,Q13370,Phosphodiesterase,0.0428942118511
8417,Scoparone,COC1=C(C=C2C(=C1)C=CC(=O)O2)OC,Beta-secretase 1,BACE1,P56817,Protease,0.0428942118511
8417,Scoparone,COC1=C(C=C2C(=C1)C=CC(=O)O2)OC,G-protein coupled receptor 35,GPR35,Q9HC97,Family A G protein-coupled receptor,0.0428942118511
8417,Scoparone,COC1=C(C=C2C(=C1)C=CC(=O)O2)OC,Squalene monooxygenase   (by homology),SQLE,Q14534,Enzyme,0.0428942118511
8417,Scoparone,COC1=C(C=C2C(=C1)C=CC(=O)O2)OC,Tyrosine-protein kinase FGR   (by homology),FGR,P09769,Kinase,0.0428942118511
8417,Scoparone,COC1=C(C=C2C(=C1)C=CC(=O)O2)OC,Tyrosine-protein kinase Lyn   (by homology),LYN,P07948,Kinase,0.0428942118511
8417,Scoparone,COC1=C(C=C2C(=C1)C=CC(=O)O2)OC,Poly [ADP-ribose] polymerase-1,PARP1,P09874,Enzyme,0.0428942118511
8417,Scoparone,COC1=C(C=C2C(=C1)C=CC(=O)O2)OC,Poly [ADP-ribose] polymerase 2,PARP2,Q9UGN5,Enzyme,0.0428942118511
8417,Scoparone,COC1=C(C=C2C(=C1)C=CC(=O)O2)OC,c-Jun N-terminal kinase 1,MAPK8,P45983,Kinase,0.0428942118511
8417,Scoparone,COC1=C(C=C2C(=C1)C=CC(=O)O2)OC,Myeloperoxidase,MPO,P05164,Enzyme,0.0428942118511
8417,Scoparone,COC1=C(C=C2C(=C1)C=CC(=O)O2)OC,Serine/threonine-protein kinase Aurora-B,AURKB,Q96GD4,Kinase,0.0428942118511
8417,Scoparone,COC1=C(C=C2C(=C1)C=CC(=O)O2)OC,Cyclin-dependent kinase 2/cyclin A,CDK2,P24941,Other cytosolic protein,0.0428942118511
8417,Scoparone,COC1=C(C=C2C(=C1)C=CC(=O)O2)OC,Cyclin-dependent kinase 2/cyclin A,CCNA1,P78396,Other cytosolic protein,0.0428942118511
8417,Scoparone,COC1=C(C=C2C(=C1)C=CC(=O)O2)OC,Cyclin-dependent kinase 2/cyclin A,CCNA2,P20248,Other cytosolic protein,0.0428942118511
8417,Scoparone,COC1=C(C=C2C(=C1)C=CC(=O)O2)OC,Thymidine phosphorylase,TYMP,P19971,Enzyme,0.0428942118511
8417,Scoparone,COC1=C(C=C2C(=C1)C=CC(=O)O2)OC,Metabotropic glutamate receptor 4,GRM4,Q14833,Family C G protein-coupled receptor,0.0428942118511
8417,Scoparone,COC1=C(C=C2C(=C1)C=CC(=O)O2)OC,CDC7/DBF4 (Cell division cycle 7-related protein kinase/Activator of S phase kinase),CDC7,O00311,Kinase,0.0428942118511
8417,Scoparone,COC1=C(C=C2C(=C1)C=CC(=O)O2)OC,Small conductance calcium-activated potassium channel protein 1,KCNN1,Q92952,Voltage-gated ion channel,0.0428942118511
8417,Scoparone,COC1=C(C=C2C(=C1)C=CC(=O)O2)OC,Small conductance calcium-activated potassium channel protein 3,KCNN3,Q9UGI6,Voltage-gated ion channel,0.0428942118511
8417,Scoparone,COC1=C(C=C2C(=C1)C=CC(=O)O2)OC,Small conductance calcium-activated potassium channel protein 2,KCNN2,Q9H2S1,Voltage-gated ion channel,0.0428942118511
8417,Scoparone,COC1=C(C=C2C(=C1)C=CC(=O)O2)OC,Cathepsin K,CTSK,P43235,Protease,0.0428942118511
8417,Scoparone,COC1=C(C=C2C(=C1)C=CC(=O)O2)OC,Cathepsin S,CTSS,P25774,Protease,0.0428942118511
8417,Scoparone,COC1=C(C=C2C(=C1)C=CC(=O)O2)OC,Cathepsin L,CTSL,P07711,Protease,0.0428942118511
8417,Scoparone,COC1=C(C=C2C(=C1)C=CC(=O)O2)OC,Platelet-derived growth factor receptor beta,PDGFRB,P09619,Kinase,0.0428942118511
8417,Scoparone,COC1=C(C=C2C(=C1)C=CC(=O)O2)OC,Vascular endothelial growth factor receptor 3,FLT4,P35916,Kinase,0.0428942118511
8417,Scoparone,COC1=C(C=C2C(=C1)C=CC(=O)O2)OC,Insulin receptor,INSR,P06213,Kinase,0.0428942118511
8417,Scoparone,COC1=C(C=C2C(=C1)C=CC(=O)O2)OC,Tyrosine-protein kinase TIE-2,TEK,Q02763,Kinase,0.0428942118511
8417,Scoparone,COC1=C(C=C2C(=C1)C=CC(=O)O2)OC,Ephrin receptor,EPHB4,P54760,Kinase,0.0428942118511
8417,Scoparone,COC1=C(C=C2C(=C1)C=CC(=O)O2)OC,Dual specificity mitogen-activated protein kinase kinase 3,MAP2K3,P46734,Kinase,0.0428942118511
8417,Scoparone,COC1=C(C=C2C(=C1)C=CC(=O)O2)OC,Tyrosine-protein kinase BTK,BTK,Q06187,Kinase,0.0428942118511
8417,Scoparone,COC1=C(C=C2C(=C1)C=CC(=O)O2)OC,Inhibitor of nuclear factor kappa B kinase beta subunit,IKBKB,O14920,Kinase,0.0428942118511
8417,Scoparone,COC1=C(C=C2C(=C1)C=CC(=O)O2)OC,c-Jun N-terminal kinase 3,MAPK10,P53779,Kinase,0.0428942118511
8417,Scoparone,COC1=C(C=C2C(=C1)C=CC(=O)O2)OC,Acyl coenzyme A:cholesterol acyltransferase,CES1,P23141,Enzyme,0.0428942118511
8417,Scoparone,COC1=C(C=C2C(=C1)C=CC(=O)O2)OC,Rho-associated protein kinase 2,ROCK2,O75116,Kinase,0.0428942118511
8417,Scoparone,COC1=C(C=C2C(=C1)C=CC(=O)O2)OC,Carboxylesterase 2,CES2,O00748,Enzyme,0.0428942118511
8417,Scoparone,COC1=C(C=C2C(=C1)C=CC(=O)O2)OC,Ephrin type-B receptor 3,EPHB3,P54753,Kinase,0.0428942118511
8417,Scoparone,COC1=C(C=C2C(=C1)C=CC(=O)O2)OC,Tyrosine-protein kinase SYK,SYK,P43405,Kinase,0.0428942118511
8417,Scoparone,COC1=C(C=C2C(=C1)C=CC(=O)O2)OC,Dual specificity protein kinase CLK4,CLK4,Q9HAZ1,Kinase,0.0428942118511
8417,Scoparone,COC1=C(C=C2C(=C1)C=CC(=O)O2)OC,Ribosomal protein S6 kinase alpha 5,RPS6KA5,O75582,Kinase,0.0428942118511
8417,Scoparone,COC1=C(C=C2C(=C1)C=CC(=O)O2)OC,Ribosomal protein S6 kinase 1,RPS6KB1,P23443,Kinase,0.0428942118511
8417,Scoparone,COC1=C(C=C2C(=C1)C=CC(=O)O2)OC,Serine/threonine-protein kinase PIM2,PIM2,Q9P1W9,Kinase,0.0428942118511
8417,Scoparone,COC1=C(C=C2C(=C1)C=CC(=O)O2)OC,PDZ-binding kinase,PBK,Q96KB5,Kinase,0.0428942118511
8417,Scoparone,COC1=C(C=C2C(=C1)C=CC(=O)O2)OC,Serine/threonine-protein kinase PIM3,PIM3,Q86V86,Kinase,0.0428942118511
8417,Scoparone,COC1=C(C=C2C(=C1)C=CC(=O)O2)OC,NT-3 growth factor receptor,NTRK3,Q16288,Kinase,0.0428942118511
8417,Scoparone,COC1=C(C=C2C(=C1)C=CC(=O)O2)OC,Serine/threonine-protein kinase PRKX,PRKX,P51817,Kinase,0.0428942118511
8417,Scoparone,COC1=C(C=C2C(=C1)C=CC(=O)O2)OC,Mitogen-activated protein kinase kinase kinase kinase 4,MAP4K4,O95819,Kinase,0.0428942118511
8417,Scoparone,COC1=C(C=C2C(=C1)C=CC(=O)O2)OC,Serine/threonine-protein kinase PLK1,PLK1,P53350,Kinase,0.0428942118511
8417,Scoparone,COC1=C(C=C2C(=C1)C=CC(=O)O2)OC,Tyrosine-protein kinase JAK2,JAK2,O60674,Kinase,0.0428942118511
8417,Scoparone,COC1=C(C=C2C(=C1)C=CC(=O)O2)OC,Leukocyte common antigen,PTPRC,P08575,Enzyme,0.0428942118511
8417,Scoparone,COC1=C(C=C2C(=C1)C=CC(=O)O2)OC,Tyrosine-protein kinase TYK2,TYK2,P29597,Kinase,0.0428942118511
8417,Scoparone,COC1=C(C=C2C(=C1)C=CC(=O)O2)OC,Serine/threonine-protein kinase B-raf,BRAF,P15056,Kinase,0.0428942118511
8417,Scoparone,COC1=C(C=C2C(=C1)C=CC(=O)O2)OC,Heat shock protein HSP 90-alpha,HSP90AA1,P07900,Other cytosolic protein,0.0428942118511
8417,Scoparone,COC1=C(C=C2C(=C1)C=CC(=O)O2)OC,Dual specificity tyrosine-phosphorylation-regulated kinase 1B,DYRK1B,Q9Y463,Kinase,0.0428942118511
8417,Scoparone,COC1=C(C=C2C(=C1)C=CC(=O)O2)OC,Quinone reductase 2,NQO2,P16083,Enzyme,0.0428942118511
8417,Scoparone,COC1=C(C=C2C(=C1)C=CC(=O)O2)OC,Lysine-specific demethylase 4C,KDM4C,Q9H3R0,Eraser,0.0428942118511
8417,Scoparone,COC1=C(C=C2C(=C1)C=CC(=O)O2)OC,Hepatocyte growth factor receptor,MET,P08581,Kinase,0.0428942118511
8417,Scoparone,COC1=C(C=C2C(=C1)C=CC(=O)O2)OC,MAP kinase p38 alpha,MAPK14,Q16539,Kinase,0.0428942118511
8417,Scoparone,COC1=C(C=C2C(=C1)C=CC(=O)O2)OC,Protein-glutamine gamma-glutamyltransferase,TGM2,P21980,Enzyme,0.0428942118511
8417,Scoparone,COC1=C(C=C2C(=C1)C=CC(=O)O2)OC,Protein-tyrosine phosphatase 1E,PTPN13,Q12923,Phosphatase,0.0428942118511
8417,Scoparone,COC1=C(C=C2C(=C1)C=CC(=O)O2)OC,Methionine aminopeptidase 1,METAP1,P53582,Protease,0.0428942118511
8417,Scoparone,COC1=C(C=C2C(=C1)C=CC(=O)O2)OC,Intercellular adhesion molecule-1,ICAM1,P05362,Adhesion,0.0428942118511
8417,Scoparone,COC1=C(C=C2C(=C1)C=CC(=O)O2)OC,Selectin E,SELE,P16581,Adhesion,0.0428942118511
8417,Scoparone,COC1=C(C=C2C(=C1)C=CC(=O)O2)OC,Caspase-1,CASP1,P29466,Protease,0.0428942118511
8417,Scoparone,COC1=C(C=C2C(=C1)C=CC(=O)O2)OC,Mitogen-activated protein kinase kinase kinase 14,MAP3K14,Q99558,Kinase,0.0428942118511
8417,Scoparone,COC1=C(C=C2C(=C1)C=CC(=O)O2)OC,DNA-(apurinic or apyrimidinic site) lyase,APEX1,P27695,Enzyme,0.0428942118511
8417,Scoparone,COC1=C(C=C2C(=C1)C=CC(=O)O2)OC,Induced myeloid leukemia cell differentiation protein Mcl-1,MCL1,Q07820,Other cytosolic protein,0.0428942118511
8417,Scoparone,COC1=C(C=C2C(=C1)C=CC(=O)O2)OC,NUAK family SNF1-like kinase 1,NUAK1,O60285,Kinase,0.0428942118511
8417,Scoparone,COC1=C(C=C2C(=C1)C=CC(=O)O2)OC,MAP kinase-activated protein kinase 2,MAPKAPK2,P49137,Kinase,0.0428942118511
8417,Scoparone,COC1=C(C=C2C(=C1)C=CC(=O)O2)OC,Tyrosine-protein kinase JAK1,JAK1,P23458,Kinase,0.0428942118511
5317750,Glycitein,COC1=C(C=C2C(=C1)C(=O)C(=CO2)C3=CC=C(C=C3)O)O,Epidermal growth factor receptor erbB1,EGFR,P00533,Kinase,0.624921226338
5317750,Glycitein,COC1=C(C=C2C(=C1)C(=O)C(=CO2)C3=CC=C(C=C3)O)O,Estradiol 17-beta-dehydrogenase 2,HSD17B2,P37059,Enzyme,0.188420385827
5317750,Glycitein,COC1=C(C=C2C(=C1)C(=O)C(=CO2)C3=CC=C(C=C3)O)O,Estrogen receptor alpha,ESR1,P03372,Nuclear receptor,0.171978589411
5317750,Glycitein,COC1=C(C=C2C(=C1)C(=O)C(=CO2)C3=CC=C(C=C3)O)O,Estrogen receptor beta,ESR2,Q92731,Nuclear receptor,0.171978589411
5317750,Glycitein,COC1=C(C=C2C(=C1)C(=O)C(=CO2)C3=CC=C(C=C3)O)O,Arachidonate 12-lipoxygenase,ALOX12,P18054,Enzyme,0.155528102326
5317750,Glycitein,COC1=C(C=C2C(=C1)C(=O)C(=CO2)C3=CC=C(C=C3)O)O,Interleukin-2,IL2,P60568,Secreted protein,0.147256737367
5317750,Glycitein,COC1=C(C=C2C(=C1)C(=O)C(=CO2)C3=CC=C(C=C3)O)O,Adenosine A1 receptor   (by homology),ADORA1,P30542,Family A G protein-coupled receptor,0.147256737367
5317750,Glycitein,COC1=C(C=C2C(=C1)C(=O)C(=CO2)C3=CC=C(C=C3)O)O,Adenosine A2a receptor,ADORA2A,P29274,Family A G protein-coupled receptor,0.147256737367
5317750,Glycitein,COC1=C(C=C2C(=C1)C(=O)C(=CO2)C3=CC=C(C=C3)O)O,Estradiol 17-beta-dehydrogenase 1,HSD17B1,P14061,Enzyme,0.130791955177
5317750,Glycitein,COC1=C(C=C2C(=C1)C(=O)C(=CO2)C3=CC=C(C=C3)O)O,Carbonic anhydrase VII,CA7,P43166,Lyase,0.130791955177
5317750,Glycitein,COC1=C(C=C2C(=C1)C(=O)C(=CO2)C3=CC=C(C=C3)O)O,Carbonic anhydrase XII,CA12,O43570,Lyase,0.130791955177
5317750,Glycitein,COC1=C(C=C2C(=C1)C(=O)C(=CO2)C3=CC=C(C=C3)O)O,Cytochrome P450 19A1,CYP19A1,P11511,Cytochrome P450,0.130791955177
5317750,Glycitein,COC1=C(C=C2C(=C1)C(=O)C(=CO2)C3=CC=C(C=C3)O)O,Receptor-type tyrosine-protein phosphatase S,PTPRS,Q13332,Phosphatase,0.122581769115
5317750,Glycitein,COC1=C(C=C2C(=C1)C(=O)C(=CO2)C3=CC=C(C=C3)O)O,Carbonic anhydrase IV,CA4,P22748,Lyase,0.122581769115
5317750,Glycitein,COC1=C(C=C2C(=C1)C(=O)C(=CO2)C3=CC=C(C=C3)O)O,Carbonyl reductase [NADPH] 1,CBR1,P16152,Enzyme,0.122581769115
5317750,Glycitein,COC1=C(C=C2C(=C1)C(=O)C(=CO2)C3=CC=C(C=C3)O)O,P-glycoprotein 1,ABCB1,P08183,Primary active transporter,0.114337558605
5317750,Glycitein,COC1=C(C=C2C(=C1)C(=O)C(=CO2)C3=CC=C(C=C3)O)O,Xanthine dehydrogenase,XDH,P47989,Oxidoreductase,0.114337558605
5317750,Glycitein,COC1=C(C=C2C(=C1)C(=O)C(=CO2)C3=CC=C(C=C3)O)O,"6-phosphofructo-2-kinase/fructose-2,6-bisphosphatase 3",PFKFB3,Q16875,Enzyme,0.114337558605
5317750,Glycitein,COC1=C(C=C2C(=C1)C(=O)C(=CO2)C3=CC=C(C=C3)O)O,Estrogen-related receptor alpha,ESRRA,P11474,Nuclear receptor,0.114337558605
5317750,Glycitein,COC1=C(C=C2C(=C1)C(=O)C(=CO2)C3=CC=C(C=C3)O)O,ATP-binding cassette sub-family G member 2,ABCG2,Q9UNQ0,Primary active transporter,0.114337558605
5317750,Glycitein,COC1=C(C=C2C(=C1)C(=O)C(=CO2)C3=CC=C(C=C3)O)O,Tyrosinase,TYR,P14679,Oxidoreductase,0.106099949133
5317750,Glycitein,COC1=C(C=C2C(=C1)C(=O)C(=CO2)C3=CC=C(C=C3)O)O,Monoamine oxidase A,MAOA,P21397,Oxidoreductase,0.106099949133
5317750,Glycitein,COC1=C(C=C2C(=C1)C(=O)C(=CO2)C3=CC=C(C=C3)O)O,Cyclooxygenase-1,PTGS1,P23219,Oxidoreductase,0.106099949133
5317750,Glycitein,COC1=C(C=C2C(=C1)C(=O)C(=CO2)C3=CC=C(C=C3)O)O,Norepinephrine transporter,SLC6A2,P23975,Electrochemical transporter,0.106099949133
5317750,Glycitein,COC1=C(C=C2C(=C1)C(=O)C(=CO2)C3=CC=C(C=C3)O)O,Aldehyde dehydrogenase,ALDH2,P05091,Oxidoreductase,0.106099949133
5317750,Glycitein,COC1=C(C=C2C(=C1)C(=O)C(=CO2)C3=CC=C(C=C3)O)O,Thromboxane-A synthase,TBXAS1,P24557,Cytochrome P450,0.106099949133
5317750,Glycitein,COC1=C(C=C2C(=C1)C(=O)C(=CO2)C3=CC=C(C=C3)O)O,Maltase-glucoamylase,MGAM,O43451,Hydrolase,0.106099949133
5317750,Glycitein,COC1=C(C=C2C(=C1)C(=O)C(=CO2)C3=CC=C(C=C3)O)O,Serotonin 2a (5-HT2a) receptor,HTR2A,P28223,Family A G protein-coupled receptor,0.106099949133
5317750,Glycitein,COC1=C(C=C2C(=C1)C(=O)C(=CO2)C3=CC=C(C=C3)O)O,Serotonin 2c (5-HT2c) receptor,HTR2C,P28335,Family A G protein-coupled receptor,0.106099949133
5317750,Glycitein,COC1=C(C=C2C(=C1)C(=O)C(=CO2)C3=CC=C(C=C3)O)O,Estrogen-related receptor beta,ESRRB,O95718,Nuclear receptor,0.106099949133
5317750,Glycitein,COC1=C(C=C2C(=C1)C(=O)C(=CO2)C3=CC=C(C=C3)O)O,Acetylcholinesterase,ACHE,P22303,Hydrolase,0.0978745343258
5317750,Glycitein,COC1=C(C=C2C(=C1)C(=O)C(=CO2)C3=CC=C(C=C3)O)O,Arachidonate 15-lipoxygenase,ALOX15,P16050,Enzyme,0.0978745343258
5317750,Glycitein,COC1=C(C=C2C(=C1)C(=O)C(=CO2)C3=CC=C(C=C3)O)O,Macrophage migration inhibitory factor,MIF,P14174,Enzyme,0.0978745343258
5317750,Glycitein,COC1=C(C=C2C(=C1)C(=O)C(=CO2)C3=CC=C(C=C3)O)O,Toll-like receptor (TLR7/TLR9),TLR9,Q9NR96,Toll-like and Il-1 receptors,0.0978745343258
5317750,Glycitein,COC1=C(C=C2C(=C1)C(=O)C(=CO2)C3=CC=C(C=C3)O)O,Carbonic anhydrase II,CA2,P00918,Lyase,0.0978745343258
5317750,Glycitein,COC1=C(C=C2C(=C1)C(=O)C(=CO2)C3=CC=C(C=C3)O)O,Serum paraoxonase/arylesterase 1,PON1,P27169,Enzyme,0.0978745343258
5317750,Glycitein,COC1=C(C=C2C(=C1)C(=O)C(=CO2)C3=CC=C(C=C3)O)O,NADPH oxidase 4,NOX4,Q9NPH5,Enzyme,0.0978745343258
5317750,Glycitein,COC1=C(C=C2C(=C1)C(=O)C(=CO2)C3=CC=C(C=C3)O)O,Carbonic anhydrase I,CA1,P00915,Lyase,0.0978745343258
5317750,Glycitein,COC1=C(C=C2C(=C1)C(=O)C(=CO2)C3=CC=C(C=C3)O)O,Induced myeloid leukemia cell differentiation protein Mcl-1,MCL1,Q07820,Other cytosolic protein,0.0978745343258
5317750,Glycitein,COC1=C(C=C2C(=C1)C(=O)C(=CO2)C3=CC=C(C=C3)O)O,Serine/threonine-protein kinase PIM1,PIM1,P11309,Kinase,0.0978745343258
5317750,Glycitein,COC1=C(C=C2C(=C1)C(=O)C(=CO2)C3=CC=C(C=C3)O)O,Alpha-synuclein,SNCA,P37840,Unclassified protein,0.0978745343258
5317750,Glycitein,COC1=C(C=C2C(=C1)C(=O)C(=CO2)C3=CC=C(C=C3)O)O,Steryl-sulfatase,STS,P08842,Enzyme,0.0978745343258
5317750,Glycitein,COC1=C(C=C2C(=C1)C(=O)C(=CO2)C3=CC=C(C=C3)O)O,Peroxisome proliferator-activated receptor alpha,PPARA,Q07869,Nuclear receptor,0.0978745343258
5317750,Glycitein,COC1=C(C=C2C(=C1)C(=O)C(=CO2)C3=CC=C(C=C3)O)O,Insulin-like growth factor binding protein 3,IGFBP3,P17936,Secreted protein,0.0978745343258
5317750,Glycitein,COC1=C(C=C2C(=C1)C(=O)C(=CO2)C3=CC=C(C=C3)O)O,Beta-secretase 1,BACE1,P56817,Protease,0.0978745343258
5317750,Glycitein,COC1=C(C=C2C(=C1)C(=O)C(=CO2)C3=CC=C(C=C3)O)O,Aldose reductase   (by homology),AKR1B1,P15121,Enzyme,0.0978745343258
5317750,Glycitein,COC1=C(C=C2C(=C1)C(=O)C(=CO2)C3=CC=C(C=C3)O)O,Monoamine oxidase B,MAOB,P27338,Oxidoreductase,0.0978745343258
5317750,Glycitein,COC1=C(C=C2C(=C1)C(=O)C(=CO2)C3=CC=C(C=C3)O)O,Carbonic anhydrase VB,CA5B,Q9Y2D0,Lyase,0.0978745343258
5317750,Glycitein,COC1=C(C=C2C(=C1)C(=O)C(=CO2)C3=CC=C(C=C3)O)O,Endoplasmin,HSP90B1,P14625,Other membrane protein,0.0978745343258
5317750,Glycitein,COC1=C(C=C2C(=C1)C(=O)C(=CO2)C3=CC=C(C=C3)O)O,"Troponin, cardiac muscle",TNNC1,P63316,Unclassified protein,0.0978745343258
5317750,Glycitein,COC1=C(C=C2C(=C1)C(=O)C(=CO2)C3=CC=C(C=C3)O)O,"Troponin, cardiac muscle",TNNT2,P45379,Unclassified protein,0.0978745343258
5317750,Glycitein,COC1=C(C=C2C(=C1)C(=O)C(=CO2)C3=CC=C(C=C3)O)O,"Troponin, cardiac muscle",TNNI3,P19429,Unclassified protein,0.0978745343258
5317750,Glycitein,COC1=C(C=C2C(=C1)C(=O)C(=CO2)C3=CC=C(C=C3)O)O,Heat shock protein HSP 90-alpha,HSP90AA1,P07900,Other cytosolic protein,0.0978745343258
5317750,Glycitein,COC1=C(C=C2C(=C1)C(=O)C(=CO2)C3=CC=C(C=C3)O)O,Insulin-like growth factor binding protein 6,IGFBP6,P24592,Secreted protein,0.0978745343258
5317750,Glycitein,COC1=C(C=C2C(=C1)C(=O)C(=CO2)C3=CC=C(C=C3)O)O,Insulin-like growth factor binding protein 4,IGFBP4,P22692,Secreted protein,0.0978745343258
5317750,Glycitein,COC1=C(C=C2C(=C1)C(=O)C(=CO2)C3=CC=C(C=C3)O)O,Insulin-like growth factor binding protein 5,IGFBP5,P24593,Secreted protein,0.0978745343258
5317750,Glycitein,COC1=C(C=C2C(=C1)C(=O)C(=CO2)C3=CC=C(C=C3)O)O,Insulin-like growth factor binding protein 2,IGFBP2,P18065,Secreted protein,0.0978745343258
5317750,Glycitein,COC1=C(C=C2C(=C1)C(=O)C(=CO2)C3=CC=C(C=C3)O)O,Insulin-like growth factor binding protein 1,IGFBP1,P08833,Secreted protein,0.0978745343258
72281,Hesperetin,COC1=C(C=C(C=C1)C2CC(=O)C3=C(C=C(C=C3O2)O)O)O,Carbonic anhydrase VII,CA7,P43166,Lyase,1.0
72281,Hesperetin,COC1=C(C=C(C=C1)C2CC(=O)C3=C(C=C(C=C3O2)O)O)O,Carbonic anhydrase XII,CA12,O43570,Lyase,1.0
72281,Hesperetin,COC1=C(C=C(C=C1)C2CC(=O)C3=C(C=C(C=C3O2)O)O)O,Carbonic anhydrase IV,CA4,P22748,Lyase,1.0
72281,Hesperetin,COC1=C(C=C(C=C1)C2CC(=O)C3=C(C=C(C=C3O2)O)O)O,Cytochrome P450 1B1,CYP1B1,Q16678,Cytochrome P450,1.0
72281,Hesperetin,COC1=C(C=C(C=C1)C2CC(=O)C3=C(C=C(C=C3O2)O)O)O,Cytochrome P450 19A1,CYP19A1,P11511,Cytochrome P450,0.20626523333
72281,Hesperetin,COC1=C(C=C(C=C1)C2CC(=O)C3=C(C=C(C=C3O2)O)O)O,Taste receptor type 2 member 31,TAS2R31,P59538,Taste family G protein-coupled receptor,0.16679877234
72281,Hesperetin,COC1=C(C=C(C=C1)C2CC(=O)C3=C(C=C(C=C3O2)O)O)O,Adenosine A1 receptor   (by homology),ADORA1,P30542,Family A G protein-coupled receptor,0.16679877234
72281,Hesperetin,COC1=C(C=C(C=C1)C2CC(=O)C3=C(C=C(C=C3O2)O)O)O,Adenosine A3 receptor,ADORA3,P0DMS8,Family A G protein-coupled receptor,0.16679877234
72281,Hesperetin,COC1=C(C=C(C=C1)C2CC(=O)C3=C(C=C(C=C3O2)O)O)O,ATP-binding cassette sub-family G member 2,ABCG2,Q9UNQ0,Primary active transporter,0.158886033955
72281,Hesperetin,COC1=C(C=C(C=C1)C2CC(=O)C3=C(C=C(C=C3O2)O)O)O,Estradiol 17-beta-dehydrogenase 1,HSD17B1,P14061,Enzyme,0.158886033955
72281,Hesperetin,COC1=C(C=C(C=C1)C2CC(=O)C3=C(C=C(C=C3O2)O)O)O,Estrogen receptor beta,ESR2,Q92731,Nuclear receptor,0.150981810223
72281,Hesperetin,COC1=C(C=C(C=C1)C2CC(=O)C3=C(C=C(C=C3O2)O)O)O,Estrogen receptor alpha,ESR1,P03372,Nuclear receptor,0.135202128368
72281,Hesperetin,COC1=C(C=C(C=C1)C2CC(=O)C3=C(C=C(C=C3O2)O)O)O,Monoamine oxidase B,MAOB,P27338,Oxidoreductase,0.135202128368
72281,Hesperetin,COC1=C(C=C(C=C1)C2CC(=O)C3=C(C=C(C=C3O2)O)O)O,Multidrug resistance-associated protein 1,ABCC1,P33527,Primary active transporter,0.127302569502
72281,Hesperetin,COC1=C(C=C(C=C1)C2CC(=O)C3=C(C=C(C=C3O2)O)O)O,Testis-specific androgen-binding protein,SHBG,P04278,Secreted protein,0.127302569502
72281,Hesperetin,COC1=C(C=C(C=C1)C2CC(=O)C3=C(C=C(C=C3O2)O)O)O,Carbonyl reductase [NADPH] 1,CBR1,P16152,Enzyme,0.127302569502
72281,Hesperetin,COC1=C(C=C(C=C1)C2CC(=O)C3=C(C=C(C=C3O2)O)O)O,Matrix metalloproteinase 13,MMP13,P45452,Protease,0.127302569502
72281,Hesperetin,COC1=C(C=C(C=C1)C2CC(=O)C3=C(C=C(C=C3O2)O)O)O,Cyclooxygenase-1,PTGS1,P23219,Oxidoreductase,0.119403562123
72281,Hesperetin,COC1=C(C=C(C=C1)C2CC(=O)C3=C(C=C(C=C3O2)O)O)O,Beta-secretase 1,BACE1,P56817,Protease,0.11150186548
72281,Hesperetin,COC1=C(C=C(C=C1)C2CC(=O)C3=C(C=C(C=C3O2)O)O)O,Matrix metalloproteinase 12,MMP12,P39900,Protease,0.11150186548
72281,Hesperetin,COC1=C(C=C(C=C1)C2CC(=O)C3=C(C=C(C=C3O2)O)O)O,Metabotropic glutamate receptor 5,GRM5,P41594,Family C G protein-coupled receptor,0.11150186548
72281,Hesperetin,COC1=C(C=C(C=C1)C2CC(=O)C3=C(C=C(C=C3O2)O)O)O,Tyrosine-protein kinase SRC,SRC,P12931,Kinase,0.11150186548
72281,Hesperetin,COC1=C(C=C(C=C1)C2CC(=O)C3=C(C=C(C=C3O2)O)O)O,Aldo-keto-reductase family 1 member C3,AKR1C3,P42330,Enzyme,0.11150186548
72281,Hesperetin,COC1=C(C=C(C=C1)C2CC(=O)C3=C(C=C(C=C3O2)O)O)O,Phospholipase A2 group 1B,PLA2G1B,P04054,Enzyme,0.11150186548
72281,Hesperetin,COC1=C(C=C(C=C1)C2CC(=O)C3=C(C=C(C=C3O2)O)O)O,Kallikrein 1,KLK1,P06870,Protease,0.11150186548
72281,Hesperetin,COC1=C(C=C(C=C1)C2CC(=O)C3=C(C=C(C=C3O2)O)O)O,Kallikrein 2,KLK2,P20151,Protease,0.11150186548
72281,Hesperetin,COC1=C(C=C(C=C1)C2CC(=O)C3=C(C=C(C=C3O2)O)O)O,Carbonic anhydrase III,CA3,P07451,Lyase,0.11150186548
72281,Hesperetin,COC1=C(C=C(C=C1)C2CC(=O)C3=C(C=C(C=C3O2)O)O)O,Neuronal acetylcholine receptor protein alpha-7 subunit,CHRNA7,P36544,Ligand-gated ion channel,0.11150186548
72281,Hesperetin,COC1=C(C=C(C=C1)C2CC(=O)C3=C(C=C(C=C3O2)O)O)O,Telomerase reverse transcriptase,TERT,O14746,Enzyme,0.11150186548
72281,Hesperetin,COC1=C(C=C(C=C1)C2CC(=O)C3=C(C=C(C=C3O2)O)O)O,Carbonic anhydrase II,CA2,P00918,Lyase,0.11150186548
72281,Hesperetin,COC1=C(C=C(C=C1)C2CC(=O)C3=C(C=C(C=C3O2)O)O)O,Carbonic anhydrase I,CA1,P00915,Lyase,0.11150186548
72281,Hesperetin,COC1=C(C=C(C=C1)C2CC(=O)C3=C(C=C(C=C3O2)O)O)O,Carbonic anhydrase VI,CA6,P23280,Lyase,0.11150186548
72281,Hesperetin,COC1=C(C=C(C=C1)C2CC(=O)C3=C(C=C(C=C3O2)O)O)O,Carbonic anhydrase VA,CA5A,P35218,Lyase,0.11150186548
72281,Hesperetin,COC1=C(C=C(C=C1)C2CC(=O)C3=C(C=C(C=C3O2)O)O)O,DNA polymerase beta   (by homology),POLB,P06746,Enzyme,0.11150186548
72281,Hesperetin,COC1=C(C=C(C=C1)C2CC(=O)C3=C(C=C(C=C3O2)O)O)O,Plasminogen activator inhibitor-1,SERPINE1,P05121,Secreted protein,0.11150186548
72281,Hesperetin,COC1=C(C=C(C=C1)C2CC(=O)C3=C(C=C(C=C3O2)O)O)O,Beta amyloid A4 protein,APP,P05067,Membrane receptor,0.11150186548
72281,Hesperetin,COC1=C(C=C(C=C1)C2CC(=O)C3=C(C=C(C=C3O2)O)O)O,Phospholipase A2 group V,PLA2G5,P39877,Enzyme,0.11150186548
72281,Hesperetin,COC1=C(C=C(C=C1)C2CC(=O)C3=C(C=C(C=C3O2)O)O)O,Group X secretory phospholipase A2,PLA2G10,O15496,Enzyme,0.11150186548
72281,Hesperetin,COC1=C(C=C(C=C1)C2CC(=O)C3=C(C=C(C=C3O2)O)O)O,Plasminogen,PLG,P00747,Protease,0.11150186548
72281,Hesperetin,COC1=C(C=C(C=C1)C2CC(=O)C3=C(C=C(C=C3O2)O)O)O,NADPH oxidase 4,NOX4,Q9NPH5,Enzyme,0.11150186548
72281,Hesperetin,COC1=C(C=C(C=C1)C2CC(=O)C3=C(C=C(C=C3O2)O)O)O,Carbonic anhydrase XIII,CA13,Q8N1Q1,Lyase,0.11150186548
72281,Hesperetin,COC1=C(C=C(C=C1)C2CC(=O)C3=C(C=C(C=C3O2)O)O)O,Carbonic anhydrase VB,CA5B,Q9Y2D0,Lyase,0.11150186548
72281,Hesperetin,COC1=C(C=C(C=C1)C2CC(=O)C3=C(C=C(C=C3O2)O)O)O,Acetylcholinesterase,ACHE,P22303,Hydrolase,0.11150186548
72281,Hesperetin,COC1=C(C=C(C=C1)C2CC(=O)C3=C(C=C(C=C3O2)O)O)O,Beta-glucuronidase,GUSB,P08236,Enzyme,0.11150186548
72281,Hesperetin,COC1=C(C=C(C=C1)C2CC(=O)C3=C(C=C(C=C3O2)O)O)O,Acyl coenzyme A:cholesterol acyltransferase,CES1,P23141,Enzyme,0.11150186548
72281,Hesperetin,COC1=C(C=C(C=C1)C2CC(=O)C3=C(C=C(C=C3O2)O)O)O,Sodium/glucose cotransporter 2,SLC5A2,P31639,Electrochemical transporter,0.11150186548
72281,Hesperetin,COC1=C(C=C(C=C1)C2CC(=O)C3=C(C=C(C=C3O2)O)O)O,Carboxylesterase 2,CES2,O00748,Enzyme,0.11150186548
72281,Hesperetin,COC1=C(C=C(C=C1)C2CC(=O)C3=C(C=C(C=C3O2)O)O)O,Retinoid X receptor alpha,RXRA,P19793,Nuclear receptor,0.11150186548
72281,Hesperetin,COC1=C(C=C(C=C1)C2CC(=O)C3=C(C=C(C=C3O2)O)O)O,Vascular endothelial growth factor receptor 2,KDR,P35968,Kinase,0.11150186548
72281,Hesperetin,COC1=C(C=C(C=C1)C2CC(=O)C3=C(C=C(C=C3O2)O)O)O,Metabotropic glutamate receptor 2   (by homology),GRM2,Q14416,Family C G protein-coupled receptor,0.11150186548
72281,Hesperetin,COC1=C(C=C(C=C1)C2CC(=O)C3=C(C=C(C=C3O2)O)O)O,Aldose reductase,AKR1B1,P15121,Enzyme,0.11150186548
72281,Hesperetin,COC1=C(C=C(C=C1)C2CC(=O)C3=C(C=C(C=C3O2)O)O)O,Cyclin-dependent kinase 1/cyclin B1,CDK1,P06493,Other cytosolic protein,0.11150186548
72281,Hesperetin,COC1=C(C=C(C=C1)C2CC(=O)C3=C(C=C(C=C3O2)O)O)O,Cyclin-dependent kinase 1/cyclin B1,CCNB1,P14635,Other cytosolic protein,0.11150186548
72281,Hesperetin,COC1=C(C=C(C=C1)C2CC(=O)C3=C(C=C(C=C3O2)O)O)O,Cyclin-dependent kinase 2/cyclin E1,CCNE1,P24864,Kinase,0.11150186548
72281,Hesperetin,COC1=C(C=C(C=C1)C2CC(=O)C3=C(C=C(C=C3O2)O)O)O,Cyclin-dependent kinase 2/cyclin E1,CDK2,P24941,Kinase,0.11150186548
72281,Hesperetin,COC1=C(C=C(C=C1)C2CC(=O)C3=C(C=C(C=C3O2)O)O)O,Dual specificity protein phosphatase 3,DUSP3,P51452,Phosphatase,0.11150186548
72281,Hesperetin,COC1=C(C=C(C=C1)C2CC(=O)C3=C(C=C(C=C3O2)O)O)O,Nerve growth factor receptor Trk-A,NTRK1,P04629,Kinase,0.11150186548
72281,Hesperetin,COC1=C(C=C(C=C1)C2CC(=O)C3=C(C=C(C=C3O2)O)O)O,Serine/threonine-protein kinase Aurora-A,AURKA,O14965,Kinase,0.11150186548
72281,Hesperetin,COC1=C(C=C(C=C1)C2CC(=O)C3=C(C=C(C=C3O2)O)O)O,Carbonic anhydrase IX,CA9,Q16790,Lyase,0.11150186548
72281,Hesperetin,COC1=C(C=C(C=C1)C2CC(=O)C3=C(C=C(C=C3O2)O)O)O,DNA topoisomerase I,TOP1,P11387,Isomerase,0.11150186548
72281,Hesperetin,COC1=C(C=C(C=C1)C2CC(=O)C3=C(C=C(C=C3O2)O)O)O,DNA (cytosine-5)-methyltransferase 1,DNMT1,P26358,Writer,0.11150186548
72281,Hesperetin,COC1=C(C=C(C=C1)C2CC(=O)C3=C(C=C(C=C3O2)O)O)O,6-phosphogluconate dehydrogenase,PGD,P52209,Enzyme,0.11150186548
72281,Hesperetin,COC1=C(C=C(C=C1)C2CC(=O)C3=C(C=C(C=C3O2)O)O)O,"CMP-N-acetylneuraminate-beta-1,4-galactoside alpha-2,3-sialyltransferase",ST3GAL3,Q11203,Transferase,0.11150186548
72281,Hesperetin,COC1=C(C=C(C=C1)C2CC(=O)C3=C(C=C(C=C3O2)O)O)O,"Alpha-(1,3)-fucosyltransferase 7",FUT7,Q11130,Transferase,0.11150186548
72281,Hesperetin,COC1=C(C=C(C=C1)C2CC(=O)C3=C(C=C(C=C3O2)O)O)O,Fucosyltransferase 4,FUT4,P22083,Enzyme,0.11150186548
72281,Hesperetin,COC1=C(C=C(C=C1)C2CC(=O)C3=C(C=C(C=C3O2)O)O)O,Signal transducer and activator of transcription 1-alpha/beta,STAT1,P42224,Transcription factor,0.11150186548
72281,Hesperetin,COC1=C(C=C(C=C1)C2CC(=O)C3=C(C=C(C=C3O2)O)O)O,Squalene monooxygenase   (by homology),SQLE,Q14534,Enzyme,0.11150186548
72281,Hesperetin,COC1=C(C=C(C=C1)C2CC(=O)C3=C(C=C(C=C3O2)O)O)O,Free fatty acid receptor 1,FFAR1,O14842,Family A G protein-coupled receptor,0.11150186548
72281,Hesperetin,COC1=C(C=C(C=C1)C2CC(=O)C3=C(C=C(C=C3O2)O)O)O,Serine/threonine-protein kinase PIM1,PIM1,P11309,Kinase,0.11150186548
72281,Hesperetin,COC1=C(C=C(C=C1)C2CC(=O)C3=C(C=C(C=C3O2)O)O)O,Serine/threonine-protein kinase PIM2,PIM2,Q9P1W9,Kinase,0.11150186548
72281,Hesperetin,COC1=C(C=C(C=C1)C2CC(=O)C3=C(C=C(C=C3O2)O)O)O,Serine/threonine-protein kinase PIM3,PIM3,Q86V86,Kinase,0.11150186548
72281,Hesperetin,COC1=C(C=C(C=C1)C2CC(=O)C3=C(C=C(C=C3O2)O)O)O,Matrix metalloproteinase 2,MMP2,P08253,Protease,0.11150186548
72281,Hesperetin,COC1=C(C=C(C=C1)C2CC(=O)C3=C(C=C(C=C3O2)O)O)O,Insulin-like growth factor I receptor,IGF1R,P08069,Kinase,0.11150186548
72281,Hesperetin,COC1=C(C=C(C=C1)C2CC(=O)C3=C(C=C(C=C3O2)O)O)O,Matrix metalloproteinase 9,MMP9,P14780,Protease,0.11150186548
72281,Hesperetin,COC1=C(C=C(C=C1)C2CC(=O)C3=C(C=C(C=C3O2)O)O)O,Ornithine decarboxylase,ODC1,P11926,Lyase,0.11150186548
72281,Hesperetin,COC1=C(C=C(C=C1)C2CC(=O)C3=C(C=C(C=C3O2)O)O)O,Poly [ADP-ribose] polymerase-1,PARP1,P09874,Enzyme,0.11150186548
72281,Hesperetin,COC1=C(C=C(C=C1)C2CC(=O)C3=C(C=C(C=C3O2)O)O)O,Dynamin-1,DNM1,Q05193,Enzyme,0.11150186548
72281,Hesperetin,COC1=C(C=C(C=C1)C2CC(=O)C3=C(C=C(C=C3O2)O)O)O,Tankyrase-2,TNKS2,Q9H2K2,Enzyme,0.11150186548
72281,Hesperetin,COC1=C(C=C(C=C1)C2CC(=O)C3=C(C=C(C=C3O2)O)O)O,Tankyrase-1,TNKS,O95271,Enzyme,0.11150186548
72281,Hesperetin,COC1=C(C=C(C=C1)C2CC(=O)C3=C(C=C(C=C3O2)O)O)O,Hepatocyte growth factor receptor,MET,P08581,Kinase,0.11150186548
72281,Hesperetin,COC1=C(C=C(C=C1)C2CC(=O)C3=C(C=C(C=C3O2)O)O)O,Dual-specificity tyrosine-phosphorylation regulated kinase 1A,DYRK1A,Q13627,Kinase,0.11150186548
72281,Hesperetin,COC1=C(C=C(C=C1)C2CC(=O)C3=C(C=C(C=C3O2)O)O)O,P-glycoprotein 1,ABCB1,P08183,Primary active transporter,0.11150186548
72281,Hesperetin,COC1=C(C=C(C=C1)C2CC(=O)C3=C(C=C(C=C3O2)O)O)O,Peroxisome proliferator-activated receptor gamma,PPARG,P37231,Nuclear receptor,0.11150186548
72281,Hesperetin,COC1=C(C=C(C=C1)C2CC(=O)C3=C(C=C(C=C3O2)O)O)O,Mitogen-activated protein kinase kinase kinase kinase 4,MAP4K4,O95819,Kinase,0.11150186548
72281,Hesperetin,COC1=C(C=C(C=C1)C2CC(=O)C3=C(C=C(C=C3O2)O)O)O,Phospholipase A2 group IIA,PLA2G2A,P14555,Enzyme,0.11150186548
72281,Hesperetin,COC1=C(C=C(C=C1)C2CC(=O)C3=C(C=C(C=C3O2)O)O)O,Cyclin-dependent kinase 2/cyclin A,CDK2,P24941,Other cytosolic protein,0.11150186548
72281,Hesperetin,COC1=C(C=C(C=C1)C2CC(=O)C3=C(C=C(C=C3O2)O)O)O,Cyclin-dependent kinase 2/cyclin A,CCNA1,P78396,Other cytosolic protein,0.11150186548
72281,Hesperetin,COC1=C(C=C(C=C1)C2CC(=O)C3=C(C=C(C=C3O2)O)O)O,Cyclin-dependent kinase 2/cyclin A,CCNA2,P20248,Other cytosolic protein,0.11150186548
72281,Hesperetin,COC1=C(C=C(C=C1)C2CC(=O)C3=C(C=C(C=C3O2)O)O)O,Protein-arginine N-methyltransferase 1,PRMT1,Q99873,Writer,0.11150186548
72281,Hesperetin,COC1=C(C=C(C=C1)C2CC(=O)C3=C(C=C(C=C3O2)O)O)O,Estradiol 17-beta-dehydrogenase 2,HSD17B2,P37059,Enzyme,0.11150186548
72281,Hesperetin,COC1=C(C=C(C=C1)C2CC(=O)C3=C(C=C(C=C3O2)O)O)O,Endothelin receptor ET-A,EDNRA,P25101,Family A G protein-coupled receptor,0.11150186548
72281,Hesperetin,COC1=C(C=C(C=C1)C2CC(=O)C3=C(C=C(C=C3O2)O)O)O,Apoptosis regulator Bcl-2,BCL2,P10415,Other ion channel,0.11150186548
72344,Nobiletin,COC1=C(C=C(C=C1)C2=CC(=O)C3=C(O2)C(=C(C(=C3OC)OC)OC)OC)OC,ATP-binding cassette sub-family G member 2,ABCG2,Q9UNQ0,Primary active transporter,0.93648671612
72344,Nobiletin,COC1=C(C=C(C=C1)C2=CC(=O)C3=C(O2)C(=C(C(=C3OC)OC)OC)OC)OC,Aldose reductase,AKR1B1,P15121,Enzyme,0.420300065815
72344,Nobiletin,COC1=C(C=C(C=C1)C2=CC(=O)C3=C(O2)C(=C(C(=C3OC)OC)OC)OC)OC,Delta opioid receptor   (by homology),OPRD1,P41143,Family A G protein-coupled receptor,0.262300014623
72344,Nobiletin,COC1=C(C=C(C=C1)C2=CC(=O)C3=C(O2)C(=C(C(=C3OC)OC)OC)OC)OC,Cytochrome P450 1B1,CYP1B1,Q16678,Cytochrome P450,0.253545671398
72344,Nobiletin,COC1=C(C=C(C=C1)C2=CC(=O)C3=C(O2)C(=C(C(=C3OC)OC)OC)OC)OC,Stem cell growth factor receptor,KIT,P10721,Kinase,0.157071962631
72344,Nobiletin,COC1=C(C=C(C=C1)C2=CC(=O)C3=C(O2)C(=C(C(=C3OC)OC)OC)OC)OC,Mu opioid receptor,OPRM1,P35372,Family A G protein-coupled receptor,0.121986395249
72344,Nobiletin,COC1=C(C=C(C=C1)C2=CC(=O)C3=C(O2)C(=C(C(=C3OC)OC)OC)OC)OC,Carbonic anhydrase II,CA2,P00918,Lyase,0.113206574926
72344,Nobiletin,COC1=C(C=C(C=C1)C2=CC(=O)C3=C(O2)C(=C(C(=C3OC)OC)OC)OC)OC,Arachidonate 5-lipoxygenase,ALOX5,P09917,Oxidoreductase,0.113206574926
72344,Nobiletin,COC1=C(C=C(C=C1)C2=CC(=O)C3=C(O2)C(=C(C(=C3OC)OC)OC)OC)OC,Cyclooxygenase-2,PTGS2,P35354,Oxidoreductase,0.0956634871844
72344,Nobiletin,COC1=C(C=C(C=C1)C2=CC(=O)C3=C(O2)C(=C(C(=C3OC)OC)OC)OC)OC,NADPH oxidase 4,NOX4,Q9NPH5,Enzyme,0.0956634871844
72344,Nobiletin,COC1=C(C=C(C=C1)C2=CC(=O)C3=C(O2)C(=C(C(=C3OC)OC)OC)OC)OC,"Nitric oxide synthase, inducible",NOS2,P35228,Enzyme,0.0956634871844
72344,Nobiletin,COC1=C(C=C(C=C1)C2=CC(=O)C3=C(O2)C(=C(C(=C3OC)OC)OC)OC)OC,Adenosine A3 receptor,ADORA3,P0DMS8,Family A G protein-coupled receptor,0.0956634871844
72344,Nobiletin,COC1=C(C=C(C=C1)C2=CC(=O)C3=C(O2)C(=C(C(=C3OC)OC)OC)OC)OC,Carbonic anhydrase XII,CA12,O43570,Lyase,0.0956634871844
72344,Nobiletin,COC1=C(C=C(C=C1)C2=CC(=O)C3=C(O2)C(=C(C(=C3OC)OC)OC)OC)OC,Adenosine A1 receptor   (by homology),ADORA1,P30542,Family A G protein-coupled receptor,0.0956634871844
72344,Nobiletin,COC1=C(C=C(C=C1)C2=CC(=O)C3=C(O2)C(=C(C(=C3OC)OC)OC)OC)OC,Adenosine A2a receptor   (by homology),ADORA2A,P29274,Family A G protein-coupled receptor,0.0956634871844
98570,"7,8-dimethoxy-11-methyl-17,19-dioxa-11-azatetracyclo[12.7.0.04,9.016,20]henicosa-1(21),4(9),5,7,14,16(20)-hexaen-2-one",CN1CCC2=CC3=C(C=C2C(=O)CC4=C(C1)C(=C(C=C4)OC)OC)OCO3,Dopamine D1 receptor,DRD1,P21728,Family A G protein-coupled receptor,0.12128700335
98570,"7,8-dimethoxy-11-methyl-17,19-dioxa-11-azatetracyclo[12.7.0.04,9.016,20]henicosa-1(21),4(9),5,7,14,16(20)-hexaen-2-one",CN1CCC2=CC3=C(C=C2C(=O)CC4=C(C1)C(=C(C=C4)OC)OC)OCO3,Dopamine D2 receptor,DRD2,P14416,Family A G protein-coupled receptor,0.12128700335
98570,"7,8-dimethoxy-11-methyl-17,19-dioxa-11-azatetracyclo[12.7.0.04,9.016,20]henicosa-1(21),4(9),5,7,14,16(20)-hexaen-2-one",CN1CCC2=CC3=C(C=C2C(=O)CC4=C(C1)C(=C(C=C4)OC)OC)OCO3,Coagulation factor VII/tissue factor,F3,P13726,Surface antigen,0.113285953487
98570,"7,8-dimethoxy-11-methyl-17,19-dioxa-11-azatetracyclo[12.7.0.04,9.016,20]henicosa-1(21),4(9),5,7,14,16(20)-hexaen-2-one",CN1CCC2=CC3=C(C=C2C(=O)CC4=C(C1)C(=C(C=C4)OC)OC)OCO3,Serotonin 1a (5-HT1a) receptor,HTR1A,P08908,Family A G protein-coupled receptor,0.113285953487
98570,"7,8-dimethoxy-11-methyl-17,19-dioxa-11-azatetracyclo[12.7.0.04,9.016,20]henicosa-1(21),4(9),5,7,14,16(20)-hexaen-2-one",CN1CCC2=CC3=C(C=C2C(=O)CC4=C(C1)C(=C(C=C4)OC)OC)OCO3,Serotonin 7 (5-HT7) receptor,HTR7,P34969,Family A G protein-coupled receptor,0.113285953487
98570,"7,8-dimethoxy-11-methyl-17,19-dioxa-11-azatetracyclo[12.7.0.04,9.016,20]henicosa-1(21),4(9),5,7,14,16(20)-hexaen-2-one",CN1CCC2=CC3=C(C=C2C(=O)CC4=C(C1)C(=C(C=C4)OC)OC)OCO3,Muscarinic acetylcholine receptor M4,CHRM4,P08173,Family A G protein-coupled receptor,0.113285953487
98570,"7,8-dimethoxy-11-methyl-17,19-dioxa-11-azatetracyclo[12.7.0.04,9.016,20]henicosa-1(21),4(9),5,7,14,16(20)-hexaen-2-one",CN1CCC2=CC3=C(C=C2C(=O)CC4=C(C1)C(=C(C=C4)OC)OC)OCO3,Alpha-1d adrenergic receptor,ADRA1D,P25100,Family A G protein-coupled receptor,0.113285953487
98570,"7,8-dimethoxy-11-methyl-17,19-dioxa-11-azatetracyclo[12.7.0.04,9.016,20]henicosa-1(21),4(9),5,7,14,16(20)-hexaen-2-one",CN1CCC2=CC3=C(C=C2C(=O)CC4=C(C1)C(=C(C=C4)OC)OC)OCO3,Dopamine transporter   (by homology),SLC6A3,Q01959,Electrochemical transporter,0.113285953487
98570,"7,8-dimethoxy-11-methyl-17,19-dioxa-11-azatetracyclo[12.7.0.04,9.016,20]henicosa-1(21),4(9),5,7,14,16(20)-hexaen-2-one",CN1CCC2=CC3=C(C=C2C(=O)CC4=C(C1)C(=C(C=C4)OC)OC)OCO3,CDC7/DBF4 (Cell division cycle 7-related protein kinase/Activator of S phase kinase),CDC7,O00311,Kinase,0.113285953487
98570,"7,8-dimethoxy-11-methyl-17,19-dioxa-11-azatetracyclo[12.7.0.04,9.016,20]henicosa-1(21),4(9),5,7,14,16(20)-hexaen-2-one",CN1CCC2=CC3=C(C=C2C(=O)CC4=C(C1)C(=C(C=C4)OC)OC)OCO3,Dopamine D4 receptor,DRD4,P21917,Family A G protein-coupled receptor,0.113285953487
98570,"7,8-dimethoxy-11-methyl-17,19-dioxa-11-azatetracyclo[12.7.0.04,9.016,20]henicosa-1(21),4(9),5,7,14,16(20)-hexaen-2-one",CN1CCC2=CC3=C(C=C2C(=O)CC4=C(C1)C(=C(C=C4)OC)OC)OCO3,Dopamine D3 receptor,DRD3,P35462,Family A G protein-coupled receptor,0.113285953487
98570,"7,8-dimethoxy-11-methyl-17,19-dioxa-11-azatetracyclo[12.7.0.04,9.016,20]henicosa-1(21),4(9),5,7,14,16(20)-hexaen-2-one",CN1CCC2=CC3=C(C=C2C(=O)CC4=C(C1)C(=C(C=C4)OC)OC)OCO3,Sigma opioid receptor,SIGMAR1,Q99720,Membrane receptor,0.113285953487
98570,"7,8-dimethoxy-11-methyl-17,19-dioxa-11-azatetracyclo[12.7.0.04,9.016,20]henicosa-1(21),4(9),5,7,14,16(20)-hexaen-2-one",CN1CCC2=CC3=C(C=C2C(=O)CC4=C(C1)C(=C(C=C4)OC)OC)OCO3,Inosine-5'-monophosphate dehydrogenase 2,IMPDH2,P12268,Oxidoreductase,0.113285953487
98570,"7,8-dimethoxy-11-methyl-17,19-dioxa-11-azatetracyclo[12.7.0.04,9.016,20]henicosa-1(21),4(9),5,7,14,16(20)-hexaen-2-one",CN1CCC2=CC3=C(C=C2C(=O)CC4=C(C1)C(=C(C=C4)OC)OC)OCO3,Leucine-rich repeat serine/threonine-protein kinase 2,LRRK2,Q5S007,Kinase,0.113285953487
98570,"7,8-dimethoxy-11-methyl-17,19-dioxa-11-azatetracyclo[12.7.0.04,9.016,20]henicosa-1(21),4(9),5,7,14,16(20)-hexaen-2-one",CN1CCC2=CC3=C(C=C2C(=O)CC4=C(C1)C(=C(C=C4)OC)OC)OCO3,Serine/threonine-protein kinase Aurora-A,AURKA,O14965,Kinase,0.113285953487
98570,"7,8-dimethoxy-11-methyl-17,19-dioxa-11-azatetracyclo[12.7.0.04,9.016,20]henicosa-1(21),4(9),5,7,14,16(20)-hexaen-2-one",CN1CCC2=CC3=C(C=C2C(=O)CC4=C(C1)C(=C(C=C4)OC)OC)OCO3,Serotonin 2a (5-HT2a) receptor,HTR2A,P28223,Family A G protein-coupled receptor,0.113285953487
98570,"7,8-dimethoxy-11-methyl-17,19-dioxa-11-azatetracyclo[12.7.0.04,9.016,20]henicosa-1(21),4(9),5,7,14,16(20)-hexaen-2-one",CN1CCC2=CC3=C(C=C2C(=O)CC4=C(C1)C(=C(C=C4)OC)OC)OCO3,Tyrosine-protein kinase BTK,BTK,Q06187,Kinase,0.113285953487
98570,"7,8-dimethoxy-11-methyl-17,19-dioxa-11-azatetracyclo[12.7.0.04,9.016,20]henicosa-1(21),4(9),5,7,14,16(20)-hexaen-2-one",CN1CCC2=CC3=C(C=C2C(=O)CC4=C(C1)C(=C(C=C4)OC)OC)OCO3,Poly [ADP-ribose] polymerase 2   (by homology),PARP2,Q9UGN5,Enzyme,0.113285953487
98570,"7,8-dimethoxy-11-methyl-17,19-dioxa-11-azatetracyclo[12.7.0.04,9.016,20]henicosa-1(21),4(9),5,7,14,16(20)-hexaen-2-one",CN1CCC2=CC3=C(C=C2C(=O)CC4=C(C1)C(=C(C=C4)OC)OC)OCO3,PI3-kinase p110-delta subunit,PIK3CD,O00329,Enzyme,0.113285953487
98570,"7,8-dimethoxy-11-methyl-17,19-dioxa-11-azatetracyclo[12.7.0.04,9.016,20]henicosa-1(21),4(9),5,7,14,16(20)-hexaen-2-one",CN1CCC2=CC3=C(C=C2C(=O)CC4=C(C1)C(=C(C=C4)OC)OC)OCO3,DNA-dependent protein kinase,PRKDC,P78527,Kinase,0.113285953487
98570,"7,8-dimethoxy-11-methyl-17,19-dioxa-11-azatetracyclo[12.7.0.04,9.016,20]henicosa-1(21),4(9),5,7,14,16(20)-hexaen-2-one",CN1CCC2=CC3=C(C=C2C(=O)CC4=C(C1)C(=C(C=C4)OC)OC)OCO3,Cyclin-dependent kinase 2/cyclin A,CDK2,P24941,Other cytosolic protein,0.113285953487
98570,"7,8-dimethoxy-11-methyl-17,19-dioxa-11-azatetracyclo[12.7.0.04,9.016,20]henicosa-1(21),4(9),5,7,14,16(20)-hexaen-2-one",CN1CCC2=CC3=C(C=C2C(=O)CC4=C(C1)C(=C(C=C4)OC)OC)OCO3,Cyclin-dependent kinase 2/cyclin A,CCNA1,P78396,Other cytosolic protein,0.113285953487
98570,"7,8-dimethoxy-11-methyl-17,19-dioxa-11-azatetracyclo[12.7.0.04,9.016,20]henicosa-1(21),4(9),5,7,14,16(20)-hexaen-2-one",CN1CCC2=CC3=C(C=C2C(=O)CC4=C(C1)C(=C(C=C4)OC)OC)OCO3,Cyclin-dependent kinase 2/cyclin A,CCNA2,P20248,Other cytosolic protein,0.113285953487
98570,"7,8-dimethoxy-11-methyl-17,19-dioxa-11-azatetracyclo[12.7.0.04,9.016,20]henicosa-1(21),4(9),5,7,14,16(20)-hexaen-2-one",CN1CCC2=CC3=C(C=C2C(=O)CC4=C(C1)C(=C(C=C4)OC)OC)OCO3,c-Jun N-terminal kinase 1,MAPK8,P45983,Kinase,0.113285953487
98570,"7,8-dimethoxy-11-methyl-17,19-dioxa-11-azatetracyclo[12.7.0.04,9.016,20]henicosa-1(21),4(9),5,7,14,16(20)-hexaen-2-one",CN1CCC2=CC3=C(C=C2C(=O)CC4=C(C1)C(=C(C=C4)OC)OC)OCO3,c-Jun N-terminal kinase 3,MAPK10,P53779,Kinase,0.113285953487
98570,"7,8-dimethoxy-11-methyl-17,19-dioxa-11-azatetracyclo[12.7.0.04,9.016,20]henicosa-1(21),4(9),5,7,14,16(20)-hexaen-2-one",CN1CCC2=CC3=C(C=C2C(=O)CC4=C(C1)C(=C(C=C4)OC)OC)OCO3,c-Jun N-terminal kinase 2,MAPK9,P45984,Kinase,0.113285953487
98570,"7,8-dimethoxy-11-methyl-17,19-dioxa-11-azatetracyclo[12.7.0.04,9.016,20]henicosa-1(21),4(9),5,7,14,16(20)-hexaen-2-one",CN1CCC2=CC3=C(C=C2C(=O)CC4=C(C1)C(=C(C=C4)OC)OC)OCO3,Cyclooxygenase-2,PTGS2,P35354,Oxidoreductase,0.113285953487
98570,"7,8-dimethoxy-11-methyl-17,19-dioxa-11-azatetracyclo[12.7.0.04,9.016,20]henicosa-1(21),4(9),5,7,14,16(20)-hexaen-2-one",CN1CCC2=CC3=C(C=C2C(=O)CC4=C(C1)C(=C(C=C4)OC)OC)OCO3,Beta-adrenergic receptor kinase 2,GRK3,P35626,Kinase,0.113285953487
98570,"7,8-dimethoxy-11-methyl-17,19-dioxa-11-azatetracyclo[12.7.0.04,9.016,20]henicosa-1(21),4(9),5,7,14,16(20)-hexaen-2-one",CN1CCC2=CC3=C(C=C2C(=O)CC4=C(C1)C(=C(C=C4)OC)OC)OCO3,Transient receptor potential cation channel subfamily M member 8   (by homology),TRPM8,Q7Z2W7,Voltage-gated ion channel,0.113285953487
98570,"7,8-dimethoxy-11-methyl-17,19-dioxa-11-azatetracyclo[12.7.0.04,9.016,20]henicosa-1(21),4(9),5,7,14,16(20)-hexaen-2-one",CN1CCC2=CC3=C(C=C2C(=O)CC4=C(C1)C(=C(C=C4)OC)OC)OCO3,G-protein coupled receptor kinase 2,GRK2,P25098,Kinase,0.113285953487
98570,"7,8-dimethoxy-11-methyl-17,19-dioxa-11-azatetracyclo[12.7.0.04,9.016,20]henicosa-1(21),4(9),5,7,14,16(20)-hexaen-2-one",CN1CCC2=CC3=C(C=C2C(=O)CC4=C(C1)C(=C(C=C4)OC)OC)OCO3,G protein-coupled receptor kinase 5,GRK5,P34947,Kinase,0.113285953487
98570,"7,8-dimethoxy-11-methyl-17,19-dioxa-11-azatetracyclo[12.7.0.04,9.016,20]henicosa-1(21),4(9),5,7,14,16(20)-hexaen-2-one",CN1CCC2=CC3=C(C=C2C(=O)CC4=C(C1)C(=C(C=C4)OC)OC)OCO3,Serine/threonine-protein kinase Nek1,NEK1,Q96PY6,Kinase,0.113285953487
98570,"7,8-dimethoxy-11-methyl-17,19-dioxa-11-azatetracyclo[12.7.0.04,9.016,20]henicosa-1(21),4(9),5,7,14,16(20)-hexaen-2-one",CN1CCC2=CC3=C(C=C2C(=O)CC4=C(C1)C(=C(C=C4)OC)OC)OCO3,Alpha-1a adrenergic receptor,ADRA1A,P35348,Family A G protein-coupled receptor,0.113285953487
98570,"7,8-dimethoxy-11-methyl-17,19-dioxa-11-azatetracyclo[12.7.0.04,9.016,20]henicosa-1(21),4(9),5,7,14,16(20)-hexaen-2-one",CN1CCC2=CC3=C(C=C2C(=O)CC4=C(C1)C(=C(C=C4)OC)OC)OCO3,Alpha-1b adrenergic receptor,ADRA1B,P35368,Family A G protein-coupled receptor,0.113285953487
98570,"7,8-dimethoxy-11-methyl-17,19-dioxa-11-azatetracyclo[12.7.0.04,9.016,20]henicosa-1(21),4(9),5,7,14,16(20)-hexaen-2-one",CN1CCC2=CC3=C(C=C2C(=O)CC4=C(C1)C(=C(C=C4)OC)OC)OCO3,Cyclin-dependent kinase 2/cyclin E1,CCNE1,P24864,Kinase,0.113285953487
98570,"7,8-dimethoxy-11-methyl-17,19-dioxa-11-azatetracyclo[12.7.0.04,9.016,20]henicosa-1(21),4(9),5,7,14,16(20)-hexaen-2-one",CN1CCC2=CC3=C(C=C2C(=O)CC4=C(C1)C(=C(C=C4)OC)OC)OCO3,Cyclin-dependent kinase 2/cyclin E1,CDK2,P24941,Kinase,0.113285953487
98570,"7,8-dimethoxy-11-methyl-17,19-dioxa-11-azatetracyclo[12.7.0.04,9.016,20]henicosa-1(21),4(9),5,7,14,16(20)-hexaen-2-one",CN1CCC2=CC3=C(C=C2C(=O)CC4=C(C1)C(=C(C=C4)OC)OC)OCO3,Transforming growth factor beta-1,TGFB1,P01137,Secreted protein,0.113285953487
98570,"7,8-dimethoxy-11-methyl-17,19-dioxa-11-azatetracyclo[12.7.0.04,9.016,20]henicosa-1(21),4(9),5,7,14,16(20)-hexaen-2-one",CN1CCC2=CC3=C(C=C2C(=O)CC4=C(C1)C(=C(C=C4)OC)OC)OCO3,Dual-specificity tyrosine-phosphorylation regulated kinase 1A,DYRK1A,Q13627,Kinase,0.113285953487
98570,"7,8-dimethoxy-11-methyl-17,19-dioxa-11-azatetracyclo[12.7.0.04,9.016,20]henicosa-1(21),4(9),5,7,14,16(20)-hexaen-2-one",CN1CCC2=CC3=C(C=C2C(=O)CC4=C(C1)C(=C(C=C4)OC)OC)OCO3,Dual specificity protein kinase CLK4,CLK4,Q9HAZ1,Kinase,0.113285953487
98570,"7,8-dimethoxy-11-methyl-17,19-dioxa-11-azatetracyclo[12.7.0.04,9.016,20]henicosa-1(21),4(9),5,7,14,16(20)-hexaen-2-one",CN1CCC2=CC3=C(C=C2C(=O)CC4=C(C1)C(=C(C=C4)OC)OC)OCO3,Dual specificty protein kinase CLK1,CLK1,P49759,Kinase,0.113285953487
98570,"7,8-dimethoxy-11-methyl-17,19-dioxa-11-azatetracyclo[12.7.0.04,9.016,20]henicosa-1(21),4(9),5,7,14,16(20)-hexaen-2-one",CN1CCC2=CC3=C(C=C2C(=O)CC4=C(C1)C(=C(C=C4)OC)OC)OCO3,Dual specificity protein kinase CLK2,CLK2,P49760,Kinase,0.113285953487
98570,"7,8-dimethoxy-11-methyl-17,19-dioxa-11-azatetracyclo[12.7.0.04,9.016,20]henicosa-1(21),4(9),5,7,14,16(20)-hexaen-2-one",CN1CCC2=CC3=C(C=C2C(=O)CC4=C(C1)C(=C(C=C4)OC)OC)OCO3,Dual specificity tyrosine-phosphorylation-regulated kinase 1B,DYRK1B,Q9Y463,Kinase,0.113285953487
98570,"7,8-dimethoxy-11-methyl-17,19-dioxa-11-azatetracyclo[12.7.0.04,9.016,20]henicosa-1(21),4(9),5,7,14,16(20)-hexaen-2-one",CN1CCC2=CC3=C(C=C2C(=O)CC4=C(C1)C(=C(C=C4)OC)OC)OCO3,PI3-kinase p110-beta subunit,PIK3CB,P42338,Enzyme,0.113285953487
98570,"7,8-dimethoxy-11-methyl-17,19-dioxa-11-azatetracyclo[12.7.0.04,9.016,20]henicosa-1(21),4(9),5,7,14,16(20)-hexaen-2-one",CN1CCC2=CC3=C(C=C2C(=O)CC4=C(C1)C(=C(C=C4)OC)OC)OCO3,PI3-kinase p110-alpha subunit,PIK3CA,P42336,Enzyme,0.113285953487
98570,"7,8-dimethoxy-11-methyl-17,19-dioxa-11-azatetracyclo[12.7.0.04,9.016,20]henicosa-1(21),4(9),5,7,14,16(20)-hexaen-2-one",CN1CCC2=CC3=C(C=C2C(=O)CC4=C(C1)C(=C(C=C4)OC)OC)OCO3,Serine/threonine-protein kinase Chk1,CHEK1,O14757,Kinase,0.113285953487
98570,"7,8-dimethoxy-11-methyl-17,19-dioxa-11-azatetracyclo[12.7.0.04,9.016,20]henicosa-1(21),4(9),5,7,14,16(20)-hexaen-2-one",CN1CCC2=CC3=C(C=C2C(=O)CC4=C(C1)C(=C(C=C4)OC)OC)OCO3,5-lipoxygenase activating protein,ALOX5AP,P20292,Other cytosolic protein,0.113285953487
98570,"7,8-dimethoxy-11-methyl-17,19-dioxa-11-azatetracyclo[12.7.0.04,9.016,20]henicosa-1(21),4(9),5,7,14,16(20)-hexaen-2-one",CN1CCC2=CC3=C(C=C2C(=O)CC4=C(C1)C(=C(C=C4)OC)OC)OCO3,Dual specificity protein phosphatase 3,DUSP3,P51452,Phosphatase,0.113285953487
98570,"7,8-dimethoxy-11-methyl-17,19-dioxa-11-azatetracyclo[12.7.0.04,9.016,20]henicosa-1(21),4(9),5,7,14,16(20)-hexaen-2-one",CN1CCC2=CC3=C(C=C2C(=O)CC4=C(C1)C(=C(C=C4)OC)OC)OCO3,MAP kinase signal-integrating kinase 2,MKNK2,Q9HBH9,Kinase,0.113285953487
98570,"7,8-dimethoxy-11-methyl-17,19-dioxa-11-azatetracyclo[12.7.0.04,9.016,20]henicosa-1(21),4(9),5,7,14,16(20)-hexaen-2-one",CN1CCC2=CC3=C(C=C2C(=O)CC4=C(C1)C(=C(C=C4)OC)OC)OCO3,MAP kinase-interacting serine/threonine-protein kinase MNK1,MKNK1,Q9BUB5,Kinase,0.113285953487
98570,"7,8-dimethoxy-11-methyl-17,19-dioxa-11-azatetracyclo[12.7.0.04,9.016,20]henicosa-1(21),4(9),5,7,14,16(20)-hexaen-2-one",CN1CCC2=CC3=C(C=C2C(=O)CC4=C(C1)C(=C(C=C4)OC)OC)OCO3,Tyrosine-protein kinase receptor FLT3,FLT3,P36888,Kinase,0.113285953487
98570,"7,8-dimethoxy-11-methyl-17,19-dioxa-11-azatetracyclo[12.7.0.04,9.016,20]henicosa-1(21),4(9),5,7,14,16(20)-hexaen-2-one",CN1CCC2=CC3=C(C=C2C(=O)CC4=C(C1)C(=C(C=C4)OC)OC)OCO3,NAD-dependent deacetylase sirtuin 3,SIRT3,Q9NTG7,Eraser,0.113285953487
98570,"7,8-dimethoxy-11-methyl-17,19-dioxa-11-azatetracyclo[12.7.0.04,9.016,20]henicosa-1(21),4(9),5,7,14,16(20)-hexaen-2-one",CN1CCC2=CC3=C(C=C2C(=O)CC4=C(C1)C(=C(C=C4)OC)OC)OCO3,NAD-dependent deacetylase sirtuin 2,SIRT2,Q8IXJ6,Eraser,0.113285953487
98570,"7,8-dimethoxy-11-methyl-17,19-dioxa-11-azatetracyclo[12.7.0.04,9.016,20]henicosa-1(21),4(9),5,7,14,16(20)-hexaen-2-one",CN1CCC2=CC3=C(C=C2C(=O)CC4=C(C1)C(=C(C=C4)OC)OC)OCO3,NAD-dependent deacetylase sirtuin 1,SIRT1,Q96EB6,Eraser,0.113285953487
98570,"7,8-dimethoxy-11-methyl-17,19-dioxa-11-azatetracyclo[12.7.0.04,9.016,20]henicosa-1(21),4(9),5,7,14,16(20)-hexaen-2-one",CN1CCC2=CC3=C(C=C2C(=O)CC4=C(C1)C(=C(C=C4)OC)OC)OCO3,"Nitric-oxide synthase, endothelial   (by homology)",NOS3,P29474,Enzyme,0.113285953487
98570,"7,8-dimethoxy-11-methyl-17,19-dioxa-11-azatetracyclo[12.7.0.04,9.016,20]henicosa-1(21),4(9),5,7,14,16(20)-hexaen-2-one",CN1CCC2=CC3=C(C=C2C(=O)CC4=C(C1)C(=C(C=C4)OC)OC)OCO3,Cyclin-dependent kinase 4/cyclin D1,CCND1,P24385,Kinase,0.113285953487
98570,"7,8-dimethoxy-11-methyl-17,19-dioxa-11-azatetracyclo[12.7.0.04,9.016,20]henicosa-1(21),4(9),5,7,14,16(20)-hexaen-2-one",CN1CCC2=CC3=C(C=C2C(=O)CC4=C(C1)C(=C(C=C4)OC)OC)OCO3,Cyclin-dependent kinase 4/cyclin D1,CDK4,P11802,Kinase,0.113285953487
98570,"7,8-dimethoxy-11-methyl-17,19-dioxa-11-azatetracyclo[12.7.0.04,9.016,20]henicosa-1(21),4(9),5,7,14,16(20)-hexaen-2-one",CN1CCC2=CC3=C(C=C2C(=O)CC4=C(C1)C(=C(C=C4)OC)OC)OCO3,Cytochrome P450 19A1,CYP19A1,P11511,Cytochrome P450,0.113285953487
98570,"7,8-dimethoxy-11-methyl-17,19-dioxa-11-azatetracyclo[12.7.0.04,9.016,20]henicosa-1(21),4(9),5,7,14,16(20)-hexaen-2-one",CN1CCC2=CC3=C(C=C2C(=O)CC4=C(C1)C(=C(C=C4)OC)OC)OCO3,Cyclin-dependent kinase 2/cyclin E,CCNE2,O96020,Other cytosolic protein,0.113285953487
98570,"7,8-dimethoxy-11-methyl-17,19-dioxa-11-azatetracyclo[12.7.0.04,9.016,20]henicosa-1(21),4(9),5,7,14,16(20)-hexaen-2-one",CN1CCC2=CC3=C(C=C2C(=O)CC4=C(C1)C(=C(C=C4)OC)OC)OCO3,Cyclin-dependent kinase 2/cyclin E,CDK2,P24941,Other cytosolic protein,0.113285953487
98570,"7,8-dimethoxy-11-methyl-17,19-dioxa-11-azatetracyclo[12.7.0.04,9.016,20]henicosa-1(21),4(9),5,7,14,16(20)-hexaen-2-one",CN1CCC2=CC3=C(C=C2C(=O)CC4=C(C1)C(=C(C=C4)OC)OC)OCO3,Cyclin-dependent kinase 2/cyclin E,CCNE1,P24864,Other cytosolic protein,0.113285953487
98570,"7,8-dimethoxy-11-methyl-17,19-dioxa-11-azatetracyclo[12.7.0.04,9.016,20]henicosa-1(21),4(9),5,7,14,16(20)-hexaen-2-one",CN1CCC2=CC3=C(C=C2C(=O)CC4=C(C1)C(=C(C=C4)OC)OC)OCO3,Nerve growth factor receptor Trk-A,NTRK1,P04629,Kinase,0.113285953487
98570,"7,8-dimethoxy-11-methyl-17,19-dioxa-11-azatetracyclo[12.7.0.04,9.016,20]henicosa-1(21),4(9),5,7,14,16(20)-hexaen-2-one",CN1CCC2=CC3=C(C=C2C(=O)CC4=C(C1)C(=C(C=C4)OC)OC)OCO3,Serine/threonine-protein kinase PIM1,PIM1,P11309,Kinase,0.113285953487
98570,"7,8-dimethoxy-11-methyl-17,19-dioxa-11-azatetracyclo[12.7.0.04,9.016,20]henicosa-1(21),4(9),5,7,14,16(20)-hexaen-2-one",CN1CCC2=CC3=C(C=C2C(=O)CC4=C(C1)C(=C(C=C4)OC)OC)OCO3,3-phosphoinositide dependent protein kinase-1,PDPK1,O15530,Kinase,0.113285953487
98570,"7,8-dimethoxy-11-methyl-17,19-dioxa-11-azatetracyclo[12.7.0.04,9.016,20]henicosa-1(21),4(9),5,7,14,16(20)-hexaen-2-one",CN1CCC2=CC3=C(C=C2C(=O)CC4=C(C1)C(=C(C=C4)OC)OC)OCO3,Tyrosine-protein kinase SYK,SYK,P43405,Kinase,0.113285953487
98570,"7,8-dimethoxy-11-methyl-17,19-dioxa-11-azatetracyclo[12.7.0.04,9.016,20]henicosa-1(21),4(9),5,7,14,16(20)-hexaen-2-one",CN1CCC2=CC3=C(C=C2C(=O)CC4=C(C1)C(=C(C=C4)OC)OC)OCO3,Cyclin-dependent kinase 9,CDK9,P50750,Kinase,0.113285953487
98570,"7,8-dimethoxy-11-methyl-17,19-dioxa-11-azatetracyclo[12.7.0.04,9.016,20]henicosa-1(21),4(9),5,7,14,16(20)-hexaen-2-one",CN1CCC2=CC3=C(C=C2C(=O)CC4=C(C1)C(=C(C=C4)OC)OC)OCO3,Lymphocyte differentiation antigen CD38,CD38,P28907,Enzyme,0.113285953487
98570,"7,8-dimethoxy-11-methyl-17,19-dioxa-11-azatetracyclo[12.7.0.04,9.016,20]henicosa-1(21),4(9),5,7,14,16(20)-hexaen-2-one",CN1CCC2=CC3=C(C=C2C(=O)CC4=C(C1)C(=C(C=C4)OC)OC)OCO3,Serine/threonine-protein kinase PIM3,PIM3,Q86V86,Kinase,0.113285953487
98570,"7,8-dimethoxy-11-methyl-17,19-dioxa-11-azatetracyclo[12.7.0.04,9.016,20]henicosa-1(21),4(9),5,7,14,16(20)-hexaen-2-one",CN1CCC2=CC3=C(C=C2C(=O)CC4=C(C1)C(=C(C=C4)OC)OC)OCO3,Monoamine oxidase A,MAOA,P21397,Oxidoreductase,0.113285953487
98570,"7,8-dimethoxy-11-methyl-17,19-dioxa-11-azatetracyclo[12.7.0.04,9.016,20]henicosa-1(21),4(9),5,7,14,16(20)-hexaen-2-one",CN1CCC2=CC3=C(C=C2C(=O)CC4=C(C1)C(=C(C=C4)OC)OC)OCO3,Serine/threonine-protein kinase mTOR,MTOR,P42345,Kinase,0.113285953487
98570,"7,8-dimethoxy-11-methyl-17,19-dioxa-11-azatetracyclo[12.7.0.04,9.016,20]henicosa-1(21),4(9),5,7,14,16(20)-hexaen-2-one",CN1CCC2=CC3=C(C=C2C(=O)CC4=C(C1)C(=C(C=C4)OC)OC)OCO3,Histone-lysine N-methyltransferase SETD7,SETD7,Q8WTS6,Writer,0.113285953487
98570,"7,8-dimethoxy-11-methyl-17,19-dioxa-11-azatetracyclo[12.7.0.04,9.016,20]henicosa-1(21),4(9),5,7,14,16(20)-hexaen-2-one",CN1CCC2=CC3=C(C=C2C(=O)CC4=C(C1)C(=C(C=C4)OC)OC)OCO3,"Carnitine O-palmitoyltransferase 1, liver isoform",CPT1A,P50416,Enzyme,0.113285953487
98570,"7,8-dimethoxy-11-methyl-17,19-dioxa-11-azatetracyclo[12.7.0.04,9.016,20]henicosa-1(21),4(9),5,7,14,16(20)-hexaen-2-one",CN1CCC2=CC3=C(C=C2C(=O)CC4=C(C1)C(=C(C=C4)OC)OC)OCO3,Cyclin-dependent kinase 1/cyclin B,CCNB3,Q8WWL7,Other cytosolic protein,0.113285953487
98570,"7,8-dimethoxy-11-methyl-17,19-dioxa-11-azatetracyclo[12.7.0.04,9.016,20]henicosa-1(21),4(9),5,7,14,16(20)-hexaen-2-one",CN1CCC2=CC3=C(C=C2C(=O)CC4=C(C1)C(=C(C=C4)OC)OC)OCO3,Cyclin-dependent kinase 1/cyclin B,CDK1,P06493,Other cytosolic protein,0.113285953487
98570,"7,8-dimethoxy-11-methyl-17,19-dioxa-11-azatetracyclo[12.7.0.04,9.016,20]henicosa-1(21),4(9),5,7,14,16(20)-hexaen-2-one",CN1CCC2=CC3=C(C=C2C(=O)CC4=C(C1)C(=C(C=C4)OC)OC)OCO3,Cyclin-dependent kinase 1/cyclin B,CCNB1,P14635,Other cytosolic protein,0.113285953487
98570,"7,8-dimethoxy-11-methyl-17,19-dioxa-11-azatetracyclo[12.7.0.04,9.016,20]henicosa-1(21),4(9),5,7,14,16(20)-hexaen-2-one",CN1CCC2=CC3=C(C=C2C(=O)CC4=C(C1)C(=C(C=C4)OC)OC)OCO3,Cyclin-dependent kinase 1/cyclin B,CCNB2,O95067,Other cytosolic protein,0.113285953487
98570,"7,8-dimethoxy-11-methyl-17,19-dioxa-11-azatetracyclo[12.7.0.04,9.016,20]henicosa-1(21),4(9),5,7,14,16(20)-hexaen-2-one",CN1CCC2=CC3=C(C=C2C(=O)CC4=C(C1)C(=C(C=C4)OC)OC)OCO3,Cytochrome P450 11B2,CYP11B2,P19099,Cytochrome P450,0.113285953487
98570,"7,8-dimethoxy-11-methyl-17,19-dioxa-11-azatetracyclo[12.7.0.04,9.016,20]henicosa-1(21),4(9),5,7,14,16(20)-hexaen-2-one",CN1CCC2=CC3=C(C=C2C(=O)CC4=C(C1)C(=C(C=C4)OC)OC)OCO3,Tyrosine-protein kinase JAK2,JAK2,O60674,Kinase,0.113285953487
98570,"7,8-dimethoxy-11-methyl-17,19-dioxa-11-azatetracyclo[12.7.0.04,9.016,20]henicosa-1(21),4(9),5,7,14,16(20)-hexaen-2-one",CN1CCC2=CC3=C(C=C2C(=O)CC4=C(C1)C(=C(C=C4)OC)OC)OCO3,Carnitine palmitoyltransferase 2,CPT2,P23786,Enzyme,0.113285953487
98570,"7,8-dimethoxy-11-methyl-17,19-dioxa-11-azatetracyclo[12.7.0.04,9.016,20]henicosa-1(21),4(9),5,7,14,16(20)-hexaen-2-one",CN1CCC2=CC3=C(C=C2C(=O)CC4=C(C1)C(=C(C=C4)OC)OC)OCO3,Dual specificity protein kinase TTK,TTK,P33981,Kinase,0.113285953487
98570,"7,8-dimethoxy-11-methyl-17,19-dioxa-11-azatetracyclo[12.7.0.04,9.016,20]henicosa-1(21),4(9),5,7,14,16(20)-hexaen-2-one",CN1CCC2=CC3=C(C=C2C(=O)CC4=C(C1)C(=C(C=C4)OC)OC)OCO3,Mineralocorticoid receptor,NR3C2,P08235,Nuclear receptor,0.113285953487
98570,"7,8-dimethoxy-11-methyl-17,19-dioxa-11-azatetracyclo[12.7.0.04,9.016,20]henicosa-1(21),4(9),5,7,14,16(20)-hexaen-2-one",CN1CCC2=CC3=C(C=C2C(=O)CC4=C(C1)C(=C(C=C4)OC)OC)OCO3,Progesterone receptor,PGR,P06401,Nuclear receptor,0.113285953487
98570,"7,8-dimethoxy-11-methyl-17,19-dioxa-11-azatetracyclo[12.7.0.04,9.016,20]henicosa-1(21),4(9),5,7,14,16(20)-hexaen-2-one",CN1CCC2=CC3=C(C=C2C(=O)CC4=C(C1)C(=C(C=C4)OC)OC)OCO3,Phosphodiesterase 3,PDE3A,Q14432,Phosphodiesterase,0.113285953487
98570,"7,8-dimethoxy-11-methyl-17,19-dioxa-11-azatetracyclo[12.7.0.04,9.016,20]henicosa-1(21),4(9),5,7,14,16(20)-hexaen-2-one",CN1CCC2=CC3=C(C=C2C(=O)CC4=C(C1)C(=C(C=C4)OC)OC)OCO3,Carbonic anhydrase XII,CA12,O43570,Lyase,0.113285953487
98570,"7,8-dimethoxy-11-methyl-17,19-dioxa-11-azatetracyclo[12.7.0.04,9.016,20]henicosa-1(21),4(9),5,7,14,16(20)-hexaen-2-one",CN1CCC2=CC3=C(C=C2C(=O)CC4=C(C1)C(=C(C=C4)OC)OC)OCO3,Orexin receptor 1,HCRTR1,O43613,Family A G protein-coupled receptor,0.113285953487
98570,"7,8-dimethoxy-11-methyl-17,19-dioxa-11-azatetracyclo[12.7.0.04,9.016,20]henicosa-1(21),4(9),5,7,14,16(20)-hexaen-2-one",CN1CCC2=CC3=C(C=C2C(=O)CC4=C(C1)C(=C(C=C4)OC)OC)OCO3,Thyrotropin-releasing hormone receptor   (by homology),TRHR,P34981,Family A G protein-coupled receptor,0.113285953487
98570,"7,8-dimethoxy-11-methyl-17,19-dioxa-11-azatetracyclo[12.7.0.04,9.016,20]henicosa-1(21),4(9),5,7,14,16(20)-hexaen-2-one",CN1CCC2=CC3=C(C=C2C(=O)CC4=C(C1)C(=C(C=C4)OC)OC)OCO3,Tyrosine-protein kinase ITK/TSK,ITK,Q08881,Kinase,0.113285953487
98570,"7,8-dimethoxy-11-methyl-17,19-dioxa-11-azatetracyclo[12.7.0.04,9.016,20]henicosa-1(21),4(9),5,7,14,16(20)-hexaen-2-one",CN1CCC2=CC3=C(C=C2C(=O)CC4=C(C1)C(=C(C=C4)OC)OC)OCO3,Ribosomal protein S6 kinase 1,RPS6KB1,P23443,Kinase,0.113285953487
98570,"7,8-dimethoxy-11-methyl-17,19-dioxa-11-azatetracyclo[12.7.0.04,9.016,20]henicosa-1(21),4(9),5,7,14,16(20)-hexaen-2-one",CN1CCC2=CC3=C(C=C2C(=O)CC4=C(C1)C(=C(C=C4)OC)OC)OCO3,Melatonin receptor 1B,MTNR1B,P49286,Family A G protein-coupled receptor,0.113285953487
98570,"7,8-dimethoxy-11-methyl-17,19-dioxa-11-azatetracyclo[12.7.0.04,9.016,20]henicosa-1(21),4(9),5,7,14,16(20)-hexaen-2-one",CN1CCC2=CC3=C(C=C2C(=O)CC4=C(C1)C(=C(C=C4)OC)OC)OCO3,Protein kinase C gamma   (by homology),PRKCG,P05129,Kinase,0.113285953487
98570,"7,8-dimethoxy-11-methyl-17,19-dioxa-11-azatetracyclo[12.7.0.04,9.016,20]henicosa-1(21),4(9),5,7,14,16(20)-hexaen-2-one",CN1CCC2=CC3=C(C=C2C(=O)CC4=C(C1)C(=C(C=C4)OC)OC)OCO3,Cyclin-dependent kinase 1,CDK1,P06493,Kinase,0.113285953487
98570,"7,8-dimethoxy-11-methyl-17,19-dioxa-11-azatetracyclo[12.7.0.04,9.016,20]henicosa-1(21),4(9),5,7,14,16(20)-hexaen-2-one",CN1CCC2=CC3=C(C=C2C(=O)CC4=C(C1)C(=C(C=C4)OC)OC)OCO3,MAP kinase ERK2,MAPK1,P28482,Kinase,0.113285953487
98570,"7,8-dimethoxy-11-methyl-17,19-dioxa-11-azatetracyclo[12.7.0.04,9.016,20]henicosa-1(21),4(9),5,7,14,16(20)-hexaen-2-one",CN1CCC2=CC3=C(C=C2C(=O)CC4=C(C1)C(=C(C=C4)OC)OC)OCO3,Serine/threonine-protein kinase B-raf,BRAF,P15056,Kinase,0.113285953487
98570,"7,8-dimethoxy-11-methyl-17,19-dioxa-11-azatetracyclo[12.7.0.04,9.016,20]henicosa-1(21),4(9),5,7,14,16(20)-hexaen-2-one",CN1CCC2=CC3=C(C=C2C(=O)CC4=C(C1)C(=C(C=C4)OC)OC)OCO3,MAP kinase ERK1   (by homology),MAPK3,P27361,Kinase,0.113285953487
98570,"7,8-dimethoxy-11-methyl-17,19-dioxa-11-azatetracyclo[12.7.0.04,9.016,20]henicosa-1(21),4(9),5,7,14,16(20)-hexaen-2-one",CN1CCC2=CC3=C(C=C2C(=O)CC4=C(C1)C(=C(C=C4)OC)OC)OCO3,Perforin-1,PRF1,P14222,Other ion channel,0.113285953487
98570,"7,8-dimethoxy-11-methyl-17,19-dioxa-11-azatetracyclo[12.7.0.04,9.016,20]henicosa-1(21),4(9),5,7,14,16(20)-hexaen-2-one",CN1CCC2=CC3=C(C=C2C(=O)CC4=C(C1)C(=C(C=C4)OC)OC)OCO3,Tyrosine-protein kinase SRC,SRC,P12931,Kinase,0.113285953487
98570,"7,8-dimethoxy-11-methyl-17,19-dioxa-11-azatetracyclo[12.7.0.04,9.016,20]henicosa-1(21),4(9),5,7,14,16(20)-hexaen-2-one",CN1CCC2=CC3=C(C=C2C(=O)CC4=C(C1)C(=C(C=C4)OC)OC)OCO3,CDK8/Cyclin C,CCNC,P24863,Kinase,0.113285953487
98570,"7,8-dimethoxy-11-methyl-17,19-dioxa-11-azatetracyclo[12.7.0.04,9.016,20]henicosa-1(21),4(9),5,7,14,16(20)-hexaen-2-one",CN1CCC2=CC3=C(C=C2C(=O)CC4=C(C1)C(=C(C=C4)OC)OC)OCO3,CDK8/Cyclin C,CDK8,P49336,Kinase,0.113285953487
98570,"7,8-dimethoxy-11-methyl-17,19-dioxa-11-azatetracyclo[12.7.0.04,9.016,20]henicosa-1(21),4(9),5,7,14,16(20)-hexaen-2-one",CN1CCC2=CC3=C(C=C2C(=O)CC4=C(C1)C(=C(C=C4)OC)OC)OCO3,Cell division protein kinase 8,CDK8,P49336,Kinase,0.113285953487
98570,"7,8-dimethoxy-11-methyl-17,19-dioxa-11-azatetracyclo[12.7.0.04,9.016,20]henicosa-1(21),4(9),5,7,14,16(20)-hexaen-2-one",CN1CCC2=CC3=C(C=C2C(=O)CC4=C(C1)C(=C(C=C4)OC)OC)OCO3,Serine/threonine-protein kinase/endoribonuclease IRE1,ERN1,O75460,Enzyme,0.113285953487
98570,"7,8-dimethoxy-11-methyl-17,19-dioxa-11-azatetracyclo[12.7.0.04,9.016,20]henicosa-1(21),4(9),5,7,14,16(20)-hexaen-2-one",CN1CCC2=CC3=C(C=C2C(=O)CC4=C(C1)C(=C(C=C4)OC)OC)OCO3,15-hydroxyprostaglandin dehydrogenase [NAD+],HPGD,P15428,Enzyme,0.113285953487
98570,"7,8-dimethoxy-11-methyl-17,19-dioxa-11-azatetracyclo[12.7.0.04,9.016,20]henicosa-1(21),4(9),5,7,14,16(20)-hexaen-2-one",CN1CCC2=CC3=C(C=C2C(=O)CC4=C(C1)C(=C(C=C4)OC)OC)OCO3,Androgen Receptor,AR,P10275,Nuclear receptor,0.113285953487
98570,"7,8-dimethoxy-11-methyl-17,19-dioxa-11-azatetracyclo[12.7.0.04,9.016,20]henicosa-1(21),4(9),5,7,14,16(20)-hexaen-2-one",CN1CCC2=CC3=C(C=C2C(=O)CC4=C(C1)C(=C(C=C4)OC)OC)OCO3,MAP kinase p38 beta,MAPK11,Q15759,Kinase,0.113285953487
98570,"7,8-dimethoxy-11-methyl-17,19-dioxa-11-azatetracyclo[12.7.0.04,9.016,20]henicosa-1(21),4(9),5,7,14,16(20)-hexaen-2-one",CN1CCC2=CC3=C(C=C2C(=O)CC4=C(C1)C(=C(C=C4)OC)OC)OCO3,Thromboxane-A synthase,TBXAS1,P24557,Cytochrome P450,0.113285953487
98570,"7,8-dimethoxy-11-methyl-17,19-dioxa-11-azatetracyclo[12.7.0.04,9.016,20]henicosa-1(21),4(9),5,7,14,16(20)-hexaen-2-one",CN1CCC2=CC3=C(C=C2C(=O)CC4=C(C1)C(=C(C=C4)OC)OC)OCO3,Tyrosine-protein kinase ABL,ABL1,P00519,Kinase,0.113285953487
98570,"7,8-dimethoxy-11-methyl-17,19-dioxa-11-azatetracyclo[12.7.0.04,9.016,20]henicosa-1(21),4(9),5,7,14,16(20)-hexaen-2-one",CN1CCC2=CC3=C(C=C2C(=O)CC4=C(C1)C(=C(C=C4)OC)OC)OCO3,Cyclin-dependent kinase 5/CDK5 activator 1,CDK5R1,Q15078,Kinase,0.113285953487
98570,"7,8-dimethoxy-11-methyl-17,19-dioxa-11-azatetracyclo[12.7.0.04,9.016,20]henicosa-1(21),4(9),5,7,14,16(20)-hexaen-2-one",CN1CCC2=CC3=C(C=C2C(=O)CC4=C(C1)C(=C(C=C4)OC)OC)OCO3,Cyclin-dependent kinase 5/CDK5 activator 1,CDK5,Q00535,Kinase,0.113285953487
98570,"7,8-dimethoxy-11-methyl-17,19-dioxa-11-azatetracyclo[12.7.0.04,9.016,20]henicosa-1(21),4(9),5,7,14,16(20)-hexaen-2-one",CN1CCC2=CC3=C(C=C2C(=O)CC4=C(C1)C(=C(C=C4)OC)OC)OCO3,Cytochrome P450 11B1,CYP11B1,P15538,Cytochrome P450,0.113285953487
98570,"7,8-dimethoxy-11-methyl-17,19-dioxa-11-azatetracyclo[12.7.0.04,9.016,20]henicosa-1(21),4(9),5,7,14,16(20)-hexaen-2-one",CN1CCC2=CC3=C(C=C2C(=O)CC4=C(C1)C(=C(C=C4)OC)OC)OCO3,Platelet-derived growth factor receptor beta,PDGFRB,P09619,Kinase,0.113285953487
98570,"7,8-dimethoxy-11-methyl-17,19-dioxa-11-azatetracyclo[12.7.0.04,9.016,20]henicosa-1(21),4(9),5,7,14,16(20)-hexaen-2-one",CN1CCC2=CC3=C(C=C2C(=O)CC4=C(C1)C(=C(C=C4)OC)OC)OCO3,CDK9/cyclin T1,CDK9,P50750,Other cytosolic protein,0.113285953487
98570,"7,8-dimethoxy-11-methyl-17,19-dioxa-11-azatetracyclo[12.7.0.04,9.016,20]henicosa-1(21),4(9),5,7,14,16(20)-hexaen-2-one",CN1CCC2=CC3=C(C=C2C(=O)CC4=C(C1)C(=C(C=C4)OC)OC)OCO3,CDK9/cyclin T1,CCNT1,O60563,Other cytosolic protein,0.113285953487
98570,"7,8-dimethoxy-11-methyl-17,19-dioxa-11-azatetracyclo[12.7.0.04,9.016,20]henicosa-1(21),4(9),5,7,14,16(20)-hexaen-2-one",CN1CCC2=CC3=C(C=C2C(=O)CC4=C(C1)C(=C(C=C4)OC)OC)OCO3,Tyrosine-protein kinase JAK3,JAK3,P52333,Kinase,0.113285953487
98570,"7,8-dimethoxy-11-methyl-17,19-dioxa-11-azatetracyclo[12.7.0.04,9.016,20]henicosa-1(21),4(9),5,7,14,16(20)-hexaen-2-one",CN1CCC2=CC3=C(C=C2C(=O)CC4=C(C1)C(=C(C=C4)OC)OC)OCO3,Serine/threonine-protein kinase Aurora-B,AURKB,Q96GD4,Kinase,0.113285953487
248575,"2-Amino-1,3,4-octadecanetriol",CCCCCCCCCCCCCCC(C(C(CO)N)O)O,Sphingosine kinase 1,SPHK1,Q9NYA1,Enzyme,0.182601416737
248575,"2-Amino-1,3,4-octadecanetriol",CCCCCCCCCCCCCCC(C(C(CO)N)O)O,Alpha-L-fucosidase I,FUCA1,P04066,Enzyme,0.135202128368
248575,"2-Amino-1,3,4-octadecanetriol",CCCCCCCCCCCCCCC(C(C(CO)N)O)O,Maltase-glucoamylase,MGAM,O43451,Hydrolase,0.119403562123
248575,"2-Amino-1,3,4-octadecanetriol",CCCCCCCCCCCCCCC(C(C(CO)N)O)O,Sucrase-isomaltase,SI,P14410,Enzyme,0.119403562123
248575,"2-Amino-1,3,4-octadecanetriol",CCCCCCCCCCCCCCC(C(C(CO)N)O)O,Lysosomal alpha-glucosidase,GAA,P10253,Hydrolase,0.11150186548
248575,"2-Amino-1,3,4-octadecanetriol",CCCCCCCCCCCCCCC(C(C(CO)N)O)O,Beta-glucocerebrosidase,GBA,P04062,Enzyme,0.11150186548
248575,"2-Amino-1,3,4-octadecanetriol",CCCCCCCCCCCCCCC(C(C(CO)N)O)O,Sphingosine 1-phosphate receptor Edg-8,S1PR5,Q9H228,Family A G protein-coupled receptor,0.11150186548
248575,"2-Amino-1,3,4-octadecanetriol",CCCCCCCCCCCCCCC(C(C(CO)N)O)O,Sphingosine 1-phosphate receptor Edg-6,S1PR4,O95977,Family A G protein-coupled receptor,0.11150186548
248575,"2-Amino-1,3,4-octadecanetriol",CCCCCCCCCCCCCCC(C(C(CO)N)O)O,Sphingosine 1-phosphate receptor Edg-1,S1PR1,P21453,Family A G protein-coupled receptor,0.11150186548
248575,"2-Amino-1,3,4-octadecanetriol",CCCCCCCCCCCCCCC(C(C(CO)N)O)O,G-protein coupled bile acid receptor 1,GPBAR1,Q8TDU6,Family A G protein-coupled receptor,0.11150186548
248575,"2-Amino-1,3,4-octadecanetriol",CCCCCCCCCCCCCCC(C(C(CO)N)O)O,Sphingosine 1-phosphate receptor Edg-3,S1PR3,Q99500,Family A G protein-coupled receptor,0.11150186548
248575,"2-Amino-1,3,4-octadecanetriol",CCCCCCCCCCCCCCC(C(C(CO)N)O)O,Serotonin 6 (5-HT6) receptor,HTR6,P50406,Family A G protein-coupled receptor,0.11150186548
248575,"2-Amino-1,3,4-octadecanetriol",CCCCCCCCCCCCCCC(C(C(CO)N)O)O,Sphingosine 1-phosphate receptor Edg-5,S1PR2,O95136,Family A G protein-coupled receptor,0.11150186548
248575,"2-Amino-1,3,4-octadecanetriol",CCCCCCCCCCCCCCC(C(C(CO)N)O)O,Autotaxin,ENPP2,Q13822,Enzyme,0.11150186548
248575,"2-Amino-1,3,4-octadecanetriol",CCCCCCCCCCCCCCC(C(C(CO)N)O)O,Thyroid hormone receptor alpha,THRA,P10827,Nuclear receptor,0.11150186548
248575,"2-Amino-1,3,4-octadecanetriol",CCCCCCCCCCCCCCC(C(C(CO)N)O)O,Thyroid hormone receptor beta-1,THRB,P10828,Nuclear receptor,0.11150186548
248575,"2-Amino-1,3,4-octadecanetriol",CCCCCCCCCCCCCCC(C(C(CO)N)O)O,Histamine H1 receptor,HRH1,P35367,Family A G protein-coupled receptor,0.11150186548
248575,"2-Amino-1,3,4-octadecanetriol",CCCCCCCCCCCCCCC(C(C(CO)N)O)O,Histamine H3 receptor,HRH3,Q9Y5N1,Family A G protein-coupled receptor,0.11150186548
248575,"2-Amino-1,3,4-octadecanetriol",CCCCCCCCCCCCCCC(C(C(CO)N)O)O,Sphingosine-1-phosphate lyase 1   (by homology),SGPL1,O95470,Enzyme,0.11150186548
248575,"2-Amino-1,3,4-octadecanetriol",CCCCCCCCCCCCCCC(C(C(CO)N)O)O,Sphingosine kinase 2,SPHK2,Q9NRA0,Enzyme,0.11150186548
248575,"2-Amino-1,3,4-octadecanetriol",CCCCCCCCCCCCCCC(C(C(CO)N)O)O,Epidermal growth factor receptor erbB1,EGFR,P00533,Kinase,0.11150186548
248575,"2-Amino-1,3,4-octadecanetriol",CCCCCCCCCCCCCCC(C(C(CO)N)O)O,Adrenergic receptor beta,ADRB2,P07550,Family A G protein-coupled receptor,0.11150186548
248575,"2-Amino-1,3,4-octadecanetriol",CCCCCCCCCCCCCCC(C(C(CO)N)O)O,Serotonin 2a (5-HT2a) receptor,HTR2A,P28223,Family A G protein-coupled receptor,0.11150186548
248575,"2-Amino-1,3,4-octadecanetriol",CCCCCCCCCCCCCCC(C(C(CO)N)O)O,Serotonin 2c (5-HT2c) receptor,HTR2C,P28335,Family A G protein-coupled receptor,0.11150186548
248575,"2-Amino-1,3,4-octadecanetriol",CCCCCCCCCCCCCCC(C(C(CO)N)O)O,Sodium/calcium exchanger 1,SLC8A1,P32418,Electrochemical transporter,0.11150186548
248575,"2-Amino-1,3,4-octadecanetriol",CCCCCCCCCCCCCCC(C(C(CO)N)O)O,Dopamine D2 receptor   (by homology),DRD2,P14416,Family A G protein-coupled receptor,0.11150186548
248575,"2-Amino-1,3,4-octadecanetriol",CCCCCCCCCCCCCCC(C(C(CO)N)O)O,Tyrosine-protein kinase SRC,SRC,P12931,Kinase,0.11150186548
248575,"2-Amino-1,3,4-octadecanetriol",CCCCCCCCCCCCCCC(C(C(CO)N)O)O,Protein kinase C iota,PRKCI,P41743,Kinase,0.11150186548
1742210,(-)-Caryophyllene oxide,CC1(CC2C1CCC3(C(O3)CCC2=C)C)C,Squalene monooxygenase   (by homology),SQLE,Q14534,Enzyme,0.0604245879294
1742210,(-)-Caryophyllene oxide,CC1(CC2C1CCC3(C(O3)CCC2=C)C)C,Lanosterol synthase,LSS,P48449,Enzyme,0.0604245879294
1742210,(-)-Caryophyllene oxide,CC1(CC2C1CCC3(C(O3)CCC2=C)C)C,Serotonin transporter,SLC6A4,P31645,Electrochemical transporter,0.0604245879294
1742210,(-)-Caryophyllene oxide,CC1(CC2C1CCC3(C(O3)CCC2=C)C)C,Dopamine transporter,SLC6A3,Q01959,Electrochemical transporter,0.0604245879294
9294,Ephedrine,CC(C(C1=CC=CC=C1)O)NC,Serotonin transporter,SLC6A4,P31645,Electrochemical transporter,0.26588241578
9294,Ephedrine,CC(C(C1=CC=CC=C1)O)NC,Alpha-2a adrenergic receptor,ADRA2A,P08913,Family A G protein-coupled receptor,0.258510080397
9294,Ephedrine,CC(C(C1=CC=CC=C1)O)NC,Alpha-2b adrenergic receptor   (by homology),ADRA2B,P18089,Family A G protein-coupled receptor,0.258510080397
9294,Ephedrine,CC(C(C1=CC=CC=C1)O)NC,Alpha-1a adrenergic receptor   (by homology),ADRA1A,P35348,Family A G protein-coupled receptor,0.258510080397
9294,Ephedrine,CC(C(C1=CC=CC=C1)O)NC,Adrenergic receptor beta,ADRB2,P07550,Family A G protein-coupled receptor,0.150097810701
9294,Ephedrine,CC(C(C1=CC=CC=C1)O)NC,Norepinephrine transporter,SLC6A2,P23975,Electrochemical transporter,0.141787380829
9294,Ephedrine,CC(C(C1=CC=CC=C1)O)NC,Dopamine transporter,SLC6A3,Q01959,Electrochemical transporter,0.141787380829
9294,Ephedrine,CC(C(C1=CC=CC=C1)O)NC,Dopamine D2 receptor,DRD2,P14416,Family A G protein-coupled receptor,0.133391037839
9294,Ephedrine,CC(C(C1=CC=CC=C1)O)NC,Synaptic vesicular amine transporter   (by homology),SLC18A2,Q05940,Electrochemical transporter,0.133391037839
9294,Ephedrine,CC(C(C1=CC=CC=C1)O)NC,Beta-1 adrenergic receptor   (by homology),ADRB1,P08588,Family A G protein-coupled receptor,0.133391037839
9294,Ephedrine,CC(C(C1=CC=CC=C1)O)NC,"Amine oxidase, copper containing",AOC3,Q16853,Enzyme,0.133391037839
9294,Ephedrine,CC(C(C1=CC=CC=C1)O)NC,Serotonin 2a (5-HT2a) receptor,HTR2A,P28223,Family A G protein-coupled receptor,0.125075959828
9294,Ephedrine,CC(C(C1=CC=CC=C1)O)NC,Metastin receptor,KISS1R,Q969F8,Family A G protein-coupled receptor,0.125075959828
9294,Ephedrine,CC(C(C1=CC=CC=C1)O)NC,Monoamine oxidase A,MAOA,P21397,Oxidoreductase,0.125075959828
9294,Ephedrine,CC(C(C1=CC=CC=C1)O)NC,Monoamine oxidase B,MAOB,P27338,Oxidoreductase,0.125075959828
9294,Ephedrine,CC(C(C1=CC=CC=C1)O)NC,Serotonin 1a (5-HT1a) receptor,HTR1A,P08908,Family A G protein-coupled receptor,0.125075959828
9294,Ephedrine,CC(C(C1=CC=CC=C1)O)NC,Sigma opioid receptor,SIGMAR1,Q99720,Membrane receptor,0.125075959828
9294,Ephedrine,CC(C(C1=CC=CC=C1)O)NC,Mu opioid receptor,OPRM1,P35372,Family A G protein-coupled receptor,0.116739032206
9294,Ephedrine,CC(C(C1=CC=CC=C1)O)NC,Delta opioid receptor,OPRD1,P41143,Family A G protein-coupled receptor,0.116739032206
9294,Ephedrine,CC(C(C1=CC=CC=C1)O)NC,Kappa Opioid receptor,OPRK1,P41145,Family A G protein-coupled receptor,0.116739032206
9294,Ephedrine,CC(C(C1=CC=CC=C1)O)NC,Neuronal acetylcholine receptor protein alpha-4 subunit,CHRNA4,P43681,Ligand-gated ion channel,0.116739032206
9294,Ephedrine,CC(C(C1=CC=CC=C1)O)NC,Serotonin 2c (5-HT2c) receptor,HTR2C,P28335,Family A G protein-coupled receptor,0.116739032206
9294,Ephedrine,CC(C(C1=CC=CC=C1)O)NC,Phenylethanolamine N-methyltransferase,PNMT,P11086,Enzyme,0.116739032206
7410,Acetophenone,CC(=O)C1=CC=CC=C1,Glycogen synthase kinase-3 beta,GSK3B,P49841,Kinase,0.105843861316
7410,Acetophenone,CC(=O)C1=CC=CC=C1,Methionine aminopeptidase 1,METAP1,P53582,Protease,0.0443083186041
7410,Acetophenone,CC(=O)C1=CC=CC=C1,Muscarinic acetylcholine receptor M4,CHRM4,P08173,Family A G protein-coupled receptor,0.0238327432783
7410,Acetophenone,CC(=O)C1=CC=CC=C1,Neuronal acetylcholine receptor; alpha4/beta2,CHRNA4,P43681,Ligand-gated ion channel,0.0238327432783
7410,Acetophenone,CC(=O)C1=CC=CC=C1,Neuronal acetylcholine receptor; alpha4/beta2,CHRNB2,P17787,Ligand-gated ion channel,0.0238327432783
7410,Acetophenone,CC(=O)C1=CC=CC=C1,Muscarinic acetylcholine receptor M5,CHRM5,P08912,Family A G protein-coupled receptor,0.0238327432783
7410,Acetophenone,CC(=O)C1=CC=CC=C1,Muscarinic acetylcholine receptor M2,CHRM2,P08172,Family A G protein-coupled receptor,0.0238327432783
7410,Acetophenone,CC(=O)C1=CC=CC=C1,Muscarinic acetylcholine receptor M1,CHRM1,P11229,Family A G protein-coupled receptor,0.0238327432783
7410,Acetophenone,CC(=O)C1=CC=CC=C1,Muscarinic acetylcholine receptor M3,CHRM3,P20309,Family A G protein-coupled receptor,0.0238327432783
7410,Acetophenone,CC(=O)C1=CC=CC=C1,Neuronal acetylcholine receptor protein alpha-7 subunit,CHRNA7,P36544,Ligand-gated ion channel,0.0238327432783
7410,Acetophenone,CC(=O)C1=CC=CC=C1,Acetylcholinesterase,ACHE,P22303,Hydrolase,0.0238327432783
68073,"2,4,6-Trihydroxyacetophenone",CC(=O)C1=C(C=C(C=C1O)O)O,Fatty acid synthase,FASN,P49327,Transferase,0.141787380829
68073,"2,4,6-Trihydroxyacetophenone",CC(=O)C1=C(C=C(C=C1O)O)O,Estrogen receptor alpha,ESR1,P03372,Nuclear receptor,0.133391037839
68073,"2,4,6-Trihydroxyacetophenone",CC(=O)C1=C(C=C(C=C1O)O)O,Estrogen receptor beta,ESR2,Q92731,Nuclear receptor,0.133391037839
68073,"2,4,6-Trihydroxyacetophenone",CC(=O)C1=C(C=C(C=C1O)O)O,Tyrosinase,TYR,P14679,Oxidoreductase,0.125075959828
68073,"2,4,6-Trihydroxyacetophenone",CC(=O)C1=C(C=C(C=C1O)O)O,Succinate semialdehyde dehydrogenase,ALDH5A1,P51649,Oxidoreductase,0.125075959828
68073,"2,4,6-Trihydroxyacetophenone",CC(=O)C1=C(C=C(C=C1O)O)O,Gamma-amino-N-butyrate transaminase,ABAT,P80404,Transferase,0.125075959828
68073,"2,4,6-Trihydroxyacetophenone",CC(=O)C1=C(C=C(C=C1O)O)O,Corticotropin releasing factor receptor 1,CRHR1,P34998,Family B G protein-coupled receptor,0.125075959828
68073,"2,4,6-Trihydroxyacetophenone",CC(=O)C1=C(C=C(C=C1O)O)O,Dopamine D3 receptor,DRD3,P35462,Family A G protein-coupled receptor,0.125075959828
68073,"2,4,6-Trihydroxyacetophenone",CC(=O)C1=C(C=C(C=C1O)O)O,Carbonic anhydrase II,CA2,P00918,Lyase,0.125075959828
68073,"2,4,6-Trihydroxyacetophenone",CC(=O)C1=C(C=C(C=C1O)O)O,Carbonic anhydrase I,CA1,P00915,Lyase,0.125075959828
68073,"2,4,6-Trihydroxyacetophenone",CC(=O)C1=C(C=C(C=C1O)O)O,Carbonic anhydrase XII,CA12,O43570,Lyase,0.125075959828
68073,"2,4,6-Trihydroxyacetophenone",CC(=O)C1=C(C=C(C=C1O)O)O,Serum albumin,ALB,P02768,Secreted protein,0.116739032206
68073,"2,4,6-Trihydroxyacetophenone",CC(=O)C1=C(C=C(C=C1O)O)O,Serine/threonine-protein kinase/endoribonuclease IRE1,ERN1,O75460,Enzyme,0.116739032206
68073,"2,4,6-Trihydroxyacetophenone",CC(=O)C1=C(C=C(C=C1O)O)O,Carbonic anhydrase VII,CA7,P43166,Lyase,0.116739032206
68073,"2,4,6-Trihydroxyacetophenone",CC(=O)C1=C(C=C(C=C1O)O)O,Carbonic anhydrase XIV,CA14,Q9ULX7,Lyase,0.116739032206
68073,"2,4,6-Trihydroxyacetophenone",CC(=O)C1=C(C=C(C=C1O)O)O,Carbonic anhydrase IX,CA9,Q16790,Lyase,0.116739032206
24864132,Oxymatrine,C1CC2C3CCC[N+]4(C3C(CCC4)CN2C(=O)C1)[O-],Neuronal acetylcholine receptor; alpha4/beta2,CHRNA4,P43681,Ligand-gated ion channel,0.135616202575
24864132,Oxymatrine,C1CC2C3CCC[N+]4(C3C(CCC4)CN2C(=O)C1)[O-],Neuronal acetylcholine receptor; alpha4/beta2,CHRNB2,P17787,Ligand-gated ion channel,0.135616202575
24864132,Oxymatrine,C1CC2C3CCC[N+]4(C3C(CCC4)CN2C(=O)C1)[O-],Neuronal acetylcholine receptor; alpha3/beta4,CHRNA3,P32297,Ligand-gated ion channel,0.135616202575
24864132,Oxymatrine,C1CC2C3CCC[N+]4(C3C(CCC4)CN2C(=O)C1)[O-],Neuronal acetylcholine receptor; alpha3/beta4,CHRNB4,P30926,Ligand-gated ion channel,0.135616202575
24864132,Oxymatrine,C1CC2C3CCC[N+]4(C3C(CCC4)CN2C(=O)C1)[O-],Neuronal acetylcholine receptor protein alpha-7 subunit,CHRNA7,P36544,Ligand-gated ion channel,0.135616202575
24864132,Oxymatrine,C1CC2C3CCC[N+]4(C3C(CCC4)CN2C(=O)C1)[O-],Matrix metalloproteinase 8,MMP8,P22894,Protease,0.119895126898
24864132,Oxymatrine,C1CC2C3CCC[N+]4(C3C(CCC4)CN2C(=O)C1)[O-],Epoxide hydrolase 1,EPHX1,P07099,Protease,0.119895126898
24864132,Oxymatrine,C1CC2C3CCC[N+]4(C3C(CCC4)CN2C(=O)C1)[O-],Histone deacetylase 6,HDAC6,Q9UBN7,Eraser,0.112041901328
24864132,Oxymatrine,C1CC2C3CCC[N+]4(C3C(CCC4)CN2C(=O)C1)[O-],Histone deacetylase 2,HDAC2,Q92769,Eraser,0.112041901328
24864132,Oxymatrine,C1CC2C3CCC[N+]4(C3C(CCC4)CN2C(=O)C1)[O-],Histone deacetylase 3/Nuclear receptor corepressor 2 (HDAC3/NCoR2),NCOR2,Q9Y618,Eraser,0.112041901328
24864132,Oxymatrine,C1CC2C3CCC[N+]4(C3C(CCC4)CN2C(=O)C1)[O-],Histone deacetylase 3/Nuclear receptor corepressor 2 (HDAC3/NCoR2),HDAC3,O15379,Eraser,0.112041901328
24864132,Oxymatrine,C1CC2C3CCC[N+]4(C3C(CCC4)CN2C(=O)C1)[O-],Histone deacetylase 8,HDAC8,Q9BY41,Eraser,0.112041901328
24864132,Oxymatrine,C1CC2C3CCC[N+]4(C3C(CCC4)CN2C(=O)C1)[O-],Histone deacetylase 1,HDAC1,Q13547,Eraser,0.112041901328
24864132,Oxymatrine,C1CC2C3CCC[N+]4(C3C(CCC4)CN2C(=O)C1)[O-],Histone deacetylase 11,HDAC11,Q96DB2,Eraser,0.112041901328
24864132,Oxymatrine,C1CC2C3CCC[N+]4(C3C(CCC4)CN2C(=O)C1)[O-],Histone deacetylase 10,HDAC10,Q969S8,Eraser,0.112041901328
24864132,Oxymatrine,C1CC2C3CCC[N+]4(C3C(CCC4)CN2C(=O)C1)[O-],Dynamin-1,DNM1,Q05193,Enzyme,0.112041901328
24864132,Oxymatrine,C1CC2C3CCC[N+]4(C3C(CCC4)CN2C(=O)C1)[O-],Butyrylcholinesterase,BCHE,P06276,Hydrolase,0.112041901328
24864132,Oxymatrine,C1CC2C3CCC[N+]4(C3C(CCC4)CN2C(=O)C1)[O-],Steroid 5-alpha-reductase 1,SRD5A1,P18405,Oxidoreductase,0.112041901328
24864132,Oxymatrine,C1CC2C3CCC[N+]4(C3C(CCC4)CN2C(=O)C1)[O-],Steroid 5-alpha-reductase 2,SRD5A2,P31213,Oxidoreductase,0.112041901328
24864132,Oxymatrine,C1CC2C3CCC[N+]4(C3C(CCC4)CN2C(=O)C1)[O-],3-keto-steroid reductase,HSD17B7,P56937,Enzyme,0.112041901328
24864132,Oxymatrine,C1CC2C3CCC[N+]4(C3C(CCC4)CN2C(=O)C1)[O-],11-beta-hydroxysteroid dehydrogenase 1,HSD11B1,P28845,Enzyme,0.112041901328
24864132,Oxymatrine,C1CC2C3CCC[N+]4(C3C(CCC4)CN2C(=O)C1)[O-],Matrix metalloproteinase 3,MMP3,P08254,Protease,0.112041901328
24864132,Oxymatrine,C1CC2C3CCC[N+]4(C3C(CCC4)CN2C(=O)C1)[O-],Matrix metalloproteinase 9,MMP9,P14780,Protease,0.112041901328
24864132,Oxymatrine,C1CC2C3CCC[N+]4(C3C(CCC4)CN2C(=O)C1)[O-],Matrix metalloproteinase 1,MMP1,P03956,Protease,0.112041901328
24864132,Oxymatrine,C1CC2C3CCC[N+]4(C3C(CCC4)CN2C(=O)C1)[O-],ADAM17,ADAM17,P78536,Protease,0.112041901328
24864132,Oxymatrine,C1CC2C3CCC[N+]4(C3C(CCC4)CN2C(=O)C1)[O-],Peptide deformylase mitochondrial,PDF,Q9HBH1,Enzyme,0.112041901328
24864132,Oxymatrine,C1CC2C3CCC[N+]4(C3C(CCC4)CN2C(=O)C1)[O-],Integrin alpha-IIb/beta-3,ITGA2B,P08514,Membrane receptor,0.112041901328
24864132,Oxymatrine,C1CC2C3CCC[N+]4(C3C(CCC4)CN2C(=O)C1)[O-],Integrin alpha-IIb/beta-3,ITGB3,P05106,Membrane receptor,0.112041901328
24864132,Oxymatrine,C1CC2C3CCC[N+]4(C3C(CCC4)CN2C(=O)C1)[O-],Epoxide hydratase,EPHX2,P34913,Protease,0.112041901328
24864132,Oxymatrine,C1CC2C3CCC[N+]4(C3C(CCC4)CN2C(=O)C1)[O-],N-acylsphingosine-amidohydrolase,NAAA,Q02083,Enzyme,0.112041901328
24864132,Oxymatrine,C1CC2C3CCC[N+]4(C3C(CCC4)CN2C(=O)C1)[O-],Polyamine oxidase,PAOX,Q6QHF9,Enzyme,0.112041901328
24864132,Oxymatrine,C1CC2C3CCC[N+]4(C3C(CCC4)CN2C(=O)C1)[O-],Cathepsin K,CTSK,P43235,Protease,0.112041901328
24864132,Oxymatrine,C1CC2C3CCC[N+]4(C3C(CCC4)CN2C(=O)C1)[O-],Cathepsin L,CTSL,P07711,Protease,0.112041901328
24864132,Oxymatrine,C1CC2C3CCC[N+]4(C3C(CCC4)CN2C(=O)C1)[O-],Cathepsin (B and K),CTSB,P07858,Protease,0.112041901328
24864132,Oxymatrine,C1CC2C3CCC[N+]4(C3C(CCC4)CN2C(=O)C1)[O-],Metabotropic glutamate receptor 5,GRM5,P41594,Family C G protein-coupled receptor,0.112041901328
8988,D-(+)-Proline,C1CC(NC1)C(=O)O,GABA A receptor alpha-3/beta-2/gamma-2,GABRA3,P34903,Ligand-gated ion channel,0.0649510872641
8988,D-(+)-Proline,C1CC(NC1)C(=O)O,GABA A receptor alpha-3/beta-2/gamma-2,GABRB2,P47870,Ligand-gated ion channel,0.0649510872641
8988,D-(+)-Proline,C1CC(NC1)C(=O)O,GABA A receptor alpha-3/beta-2/gamma-2,GABRG2,P18507,Ligand-gated ion channel,0.0649510872641
8988,D-(+)-Proline,C1CC(NC1)C(=O)O,GABA A receptor alpha-2/beta-2/gamma-2,GABRA2,P47869,Ligand-gated ion channel,0.0649510872641
8988,D-(+)-Proline,C1CC(NC1)C(=O)O,GABA A receptor alpha-2/beta-2/gamma-2,GABRB2,P47870,Ligand-gated ion channel,0.0649510872641
8988,D-(+)-Proline,C1CC(NC1)C(=O)O,GABA A receptor alpha-2/beta-2/gamma-2,GABRG2,P18507,Ligand-gated ion channel,0.0649510872641
8988,D-(+)-Proline,C1CC(NC1)C(=O)O,GABA transporter 1,SLC6A1,P30531,Electrochemical transporter,0.0544879468076
8988,D-(+)-Proline,C1CC(NC1)C(=O)O,Angiotensin-converting enzyme,ACE,P12821,Protease,0.0443083186041
8988,D-(+)-Proline,C1CC(NC1)C(=O)O,Renin,REN,P00797,Protease,0.0443083186041
8988,D-(+)-Proline,C1CC(NC1)C(=O)O,GABA receptor rho-1 subunit,GABRR1,P24046,Ligand-gated ion channel,0.033970689612
8988,D-(+)-Proline,C1CC(NC1)C(=O)O,Egl nine homolog 1,EGLN1,Q9GZT9,Oxidoreductase,0.033970689612
8988,D-(+)-Proline,C1CC(NC1)C(=O)O,Aminopeptidase N,ANPEP,P15144,Protease,0.0238327432783
8988,D-(+)-Proline,C1CC(NC1)C(=O)O,GABA-B receptor,GABBR2,O75899,Family C G protein-coupled receptor,0.0238327432783
8988,D-(+)-Proline,C1CC(NC1)C(=O)O,GABA-B receptor,GABBR1,Q9UBS5,Family C G protein-coupled receptor,0.0238327432783
8988,D-(+)-Proline,C1CC(NC1)C(=O)O,Thrombin,F2,P00734,Protease,0.0238327432783
8988,D-(+)-Proline,C1CC(NC1)C(=O)O,Leukotriene A4 hydrolase,LTA4H,P09960,Protease,0.0238327432783
11095,"2-(3,4-dihydroxyphenyl)-5,7-dihydroxy-3,4-dihydro-2H-1-benzopyran-4-one",C1C(OC2=CC(=CC(=C2C1=O)O)O)C3=CC(=C(C=C3)O)O,Carbonic anhydrase VII,CA7,P43166,Lyase,1.0
11095,"2-(3,4-dihydroxyphenyl)-5,7-dihydroxy-3,4-dihydro-2H-1-benzopyran-4-one",C1C(OC2=CC(=CC(=C2C1=O)O)O)C3=CC(=C(C=C3)O)O,Carbonic anhydrase XII,CA12,O43570,Lyase,1.0
11095,"2-(3,4-dihydroxyphenyl)-5,7-dihydroxy-3,4-dihydro-2H-1-benzopyran-4-one",C1C(OC2=CC(=CC(=C2C1=O)O)O)C3=CC(=C(C=C3)O)O,Carbonic anhydrase IV,CA4,P22748,Lyase,1.0
11095,"2-(3,4-dihydroxyphenyl)-5,7-dihydroxy-3,4-dihydro-2H-1-benzopyran-4-one",C1C(OC2=CC(=CC(=C2C1=O)O)O)C3=CC(=C(C=C3)O)O,Cytochrome P450 1B1,CYP1B1,Q16678,Cytochrome P450,1.0
11095,"2-(3,4-dihydroxyphenyl)-5,7-dihydroxy-3,4-dihydro-2H-1-benzopyran-4-one",C1C(OC2=CC(=CC(=C2C1=O)O)O)C3=CC(=C(C=C3)O)O,Cytochrome P450 19A1,CYP19A1,P11511,Cytochrome P450,0.649780750482
11095,"2-(3,4-dihydroxyphenyl)-5,7-dihydroxy-3,4-dihydro-2H-1-benzopyran-4-one",C1C(OC2=CC(=CC(=C2C1=O)O)O)C3=CC(=C(C=C3)O)O,Cyclooxygenase-1,PTGS1,P23219,Oxidoreductase,0.295453304889
11095,"2-(3,4-dihydroxyphenyl)-5,7-dihydroxy-3,4-dihydro-2H-1-benzopyran-4-one",C1C(OC2=CC(=CC(=C2C1=O)O)O)C3=CC(=C(C=C3)O)O,Multidrug resistance-associated protein 1,ABCC1,P33527,Primary active transporter,0.204881979723
11095,"2-(3,4-dihydroxyphenyl)-5,7-dihydroxy-3,4-dihydro-2H-1-benzopyran-4-one",C1C(OC2=CC(=CC(=C2C1=O)O)O)C3=CC(=C(C=C3)O)O,Estradiol 17-beta-dehydrogenase 1,HSD17B1,P14061,Enzyme,0.204881979723
11095,"2-(3,4-dihydroxyphenyl)-5,7-dihydroxy-3,4-dihydro-2H-1-benzopyran-4-one",C1C(OC2=CC(=CC(=C2C1=O)O)O)C3=CC(=C(C=C3)O)O,Testis-specific androgen-binding protein,SHBG,P04278,Secreted protein,0.204881979723
11095,"2-(3,4-dihydroxyphenyl)-5,7-dihydroxy-3,4-dihydro-2H-1-benzopyran-4-one",C1C(OC2=CC(=CC(=C2C1=O)O)O)C3=CC(=C(C=C3)O)O,Carbonyl reductase [NADPH] 1,CBR1,P16152,Enzyme,0.204881979723
11095,"2-(3,4-dihydroxyphenyl)-5,7-dihydroxy-3,4-dihydro-2H-1-benzopyran-4-one",C1C(OC2=CC(=CC(=C2C1=O)O)O)C3=CC(=C(C=C3)O)O,Estrogen receptor beta,ESR2,Q92731,Nuclear receptor,0.204881979723
11095,"2-(3,4-dihydroxyphenyl)-5,7-dihydroxy-3,4-dihydro-2H-1-benzopyran-4-one",C1C(OC2=CC(=CC(=C2C1=O)O)O)C3=CC(=C(C=C3)O)O,Estrogen receptor alpha,ESR1,P03372,Nuclear receptor,0.188420385827
11095,"2-(3,4-dihydroxyphenyl)-5,7-dihydroxy-3,4-dihydro-2H-1-benzopyran-4-one",C1C(OC2=CC(=CC(=C2C1=O)O)O)C3=CC(=C(C=C3)O)O,Monoamine oxidase B,MAOB,P27338,Oxidoreductase,0.147256737367
11095,"2-(3,4-dihydroxyphenyl)-5,7-dihydroxy-3,4-dihydro-2H-1-benzopyran-4-one",C1C(OC2=CC(=CC(=C2C1=O)O)O)C3=CC(=C(C=C3)O)O,Taste receptor type 2 member 31,TAS2R31,P59538,Taste family G protein-coupled receptor,0.139061946948
11095,"2-(3,4-dihydroxyphenyl)-5,7-dihydroxy-3,4-dihydro-2H-1-benzopyran-4-one",C1C(OC2=CC(=CC(=C2C1=O)O)O)C3=CC(=C(C=C3)O)O,Adenosine A1 receptor   (by homology),ADORA1,P30542,Family A G protein-coupled receptor,0.139061946948
11095,"2-(3,4-dihydroxyphenyl)-5,7-dihydroxy-3,4-dihydro-2H-1-benzopyran-4-one",C1C(OC2=CC(=CC(=C2C1=O)O)O)C3=CC(=C(C=C3)O)O,Adenosine A3 receptor,ADORA3,P0DMS8,Family A G protein-coupled receptor,0.139061946948
11095,"2-(3,4-dihydroxyphenyl)-5,7-dihydroxy-3,4-dihydro-2H-1-benzopyran-4-one",C1C(OC2=CC(=CC(=C2C1=O)O)O)C3=CC(=C(C=C3)O)O,ATP-binding cassette sub-family G member 2,ABCG2,Q9UNQ0,Primary active transporter,0.106099949133
11095,"2-(3,4-dihydroxyphenyl)-5,7-dihydroxy-3,4-dihydro-2H-1-benzopyran-4-one",C1C(OC2=CC(=CC(=C2C1=O)O)O)C3=CC(=C(C=C3)O)O,Matrix metalloproteinase 13,MMP13,P45452,Protease,0.106099949133
11095,"2-(3,4-dihydroxyphenyl)-5,7-dihydroxy-3,4-dihydro-2H-1-benzopyran-4-one",C1C(OC2=CC(=CC(=C2C1=O)O)O)C3=CC(=C(C=C3)O)O,Aldo-keto-reductase family 1 member C3,AKR1C3,P42330,Enzyme,0.0978745343258
11095,"2-(3,4-dihydroxyphenyl)-5,7-dihydroxy-3,4-dihydro-2H-1-benzopyran-4-one",C1C(OC2=CC(=CC(=C2C1=O)O)O)C3=CC(=C(C=C3)O)O,Matrix metalloproteinase 12,MMP12,P39900,Protease,0.0978745343258
11095,"2-(3,4-dihydroxyphenyl)-5,7-dihydroxy-3,4-dihydro-2H-1-benzopyran-4-one",C1C(OC2=CC(=CC(=C2C1=O)O)O)C3=CC(=C(C=C3)O)O,Phospholipase A2 group 1B,PLA2G1B,P04054,Enzyme,0.0978745343258
11095,"2-(3,4-dihydroxyphenyl)-5,7-dihydroxy-3,4-dihydro-2H-1-benzopyran-4-one",C1C(OC2=CC(=CC(=C2C1=O)O)O)C3=CC(=C(C=C3)O)O,Kallikrein 1,KLK1,P06870,Protease,0.0978745343258
11095,"2-(3,4-dihydroxyphenyl)-5,7-dihydroxy-3,4-dihydro-2H-1-benzopyran-4-one",C1C(OC2=CC(=CC(=C2C1=O)O)O)C3=CC(=C(C=C3)O)O,Kallikrein 2,KLK2,P20151,Protease,0.0978745343258
11095,"2-(3,4-dihydroxyphenyl)-5,7-dihydroxy-3,4-dihydro-2H-1-benzopyran-4-one",C1C(OC2=CC(=CC(=C2C1=O)O)O)C3=CC(=C(C=C3)O)O,Beta amyloid A4 protein,APP,P05067,Membrane receptor,0.0978745343258
11095,"2-(3,4-dihydroxyphenyl)-5,7-dihydroxy-3,4-dihydro-2H-1-benzopyran-4-one",C1C(OC2=CC(=CC(=C2C1=O)O)O)C3=CC(=C(C=C3)O)O,Metabotropic glutamate receptor 5,GRM5,P41594,Family C G protein-coupled receptor,0.0978745343258
11095,"2-(3,4-dihydroxyphenyl)-5,7-dihydroxy-3,4-dihydro-2H-1-benzopyran-4-one",C1C(OC2=CC(=CC(=C2C1=O)O)O)C3=CC(=C(C=C3)O)O,Acyl coenzyme A:cholesterol acyltransferase,CES1,P23141,Enzyme,0.0978745343258
11095,"2-(3,4-dihydroxyphenyl)-5,7-dihydroxy-3,4-dihydro-2H-1-benzopyran-4-one",C1C(OC2=CC(=CC(=C2C1=O)O)O)C3=CC(=C(C=C3)O)O,Peroxisome proliferator-activated receptor gamma,PPARG,P37231,Nuclear receptor,0.0978745343258
11095,"2-(3,4-dihydroxyphenyl)-5,7-dihydroxy-3,4-dihydro-2H-1-benzopyran-4-one",C1C(OC2=CC(=CC(=C2C1=O)O)O)C3=CC(=C(C=C3)O)O,Carboxylesterase 2,CES2,O00748,Enzyme,0.0978745343258
11095,"2-(3,4-dihydroxyphenyl)-5,7-dihydroxy-3,4-dihydro-2H-1-benzopyran-4-one",C1C(OC2=CC(=CC(=C2C1=O)O)O)C3=CC(=C(C=C3)O)O,Microtubule-associated protein tau,MAPT,P10636,Unclassified protein,0.0978745343258
11095,"2-(3,4-dihydroxyphenyl)-5,7-dihydroxy-3,4-dihydro-2H-1-benzopyran-4-one",C1C(OC2=CC(=CC(=C2C1=O)O)O)C3=CC(=C(C=C3)O)O,Carbonic anhydrase II,CA2,P00918,Lyase,0.0978745343258
11095,"2-(3,4-dihydroxyphenyl)-5,7-dihydroxy-3,4-dihydro-2H-1-benzopyran-4-one",C1C(OC2=CC(=CC(=C2C1=O)O)O)C3=CC(=C(C=C3)O)O,Carbonic anhydrase I,CA1,P00915,Lyase,0.0978745343258
11095,"2-(3,4-dihydroxyphenyl)-5,7-dihydroxy-3,4-dihydro-2H-1-benzopyran-4-one",C1C(OC2=CC(=CC(=C2C1=O)O)O)C3=CC(=C(C=C3)O)O,Beta-secretase 1,BACE1,P56817,Protease,0.0978745343258
11095,"2-(3,4-dihydroxyphenyl)-5,7-dihydroxy-3,4-dihydro-2H-1-benzopyran-4-one",C1C(OC2=CC(=CC(=C2C1=O)O)O)C3=CC(=C(C=C3)O)O,DNA polymerase beta   (by homology),POLB,P06746,Enzyme,0.0978745343258
11095,"2-(3,4-dihydroxyphenyl)-5,7-dihydroxy-3,4-dihydro-2H-1-benzopyran-4-one",C1C(OC2=CC(=CC(=C2C1=O)O)O)C3=CC(=C(C=C3)O)O,Cyclin-dependent kinase 5/CDK5 activator 1,CDK5R1,Q15078,Kinase,0.0978745343258
11095,"2-(3,4-dihydroxyphenyl)-5,7-dihydroxy-3,4-dihydro-2H-1-benzopyran-4-one",C1C(OC2=CC(=CC(=C2C1=O)O)O)C3=CC(=C(C=C3)O)O,Cyclin-dependent kinase 5/CDK5 activator 1,CDK5,Q00535,Kinase,0.0978745343258
11095,"2-(3,4-dihydroxyphenyl)-5,7-dihydroxy-3,4-dihydro-2H-1-benzopyran-4-one",C1C(OC2=CC(=CC(=C2C1=O)O)O)C3=CC(=C(C=C3)O)O,Stem cell growth factor receptor,KIT,P10721,Kinase,0.0978745343258
11095,"2-(3,4-dihydroxyphenyl)-5,7-dihydroxy-3,4-dihydro-2H-1-benzopyran-4-one",C1C(OC2=CC(=CC(=C2C1=O)O)O)C3=CC(=C(C=C3)O)O,Tyrosine-protein kinase SRC,SRC,P12931,Kinase,0.0978745343258
11095,"2-(3,4-dihydroxyphenyl)-5,7-dihydroxy-3,4-dihydro-2H-1-benzopyran-4-one",C1C(OC2=CC(=CC(=C2C1=O)O)O)C3=CC(=C(C=C3)O)O,Vascular endothelial growth factor receptor 2,KDR,P35968,Kinase,0.0978745343258
11095,"2-(3,4-dihydroxyphenyl)-5,7-dihydroxy-3,4-dihydro-2H-1-benzopyran-4-one",C1C(OC2=CC(=CC(=C2C1=O)O)O)C3=CC(=C(C=C3)O)O,Fibroblast growth factor receptor 1,FGFR1,P11362,Kinase,0.0978745343258
11095,"2-(3,4-dihydroxyphenyl)-5,7-dihydroxy-3,4-dihydro-2H-1-benzopyran-4-one",C1C(OC2=CC(=CC(=C2C1=O)O)O)C3=CC(=C(C=C3)O)O,Hepatocyte growth factor receptor,MET,P08581,Kinase,0.0978745343258
11095,"2-(3,4-dihydroxyphenyl)-5,7-dihydroxy-3,4-dihydro-2H-1-benzopyran-4-one",C1C(OC2=CC(=CC(=C2C1=O)O)O)C3=CC(=C(C=C3)O)O,Phospholipase A2 group IIA,PLA2G2A,P14555,Enzyme,0.0978745343258
11095,"2-(3,4-dihydroxyphenyl)-5,7-dihydroxy-3,4-dihydro-2H-1-benzopyran-4-one",C1C(OC2=CC(=CC(=C2C1=O)O)O)C3=CC(=C(C=C3)O)O,Phospholipase A2 group V,PLA2G5,P39877,Enzyme,0.0978745343258
11095,"2-(3,4-dihydroxyphenyl)-5,7-dihydroxy-3,4-dihydro-2H-1-benzopyran-4-one",C1C(OC2=CC(=CC(=C2C1=O)O)O)C3=CC(=C(C=C3)O)O,Group X secretory phospholipase A2,PLA2G10,O15496,Enzyme,0.0978745343258
11095,"2-(3,4-dihydroxyphenyl)-5,7-dihydroxy-3,4-dihydro-2H-1-benzopyran-4-one",C1C(OC2=CC(=CC(=C2C1=O)O)O)C3=CC(=C(C=C3)O)O,Endothelin receptor ET-A   (by homology),EDNRA,P25101,Family A G protein-coupled receptor,0.0978745343258
11095,"2-(3,4-dihydroxyphenyl)-5,7-dihydroxy-3,4-dihydro-2H-1-benzopyran-4-one",C1C(OC2=CC(=CC(=C2C1=O)O)O)C3=CC(=C(C=C3)O)O,Alpha-synuclein,SNCA,P37840,Unclassified protein,0.0978745343258
11095,"2-(3,4-dihydroxyphenyl)-5,7-dihydroxy-3,4-dihydro-2H-1-benzopyran-4-one",C1C(OC2=CC(=CC(=C2C1=O)O)O)C3=CC(=C(C=C3)O)O,Carbonic anhydrase VI,CA6,P23280,Lyase,0.0978745343258
11095,"2-(3,4-dihydroxyphenyl)-5,7-dihydroxy-3,4-dihydro-2H-1-benzopyran-4-one",C1C(OC2=CC(=CC(=C2C1=O)O)O)C3=CC(=C(C=C3)O)O,Carbonic anhydrase VA,CA5A,P35218,Lyase,0.0978745343258
11095,"2-(3,4-dihydroxyphenyl)-5,7-dihydroxy-3,4-dihydro-2H-1-benzopyran-4-one",C1C(OC2=CC(=CC(=C2C1=O)O)O)C3=CC(=C(C=C3)O)O,Neuronal acetylcholine receptor protein alpha-7 subunit,CHRNA7,P36544,Ligand-gated ion channel,0.0978745343258
11095,"2-(3,4-dihydroxyphenyl)-5,7-dihydroxy-3,4-dihydro-2H-1-benzopyran-4-one",C1C(OC2=CC(=CC(=C2C1=O)O)O)C3=CC(=C(C=C3)O)O,Dual-specificity tyrosine-phosphorylation regulated kinase 1A,DYRK1A,Q13627,Kinase,0.0978745343258
11095,"2-(3,4-dihydroxyphenyl)-5,7-dihydroxy-3,4-dihydro-2H-1-benzopyran-4-one",C1C(OC2=CC(=CC(=C2C1=O)O)O)C3=CC(=C(C=C3)O)O,Carbonic anhydrase IX,CA9,Q16790,Lyase,0.0978745343258
11095,"2-(3,4-dihydroxyphenyl)-5,7-dihydroxy-3,4-dihydro-2H-1-benzopyran-4-one",C1C(OC2=CC(=CC(=C2C1=O)O)O)C3=CC(=C(C=C3)O)O,P-glycoprotein 1,ABCB1,P08183,Primary active transporter,0.0978745343258
11095,"2-(3,4-dihydroxyphenyl)-5,7-dihydroxy-3,4-dihydro-2H-1-benzopyran-4-one",C1C(OC2=CC(=CC(=C2C1=O)O)O)C3=CC(=C(C=C3)O)O,Acetylcholinesterase,ACHE,P22303,Hydrolase,0.0978745343258
11095,"2-(3,4-dihydroxyphenyl)-5,7-dihydroxy-3,4-dihydro-2H-1-benzopyran-4-one",C1C(OC2=CC(=CC(=C2C1=O)O)O)C3=CC(=C(C=C3)O)O,Carbonic anhydrase III,CA3,P07451,Lyase,0.0978745343258
11095,"2-(3,4-dihydroxyphenyl)-5,7-dihydroxy-3,4-dihydro-2H-1-benzopyran-4-one",C1C(OC2=CC(=CC(=C2C1=O)O)O)C3=CC(=C(C=C3)O)O,Carbonic anhydrase XIII,CA13,Q8N1Q1,Lyase,0.0978745343258
11095,"2-(3,4-dihydroxyphenyl)-5,7-dihydroxy-3,4-dihydro-2H-1-benzopyran-4-one",C1C(OC2=CC(=CC(=C2C1=O)O)O)C3=CC(=C(C=C3)O)O,Carbonic anhydrase VB,CA5B,Q9Y2D0,Lyase,0.0978745343258
11095,"2-(3,4-dihydroxyphenyl)-5,7-dihydroxy-3,4-dihydro-2H-1-benzopyran-4-one",C1C(OC2=CC(=CC(=C2C1=O)O)O)C3=CC(=C(C=C3)O)O,HERG,KCNH2,Q12809,Voltage-gated ion channel,0.0978745343258
11095,"2-(3,4-dihydroxyphenyl)-5,7-dihydroxy-3,4-dihydro-2H-1-benzopyran-4-one",C1C(OC2=CC(=CC(=C2C1=O)O)O)C3=CC(=C(C=C3)O)O,"CMP-N-acetylneuraminate-beta-1,4-galactoside alpha-2,3-sialyltransferase",ST3GAL3,Q11203,Transferase,0.0978745343258
11095,"2-(3,4-dihydroxyphenyl)-5,7-dihydroxy-3,4-dihydro-2H-1-benzopyran-4-one",C1C(OC2=CC(=CC(=C2C1=O)O)O)C3=CC(=C(C=C3)O)O,"Alpha-(1,3)-fucosyltransferase 7",FUT7,Q11130,Transferase,0.0978745343258
11095,"2-(3,4-dihydroxyphenyl)-5,7-dihydroxy-3,4-dihydro-2H-1-benzopyran-4-one",C1C(OC2=CC(=CC(=C2C1=O)O)O)C3=CC(=C(C=C3)O)O,Fucosyltransferase 4,FUT4,P22083,Enzyme,0.0978745343258
11095,"2-(3,4-dihydroxyphenyl)-5,7-dihydroxy-3,4-dihydro-2H-1-benzopyran-4-one",C1C(OC2=CC(=CC(=C2C1=O)O)O)C3=CC(=C(C=C3)O)O,Retinoid X receptor alpha,RXRA,P19793,Nuclear receptor,0.0978745343258
11095,"2-(3,4-dihydroxyphenyl)-5,7-dihydroxy-3,4-dihydro-2H-1-benzopyran-4-one",C1C(OC2=CC(=CC(=C2C1=O)O)O)C3=CC(=C(C=C3)O)O,Telomerase reverse transcriptase,TERT,O14746,Enzyme,0.0978745343258
11095,"2-(3,4-dihydroxyphenyl)-5,7-dihydroxy-3,4-dihydro-2H-1-benzopyran-4-one",C1C(OC2=CC(=CC(=C2C1=O)O)O)C3=CC(=C(C=C3)O)O,Free fatty acid receptor 1,FFAR1,O14842,Family A G protein-coupled receptor,0.0978745343258
11095,"2-(3,4-dihydroxyphenyl)-5,7-dihydroxy-3,4-dihydro-2H-1-benzopyran-4-one",C1C(OC2=CC(=CC(=C2C1=O)O)O)C3=CC(=C(C=C3)O)O,NADPH oxidase 4,NOX4,Q9NPH5,Enzyme,0.0978745343258
11095,"2-(3,4-dihydroxyphenyl)-5,7-dihydroxy-3,4-dihydro-2H-1-benzopyran-4-one",C1C(OC2=CC(=CC(=C2C1=O)O)O)C3=CC(=C(C=C3)O)O,Matrix metalloproteinase 2,MMP2,P08253,Protease,0.0978745343258
11095,"2-(3,4-dihydroxyphenyl)-5,7-dihydroxy-3,4-dihydro-2H-1-benzopyran-4-one",C1C(OC2=CC(=CC(=C2C1=O)O)O)C3=CC(=C(C=C3)O)O,Apoptosis regulator Bcl-2,BCL2,P10415,Other ion channel,0.0978745343258
11095,"2-(3,4-dihydroxyphenyl)-5,7-dihydroxy-3,4-dihydro-2H-1-benzopyran-4-one",C1C(OC2=CC(=CC(=C2C1=O)O)O)C3=CC(=C(C=C3)O)O,Insulin-like growth factor binding protein 3,IGFBP3,P17936,Secreted protein,0.0978745343258
11095,"2-(3,4-dihydroxyphenyl)-5,7-dihydroxy-3,4-dihydro-2H-1-benzopyran-4-one",C1C(OC2=CC(=CC(=C2C1=O)O)O)C3=CC(=C(C=C3)O)O,Tyrosine-protein kinase LCK,LCK,P06239,Kinase,0.0978745343258
11095,"2-(3,4-dihydroxyphenyl)-5,7-dihydroxy-3,4-dihydro-2H-1-benzopyran-4-one",C1C(OC2=CC(=CC(=C2C1=O)O)O)C3=CC(=C(C=C3)O)O,Tyrosine-protein kinase SYK,SYK,P43405,Kinase,0.0978745343258
11095,"2-(3,4-dihydroxyphenyl)-5,7-dihydroxy-3,4-dihydro-2H-1-benzopyran-4-one",C1C(OC2=CC(=CC(=C2C1=O)O)O)C3=CC(=C(C=C3)O)O,Aldose reductase,AKR1B1,P15121,Enzyme,0.0978745343258
11095,"2-(3,4-dihydroxyphenyl)-5,7-dihydroxy-3,4-dihydro-2H-1-benzopyran-4-one",C1C(OC2=CC(=CC(=C2C1=O)O)O)C3=CC(=C(C=C3)O)O,Hypoxia-inducible factor 1 alpha,HIF1A,Q16665,Transcription factor,0.0978745343258
11095,"2-(3,4-dihydroxyphenyl)-5,7-dihydroxy-3,4-dihydro-2H-1-benzopyran-4-one",C1C(OC2=CC(=CC(=C2C1=O)O)O)C3=CC(=C(C=C3)O)O,Cathepsin (B and K),CTSB,P07858,Protease,0.0978745343258
11095,"2-(3,4-dihydroxyphenyl)-5,7-dihydroxy-3,4-dihydro-2H-1-benzopyran-4-one",C1C(OC2=CC(=CC(=C2C1=O)O)O)C3=CC(=C(C=C3)O)O,Quinone reductase 2,NQO2,P16083,Enzyme,0.0978745343258
11095,"2-(3,4-dihydroxyphenyl)-5,7-dihydroxy-3,4-dihydro-2H-1-benzopyran-4-one",C1C(OC2=CC(=CC(=C2C1=O)O)O)C3=CC(=C(C=C3)O)O,Dual specificty protein kinase CLK1,CLK1,P49759,Kinase,0.0978745343258
11095,"2-(3,4-dihydroxyphenyl)-5,7-dihydroxy-3,4-dihydro-2H-1-benzopyran-4-one",C1C(OC2=CC(=CC(=C2C1=O)O)O)C3=CC(=C(C=C3)O)O,Dual specificity tyrosine-phosphorylation-regulated kinase 1B,DYRK1B,Q9Y463,Kinase,0.0978745343258
11095,"2-(3,4-dihydroxyphenyl)-5,7-dihydroxy-3,4-dihydro-2H-1-benzopyran-4-one",C1C(OC2=CC(=CC(=C2C1=O)O)O)C3=CC(=C(C=C3)O)O,Matrix metalloproteinase 9,MMP9,P14780,Protease,0.0978745343258
11095,"2-(3,4-dihydroxyphenyl)-5,7-dihydroxy-3,4-dihydro-2H-1-benzopyran-4-one",C1C(OC2=CC(=CC(=C2C1=O)O)O)C3=CC(=C(C=C3)O)O,Insulin-like growth factor I receptor,IGF1R,P08069,Kinase,0.0978745343258
11095,"2-(3,4-dihydroxyphenyl)-5,7-dihydroxy-3,4-dihydro-2H-1-benzopyran-4-one",C1C(OC2=CC(=CC(=C2C1=O)O)O)C3=CC(=C(C=C3)O)O,Insulin receptor,INSR,P06213,Kinase,0.0978745343258
11095,"2-(3,4-dihydroxyphenyl)-5,7-dihydroxy-3,4-dihydro-2H-1-benzopyran-4-one",C1C(OC2=CC(=CC(=C2C1=O)O)O)C3=CC(=C(C=C3)O)O,Ornithine decarboxylase,ODC1,P11926,Lyase,0.0978745343258
11095,"2-(3,4-dihydroxyphenyl)-5,7-dihydroxy-3,4-dihydro-2H-1-benzopyran-4-one",C1C(OC2=CC(=CC(=C2C1=O)O)O)C3=CC(=C(C=C3)O)O,Serine/threonine-protein kinase AKT,AKT1,P31749,Kinase,0.0978745343258
11095,"2-(3,4-dihydroxyphenyl)-5,7-dihydroxy-3,4-dihydro-2H-1-benzopyran-4-one",C1C(OC2=CC(=CC(=C2C1=O)O)O)C3=CC(=C(C=C3)O)O,DNA topoisomerase I,TOP1,P11387,Isomerase,0.0978745343258
1889,"4',7-Dihydroxyflavanone",C1C(OC2=C(C1=O)C=CC(=C2)O)C3=CC=C(C=C3)O,Cytochrome P450 19A1,CYP19A1,P11511,Cytochrome P450,0.99533651238
1889,"4',7-Dihydroxyflavanone",C1C(OC2=C(C1=O)C=CC(=C2)O)C3=CC=C(C=C3)O,Estradiol 17-beta-dehydrogenase 1,HSD17B1,P14061,Enzyme,0.497067294917
1889,"4',7-Dihydroxyflavanone",C1C(OC2=C(C1=O)C=CC(=C2)O)C3=CC=C(C=C3)O,Estrogen receptor alpha,ESR1,P03372,Nuclear receptor,0.489173723845
1889,"4',7-Dihydroxyflavanone",C1C(OC2=C(C1=O)C=CC(=C2)O)C3=CC=C(C=C3)O,Estrogen receptor beta,ESR2,Q92731,Nuclear receptor,0.489173723845
1889,"4',7-Dihydroxyflavanone",C1C(OC2=C(C1=O)C=CC(=C2)O)C3=CC=C(C=C3)O,Carbonic anhydrase VII,CA7,P43166,Lyase,0.457781723049
1889,"4',7-Dihydroxyflavanone",C1C(OC2=C(C1=O)C=CC(=C2)O)C3=CC=C(C=C3)O,Multidrug resistance-associated protein 1,ABCC1,P33527,Primary active transporter,0.457781723049
1889,"4',7-Dihydroxyflavanone",C1C(OC2=C(C1=O)C=CC(=C2)O)C3=CC=C(C=C3)O,Carbonic anhydrase XII,CA12,O43570,Lyase,0.457781723049
1889,"4',7-Dihydroxyflavanone",C1C(OC2=C(C1=O)C=CC(=C2)O)C3=CC=C(C=C3)O,Testis-specific androgen-binding protein,SHBG,P04278,Secreted protein,0.457781723049
1889,"4',7-Dihydroxyflavanone",C1C(OC2=C(C1=O)C=CC(=C2)O)C3=CC=C(C=C3)O,Carbonic anhydrase IV,CA4,P22748,Lyase,0.457781723049
1889,"4',7-Dihydroxyflavanone",C1C(OC2=C(C1=O)C=CC(=C2)O)C3=CC=C(C=C3)O,Cytochrome P450 1B1,CYP1B1,Q16678,Cytochrome P450,0.457781723049
1889,"4',7-Dihydroxyflavanone",C1C(OC2=C(C1=O)C=CC(=C2)O)C3=CC=C(C=C3)O,Carbonyl reductase [NADPH] 1,CBR1,P16152,Enzyme,0.457781723049
1889,"4',7-Dihydroxyflavanone",C1C(OC2=C(C1=O)C=CC(=C2)O)C3=CC=C(C=C3)O,Monoamine oxidase B,MAOB,P27338,Oxidoreductase,0.363468523957
1889,"4',7-Dihydroxyflavanone",C1C(OC2=C(C1=O)C=CC(=C2)O)C3=CC=C(C=C3)O,Cyclooxygenase-1,PTGS1,P23219,Oxidoreductase,0.253454398021
1889,"4',7-Dihydroxyflavanone",C1C(OC2=C(C1=O)C=CC(=C2)O)C3=CC=C(C=C3)O,Adenosine A1 receptor,ADORA1,P30542,Family A G protein-coupled receptor,0.214160247735
1889,"4',7-Dihydroxyflavanone",C1C(OC2=C(C1=O)C=CC(=C2)O)C3=CC=C(C=C3)O,Adenosine A3 receptor,ADORA3,P0DMS8,Family A G protein-coupled receptor,0.214160247735
1889,"4',7-Dihydroxyflavanone",C1C(OC2=C(C1=O)C=CC(=C2)O)C3=CC=C(C=C3)O,ATP-binding cassette sub-family G member 2,ABCG2,Q9UNQ0,Primary active transporter,0.167041662364
1889,"4',7-Dihydroxyflavanone",C1C(OC2=C(C1=O)C=CC(=C2)O)C3=CC=C(C=C3)O,Taste receptor type 2 member 31,TAS2R31,P59538,Taste family G protein-coupled receptor,0.143473412261
1889,"4',7-Dihydroxyflavanone",C1C(OC2=C(C1=O)C=CC(=C2)O)C3=CC=C(C=C3)O,Aldo-keto-reductase family 1 member C3,AKR1C3,P42330,Enzyme,0.143473412261
1889,"4',7-Dihydroxyflavanone",C1C(OC2=C(C1=O)C=CC(=C2)O)C3=CC=C(C=C3)O,Phospholipase A2 group 1B,PLA2G1B,P04054,Enzyme,0.127750341333
1889,"4',7-Dihydroxyflavanone",C1C(OC2=C(C1=O)C=CC(=C2)O)C3=CC=C(C=C3)O,Acyl coenzyme A:cholesterol acyltransferase,CES1,P23141,Enzyme,0.127750341333
1889,"4',7-Dihydroxyflavanone",C1C(OC2=C(C1=O)C=CC(=C2)O)C3=CC=C(C=C3)O,Peroxisome proliferator-activated receptor gamma,PPARG,P37231,Nuclear receptor,0.127750341333
1889,"4',7-Dihydroxyflavanone",C1C(OC2=C(C1=O)C=CC(=C2)O)C3=CC=C(C=C3)O,Carboxylesterase 2,CES2,O00748,Enzyme,0.127750341333
1889,"4',7-Dihydroxyflavanone",C1C(OC2=C(C1=O)C=CC(=C2)O)C3=CC=C(C=C3)O,Matrix metalloproteinase 13,MMP13,P45452,Protease,0.119895126898
1889,"4',7-Dihydroxyflavanone",C1C(OC2=C(C1=O)C=CC(=C2)O)C3=CC=C(C=C3)O,Matrix metalloproteinase 12,MMP12,P39900,Protease,0.119895126898
1889,"4',7-Dihydroxyflavanone",C1C(OC2=C(C1=O)C=CC(=C2)O)C3=CC=C(C=C3)O,Sodium/glucose cotransporter 2,SLC5A2,P31639,Electrochemical transporter,0.112041901328
1889,"4',7-Dihydroxyflavanone",C1C(OC2=C(C1=O)C=CC(=C2)O)C3=CC=C(C=C3)O,DNA polymerase beta   (by homology),POLB,P06746,Enzyme,0.112041901328
1889,"4',7-Dihydroxyflavanone",C1C(OC2=C(C1=O)C=CC(=C2)O)C3=CC=C(C=C3)O,Phospholipase A2 group V,PLA2G5,P39877,Enzyme,0.112041901328
1889,"4',7-Dihydroxyflavanone",C1C(OC2=C(C1=O)C=CC(=C2)O)C3=CC=C(C=C3)O,Group X secretory phospholipase A2,PLA2G10,O15496,Enzyme,0.112041901328
1889,"4',7-Dihydroxyflavanone",C1C(OC2=C(C1=O)C=CC(=C2)O)C3=CC=C(C=C3)O,Metabotropic glutamate receptor 5,GRM5,P41594,Family C G protein-coupled receptor,0.112041901328
1889,"4',7-Dihydroxyflavanone",C1C(OC2=C(C1=O)C=CC(=C2)O)C3=CC=C(C=C3)O,Plasminogen activator inhibitor-1,SERPINE1,P05121,Secreted protein,0.112041901328
1889,"4',7-Dihydroxyflavanone",C1C(OC2=C(C1=O)C=CC(=C2)O)C3=CC=C(C=C3)O,Retinoid X receptor alpha,RXRA,P19793,Nuclear receptor,0.112041901328
1889,"4',7-Dihydroxyflavanone",C1C(OC2=C(C1=O)C=CC(=C2)O)C3=CC=C(C=C3)O,Beta-secretase 1,BACE1,P56817,Protease,0.112041901328
1889,"4',7-Dihydroxyflavanone",C1C(OC2=C(C1=O)C=CC(=C2)O)C3=CC=C(C=C3)O,Endothelin receptor ET-A,EDNRA,P25101,Family A G protein-coupled receptor,0.112041901328
1889,"4',7-Dihydroxyflavanone",C1C(OC2=C(C1=O)C=CC(=C2)O)C3=CC=C(C=C3)O,Kallikrein 1,KLK1,P06870,Protease,0.112041901328
1889,"4',7-Dihydroxyflavanone",C1C(OC2=C(C1=O)C=CC(=C2)O)C3=CC=C(C=C3)O,Kallikrein 2,KLK2,P20151,Protease,0.112041901328
1889,"4',7-Dihydroxyflavanone",C1C(OC2=C(C1=O)C=CC(=C2)O)C3=CC=C(C=C3)O,Estrogen-related receptor alpha,ESRRA,P11474,Nuclear receptor,0.112041901328
1889,"4',7-Dihydroxyflavanone",C1C(OC2=C(C1=O)C=CC(=C2)O)C3=CC=C(C=C3)O,Estrogen-related receptor beta,ESRRB,O95718,Nuclear receptor,0.112041901328
1889,"4',7-Dihydroxyflavanone",C1C(OC2=C(C1=O)C=CC(=C2)O)C3=CC=C(C=C3)O,Dual specificty protein kinase CLK1,CLK1,P49759,Kinase,0.112041901328
1889,"4',7-Dihydroxyflavanone",C1C(OC2=C(C1=O)C=CC(=C2)O)C3=CC=C(C=C3)O,Dual specificity tyrosine-phosphorylation-regulated kinase 1B,DYRK1B,Q9Y463,Kinase,0.112041901328
1889,"4',7-Dihydroxyflavanone",C1C(OC2=C(C1=O)C=CC(=C2)O)C3=CC=C(C=C3)O,17-beta-hydroxysteroid dehydrogenase 14,HSD17B14,Q9BPX1,Enzyme,0.112041901328
1889,"4',7-Dihydroxyflavanone",C1C(OC2=C(C1=O)C=CC(=C2)O)C3=CC=C(C=C3)O,Butyrylcholinesterase,BCHE,P06276,Hydrolase,0.112041901328
1889,"4',7-Dihydroxyflavanone",C1C(OC2=C(C1=O)C=CC(=C2)O)C3=CC=C(C=C3)O,Neuronal acetylcholine receptor protein alpha-7 subunit,CHRNA7,P36544,Ligand-gated ion channel,0.112041901328
1889,"4',7-Dihydroxyflavanone",C1C(OC2=C(C1=O)C=CC(=C2)O)C3=CC=C(C=C3)O,Acetylcholinesterase,ACHE,P22303,Hydrolase,0.112041901328
1889,"4',7-Dihydroxyflavanone",C1C(OC2=C(C1=O)C=CC(=C2)O)C3=CC=C(C=C3)O,Dual-specificity tyrosine-phosphorylation regulated kinase 1A,DYRK1A,Q13627,Kinase,0.112041901328
1889,"4',7-Dihydroxyflavanone",C1C(OC2=C(C1=O)C=CC(=C2)O)C3=CC=C(C=C3)O,Carbonic anhydrase II,CA2,P00918,Lyase,0.112041901328
1889,"4',7-Dihydroxyflavanone",C1C(OC2=C(C1=O)C=CC(=C2)O)C3=CC=C(C=C3)O,Carbonic anhydrase I,CA1,P00915,Lyase,0.112041901328
1889,"4',7-Dihydroxyflavanone",C1C(OC2=C(C1=O)C=CC(=C2)O)C3=CC=C(C=C3)O,Carbonic anhydrase III,CA3,P07451,Lyase,0.112041901328
1889,"4',7-Dihydroxyflavanone",C1C(OC2=C(C1=O)C=CC(=C2)O)C3=CC=C(C=C3)O,Carbonic anhydrase VI,CA6,P23280,Lyase,0.112041901328
1889,"4',7-Dihydroxyflavanone",C1C(OC2=C(C1=O)C=CC(=C2)O)C3=CC=C(C=C3)O,Carbonic anhydrase XIII,CA13,Q8N1Q1,Lyase,0.112041901328
1889,"4',7-Dihydroxyflavanone",C1C(OC2=C(C1=O)C=CC(=C2)O)C3=CC=C(C=C3)O,Carbonic anhydrase VB,CA5B,Q9Y2D0,Lyase,0.112041901328
1889,"4',7-Dihydroxyflavanone",C1C(OC2=C(C1=O)C=CC(=C2)O)C3=CC=C(C=C3)O,Carbonic anhydrase VA,CA5A,P35218,Lyase,0.112041901328
1889,"4',7-Dihydroxyflavanone",C1C(OC2=C(C1=O)C=CC(=C2)O)C3=CC=C(C=C3)O,Stem cell growth factor receptor,KIT,P10721,Kinase,0.112041901328
1889,"4',7-Dihydroxyflavanone",C1C(OC2=C(C1=O)C=CC(=C2)O)C3=CC=C(C=C3)O,Tyrosine-protein kinase SRC,SRC,P12931,Kinase,0.112041901328
1889,"4',7-Dihydroxyflavanone",C1C(OC2=C(C1=O)C=CC(=C2)O)C3=CC=C(C=C3)O,Vascular endothelial growth factor receptor 2,KDR,P35968,Kinase,0.112041901328
1889,"4',7-Dihydroxyflavanone",C1C(OC2=C(C1=O)C=CC(=C2)O)C3=CC=C(C=C3)O,Fibroblast growth factor receptor 1,FGFR1,P11362,Kinase,0.112041901328
1889,"4',7-Dihydroxyflavanone",C1C(OC2=C(C1=O)C=CC(=C2)O)C3=CC=C(C=C3)O,Hepatocyte growth factor receptor,MET,P08581,Kinase,0.112041901328
1889,"4',7-Dihydroxyflavanone",C1C(OC2=C(C1=O)C=CC(=C2)O)C3=CC=C(C=C3)O,Cathepsin (B and K),CTSB,P07858,Protease,0.112041901328
1889,"4',7-Dihydroxyflavanone",C1C(OC2=C(C1=O)C=CC(=C2)O)C3=CC=C(C=C3)O,Coagulation factor VII/tissue factor,F3,P13726,Surface antigen,0.112041901328
1889,"4',7-Dihydroxyflavanone",C1C(OC2=C(C1=O)C=CC(=C2)O)C3=CC=C(C=C3)O,Estradiol 17-beta-dehydrogenase 2,HSD17B2,P37059,Enzyme,0.112041901328
1889,"4',7-Dihydroxyflavanone",C1C(OC2=C(C1=O)C=CC(=C2)O)C3=CC=C(C=C3)O,Serine/threonine-protein kinase/endoribonuclease IRE1,ERN1,O75460,Enzyme,0.112041901328
1889,"4',7-Dihydroxyflavanone",C1C(OC2=C(C1=O)C=CC(=C2)O)C3=CC=C(C=C3)O,Ribosomal protein S6 kinase alpha 5,RPS6KA5,O75582,Kinase,0.112041901328
1889,"4',7-Dihydroxyflavanone",C1C(OC2=C(C1=O)C=CC(=C2)O)C3=CC=C(C=C3)O,Aldose reductase,AKR1B1,P15121,Enzyme,0.112041901328
1889,"4',7-Dihydroxyflavanone",C1C(OC2=C(C1=O)C=CC(=C2)O)C3=CC=C(C=C3)O,Phospholipase A2 group IIA,PLA2G2A,P14555,Enzyme,0.112041901328
1889,"4',7-Dihydroxyflavanone",C1C(OC2=C(C1=O)C=CC(=C2)O)C3=CC=C(C=C3)O,Matrix metalloproteinase 3,MMP3,P08254,Protease,0.112041901328
1889,"4',7-Dihydroxyflavanone",C1C(OC2=C(C1=O)C=CC(=C2)O)C3=CC=C(C=C3)O,NAD-dependent deacetylase sirtuin 2,SIRT2,Q8IXJ6,Eraser,0.112041901328
1889,"4',7-Dihydroxyflavanone",C1C(OC2=C(C1=O)C=CC(=C2)O)C3=CC=C(C=C3)O,14-3-3 protein gamma,YWHAG,P61981,Unclassified protein,0.112041901328
1889,"4',7-Dihydroxyflavanone",C1C(OC2=C(C1=O)C=CC(=C2)O)C3=CC=C(C=C3)O,Serine/threonine-protein kinase WEE1,WEE1,P30291,Kinase,0.112041901328
1889,"4',7-Dihydroxyflavanone",C1C(OC2=C(C1=O)C=CC(=C2)O)C3=CC=C(C=C3)O,Dynamin-1,DNM1,Q05193,Enzyme,0.112041901328
1889,"4',7-Dihydroxyflavanone",C1C(OC2=C(C1=O)C=CC(=C2)O)C3=CC=C(C=C3)O,Prostanoid EP1 receptor,PTGER1,P34995,Family A G protein-coupled receptor,0.112041901328
1889,"4',7-Dihydroxyflavanone",C1C(OC2=C(C1=O)C=CC(=C2)O)C3=CC=C(C=C3)O,Prostanoid EP4 receptor,PTGER4,P35408,Family A G protein-coupled receptor,0.112041901328
1889,"4',7-Dihydroxyflavanone",C1C(OC2=C(C1=O)C=CC(=C2)O)C3=CC=C(C=C3)O,Prostanoid EP2 receptor,PTGER2,P43116,Family A G protein-coupled receptor,0.112041901328
1889,"4',7-Dihydroxyflavanone",C1C(OC2=C(C1=O)C=CC(=C2)O)C3=CC=C(C=C3)O,Prostanoid EP3 receptor,PTGER3,P43115,Family A G protein-coupled receptor,0.112041901328
1889,"4',7-Dihydroxyflavanone",C1C(OC2=C(C1=O)C=CC(=C2)O)C3=CC=C(C=C3)O,Matrix metalloproteinase 2,MMP2,P08253,Protease,0.112041901328
1889,"4',7-Dihydroxyflavanone",C1C(OC2=C(C1=O)C=CC(=C2)O)C3=CC=C(C=C3)O,NADPH oxidase 4,NOX4,Q9NPH5,Enzyme,0.112041901328
1889,"4',7-Dihydroxyflavanone",C1C(OC2=C(C1=O)C=CC(=C2)O)C3=CC=C(C=C3)O,Carbonic anhydrase IX,CA9,Q16790,Lyase,0.112041901328
1889,"4',7-Dihydroxyflavanone",C1C(OC2=C(C1=O)C=CC(=C2)O)C3=CC=C(C=C3)O,Protein-tyrosine phosphatase 1B,PTPN1,P18031,Phosphatase,0.112041901328
1889,"4',7-Dihydroxyflavanone",C1C(OC2=C(C1=O)C=CC(=C2)O)C3=CC=C(C=C3)O,Apoptosis regulator Bcl-X,BCL2L1,Q07817,Other ion channel,0.112041901328
1889,"4',7-Dihydroxyflavanone",C1C(OC2=C(C1=O)C=CC(=C2)O)C3=CC=C(C=C3)O,Transitional endoplasmic reticulum ATPase,VCP,P55072,Primary active transporter,0.112041901328
1889,"4',7-Dihydroxyflavanone",C1C(OC2=C(C1=O)C=CC(=C2)O)C3=CC=C(C=C3)O,Quinone reductase 2,NQO2,P16083,Enzyme,0.112041901328
1889,"4',7-Dihydroxyflavanone",C1C(OC2=C(C1=O)C=CC(=C2)O)C3=CC=C(C=C3)O,Metabotropic glutamate receptor 2,GRM2,Q14416,Family C G protein-coupled receptor,0.112041901328
1889,"4',7-Dihydroxyflavanone",C1C(OC2=C(C1=O)C=CC(=C2)O)C3=CC=C(C=C3)O,Insulin-like growth factor I receptor,IGF1R,P08069,Kinase,0.112041901328
1889,"4',7-Dihydroxyflavanone",C1C(OC2=C(C1=O)C=CC(=C2)O)C3=CC=C(C=C3)O,Insulin receptor,INSR,P06213,Kinase,0.112041901328
1889,"4',7-Dihydroxyflavanone",C1C(OC2=C(C1=O)C=CC(=C2)O)C3=CC=C(C=C3)O,Dual specificity protein phosphatase 3,DUSP3,P51452,Phosphatase,0.112041901328
1889,"4',7-Dihydroxyflavanone",C1C(OC2=C(C1=O)C=CC(=C2)O)C3=CC=C(C=C3)O,3-phosphoinositide dependent protein kinase-1,PDPK1,O15530,Kinase,0.112041901328
1889,"4',7-Dihydroxyflavanone",C1C(OC2=C(C1=O)C=CC(=C2)O)C3=CC=C(C=C3)O,Glycogen synthase kinase-3 beta,GSK3B,P49841,Kinase,0.112041901328
1889,"4',7-Dihydroxyflavanone",C1C(OC2=C(C1=O)C=CC(=C2)O)C3=CC=C(C=C3)O,PI3-kinase p110-beta subunit,PIK3CB,P42338,Enzyme,0.112041901328
1889,"4',7-Dihydroxyflavanone",C1C(OC2=C(C1=O)C=CC(=C2)O)C3=CC=C(C=C3)O,Cytochrome P450 2C9,CYP2C9,P11712,Cytochrome P450,0.112041901328
1889,"4',7-Dihydroxyflavanone",C1C(OC2=C(C1=O)C=CC(=C2)O)C3=CC=C(C=C3)O,Cytochrome P450 3A4,CYP3A4,P08684,Cytochrome P450,0.112041901328
1889,"4',7-Dihydroxyflavanone",C1C(OC2=C(C1=O)C=CC(=C2)O)C3=CC=C(C=C3)O,PI3-kinase p110-alpha subunit,PIK3CA,P42336,Enzyme,0.112041901328
1889,"4',7-Dihydroxyflavanone",C1C(OC2=C(C1=O)C=CC(=C2)O)C3=CC=C(C=C3)O,Cyclin-dependent kinase 2/cyclin E1,CCNE1,P24864,Kinase,0.112041901328
1889,"4',7-Dihydroxyflavanone",C1C(OC2=C(C1=O)C=CC(=C2)O)C3=CC=C(C=C3)O,Cyclin-dependent kinase 2/cyclin E1,CDK2,P24941,Kinase,0.112041901328
1889,"4',7-Dihydroxyflavanone",C1C(OC2=C(C1=O)C=CC(=C2)O)C3=CC=C(C=C3)O,CDK3/Cyclin E,CCNE1,P24864,Kinase,0.112041901328
1889,"4',7-Dihydroxyflavanone",C1C(OC2=C(C1=O)C=CC(=C2)O)C3=CC=C(C=C3)O,CDK3/Cyclin E,CDK3,Q00526,Kinase,0.112041901328
1889,"4',7-Dihydroxyflavanone",C1C(OC2=C(C1=O)C=CC(=C2)O)C3=CC=C(C=C3)O,Serine/threonine-protein kinase Aurora-A,AURKA,O14965,Kinase,0.112041901328
1889,"4',7-Dihydroxyflavanone",C1C(OC2=C(C1=O)C=CC(=C2)O)C3=CC=C(C=C3)O,Calmodulin,CALM1,P62158,Unclassified protein,0.112041901328
1889,"4',7-Dihydroxyflavanone",C1C(OC2=C(C1=O)C=CC(=C2)O)C3=CC=C(C=C3)O,Hepatocyte nuclear factor 4-alpha,HNF4A,P41235,Unclassified protein,0.112041901328
1889,"4',7-Dihydroxyflavanone",C1C(OC2=C(C1=O)C=CC(=C2)O)C3=CC=C(C=C3)O,Matrix metalloproteinase 9,MMP9,P14780,Protease,0.112041901328
1889,"4',7-Dihydroxyflavanone",C1C(OC2=C(C1=O)C=CC(=C2)O)C3=CC=C(C=C3)O,Histone deacetylase 5,HDAC5,Q9UQL6,Eraser,0.112041901328
1889,"4',7-Dihydroxyflavanone",C1C(OC2=C(C1=O)C=CC(=C2)O)C3=CC=C(C=C3)O,Histone deacetylase 7,HDAC7,Q8WUI4,Eraser,0.112041901328
1889,"4',7-Dihydroxyflavanone",C1C(OC2=C(C1=O)C=CC(=C2)O)C3=CC=C(C=C3)O,Histone deacetylase 9,HDAC9,Q9UKV0,Eraser,0.112041901328
1889,"4',7-Dihydroxyflavanone",C1C(OC2=C(C1=O)C=CC(=C2)O)C3=CC=C(C=C3)O,Placenta growth factor,PGF,P49763,Unclassified protein,0.112041901328
1889,"4',7-Dihydroxyflavanone",C1C(OC2=C(C1=O)C=CC(=C2)O)C3=CC=C(C=C3)O,Vascular endothelial growth factor A,VEGFA,P15692,Secreted protein,0.112041901328
190,Adenine,C1=NC2=NC=NC(=C2N1)N,Adenosine A2a receptor,ADORA2A,P29274,Family A G protein-coupled receptor,0.176998752973
190,Adenine,C1=NC2=NC=NC(=C2N1)N,Cyclin-dependent kinase 2/cyclin E1,CCNE1,P24864,Kinase,0.0649510872641
190,Adenine,C1=NC2=NC=NC(=C2N1)N,Cyclin-dependent kinase 2/cyclin E1,CDK2,P24941,Kinase,0.0649510872641
190,Adenine,C1=NC2=NC=NC(=C2N1)N,Adenosine A2b receptor,ADORA2B,P29275,Family A G protein-coupled receptor,0.0443083186041
190,Adenine,C1=NC2=NC=NC(=C2N1)N,Guanine deaminase,GDA,Q9Y2T3,Hydrolase,0.033970689612
9060,D-(+)-Tryptophan,C1=CC=C2C(=C1)C(=CN2)CC(C(=O)O)N,Serotonin 2b (5-HT2b) receptor,HTR2B,P41595,Family A G protein-coupled receptor,0.1762685997
9060,D-(+)-Tryptophan,C1=CC=C2C(=C1)C(=CN2)CC(C(=O)O)N,Serotonin 1a (5-HT1a) receptor,HTR1A,P08908,Family A G protein-coupled receptor,0.1762685997
9060,D-(+)-Tryptophan,C1=CC=C2C(=C1)C(=CN2)CC(C(=O)O)N,Serotonin 2a (5-HT2a) receptor,HTR2A,P28223,Family A G protein-coupled receptor,0.1762685997
9060,D-(+)-Tryptophan,C1=CC=C2C(=C1)C(=CN2)CC(C(=O)O)N,Serotonin 2c (5-HT2c) receptor,HTR2C,P28335,Family A G protein-coupled receptor,0.1762685997
9060,D-(+)-Tryptophan,C1=CC=C2C(=C1)C(=CN2)CC(C(=O)O)N,Serotonin 7 (5-HT7) receptor,HTR7,P34969,Family A G protein-coupled receptor,0.1762685997
9060,D-(+)-Tryptophan,C1=CC=C2C(=C1)C(=CN2)CC(C(=O)O)N,"Indoleamine 2,3-dioxygenase",IDO1,P14902,Enzyme,0.166714365369
9060,D-(+)-Tryptophan,C1=CC=C2C(=C1)C(=CN2)CC(C(=O)O)N,Alpha-2a adrenergic receptor,ADRA2A,P08913,Family A G protein-coupled receptor,0.0524239602665
9060,D-(+)-Tryptophan,C1=CC=C2C(=C1)C(=CN2)CC(C(=O)O)N,Serotonin 1b (5-HT1b) receptor,HTR1B,P28222,Family A G protein-coupled receptor,0.0524239602665
9060,D-(+)-Tryptophan,C1=CC=C2C(=C1)C(=CN2)CC(C(=O)O)N,Serotonin 1d (5-HT1d) receptor,HTR1D,P28221,Family A G protein-coupled receptor,0.0524239602665
9060,D-(+)-Tryptophan,C1=CC=C2C(=C1)C(=CN2)CC(C(=O)O)N,Beta-1 adrenergic receptor,ADRB1,P08588,Family A G protein-coupled receptor,0.0524239602665
9060,D-(+)-Tryptophan,C1=CC=C2C(=C1)C(=CN2)CC(C(=O)O)N,Serotonin 1e (5-HT1e) receptor,HTR1E,P28566,Family A G protein-coupled receptor,0.0524239602665
9060,D-(+)-Tryptophan,C1=CC=C2C(=C1)C(=CN2)CC(C(=O)O)N,Serotonin 6 (5-HT6) receptor,HTR6,P50406,Family A G protein-coupled receptor,0.0524239602665
9060,D-(+)-Tryptophan,C1=CC=C2C(=C1)C(=CN2)CC(C(=O)O)N,Neurokinin 1 receptor,TACR1,P25103,Family A G protein-coupled receptor,0.0524239602665
9060,D-(+)-Tryptophan,C1=CC=C2C(=C1)C(=CN2)CC(C(=O)O)N,Dopamine transporter,SLC6A3,Q01959,Electrochemical transporter,0.0428942118511
9060,D-(+)-Tryptophan,C1=CC=C2C(=C1)C(=CN2)CC(C(=O)O)N,Matrix metalloproteinase 3,MMP3,P08254,Protease,0.0428942118511
9060,D-(+)-Tryptophan,C1=CC=C2C(=C1)C(=CN2)CC(C(=O)O)N,Aminopeptidase N,ANPEP,P15144,Protease,0.0428942118511
9060,D-(+)-Tryptophan,C1=CC=C2C(=C1)C(=CN2)CC(C(=O)O)N,Aminopeptidase A,ENPEP,Q07075,Protease,0.0428942118511
9060,D-(+)-Tryptophan,C1=CC=C2C(=C1)C(=CN2)CC(C(=O)O)N,Myeloperoxidase,MPO,P05164,Enzyme,0.0428942118511
9060,D-(+)-Tryptophan,C1=CC=C2C(=C1)C(=CN2)CC(C(=O)O)N,GABA-B receptor   (by homology),GABBR1,Q9UBS5,Family C G protein-coupled receptor,0.0428942118511
9060,D-(+)-Tryptophan,C1=CC=C2C(=C1)C(=CN2)CC(C(=O)O)N,"Glutamate receptor ionotropic, AMPA 1   (by homology)",GRIA1,P42261,Ligand-gated ion channel,0.0428942118511
9060,D-(+)-Tryptophan,C1=CC=C2C(=C1)C(=CN2)CC(C(=O)O)N,Serotonin transporter,SLC6A4,P31645,Electrochemical transporter,0.0428942118511
9060,D-(+)-Tryptophan,C1=CC=C2C(=C1)C(=CN2)CC(C(=O)O)N,Cathepsin L,CTSL,P07711,Protease,0.0428942118511
9060,D-(+)-Tryptophan,C1=CC=C2C(=C1)C(=CN2)CC(C(=O)O)N,Lysine-specific demethylase 4C,KDM4C,Q9H3R0,Eraser,0.0428942118511
9060,D-(+)-Tryptophan,C1=CC=C2C(=C1)C(=CN2)CC(C(=O)O)N,Neprilysin,MME,P08473,Protease,0.0428942118511
9060,D-(+)-Tryptophan,C1=CC=C2C(=C1)C(=CN2)CC(C(=O)O)N,Norepinephrine transporter,SLC6A2,P23975,Electrochemical transporter,0.0428942118511
9060,D-(+)-Tryptophan,C1=CC=C2C(=C1)C(=CN2)CC(C(=O)O)N,Endoplasmic reticulum aminopeptidase 2,ERAP2,Q6P179,Protease,0.0428942118511
9060,D-(+)-Tryptophan,C1=CC=C2C(=C1)C(=CN2)CC(C(=O)O)N,Ephrin type-A receptor 2,EPHA2,P29317,Kinase,0.0428942118511
9060,D-(+)-Tryptophan,C1=CC=C2C(=C1)C(=CN2)CC(C(=O)O)N,Ephrin type-B receptor 2,EPHB2,P29323,Kinase,0.0428942118511
9060,D-(+)-Tryptophan,C1=CC=C2C(=C1)C(=CN2)CC(C(=O)O)N,Ephrin type-A receptor 5,EPHA5,P54756,Kinase,0.0428942118511
9060,D-(+)-Tryptophan,C1=CC=C2C(=C1)C(=CN2)CC(C(=O)O)N,Ephrin type-A receptor 4,EPHA4,P54764,Kinase,0.0428942118511
9060,D-(+)-Tryptophan,C1=CC=C2C(=C1)C(=CN2)CC(C(=O)O)N,Ephrin type-A receptor 8,EPHA8,P29322,Kinase,0.0428942118511
9060,D-(+)-Tryptophan,C1=CC=C2C(=C1)C(=CN2)CC(C(=O)O)N,Ephrin type-A receptor 6,EPHA6,Q9UF33,Kinase,0.0428942118511
9060,D-(+)-Tryptophan,C1=CC=C2C(=C1)C(=CN2)CC(C(=O)O)N,Ephrin type-A receptor 7,EPHA7,Q15375,Kinase,0.0428942118511
9060,D-(+)-Tryptophan,C1=CC=C2C(=C1)C(=CN2)CC(C(=O)O)N,Ephrin type-B receptor 3,EPHB3,P54753,Kinase,0.0428942118511
9060,D-(+)-Tryptophan,C1=CC=C2C(=C1)C(=CN2)CC(C(=O)O)N,Ephrin type-A receptor 3,EPHA3,P29320,Kinase,0.0428942118511
9060,D-(+)-Tryptophan,C1=CC=C2C(=C1)C(=CN2)CC(C(=O)O)N,Ephrin type-B receptor 1,EPHB1,P54762,Kinase,0.0428942118511
9060,D-(+)-Tryptophan,C1=CC=C2C(=C1)C(=CN2)CC(C(=O)O)N,Ephrin receptor,EPHB4,P54760,Kinase,0.0428942118511
9060,D-(+)-Tryptophan,C1=CC=C2C(=C1)C(=CN2)CC(C(=O)O)N,Ephrin type-A receptor 1,EPHA1,P21709,Kinase,0.0428942118511
9060,D-(+)-Tryptophan,C1=CC=C2C(=C1)C(=CN2)CC(C(=O)O)N,Ephrin receptor,EPHB6,O15197,Unclassified protein,0.0428942118511
9060,D-(+)-Tryptophan,C1=CC=C2C(=C1)C(=CN2)CC(C(=O)O)N,Dipeptidyl peptidase I,CTSC,P53634,Protease,0.0428942118511
9060,D-(+)-Tryptophan,C1=CC=C2C(=C1)C(=CN2)CC(C(=O)O)N,Voltage-gated calcium channel alpha2/delta subunit 1   (by homology),CACNA2D1,P54289,Calcium channel auxiliary subunit alpha2delta family,0.0428942118511
9060,D-(+)-Tryptophan,C1=CC=C2C(=C1)C(=CN2)CC(C(=O)O)N,Oligopeptide transporter small intestine isoform,SLC15A1,P46059,Electrochemical transporter,0.0428942118511
9060,D-(+)-Tryptophan,C1=CC=C2C(=C1)C(=CN2)CC(C(=O)O)N,Melanocortin receptor 1,MC1R,Q01726,Family A G protein-coupled receptor,0.0428942118511
9060,D-(+)-Tryptophan,C1=CC=C2C(=C1)C(=CN2)CC(C(=O)O)N,"Intercellular adhesion molecule (ICAM-1), Integrin alpha-L/beta-2",ITGAL,P20701,Membrane receptor,0.0428942118511
9060,D-(+)-Tryptophan,C1=CC=C2C(=C1)C(=CN2)CC(C(=O)O)N,"Intercellular adhesion molecule (ICAM-1), Integrin alpha-L/beta-2",ICAM1,P05362,Membrane receptor,0.0428942118511
9060,D-(+)-Tryptophan,C1=CC=C2C(=C1)C(=CN2)CC(C(=O)O)N,"Intercellular adhesion molecule (ICAM-1), Integrin alpha-L/beta-2",ITGB2,P05107,Membrane receptor,0.0428942118511
9060,D-(+)-Tryptophan,C1=CC=C2C(=C1)C(=CN2)CC(C(=O)O)N,Macrophage migration inhibitory factor,MIF,P14174,Enzyme,0.0428942118511
9060,D-(+)-Tryptophan,C1=CC=C2C(=C1)C(=CN2)CC(C(=O)O)N,Matrix metalloproteinase 9,MMP9,P14780,Protease,0.0428942118511
9060,D-(+)-Tryptophan,C1=CC=C2C(=C1)C(=CN2)CC(C(=O)O)N,Serine/threonine-protein kinase PIM2,PIM2,Q9P1W9,Kinase,0.0428942118511
6140,L-Phenylalanine,C1=CC=C(C=C1)CC(C(=O)O)N,Voltage-gated calcium channel alpha2/delta subunit 1   (by homology),CACNA2D1,P54289,Calcium channel auxiliary subunit alpha2delta family,1.0
6140,L-Phenylalanine,C1=CC=C(C=C1)CC(C(=O)O)N,L-type amino acid transporter 1,SLC7A5,Q01650,Electrochemical transporter,0.166645840144
6140,L-Phenylalanine,C1=CC=C(C=C1)CC(C(=O)O)N,GABA-B receptor,GABBR2,O75899,Family C G protein-coupled receptor,0.158397607491
6140,L-Phenylalanine,C1=CC=C(C=C1)CC(C(=O)O)N,GABA-B receptor,GABBR1,Q9UBS5,Family C G protein-coupled receptor,0.158397607491
6140,L-Phenylalanine,C1=CC=C(C=C1)CC(C(=O)O)N,Adenosine A3 receptor,ADORA3,P0DMS8,Family A G protein-coupled receptor,0.141787380829
6140,L-Phenylalanine,C1=CC=C(C=C1)CC(C(=O)O)N,Lysine-specific demethylase 4D-like,KDM4E,B2RXH2,Eraser,0.141787380829
6140,L-Phenylalanine,C1=CC=C(C=C1)CC(C(=O)O)N,Tyrosine-protein kinase FYN,FYN,P06241,Kinase,0.141787380829
6140,L-Phenylalanine,C1=CC=C(C=C1)CC(C(=O)O)N,Epidermal growth factor receptor erbB1,EGFR,P00533,Kinase,0.141787380829
6140,L-Phenylalanine,C1=CC=C(C=C1)CC(C(=O)O)N,GABA-B receptor   (by homology),GABBR1,Q9UBS5,Family C G protein-coupled receptor,0.133391037839
6140,L-Phenylalanine,C1=CC=C(C=C1)CC(C(=O)O)N,Neurokinin 1 receptor   (by homology),TACR1,P25103,Family A G protein-coupled receptor,0.125075959828
6140,L-Phenylalanine,C1=CC=C(C=C1)CC(C(=O)O)N,Tyrosine 3-hydroxylase,TH,P07101,Oxidoreductase,0.125075959828
6140,L-Phenylalanine,C1=CC=C(C=C1)CC(C(=O)O)N,Lysine-specific demethylase 4C,KDM4C,Q9H3R0,Eraser,0.125075959828
6140,L-Phenylalanine,C1=CC=C(C=C1)CC(C(=O)O)N,Tyrosine-protein kinase LCK,LCK,P06239,Kinase,0.125075959828
6140,L-Phenylalanine,C1=CC=C(C=C1)CC(C(=O)O)N,Alpha-2a adrenergic receptor,ADRA2A,P08913,Family A G protein-coupled receptor,0.125075959828
6140,L-Phenylalanine,C1=CC=C(C=C1)CC(C(=O)O)N,Alpha-2b adrenergic receptor   (by homology),ADRA2B,P18089,Family A G protein-coupled receptor,0.125075959828
6140,L-Phenylalanine,C1=CC=C(C=C1)CC(C(=O)O)N,Alpha-1a adrenergic receptor   (by homology),ADRA1A,P35348,Family A G protein-coupled receptor,0.125075959828
6140,L-Phenylalanine,C1=CC=C(C=C1)CC(C(=O)O)N,Carboxypeptidase B2 isoform A,CPB2,Q96IY4,Protease,0.116739032206
6140,L-Phenylalanine,C1=CC=C(C=C1)CC(C(=O)O)N,Aminopeptidase N,ANPEP,P15144,Protease,0.116739032206
6140,L-Phenylalanine,C1=CC=C(C=C1)CC(C(=O)O)N,Aminopeptidase A,ENPEP,Q07075,Protease,0.116739032206
6140,L-Phenylalanine,C1=CC=C(C=C1)CC(C(=O)O)N,Lysine-specific histone demethylase 1,KDM1A,O60341,Eraser,0.116739032206
6140,L-Phenylalanine,C1=CC=C(C=C1)CC(C(=O)O)N,GABA receptor rho-1 subunit,GABRR1,P24046,Ligand-gated ion channel,0.116739032206
6140,L-Phenylalanine,C1=CC=C(C=C1)CC(C(=O)O)N,Glutamate carboxypeptidase II,FOLH1,Q04609,Protease,0.116739032206
6140,L-Phenylalanine,C1=CC=C(C=C1)CC(C(=O)O)N,Mast cell carboxypeptidase A,CPA3,P15088,Protease,0.116739032206
6140,L-Phenylalanine,C1=CC=C(C=C1)CC(C(=O)O)N,Norepinephrine transporter,SLC6A2,P23975,Electrochemical transporter,0.116739032206
6140,L-Phenylalanine,C1=CC=C(C=C1)CC(C(=O)O)N,Serotonin transporter,SLC6A4,P31645,Electrochemical transporter,0.116739032206
6140,L-Phenylalanine,C1=CC=C(C=C1)CC(C(=O)O)N,Trace amine-associated receptor 1,TAAR1,Q96RJ0,Family A G protein-coupled receptor,0.116739032206
6140,L-Phenylalanine,C1=CC=C(C=C1)CC(C(=O)O)N,Oligopeptide transporter small intestine isoform,SLC15A1,P46059,Electrochemical transporter,0.116739032206
6140,L-Phenylalanine,C1=CC=C(C=C1)CC(C(=O)O)N,Xaa-Pro dipeptidase,PEPD,P12955,Protease,0.116739032206
5281607,"5,7-dihydroxy-2-phenyl-4H-chromen-4-one",C1=CC=C(C=C1)C2=CC(=O)C3=C(C=C(C=C3O2)O)O,Aldose reductase,AKR1B1,P15121,Enzyme,1.0
5281607,"5,7-dihydroxy-2-phenyl-4H-chromen-4-one",C1=CC=C(C=C1)C2=CC(=O)C3=C(C=C(C=C3O2)O)O,Cyclin-dependent kinase 5/CDK5 activator 1,CDK5R1,Q15078,Kinase,1.0
5281607,"5,7-dihydroxy-2-phenyl-4H-chromen-4-one",C1=CC=C(C=C1)C2=CC(=O)C3=C(C=C(C=C3O2)O)O,Cyclin-dependent kinase 5/CDK5 activator 1,CDK5,Q00535,Kinase,1.0
5281607,"5,7-dihydroxy-2-phenyl-4H-chromen-4-one",C1=CC=C(C=C1)C2=CC(=O)C3=C(C=C(C=C3O2)O)O,Xanthine dehydrogenase,XDH,P47989,Oxidoreductase,1.0
5281607,"5,7-dihydroxy-2-phenyl-4H-chromen-4-one",C1=CC=C(C=C1)C2=CC(=O)C3=C(C=C(C=C3O2)O)O,Cytochrome P450 19A1,CYP19A1,P11511,Cytochrome P450,1.0
5281607,"5,7-dihydroxy-2-phenyl-4H-chromen-4-one",C1=CC=C(C=C1)C2=CC(=O)C3=C(C=C(C=C3O2)O)O,Carbonic anhydrase II,CA2,P00918,Lyase,1.0
5281607,"5,7-dihydroxy-2-phenyl-4H-chromen-4-one",C1=CC=C(C=C1)C2=CC(=O)C3=C(C=C(C=C3O2)O)O,Cyclin-dependent kinase 1/cyclin B,CCNB3,Q8WWL7,Other cytosolic protein,1.0
5281607,"5,7-dihydroxy-2-phenyl-4H-chromen-4-one",C1=CC=C(C=C1)C2=CC(=O)C3=C(C=C(C=C3O2)O)O,Cyclin-dependent kinase 1/cyclin B,CDK1,P06493,Other cytosolic protein,1.0
5281607,"5,7-dihydroxy-2-phenyl-4H-chromen-4-one",C1=CC=C(C=C1)C2=CC(=O)C3=C(C=C(C=C3O2)O)O,Cyclin-dependent kinase 1/cyclin B,CCNB1,P14635,Other cytosolic protein,1.0
5281607,"5,7-dihydroxy-2-phenyl-4H-chromen-4-one",C1=CC=C(C=C1)C2=CC(=O)C3=C(C=C(C=C3O2)O)O,Cyclin-dependent kinase 1/cyclin B,CCNB2,O95067,Other cytosolic protein,1.0
5281607,"5,7-dihydroxy-2-phenyl-4H-chromen-4-one",C1=CC=C(C=C1)C2=CC(=O)C3=C(C=C(C=C3O2)O)O,Carbonic anhydrase VII,CA7,P43166,Lyase,1.0
5281607,"5,7-dihydroxy-2-phenyl-4H-chromen-4-one",C1=CC=C(C=C1)C2=CC(=O)C3=C(C=C(C=C3O2)O)O,Cyclin-dependent kinase 6,CDK6,Q00534,Kinase,1.0
5281607,"5,7-dihydroxy-2-phenyl-4H-chromen-4-one",C1=CC=C(C=C1)C2=CC(=O)C3=C(C=C(C=C3O2)O)O,Carbonic anhydrase I,CA1,P00915,Lyase,1.0
5281607,"5,7-dihydroxy-2-phenyl-4H-chromen-4-one",C1=CC=C(C=C1)C2=CC(=O)C3=C(C=C(C=C3O2)O)O,Carbonic anhydrase XII,CA12,O43570,Lyase,1.0
5281607,"5,7-dihydroxy-2-phenyl-4H-chromen-4-one",C1=CC=C(C=C1)C2=CC(=O)C3=C(C=C(C=C3O2)O)O,Carbonic anhydrase IX,CA9,Q16790,Lyase,1.0
5281607,"5,7-dihydroxy-2-phenyl-4H-chromen-4-one",C1=CC=C(C=C1)C2=CC(=O)C3=C(C=C(C=C3O2)O)O,Carbonic anhydrase IV,CA4,P22748,Lyase,1.0
5281607,"5,7-dihydroxy-2-phenyl-4H-chromen-4-one",C1=CC=C(C=C1)C2=CC(=O)C3=C(C=C(C=C3O2)O)O,P-glycoprotein 1,ABCB1,P08183,Primary active transporter,1.0
5281607,"5,7-dihydroxy-2-phenyl-4H-chromen-4-one",C1=CC=C(C=C1)C2=CC(=O)C3=C(C=C(C=C3O2)O)O,Cytochrome P450 1B1,CYP1B1,Q16678,Cytochrome P450,1.0
5281607,"5,7-dihydroxy-2-phenyl-4H-chromen-4-one",C1=CC=C(C=C1)C2=CC(=O)C3=C(C=C(C=C3O2)O)O,ATP-binding cassette sub-family G member 2,ABCG2,Q9UNQ0,Primary active transporter,1.0
5281607,"5,7-dihydroxy-2-phenyl-4H-chromen-4-one",C1=CC=C(C=C1)C2=CC(=O)C3=C(C=C(C=C3O2)O)O,Carbonyl reductase [NADPH] 1,CBR1,P16152,Enzyme,1.0
5281607,"5,7-dihydroxy-2-phenyl-4H-chromen-4-one",C1=CC=C(C=C1)C2=CC(=O)C3=C(C=C(C=C3O2)O)O,Tankyrase-2,TNKS2,Q9H2K2,Enzyme,0.567787771936
5281607,"5,7-dihydroxy-2-phenyl-4H-chromen-4-one",C1=CC=C(C=C1)C2=CC(=O)C3=C(C=C(C=C3O2)O)O,Tankyrase-1,TNKS,O95271,Enzyme,0.567787771936
5281607,"5,7-dihydroxy-2-phenyl-4H-chromen-4-one",C1=CC=C(C=C1)C2=CC(=O)C3=C(C=C(C=C3O2)O)O,Arachidonate 15-lipoxygenase,ALOX15,P16050,Enzyme,0.528330909886
5281607,"5,7-dihydroxy-2-phenyl-4H-chromen-4-one",C1=CC=C(C=C1)C2=CC(=O)C3=C(C=C(C=C3O2)O)O,Arachidonate 12-lipoxygenase,ALOX12,P18054,Enzyme,0.528330909886
5281607,"5,7-dihydroxy-2-phenyl-4H-chromen-4-one",C1=CC=C(C=C1)C2=CC(=O)C3=C(C=C(C=C3O2)O)O,Estrogen receptor alpha,ESR1,P03372,Nuclear receptor,0.418442930291
5281607,"5,7-dihydroxy-2-phenyl-4H-chromen-4-one",C1=CC=C(C=C1)C2=CC(=O)C3=C(C=C(C=C3O2)O)O,Estrogen receptor beta,ESR2,Q92731,Nuclear receptor,0.418442930291
5281607,"5,7-dihydroxy-2-phenyl-4H-chromen-4-one",C1=CC=C(C=C1)C2=CC(=O)C3=C(C=C(C=C3O2)O)O,Estradiol 17-beta-dehydrogenase 1,HSD17B1,P14061,Enzyme,0.394922310796
5281607,"5,7-dihydroxy-2-phenyl-4H-chromen-4-one",C1=CC=C(C=C1)C2=CC(=O)C3=C(C=C(C=C3O2)O)O,Acetylcholinesterase,ACHE,P22303,Hydrolase,0.371344503736
5281607,"5,7-dihydroxy-2-phenyl-4H-chromen-4-one",C1=CC=C(C=C1)C2=CC(=O)C3=C(C=C(C=C3O2)O)O,Adenosine A1 receptor   (by homology),ADORA1,P30542,Family A G protein-coupled receptor,0.371344503736
5281607,"5,7-dihydroxy-2-phenyl-4H-chromen-4-one",C1=CC=C(C=C1)C2=CC(=O)C3=C(C=C(C=C3O2)O)O,Adenosine A2a receptor   (by homology),ADORA2A,P29274,Family A G protein-coupled receptor,0.371344503736
5281607,"5,7-dihydroxy-2-phenyl-4H-chromen-4-one",C1=CC=C(C=C1)C2=CC(=O)C3=C(C=C(C=C3O2)O)O,Poly [ADP-ribose] polymerase-1,PARP1,P09874,Enzyme,0.355612865013
5281607,"5,7-dihydroxy-2-phenyl-4H-chromen-4-one",C1=CC=C(C=C1)C2=CC(=O)C3=C(C=C(C=C3O2)O)O,Lysine-specific demethylase 4D-like,KDM4E,B2RXH2,Eraser,0.347652208386
5281607,"5,7-dihydroxy-2-phenyl-4H-chromen-4-one",C1=CC=C(C=C1)C2=CC(=O)C3=C(C=C(C=C3O2)O)O,Cyclin-dependent kinase 1,CDK1,P06493,Kinase,0.347652208386
5281607,"5,7-dihydroxy-2-phenyl-4H-chromen-4-one",C1=CC=C(C=C1)C2=CC(=O)C3=C(C=C(C=C3O2)O)O,G protein-coupled receptor kinase 6,GRK6,P43250,Kinase,0.347652208386
5281607,"5,7-dihydroxy-2-phenyl-4H-chromen-4-one",C1=CC=C(C=C1)C2=CC(=O)C3=C(C=C(C=C3O2)O)O,Casein kinase II alpha,CSNK2A1,P68400,Kinase,0.30846719283
5281607,"5,7-dihydroxy-2-phenyl-4H-chromen-4-one",C1=CC=C(C=C1)C2=CC(=O)C3=C(C=C(C=C3O2)O)O,NADPH oxidase 4,NOX4,Q9NPH5,Enzyme,0.276998597662
5281607,"5,7-dihydroxy-2-phenyl-4H-chromen-4-one",C1=CC=C(C=C1)C2=CC(=O)C3=C(C=C(C=C3O2)O)O,Monoamine oxidase A,MAOA,P21397,Oxidoreductase,0.276998597662
5281607,"5,7-dihydroxy-2-phenyl-4H-chromen-4-one",C1=CC=C(C=C1)C2=CC(=O)C3=C(C=C(C=C3O2)O)O,Tyrosine-protein kinase receptor FLT3,FLT3,P36888,Kinase,0.276998597662
5281607,"5,7-dihydroxy-2-phenyl-4H-chromen-4-one",C1=CC=C(C=C1)C2=CC(=O)C3=C(C=C(C=C3O2)O)O,Cyclooxygenase-2,PTGS2,P35354,Oxidoreductase,0.276998597662
5281607,"5,7-dihydroxy-2-phenyl-4H-chromen-4-one",C1=CC=C(C=C1)C2=CC(=O)C3=C(C=C(C=C3O2)O)O,Tyrosine-protein kinase SYK,SYK,P43405,Kinase,0.276998597662
5281607,"5,7-dihydroxy-2-phenyl-4H-chromen-4-one",C1=CC=C(C=C1)C2=CC(=O)C3=C(C=C(C=C3O2)O)O,Glycogen synthase kinase-3 beta,GSK3B,P49841,Kinase,0.276998597662
5281607,"5,7-dihydroxy-2-phenyl-4H-chromen-4-one",C1=CC=C(C=C1)C2=CC(=O)C3=C(C=C(C=C3O2)O)O,Multidrug resistance-associated protein 1,ABCC1,P33527,Primary active transporter,0.276998597662
5281607,"5,7-dihydroxy-2-phenyl-4H-chromen-4-one",C1=CC=C(C=C1)C2=CC(=O)C3=C(C=C(C=C3O2)O)O,Transthyretin,TTR,P02766,Secreted protein,0.276998597662
5281607,"5,7-dihydroxy-2-phenyl-4H-chromen-4-one",C1=CC=C(C=C1)C2=CC(=O)C3=C(C=C(C=C3O2)O)O,Cystic fibrosis transmembrane conductance regulator,CFTR,P13569,Other ion channel,0.276998597662
5281607,"5,7-dihydroxy-2-phenyl-4H-chromen-4-one",C1=CC=C(C=C1)C2=CC(=O)C3=C(C=C(C=C3O2)O)O,Aldo-keto reductase family 1 member B10,AKR1B10,O60218,Enzyme,0.276998597662
5281607,"5,7-dihydroxy-2-phenyl-4H-chromen-4-one",C1=CC=C(C=C1)C2=CC(=O)C3=C(C=C(C=C3O2)O)O,Tyrosine-protein kinase LCK,LCK,P06239,Kinase,0.245480951836
5281607,"5,7-dihydroxy-2-phenyl-4H-chromen-4-one",C1=CC=C(C=C1)C2=CC(=O)C3=C(C=C(C=C3O2)O)O,Inhibitor of nuclear factor kappa B kinase beta subunit,IKBKB,O14920,Kinase,0.198443988437
5281607,"5,7-dihydroxy-2-phenyl-4H-chromen-4-one",C1=CC=C(C=C1)C2=CC(=O)C3=C(C=C(C=C3O2)O)O,Neurotrophic tyrosine kinase receptor type 2,NTRK2,Q16620,Kinase,0.198443988437
5281607,"5,7-dihydroxy-2-phenyl-4H-chromen-4-one",C1=CC=C(C=C1)C2=CC(=O)C3=C(C=C(C=C3O2)O)O,Butyrylcholinesterase,BCHE,P06276,Hydrolase,0.182723414023
5281607,"5,7-dihydroxy-2-phenyl-4H-chromen-4-one",C1=CC=C(C=C1)C2=CC(=O)C3=C(C=C(C=C3O2)O)O,Adenosine A3 receptor,ADORA3,P0DMS8,Family A G protein-coupled receptor,0.182723414023
5281607,"5,7-dihydroxy-2-phenyl-4H-chromen-4-one",C1=CC=C(C=C1)C2=CC(=O)C3=C(C=C(C=C3O2)O)O,Arachidonate 5-lipoxygenase,ALOX5,P09917,Oxidoreductase,0.167041662364
5281607,"5,7-dihydroxy-2-phenyl-4H-chromen-4-one",C1=CC=C(C=C1)C2=CC(=O)C3=C(C=C(C=C3O2)O)O,Serine/threonine-protein kinase PIM1,PIM1,P11309,Kinase,0.167041662364
5281607,"5,7-dihydroxy-2-phenyl-4H-chromen-4-one",C1=CC=C(C=C1)C2=CC(=O)C3=C(C=C(C=C3O2)O)O,Receptor-type tyrosine-protein phosphatase S,PTPRS,Q13332,Phosphatase,0.159189344372
5281607,"5,7-dihydroxy-2-phenyl-4H-chromen-4-one",C1=CC=C(C=C1)C2=CC(=O)C3=C(C=C(C=C3O2)O)O,Epidermal growth factor receptor erbB1,EGFR,P00533,Kinase,0.159189344372
5281607,"5,7-dihydroxy-2-phenyl-4H-chromen-4-one",C1=CC=C(C=C1)C2=CC(=O)C3=C(C=C(C=C3O2)O)O,Estradiol 17-beta-dehydrogenase 2,HSD17B2,P37059,Enzyme,0.159189344372
5281607,"5,7-dihydroxy-2-phenyl-4H-chromen-4-one",C1=CC=C(C=C1)C2=CC(=O)C3=C(C=C(C=C3O2)O)O,Androgen Receptor,AR,P10275,Nuclear receptor,0.151315356696
5281607,"5,7-dihydroxy-2-phenyl-4H-chromen-4-one",C1=CC=C(C=C1)C2=CC(=O)C3=C(C=C(C=C3O2)O)O,AMY1C,AMY1A,P04745,Enzyme,0.143473412261
5281607,"5,7-dihydroxy-2-phenyl-4H-chromen-4-one",C1=CC=C(C=C1)C2=CC(=O)C3=C(C=C(C=C3O2)O)O,Beta amyloid A4 protein,APP,P05067,Membrane receptor,0.135616202575
5281607,"5,7-dihydroxy-2-phenyl-4H-chromen-4-one",C1=CC=C(C=C1)C2=CC(=O)C3=C(C=C(C=C3O2)O)O,NEDD8-activating enzyme E1 regulatory subunit,NAE1,Q13564,Unclassified protein,0.135616202575
5281607,"5,7-dihydroxy-2-phenyl-4H-chromen-4-one",C1=CC=C(C=C1)C2=CC(=O)C3=C(C=C(C=C3O2)O)O,Arginase-1   (by homology),ARG1,P05089,Enzyme,0.135616202575
5281607,"5,7-dihydroxy-2-phenyl-4H-chromen-4-one",C1=CC=C(C=C1)C2=CC(=O)C3=C(C=C(C=C3O2)O)O,"6-phosphofructo-2-kinase/fructose-2,6-bisphosphatase 3",PFKFB3,Q16875,Enzyme,0.135616202575
5281607,"5,7-dihydroxy-2-phenyl-4H-chromen-4-one",C1=CC=C(C=C1)C2=CC(=O)C3=C(C=C(C=C3O2)O)O,Calmodulin,CALM1,P62158,Unclassified protein,0.135616202575
5281607,"5,7-dihydroxy-2-phenyl-4H-chromen-4-one",C1=CC=C(C=C1)C2=CC(=O)C3=C(C=C(C=C3O2)O)O,Glyoxalase I,GLO1,Q04760,Enzyme,0.127750341333
5281607,"5,7-dihydroxy-2-phenyl-4H-chromen-4-one",C1=CC=C(C=C1)C2=CC(=O)C3=C(C=C(C=C3O2)O)O,Matrix metalloproteinase 9,MMP9,P14780,Protease,0.127750341333
5281607,"5,7-dihydroxy-2-phenyl-4H-chromen-4-one",C1=CC=C(C=C1)C2=CC(=O)C3=C(C=C(C=C3O2)O)O,Matrix metalloproteinase 2,MMP2,P08253,Protease,0.127750341333
5281607,"5,7-dihydroxy-2-phenyl-4H-chromen-4-one",C1=CC=C(C=C1)C2=CC(=O)C3=C(C=C(C=C3O2)O)O,Matrix metalloproteinase 12,MMP12,P39900,Protease,0.127750341333
5281607,"5,7-dihydroxy-2-phenyl-4H-chromen-4-one",C1=CC=C(C=C1)C2=CC(=O)C3=C(C=C(C=C3O2)O)O,Lymphocyte differentiation antigen CD38,CD38,P28907,Enzyme,0.127750341333
5281607,"5,7-dihydroxy-2-phenyl-4H-chromen-4-one",C1=CC=C(C=C1)C2=CC(=O)C3=C(C=C(C=C3O2)O)O,DNA topoisomerase I   (by homology),TOP1,P11387,Isomerase,0.127750341333
5281607,"5,7-dihydroxy-2-phenyl-4H-chromen-4-one",C1=CC=C(C=C1)C2=CC(=O)C3=C(C=C(C=C3O2)O)O,Telomerase reverse transcriptase,TERT,O14746,Enzyme,0.127750341333
5281607,"5,7-dihydroxy-2-phenyl-4H-chromen-4-one",C1=CC=C(C=C1)C2=CC(=O)C3=C(C=C(C=C3O2)O)O,Serine/threonine-protein kinase Aurora-B,AURKB,Q96GD4,Kinase,0.127750341333
5281607,"5,7-dihydroxy-2-phenyl-4H-chromen-4-one",C1=CC=C(C=C1)C2=CC(=O)C3=C(C=C(C=C3O2)O)O,Cytochrome P450 1A1,CYP1A1,P04798,Cytochrome P450,0.127750341333
5281607,"5,7-dihydroxy-2-phenyl-4H-chromen-4-one",C1=CC=C(C=C1)C2=CC(=O)C3=C(C=C(C=C3O2)O)O,Estrogen-related receptor alpha,ESRRA,P11474,Nuclear receptor,0.127750341333
5281607,"5,7-dihydroxy-2-phenyl-4H-chromen-4-one",C1=CC=C(C=C1)C2=CC(=O)C3=C(C=C(C=C3O2)O)O,Tyrosinase,TYR,P14679,Oxidoreductase,0.119895126898
5281607,"5,7-dihydroxy-2-phenyl-4H-chromen-4-one",C1=CC=C(C=C1)C2=CC(=O)C3=C(C=C(C=C3O2)O)O,Aryl hydrocarbon receptor,AHR,P35869,Transcription factor,0.119895126898
5281607,"5,7-dihydroxy-2-phenyl-4H-chromen-4-one",C1=CC=C(C=C1)C2=CC(=O)C3=C(C=C(C=C3O2)O)O,Solute carrier family 22 member 12,SLC22A12,Q96S37,Electrochemical transporter,0.119895126898
5281607,"5,7-dihydroxy-2-phenyl-4H-chromen-4-one",C1=CC=C(C=C1)C2=CC(=O)C3=C(C=C(C=C3O2)O)O,DNA-dependent protein kinase,PRKDC,P78527,Kinase,0.119895126898
5281607,"5,7-dihydroxy-2-phenyl-4H-chromen-4-one",C1=CC=C(C=C1)C2=CC(=O)C3=C(C=C(C=C3O2)O)O,"Beta-galactoside alpha-2,6-sialyltransferase 1",ST6GAL1,P15907,Transferase,0.119895126898
5281607,"5,7-dihydroxy-2-phenyl-4H-chromen-4-one",C1=CC=C(C=C1)C2=CC(=O)C3=C(C=C(C=C3O2)O)O,PI3-kinase p110-gamma subunit,PIK3CG,P48736,Enzyme,0.119895126898
5281607,"5,7-dihydroxy-2-phenyl-4H-chromen-4-one",C1=CC=C(C=C1)C2=CC(=O)C3=C(C=C(C=C3O2)O)O,Microtubule-associated protein tau,MAPT,P10636,Unclassified protein,0.119895126898
5281607,"5,7-dihydroxy-2-phenyl-4H-chromen-4-one",C1=CC=C(C=C1)C2=CC(=O)C3=C(C=C(C=C3O2)O)O,DNA topoisomerase II alpha,TOP2A,P11388,Isomerase,0.119895126898
5281607,"5,7-dihydroxy-2-phenyl-4H-chromen-4-one",C1=CC=C(C=C1)C2=CC(=O)C3=C(C=C(C=C3O2)O)O,Insulin receptor,INSR,P06213,Kinase,0.119895126898
5281607,"5,7-dihydroxy-2-phenyl-4H-chromen-4-one",C1=CC=C(C=C1)C2=CC(=O)C3=C(C=C(C=C3O2)O)O,"Myosin light chain kinase, smooth muscle",MYLK,Q15746,Kinase,0.119895126898
5281607,"5,7-dihydroxy-2-phenyl-4H-chromen-4-one",C1=CC=C(C=C1)C2=CC(=O)C3=C(C=C(C=C3O2)O)O,DNA-(apurinic or apyrimidinic site) lyase,APEX1,P27695,Enzyme,0.119895126898
5281607,"5,7-dihydroxy-2-phenyl-4H-chromen-4-one",C1=CC=C(C=C1)C2=CC(=O)C3=C(C=C(C=C3O2)O)O,Hepatocyte growth factor receptor,MET,P08581,Kinase,0.119895126898
5281607,"5,7-dihydroxy-2-phenyl-4H-chromen-4-one",C1=CC=C(C=C1)C2=CC(=O)C3=C(C=C(C=C3O2)O)O,Delta opioid receptor,OPRD1,P41143,Family A G protein-coupled receptor,0.112041901328
5281607,"5,7-dihydroxy-2-phenyl-4H-chromen-4-one",C1=CC=C(C=C1)C2=CC(=O)C3=C(C=C(C=C3O2)O)O,Thromboxane-A synthase,TBXAS1,P24557,Cytochrome P450,0.112041901328
5281607,"5,7-dihydroxy-2-phenyl-4H-chromen-4-one",C1=CC=C(C=C1)C2=CC(=O)C3=C(C=C(C=C3O2)O)O,Stem cell growth factor receptor,KIT,P10721,Kinase,0.112041901328
5281607,"5,7-dihydroxy-2-phenyl-4H-chromen-4-one",C1=CC=C(C=C1)C2=CC(=O)C3=C(C=C(C=C3O2)O)O,Monoamine oxidase B,MAOB,P27338,Oxidoreductase,0.112041901328
5281607,"5,7-dihydroxy-2-phenyl-4H-chromen-4-one",C1=CC=C(C=C1)C2=CC(=O)C3=C(C=C(C=C3O2)O)O,Protein-tyrosine phosphatase 1B,PTPN1,P18031,Phosphatase,0.112041901328
5281607,"5,7-dihydroxy-2-phenyl-4H-chromen-4-one",C1=CC=C(C=C1)C2=CC(=O)C3=C(C=C(C=C3O2)O)O,"Nitric oxide synthase, inducible   (by homology)",NOS2,P35228,Enzyme,0.112041901328
5281607,"5,7-dihydroxy-2-phenyl-4H-chromen-4-one",C1=CC=C(C=C1)C2=CC(=O)C3=C(C=C(C=C3O2)O)O,Phospholipase A2 group IIA,PLA2G2A,P14555,Enzyme,0.112041901328
5281607,"5,7-dihydroxy-2-phenyl-4H-chromen-4-one",C1=CC=C(C=C1)C2=CC(=O)C3=C(C=C(C=C3O2)O)O,Cytosolic phospholipase A2,PLA2G4A,P47712,Enzyme,0.112041901328
5281607,"5,7-dihydroxy-2-phenyl-4H-chromen-4-one",C1=CC=C(C=C1)C2=CC(=O)C3=C(C=C(C=C3O2)O)O,Insulin-like growth factor I receptor,IGF1R,P08069,Kinase,0.112041901328
5281607,"5,7-dihydroxy-2-phenyl-4H-chromen-4-one",C1=CC=C(C=C1)C2=CC(=O)C3=C(C=C(C=C3O2)O)O,Vascular endothelial growth factor receptor 2,KDR,P35968,Kinase,0.112041901328
5281607,"5,7-dihydroxy-2-phenyl-4H-chromen-4-one",C1=CC=C(C=C1)C2=CC(=O)C3=C(C=C(C=C3O2)O)O,Serine/threonine-protein kinase PLK1,PLK1,P53350,Kinase,0.112041901328
5281607,"5,7-dihydroxy-2-phenyl-4H-chromen-4-one",C1=CC=C(C=C1)C2=CC(=O)C3=C(C=C(C=C3O2)O)O,ALK tyrosine kinase receptor,ALK,Q9UM73,Kinase,0.112041901328
5281607,"5,7-dihydroxy-2-phenyl-4H-chromen-4-one",C1=CC=C(C=C1)C2=CC(=O)C3=C(C=C(C=C3O2)O)O,Tyrosine-protein kinase receptor UFO,AXL,P30530,Kinase,0.112041901328
5281607,"5,7-dihydroxy-2-phenyl-4H-chromen-4-one",C1=CC=C(C=C1)C2=CC(=O)C3=C(C=C(C=C3O2)O)O,Phosphodiesterase 5A,PDE5A,O76074,Phosphodiesterase,0.112041901328
5281607,"5,7-dihydroxy-2-phenyl-4H-chromen-4-one",C1=CC=C(C=C1)C2=CC(=O)C3=C(C=C(C=C3O2)O)O,Tyrosine-protein kinase SRC,SRC,P12931,Kinase,0.112041901328
5281607,"5,7-dihydroxy-2-phenyl-4H-chromen-4-one",C1=CC=C(C=C1)C2=CC(=O)C3=C(C=C(C=C3O2)O)O,Plasminogen,PLG,P00747,Protease,0.112041901328
5281607,"5,7-dihydroxy-2-phenyl-4H-chromen-4-one",C1=CC=C(C=C1)C2=CC(=O)C3=C(C=C(C=C3O2)O)O,Thrombin,F2,P00734,Protease,0.112041901328
5281607,"5,7-dihydroxy-2-phenyl-4H-chromen-4-one",C1=CC=C(C=C1)C2=CC(=O)C3=C(C=C(C=C3O2)O)O,Sigma opioid receptor,SIGMAR1,Q99720,Membrane receptor,0.112041901328
5281607,"5,7-dihydroxy-2-phenyl-4H-chromen-4-one",C1=CC=C(C=C1)C2=CC(=O)C3=C(C=C(C=C3O2)O)O,Cytochrome P450 1A2,CYP1A2,P05177,Cytochrome P450,0.112041901328
5281607,"5,7-dihydroxy-2-phenyl-4H-chromen-4-one",C1=CC=C(C=C1)C2=CC(=O)C3=C(C=C(C=C3O2)O)O,G-protein coupled receptor 35,GPR35,Q9HC97,Family A G protein-coupled receptor,0.112041901328
6199,Psoralen,C1=CC(=O)OC2=CC3=C(C=CO3)C=C21,Acetylcholinesterase,ACHE,P22303,Hydrolase,0.988802267199
6199,Psoralen,C1=CC(=O)OC2=CC3=C(C=CO3)C=C21,Nuclear factor NF-kappa-B p105 subunit,NFKB1,P19838,Other cytosolic protein,0.988802267199
6199,Psoralen,C1=CC(=O)OC2=CC3=C(C=CO3)C=C21,Carbonic anhydrase VII,CA7,P43166,Lyase,0.0619149311119
6199,Psoralen,C1=CC(=O)OC2=CC3=C(C=CO3)C=C21,Carbonic anhydrase III,CA3,P07451,Lyase,0.0619149311119
6199,Psoralen,C1=CC(=O)OC2=CC3=C(C=CO3)C=C21,Carbonic anhydrase VI,CA6,P23280,Lyase,0.0619149311119
6199,Psoralen,C1=CC(=O)OC2=CC3=C(C=CO3)C=C21,Carbonic anhydrase XIV,CA14,Q9ULX7,Lyase,0.0619149311119
6199,Psoralen,C1=CC(=O)OC2=CC3=C(C=CO3)C=C21,Carbonic anhydrase IV,CA4,P22748,Lyase,0.0619149311119
6199,Psoralen,C1=CC(=O)OC2=CC3=C(C=CO3)C=C21,Carbonic anhydrase XIII   (by homology),CA13,Q8N1Q1,Lyase,0.0619149311119
6199,Psoralen,C1=CC(=O)OC2=CC3=C(C=CO3)C=C21,Carbonic anhydrase VB,CA5B,Q9Y2D0,Lyase,0.0619149311119
6199,Psoralen,C1=CC(=O)OC2=CC3=C(C=CO3)C=C21,Carbonic anhydrase VA,CA5A,P35218,Lyase,0.0619149311119
6199,Psoralen,C1=CC(=O)OC2=CC3=C(C=CO3)C=C21,Carbonic anhydrase II,CA2,P00918,Lyase,0.0414702990123
6199,Psoralen,C1=CC(=O)OC2=CC3=C(C=CO3)C=C21,Carbonic anhydrase I,CA1,P00915,Lyase,0.0312265582077
6199,Psoralen,C1=CC(=O)OC2=CC3=C(C=CO3)C=C21,Carbonic anhydrase XII,CA12,O43570,Lyase,0.0312265582077
6199,Psoralen,C1=CC(=O)OC2=CC3=C(C=CO3)C=C21,Carbonic anhydrase IX,CA9,Q16790,Lyase,0.0312265582077
6199,Psoralen,C1=CC(=O)OC2=CC3=C(C=CO3)C=C21,Monoamine oxidase A,MAOA,P21397,Oxidoreductase,0.0312265582077
6199,Psoralen,C1=CC(=O)OC2=CC3=C(C=CO3)C=C21,Cytochrome P450 1A2,CYP1A2,P05177,Cytochrome P450,0.0312265582077
6199,Psoralen,C1=CC(=O)OC2=CC3=C(C=CO3)C=C21,Quinone reductase 1,NQO1,P15559,Enzyme,0.0312265582077
6199,Psoralen,C1=CC(=O)OC2=CC3=C(C=CO3)C=C21,Estrogen receptor alpha,ESR1,P03372,Nuclear receptor,0.0312265582077
6057,L-Tyrosine,C1=CC(=CC=C1CC(C(=O)O)N)O,Lysine-specific demethylase 4D-like,KDM4E,B2RXH2,Eraser,0.212408695957
6057,L-Tyrosine,C1=CC(=CC=C1CC(C(=O)O)N)O,Tyrosine-protein kinase FYN,FYN,P06241,Kinase,0.212408695957
6057,L-Tyrosine,C1=CC(=CC=C1CC(C(=O)O)N)O,Epidermal growth factor receptor erbB1,EGFR,P00533,Kinase,0.212408695957
6057,L-Tyrosine,C1=CC(=CC=C1CC(C(=O)O)N)O,Tyrosine-protein kinase LCK,LCK,P06239,Kinase,0.212408695957
6057,L-Tyrosine,C1=CC(=CC=C1CC(C(=O)O)N)O,Tyrosine 3-hydroxylase,TH,P07101,Oxidoreductase,0.177302605236
6057,L-Tyrosine,C1=CC(=CC=C1CC(C(=O)O)N)O,Voltage-gated calcium channel alpha2/delta subunit 1   (by homology),CACNA2D1,P54289,Calcium channel auxiliary subunit alpha2delta family,0.150923844771
6057,L-Tyrosine,C1=CC(=CC=C1CC(C(=O)O)N)O,Thyroid hormone receptor alpha,THRA,P10827,Nuclear receptor,0.080569968052
6057,L-Tyrosine,C1=CC(=CC=C1CC(C(=O)O)N)O,Thyroid hormone receptor beta-1,THRB,P10828,Nuclear receptor,0.080569968052
6057,L-Tyrosine,C1=CC(=CC=C1CC(C(=O)O)N)O,L-type amino acid transporter 1,SLC7A5,Q01650,Electrochemical transporter,0.080569968052
6057,L-Tyrosine,C1=CC(=CC=C1CC(C(=O)O)N)O,Bile acid receptor FXR,NR1H4,Q96RI1,Nuclear receptor,0.080569968052
6057,L-Tyrosine,C1=CC(=CC=C1CC(C(=O)O)N)O,DNA-(apurinic or apyrimidinic site) lyase,APEX1,P27695,Enzyme,0.080569968052
6057,L-Tyrosine,C1=CC(=CC=C1CC(C(=O)O)N)O,Receptor-type tyrosine-protein phosphatase alpha,PTPRA,P18433,Phosphatase,0.080569968052
6057,L-Tyrosine,C1=CC(=CC=C1CC(C(=O)O)N)O,Trace amine-associated receptor 1   (by homology),TAAR1,Q96RJ0,Family A G protein-coupled receptor,0.080569968052
6057,L-Tyrosine,C1=CC(=CC=C1CC(C(=O)O)N)O,Kynurenine 3-monooxygenase,KMO,O15229,Oxidoreductase,0.0717871625222
6057,L-Tyrosine,C1=CC(=CC=C1CC(C(=O)O)N)O,Lysine-specific demethylase 4C,KDM4C,Q9H3R0,Eraser,0.0717871625222
6057,L-Tyrosine,C1=CC(=CC=C1CC(C(=O)O)N)O,GABA-B receptor,GABBR2,O75899,Family C G protein-coupled receptor,0.0717871625222
6057,L-Tyrosine,C1=CC(=CC=C1CC(C(=O)O)N)O,GABA-B receptor,GABBR1,Q9UBS5,Family C G protein-coupled receptor,0.0717871625222
6057,L-Tyrosine,C1=CC(=CC=C1CC(C(=O)O)N)O,GABA-B receptor   (by homology),GABBR1,Q9UBS5,Family C G protein-coupled receptor,0.0717871625222
6057,L-Tyrosine,C1=CC(=CC=C1CC(C(=O)O)N)O,MAP kinase-activated protein kinase 2,MAPKAPK2,P49137,Kinase,0.0717871625222
6057,L-Tyrosine,C1=CC(=CC=C1CC(C(=O)O)N)O,Carboxypeptidase B,CPB1,P15086,Protease,0.0717871625222
6057,L-Tyrosine,C1=CC(=CC=C1CC(C(=O)O)N)O,Kinesin-like protein 1,KIF11,P52732,Other cytosolic protein,0.0717871625222
6057,L-Tyrosine,C1=CC(=CC=C1CC(C(=O)O)N)O,Estrogen receptor alpha,ESR1,P03372,Nuclear receptor,0.0717871625222
6057,L-Tyrosine,C1=CC(=CC=C1CC(C(=O)O)N)O,Estrogen receptor beta,ESR2,Q92731,Nuclear receptor,0.0717871625222
6057,L-Tyrosine,C1=CC(=CC=C1CC(C(=O)O)N)O,Growth factor receptor-bound protein 2,GRB2,P62993,Other cytosolic protein,0.0717871625222
5281708,Daidzein,C1=CC(=CC=C1C2=COC3=C(C2=O)C=CC(=C3)O)O,Aldehyde dehydrogenase,ALDH2,P05091,Oxidoreductase,1.0
5281708,Daidzein,C1=CC(=CC=C1C2=COC3=C(C2=O)C=CC(=C3)O)O,Estrogen receptor alpha,ESR1,P03372,Nuclear receptor,1.0
5281708,Daidzein,C1=CC(=CC=C1C2=COC3=C(C2=O)C=CC(=C3)O)O,Carbonic anhydrase VII,CA7,P43166,Lyase,1.0
5281708,Daidzein,C1=CC(=CC=C1C2=COC3=C(C2=O)C=CC(=C3)O)O,Estrogen receptor beta,ESR2,Q92731,Nuclear receptor,1.0
5281708,Daidzein,C1=CC(=CC=C1C2=COC3=C(C2=O)C=CC(=C3)O)O,Carbonic anhydrase XII,CA12,O43570,Lyase,1.0
5281708,Daidzein,C1=CC(=CC=C1C2=COC3=C(C2=O)C=CC(=C3)O)O,Carbonic anhydrase IV,CA4,P22748,Lyase,1.0
5281708,Daidzein,C1=CC(=CC=C1C2=COC3=C(C2=O)C=CC(=C3)O)O,Thromboxane-A synthase,TBXAS1,P24557,Cytochrome P450,0.53629804873
5281708,Daidzein,C1=CC(=CC=C1C2=COC3=C(C2=O)C=CC(=C3)O)O,Monoamine oxidase A,MAOA,P21397,Oxidoreductase,0.53629804873
5281708,Daidzein,C1=CC(=CC=C1C2=COC3=C(C2=O)C=CC(=C3)O)O,Epidermal growth factor receptor erbB1,EGFR,P00533,Kinase,0.53629804873
5281708,Daidzein,C1=CC(=CC=C1C2=COC3=C(C2=O)C=CC(=C3)O)O,Maltase-glucoamylase,MGAM,O43451,Hydrolase,0.53629804873
5281708,Daidzein,C1=CC(=CC=C1C2=COC3=C(C2=O)C=CC(=C3)O)O,Serotonin 2a (5-HT2a) receptor,HTR2A,P28223,Family A G protein-coupled receptor,0.53629804873
5281708,Daidzein,C1=CC(=CC=C1C2=COC3=C(C2=O)C=CC(=C3)O)O,Serotonin 2c (5-HT2c) receptor,HTR2C,P28335,Family A G protein-coupled receptor,0.53629804873
5281708,Daidzein,C1=CC(=CC=C1C2=COC3=C(C2=O)C=CC(=C3)O)O,Adenosine A1 receptor   (by homology),ADORA1,P30542,Family A G protein-coupled receptor,0.53629804873
5281708,Daidzein,C1=CC(=CC=C1C2=COC3=C(C2=O)C=CC(=C3)O)O,Adenosine A2a receptor,ADORA2A,P29274,Family A G protein-coupled receptor,0.53629804873
5281708,Daidzein,C1=CC(=CC=C1C2=COC3=C(C2=O)C=CC(=C3)O)O,Estradiol 17-beta-dehydrogenase 1,HSD17B1,P14061,Enzyme,0.53629804873
5281708,Daidzein,C1=CC(=CC=C1C2=COC3=C(C2=O)C=CC(=C3)O)O,Estrogen-related receptor alpha,ESRRA,P11474,Nuclear receptor,0.53629804873
5281708,Daidzein,C1=CC(=CC=C1C2=COC3=C(C2=O)C=CC(=C3)O)O,Estrogen-related receptor beta,ESRRB,O95718,Nuclear receptor,0.53629804873
5281708,Daidzein,C1=CC(=CC=C1C2=COC3=C(C2=O)C=CC(=C3)O)O,ATP-binding cassette sub-family G member 2,ABCG2,Q9UNQ0,Primary active transporter,0.53629804873
5281708,Daidzein,C1=CC(=CC=C1C2=COC3=C(C2=O)C=CC(=C3)O)O,Cytochrome P450 19A1,CYP19A1,P11511,Cytochrome P450,0.387023621042
5281708,Daidzein,C1=CC(=CC=C1C2=COC3=C(C2=O)C=CC(=C3)O)O,Arachidonate 12-lipoxygenase,ALOX12,P18054,Enzyme,0.316300346127
5281708,Daidzein,C1=CC(=CC=C1C2=COC3=C(C2=O)C=CC(=C3)O)O,Tyrosinase   (by homology),TYR,P14679,Oxidoreductase,0.292767343994
5281708,Daidzein,C1=CC(=CC=C1C2=COC3=C(C2=O)C=CC(=C3)O)O,Macrophage migration inhibitory factor,MIF,P14174,Enzyme,0.292767343994
5281708,Daidzein,C1=CC(=CC=C1C2=COC3=C(C2=O)C=CC(=C3)O)O,Xanthine dehydrogenase,XDH,P47989,Oxidoreductase,0.237759864997
5281708,Daidzein,C1=CC(=CC=C1C2=COC3=C(C2=O)C=CC(=C3)O)O,"6-phosphofructo-2-kinase/fructose-2,6-bisphosphatase 3",PFKFB3,Q16875,Enzyme,0.206337196811
5281708,Daidzein,C1=CC(=CC=C1C2=COC3=C(C2=O)C=CC(=C3)O)O,Interleukin-2,IL2,P60568,Secreted protein,0.198443988437
5281708,Daidzein,C1=CC(=CC=C1C2=COC3=C(C2=O)C=CC(=C3)O)O,Carbonyl reductase [NADPH] 1,CBR1,P16152,Enzyme,0.182723414023
5281708,Daidzein,C1=CC(=CC=C1C2=COC3=C(C2=O)C=CC(=C3)O)O,Estradiol 17-beta-dehydrogenase 2,HSD17B2,P37059,Enzyme,0.167041662364
5281708,Daidzein,C1=CC(=CC=C1C2=COC3=C(C2=O)C=CC(=C3)O)O,P-glycoprotein 1,ABCB1,P08183,Primary active transporter,0.151315356696
5281708,Daidzein,C1=CC(=CC=C1C2=COC3=C(C2=O)C=CC(=C3)O)O,Receptor-type tyrosine-protein phosphatase S,PTPRS,Q13332,Phosphatase,0.143473412261
5281708,Daidzein,C1=CC(=CC=C1C2=COC3=C(C2=O)C=CC(=C3)O)O,Arachidonate 15-lipoxygenase,ALOX15,P16050,Enzyme,0.143473412261
5281708,Daidzein,C1=CC(=CC=C1C2=COC3=C(C2=O)C=CC(=C3)O)O,Cyclooxygenase-1,PTGS1,P23219,Oxidoreductase,0.127750341333
5281708,Daidzein,C1=CC(=CC=C1C2=COC3=C(C2=O)C=CC(=C3)O)O,Norepinephrine transporter,SLC6A2,P23975,Electrochemical transporter,0.127750341333
5281708,Daidzein,C1=CC(=CC=C1C2=COC3=C(C2=O)C=CC(=C3)O)O,NADPH oxidase 4,NOX4,Q9NPH5,Enzyme,0.127750341333
5281708,Daidzein,C1=CC(=CC=C1C2=COC3=C(C2=O)C=CC(=C3)O)O,Monoamine oxidase B,MAOB,P27338,Oxidoreductase,0.119895126898
5281708,Daidzein,C1=CC(=CC=C1C2=COC3=C(C2=O)C=CC(=C3)O)O,Serum paraoxonase/arylesterase 1,PON1,P27169,Enzyme,0.119895126898
5281708,Daidzein,C1=CC(=CC=C1C2=COC3=C(C2=O)C=CC(=C3)O)O,Carbonic anhydrase II,CA2,P00918,Lyase,0.112041901328
5281708,Daidzein,C1=CC(=CC=C1C2=COC3=C(C2=O)C=CC(=C3)O)O,Carbonic anhydrase I,CA1,P00915,Lyase,0.112041901328
5281708,Daidzein,C1=CC(=CC=C1C2=COC3=C(C2=O)C=CC(=C3)O)O,Steryl-sulfatase,STS,P08842,Enzyme,0.112041901328
5281708,Daidzein,C1=CC(=CC=C1C2=COC3=C(C2=O)C=CC(=C3)O)O,Acetylcholinesterase,ACHE,P22303,Hydrolase,0.112041901328
5281708,Daidzein,C1=CC(=CC=C1C2=COC3=C(C2=O)C=CC(=C3)O)O,Toll-like receptor (TLR7/TLR9),TLR9,Q9NR96,Toll-like and Il-1 receptors,0.112041901328
5281708,Daidzein,C1=CC(=CC=C1C2=COC3=C(C2=O)C=CC(=C3)O)O,Arachidonate 5-lipoxygenase,ALOX5,P09917,Oxidoreductase,0.112041901328
5281708,Daidzein,C1=CC(=CC=C1C2=COC3=C(C2=O)C=CC(=C3)O)O,Peroxisome proliferator-activated receptor alpha,PPARA,Q07869,Nuclear receptor,0.112041901328
5281708,Daidzein,C1=CC(=CC=C1C2=COC3=C(C2=O)C=CC(=C3)O)O,Tankyrase-2,TNKS2,Q9H2K2,Enzyme,0.112041901328
5281708,Daidzein,C1=CC(=CC=C1C2=COC3=C(C2=O)C=CC(=C3)O)O,Tankyrase-1,TNKS,O95271,Enzyme,0.112041901328
5281708,Daidzein,C1=CC(=CC=C1C2=COC3=C(C2=O)C=CC(=C3)O)O,Protein-tyrosine phosphatase 1B,PTPN1,P18031,Phosphatase,0.112041901328
5281708,Daidzein,C1=CC(=CC=C1C2=COC3=C(C2=O)C=CC(=C3)O)O,Carbonic anhydrase IX,CA9,Q16790,Lyase,0.112041901328
5281708,Daidzein,C1=CC(=CC=C1C2=COC3=C(C2=O)C=CC(=C3)O)O,Tissue-type plasminogen activator,PLAT,P00750,Protease,0.112041901328
5281708,Daidzein,C1=CC(=CC=C1C2=COC3=C(C2=O)C=CC(=C3)O)O,Thrombin and coagulation factor X,F10,P00742,Protease,0.112041901328
5281708,Daidzein,C1=CC(=CC=C1C2=COC3=C(C2=O)C=CC(=C3)O)O,Urokinase-type plasminogen activator,PLAU,P00749,Protease,0.112041901328
5281708,Daidzein,C1=CC(=CC=C1C2=COC3=C(C2=O)C=CC(=C3)O)O,Carbonic anhydrase VB,CA5B,Q9Y2D0,Lyase,0.112041901328
5281708,Daidzein,C1=CC(=CC=C1C2=COC3=C(C2=O)C=CC(=C3)O)O,Induced myeloid leukemia cell differentiation protein Mcl-1,MCL1,Q07820,Other cytosolic protein,0.112041901328
5281708,Daidzein,C1=CC(=CC=C1C2=COC3=C(C2=O)C=CC(=C3)O)O,Peroxisome proliferator-activated receptor gamma,PPARG,P37231,Nuclear receptor,0.112041901328
5281708,Daidzein,C1=CC(=CC=C1C2=COC3=C(C2=O)C=CC(=C3)O)O,Cyclin-dependent kinase 5/CDK5 activator 1,CDK5R1,Q15078,Kinase,0.112041901328
5281708,Daidzein,C1=CC(=CC=C1C2=COC3=C(C2=O)C=CC(=C3)O)O,Cyclin-dependent kinase 5/CDK5 activator 1,CDK5,Q00535,Kinase,0.112041901328
5280443,Apigenin,C1=CC(=CC=C1C2=CC(=O)C3=C(C=C(C=C3O2)O)O)O,NADPH oxidase 4,NOX4,Q9NPH5,Enzyme,1.0
5280443,Apigenin,C1=CC(=CC=C1C2=CC(=O)C3=C(C=C(C=C3O2)O)O)O,Aldose reductase   (by homology),AKR1B1,P15121,Enzyme,1.0
5280443,Apigenin,C1=CC(=CC=C1C2=CC(=O)C3=C(C=C(C=C3O2)O)O)O,Cyclin-dependent kinase 5/CDK5 activator 1,CDK5R1,Q15078,Kinase,1.0
5280443,Apigenin,C1=CC(=CC=C1C2=CC(=O)C3=C(C=C(C=C3O2)O)O)O,Cyclin-dependent kinase 5/CDK5 activator 1,CDK5,Q00535,Kinase,1.0
5280443,Apigenin,C1=CC(=CC=C1C2=CC(=O)C3=C(C=C(C=C3O2)O)O)O,Xanthine dehydrogenase,XDH,P47989,Oxidoreductase,1.0
5280443,Apigenin,C1=CC(=CC=C1C2=CC(=O)C3=C(C=C(C=C3O2)O)O)O,Monoamine oxidase A,MAOA,P21397,Oxidoreductase,1.0
5280443,Apigenin,C1=CC(=CC=C1C2=CC(=O)C3=C(C=C(C=C3O2)O)O)O,Tyrosine-protein kinase receptor FLT3,FLT3,P36888,Kinase,1.0
5280443,Apigenin,C1=CC(=CC=C1C2=CC(=O)C3=C(C=C(C=C3O2)O)O)O,Cytochrome P450 19A1,CYP19A1,P11511,Cytochrome P450,1.0
5280443,Apigenin,C1=CC(=CC=C1C2=CC(=O)C3=C(C=C(C=C3O2)O)O)O,Estrogen receptor alpha,ESR1,P03372,Nuclear receptor,1.0
5280443,Apigenin,C1=CC(=CC=C1C2=CC(=O)C3=C(C=C(C=C3O2)O)O)O,Cyclin-dependent kinase 1/cyclin B,CCNB3,Q8WWL7,Other cytosolic protein,1.0
5280443,Apigenin,C1=CC(=CC=C1C2=CC(=O)C3=C(C=C(C=C3O2)O)O)O,Cyclin-dependent kinase 1/cyclin B,CDK1,P06493,Other cytosolic protein,1.0
5280443,Apigenin,C1=CC(=CC=C1C2=CC(=O)C3=C(C=C(C=C3O2)O)O)O,Cyclin-dependent kinase 1/cyclin B,CCNB1,P14635,Other cytosolic protein,1.0
5280443,Apigenin,C1=CC(=CC=C1C2=CC(=O)C3=C(C=C(C=C3O2)O)O)O,Cyclin-dependent kinase 1/cyclin B,CCNB2,O95067,Other cytosolic protein,1.0
5280443,Apigenin,C1=CC(=CC=C1C2=CC(=O)C3=C(C=C(C=C3O2)O)O)O,Acetylcholinesterase,ACHE,P22303,Hydrolase,1.0
5280443,Apigenin,C1=CC(=CC=C1C2=CC(=O)C3=C(C=C(C=C3O2)O)O)O,Adenosine A1 receptor   (by homology),ADORA1,P30542,Family A G protein-coupled receptor,1.0
5280443,Apigenin,C1=CC(=CC=C1C2=CC(=O)C3=C(C=C(C=C3O2)O)O)O,Cyclooxygenase-2,PTGS2,P35354,Oxidoreductase,1.0
5280443,Apigenin,C1=CC(=CC=C1C2=CC(=O)C3=C(C=C(C=C3O2)O)O)O,Estrogen receptor beta,ESR2,Q92731,Nuclear receptor,1.0
5280443,Apigenin,C1=CC(=CC=C1C2=CC(=O)C3=C(C=C(C=C3O2)O)O)O,Cyclin-dependent kinase 6,CDK6,Q00534,Kinase,1.0
5280443,Apigenin,C1=CC(=CC=C1C2=CC(=O)C3=C(C=C(C=C3O2)O)O)O,Adenosine A2a receptor   (by homology),ADORA2A,P29274,Family A G protein-coupled receptor,1.0
5280443,Apigenin,C1=CC(=CC=C1C2=CC(=O)C3=C(C=C(C=C3O2)O)O)O,Tyrosine-protein kinase SYK,SYK,P43405,Kinase,1.0
5280443,Apigenin,C1=CC(=CC=C1C2=CC(=O)C3=C(C=C(C=C3O2)O)O)O,Glycogen synthase kinase-3 beta,GSK3B,P49841,Kinase,1.0
5280443,Apigenin,C1=CC(=CC=C1C2=CC(=O)C3=C(C=C(C=C3O2)O)O)O,Multidrug resistance-associated protein 1,ABCC1,P33527,Primary active transporter,1.0
5280443,Apigenin,C1=CC(=CC=C1C2=CC(=O)C3=C(C=C(C=C3O2)O)O)O,Estradiol 17-beta-dehydrogenase 1,HSD17B1,P14061,Enzyme,1.0
5280443,Apigenin,C1=CC(=CC=C1C2=CC(=O)C3=C(C=C(C=C3O2)O)O)O,Transthyretin,TTR,P02766,Secreted protein,1.0
5280443,Apigenin,C1=CC(=CC=C1C2=CC(=O)C3=C(C=C(C=C3O2)O)O)O,Casein kinase II alpha,CSNK2A1,P68400,Kinase,1.0
5280443,Apigenin,C1=CC(=CC=C1C2=CC(=O)C3=C(C=C(C=C3O2)O)O)O,Cystic fibrosis transmembrane conductance regulator,CFTR,P13569,Other ion channel,1.0
5280443,Apigenin,C1=CC(=CC=C1C2=CC(=O)C3=C(C=C(C=C3O2)O)O)O,Cytochrome P450 1B1,CYP1B1,Q16678,Cytochrome P450,1.0
5280443,Apigenin,C1=CC(=CC=C1C2=CC(=O)C3=C(C=C(C=C3O2)O)O)O,ATP-binding cassette sub-family G member 2,ABCG2,Q9UNQ0,Primary active transporter,1.0
5280443,Apigenin,C1=CC(=CC=C1C2=CC(=O)C3=C(C=C(C=C3O2)O)O)O,Aldo-keto reductase family 1 member B10,AKR1B10,O60218,Enzyme,1.0
5280443,Apigenin,C1=CC(=CC=C1C2=CC(=O)C3=C(C=C(C=C3O2)O)O)O,Tankyrase-2,TNKS2,Q9H2K2,Enzyme,1.0
5280443,Apigenin,C1=CC(=CC=C1C2=CC(=O)C3=C(C=C(C=C3O2)O)O)O,Tankyrase-1,TNKS,O95271,Enzyme,1.0
5280443,Apigenin,C1=CC(=CC=C1C2=CC(=O)C3=C(C=C(C=C3O2)O)O)O,Arachidonate 5-lipoxygenase,ALOX5,P09917,Oxidoreductase,0.600253483442
5280443,Apigenin,C1=CC(=CC=C1C2=CC(=O)C3=C(C=C(C=C3O2)O)O)O,Poly [ADP-ribose] polymerase-1,PARP1,P09874,Enzyme,0.600253483442
5280443,Apigenin,C1=CC(=CC=C1C2=CC(=O)C3=C(C=C(C=C3O2)O)O)O,Carbonic anhydrase II,CA2,P00918,Lyase,0.559044784358
5280443,Apigenin,C1=CC(=CC=C1C2=CC(=O)C3=C(C=C(C=C3O2)O)O)O,Carbonic anhydrase VII,CA7,P43166,Lyase,0.559044784358
5280443,Apigenin,C1=CC(=CC=C1C2=CC(=O)C3=C(C=C(C=C3O2)O)O)O,Carbonic anhydrase XII,CA12,O43570,Lyase,0.559044784358
5280443,Apigenin,C1=CC(=CC=C1C2=CC(=O)C3=C(C=C(C=C3O2)O)O)O,P-glycoprotein 1,ABCB1,P08183,Primary active transporter,0.559044784358
5280443,Apigenin,C1=CC(=CC=C1C2=CC(=O)C3=C(C=C(C=C3O2)O)O)O,Carbonic anhydrase IV,CA4,P22748,Lyase,0.485540261393
5280443,Apigenin,C1=CC(=CC=C1C2=CC(=O)C3=C(C=C(C=C3O2)O)O)O,Arachidonate 12-lipoxygenase,ALOX12,P18054,Enzyme,0.477439841725
5280443,Apigenin,C1=CC(=CC=C1C2=CC(=O)C3=C(C=C(C=C3O2)O)O)O,Receptor-type tyrosine-protein phosphatase S,PTPRS,Q13332,Phosphatase,0.411906406077
5280443,Apigenin,C1=CC(=CC=C1C2=CC(=O)C3=C(C=C(C=C3O2)O)O)O,Glyoxalase I,GLO1,Q04760,Enzyme,0.370888463379
5280443,Apigenin,C1=CC(=CC=C1C2=CC(=O)C3=C(C=C(C=C3O2)O)O)O,Beta amyloid A4 protein,APP,P05067,Membrane receptor,0.370888463379
5280443,Apigenin,C1=CC(=CC=C1C2=CC(=O)C3=C(C=C(C=C3O2)O)O)O,Matrix metalloproteinase 9,MMP9,P14780,Protease,0.370888463379
5280443,Apigenin,C1=CC(=CC=C1C2=CC(=O)C3=C(C=C(C=C3O2)O)O)O,Matrix metalloproteinase 2,MMP2,P08253,Protease,0.370888463379
5280443,Apigenin,C1=CC(=CC=C1C2=CC(=O)C3=C(C=C(C=C3O2)O)O)O,Matrix metalloproteinase 12,MMP12,P39900,Protease,0.370888463379
5280443,Apigenin,C1=CC(=CC=C1C2=CC(=O)C3=C(C=C(C=C3O2)O)O)O,Lymphocyte differentiation antigen CD38,CD38,P28907,Enzyme,0.370888463379
5280443,Apigenin,C1=CC(=CC=C1C2=CC(=O)C3=C(C=C(C=C3O2)O)O)O,DNA topoisomerase I   (by homology),TOP1,P11387,Isomerase,0.370888463379
5280443,Apigenin,C1=CC(=CC=C1C2=CC(=O)C3=C(C=C(C=C3O2)O)O)O,Arginase-1   (by homology),ARG1,P05089,Enzyme,0.370888463379
5280443,Apigenin,C1=CC(=CC=C1C2=CC(=O)C3=C(C=C(C=C3O2)O)O)O,Estrogen-related receptor alpha,ESRRA,P11474,Nuclear receptor,0.354464973753
5280443,Apigenin,C1=CC(=CC=C1C2=CC(=O)C3=C(C=C(C=C3O2)O)O)O,"6-phosphofructo-2-kinase/fructose-2,6-bisphosphatase 3",PFKFB3,Q16875,Enzyme,0.329868485421
5280443,Apigenin,C1=CC(=CC=C1C2=CC(=O)C3=C(C=C(C=C3O2)O)O)O,Arachidonate 15-lipoxygenase,ALOX15,P16050,Enzyme,0.329868485421
5280443,Apigenin,C1=CC(=CC=C1C2=CC(=O)C3=C(C=C(C=C3O2)O)O)O,AMY1C,AMY1A,P04745,Enzyme,0.329868485421
5280443,Apigenin,C1=CC(=CC=C1C2=CC(=O)C3=C(C=C(C=C3O2)O)O)O,G protein-coupled receptor kinase 6,GRK6,P43250,Kinase,0.329868485421
5280443,Apigenin,C1=CC(=CC=C1C2=CC(=O)C3=C(C=C(C=C3O2)O)O)O,Tyrosinase,TYR,P14679,Oxidoreductase,0.272562660102
5280443,Apigenin,C1=CC(=CC=C1C2=CC(=O)C3=C(C=C(C=C3O2)O)O)O,Estradiol 17-beta-dehydrogenase 2,HSD17B2,P37059,Enzyme,0.272562660102
5280443,Apigenin,C1=CC(=CC=C1C2=CC(=O)C3=C(C=C(C=C3O2)O)O)O,Aryl hydrocarbon receptor,AHR,P35869,Transcription factor,0.272562660102
5280443,Apigenin,C1=CC(=CC=C1C2=CC(=O)C3=C(C=C(C=C3O2)O)O)O,Carbonic anhydrase I,CA1,P00915,Lyase,0.2562278396
5280443,Apigenin,C1=CC(=CC=C1C2=CC(=O)C3=C(C=C(C=C3O2)O)O)O,Carbonic anhydrase IX,CA9,Q16790,Lyase,0.2562278396
5280443,Apigenin,C1=CC(=CC=C1C2=CC(=O)C3=C(C=C(C=C3O2)O)O)O,Carbonyl reductase [NADPH] 1,CBR1,P16152,Enzyme,0.247942822879
5280443,Apigenin,C1=CC(=CC=C1C2=CC(=O)C3=C(C=C(C=C3O2)O)O)O,Androgen Receptor,AR,P10275,Nuclear receptor,0.247942822879
5280443,Apigenin,C1=CC(=CC=C1C2=CC(=O)C3=C(C=C(C=C3O2)O)O)O,Telomerase reverse transcriptase,TERT,O14746,Enzyme,0.239574695827
5280443,Apigenin,C1=CC(=CC=C1C2=CC(=O)C3=C(C=C(C=C3O2)O)O)O,Serine/threonine-protein kinase PIM1,PIM1,P11309,Kinase,0.231637184894
5280443,Apigenin,C1=CC(=CC=C1C2=CC(=O)C3=C(C=C(C=C3O2)O)O)O,Epidermal growth factor receptor erbB1,EGFR,P00533,Kinase,0.198833760448
5280443,Apigenin,C1=CC(=CC=C1C2=CC(=O)C3=C(C=C(C=C3O2)O)O)O,Cyclin-dependent kinase 1,CDK1,P06493,Kinase,0.190656977035
5280443,Apigenin,C1=CC(=CC=C1C2=CC(=O)C3=C(C=C(C=C3O2)O)O)O,Lysine-specific demethylase 4D-like,KDM4E,B2RXH2,Eraser,0.166097445484
5280443,Apigenin,C1=CC(=CC=C1C2=CC(=O)C3=C(C=C(C=C3O2)O)O)O,Tyrosine-protein kinase LCK,LCK,P06239,Kinase,0.149732593856
5280443,Apigenin,C1=CC(=CC=C1C2=CC(=O)C3=C(C=C(C=C3O2)O)O)O,Serine/threonine-protein kinase Aurora-B,AURKB,Q96GD4,Kinase,0.141522086267
5280443,Apigenin,C1=CC(=CC=C1C2=CC(=O)C3=C(C=C(C=C3O2)O)O)O,NEDD8-activating enzyme E1 regulatory subunit,NAE1,Q13564,Unclassified protein,0.141522086267
5280443,Apigenin,C1=CC(=CC=C1C2=CC(=O)C3=C(C=C(C=C3O2)O)O)O,Thromboxane-A synthase,TBXAS1,P24557,Cytochrome P450,0.141522086267
5280443,Apigenin,C1=CC(=CC=C1C2=CC(=O)C3=C(C=C(C=C3O2)O)O)O,Insulin-like growth factor I receptor,IGF1R,P08069,Kinase,0.133337961498
5280443,Apigenin,C1=CC(=CC=C1C2=CC(=O)C3=C(C=C(C=C3O2)O)O)O,Vascular endothelial growth factor receptor 2,KDR,P35968,Kinase,0.125142648574
5280443,Apigenin,C1=CC(=CC=C1C2=CC(=O)C3=C(C=C(C=C3O2)O)O)O,Serine/threonine-protein kinase PLK1,PLK1,P53350,Kinase,0.125142648574
5280443,Apigenin,C1=CC(=CC=C1C2=CC(=O)C3=C(C=C(C=C3O2)O)O)O,Hepatocyte growth factor receptor,MET,P08581,Kinase,0.125142648574
5280443,Apigenin,C1=CC(=CC=C1C2=CC(=O)C3=C(C=C(C=C3O2)O)O)O,ALK tyrosine kinase receptor,ALK,Q9UM73,Kinase,0.125142648574
5280443,Apigenin,C1=CC(=CC=C1C2=CC(=O)C3=C(C=C(C=C3O2)O)O)O,Tyrosine-protein kinase receptor UFO,AXL,P30530,Kinase,0.125142648574
5280443,Apigenin,C1=CC(=CC=C1C2=CC(=O)C3=C(C=C(C=C3O2)O)O)O,Butyrylcholinesterase,BCHE,P06276,Hydrolase,0.125142648574
5280443,Apigenin,C1=CC(=CC=C1C2=CC(=O)C3=C(C=C(C=C3O2)O)O)O,Adenosine A3 receptor,ADORA3,P0DMS8,Family A G protein-coupled receptor,0.125142648574
5280443,Apigenin,C1=CC(=CC=C1C2=CC(=O)C3=C(C=C(C=C3O2)O)O)O,Cyclin-dependent kinase 2,CDK2,P24941,Kinase,0.125142648574
5280443,Apigenin,C1=CC(=CC=C1C2=CC(=O)C3=C(C=C(C=C3O2)O)O)O,Serotonin 2c (5-HT2c) receptor,HTR2C,P28335,Family A G protein-coupled receptor,0.125142648574
5280443,Apigenin,C1=CC(=CC=C1C2=CC(=O)C3=C(C=C(C=C3O2)O)O)O,G-protein coupled receptor 35,GPR35,Q9HC97,Family A G protein-coupled receptor,0.116965063224
5280443,Apigenin,C1=CC(=CC=C1C2=CC(=O)C3=C(C=C(C=C3O2)O)O)O,Death-associated protein kinase 1,DAPK1,P53355,Kinase,0.116965063224
5280443,Apigenin,C1=CC(=CC=C1C2=CC(=O)C3=C(C=C(C=C3O2)O)O)O,DNA-3-methyladenine glycosylase,MPG,P29372,Enzyme,0.116965063224
5280443,Apigenin,C1=CC(=CC=C1C2=CC(=O)C3=C(C=C(C=C3O2)O)O)O,Solute carrier family 22 member 12,SLC22A12,Q96S37,Electrochemical transporter,0.116965063224
5280443,Apigenin,C1=CC(=CC=C1C2=CC(=O)C3=C(C=C(C=C3O2)O)O)O,"Beta-galactoside alpha-2,6-sialyltransferase 1",ST6GAL1,P15907,Transferase,0.108770969359
5280443,Apigenin,C1=CC(=CC=C1C2=CC(=O)C3=C(C=C(C=C3O2)O)O)O,Thrombin,F2,P00734,Protease,0.108770969359
5280443,Apigenin,C1=CC(=CC=C1C2=CC(=O)C3=C(C=C(C=C3O2)O)O)O,Plasminogen,PLG,P00747,Protease,0.108770969359
5280443,Apigenin,C1=CC(=CC=C1C2=CC(=O)C3=C(C=C(C=C3O2)O)O)O,Vasopressin V2 receptor,AVPR2,P30518,Family A G protein-coupled receptor,0.108770969359
5280443,Apigenin,C1=CC(=CC=C1C2=CC(=O)C3=C(C=C(C=C3O2)O)O)O,Dopamine D4 receptor,DRD4,P21917,Family A G protein-coupled receptor,0.108770969359
5280443,Apigenin,C1=CC(=CC=C1C2=CC(=O)C3=C(C=C(C=C3O2)O)O)O,Myeloperoxidase,MPO,P05164,Enzyme,0.108770969359
5280443,Apigenin,C1=CC(=CC=C1C2=CC(=O)C3=C(C=C(C=C3O2)O)O)O,PI3-kinase p85-alpha subunit,PIK3R1,P27986,Enzyme,0.108770969359
5280443,Apigenin,C1=CC(=CC=C1C2=CC(=O)C3=C(C=C(C=C3O2)O)O)O,Liver glycogen phosphorylase,PYGL,P06737,Enzyme,0.108770969359
5280443,Apigenin,C1=CC(=CC=C1C2=CC(=O)C3=C(C=C(C=C3O2)O)O)O,Tyrosine-protein kinase SRC,SRC,P12931,Kinase,0.108770969359
5280443,Apigenin,C1=CC(=CC=C1C2=CC(=O)C3=C(C=C(C=C3O2)O)O)O,Focal adhesion kinase 1,PTK2,Q05397,Kinase,0.108770969359
5280443,Apigenin,C1=CC(=CC=C1C2=CC(=O)C3=C(C=C(C=C3O2)O)O)O,Matrix metalloproteinase 13,MMP13,P45452,Protease,0.108770969359
5280443,Apigenin,C1=CC(=CC=C1C2=CC(=O)C3=C(C=C(C=C3O2)O)O)O,Matrix metalloproteinase 3,MMP3,P08254,Protease,0.108770969359
5280443,Apigenin,C1=CC(=CC=C1C2=CC(=O)C3=C(C=C(C=C3O2)O)O)O,Carbonic anhydrase III,CA3,P07451,Lyase,0.108770969359
5280443,Apigenin,C1=CC(=CC=C1C2=CC(=O)C3=C(C=C(C=C3O2)O)O)O,Carbonic anhydrase VI,CA6,P23280,Lyase,0.108770969359
5280443,Apigenin,C1=CC(=CC=C1C2=CC(=O)C3=C(C=C(C=C3O2)O)O)O,Protein kinase N1,PKN1,Q16512,Kinase,0.108770969359
5280443,Apigenin,C1=CC(=CC=C1C2=CC(=O)C3=C(C=C(C=C3O2)O)O)O,Carbonic anhydrase XIV,CA14,Q9ULX7,Lyase,0.108770969359
5280443,Apigenin,C1=CC(=CC=C1C2=CC(=O)C3=C(C=C(C=C3O2)O)O)O,Serine/threonine-protein kinase NEK2,NEK2,P51955,Kinase,0.108770969359
5280443,Apigenin,C1=CC(=CC=C1C2=CC(=O)C3=C(C=C(C=C3O2)O)O)O,Interleukin-8 receptor A,CXCR1,P25024,Family A G protein-coupled receptor,0.108770969359
5280443,Apigenin,C1=CC(=CC=C1C2=CC(=O)C3=C(C=C(C=C3O2)O)O)O,CaM kinase II beta,CAMK2B,Q13554,Kinase,0.108770969359
5280443,Apigenin,C1=CC(=CC=C1C2=CC(=O)C3=C(C=C(C=C3O2)O)O)O,Serine/threonine-protein kinase AKT,AKT1,P31749,Kinase,0.108770969359
5280443,Apigenin,C1=CC(=CC=C1C2=CC(=O)C3=C(C=C(C=C3O2)O)O)O,Serine/threonine-protein kinase NEK6,NEK6,Q9HC98,Kinase,0.108770969359
440832,Pelargonidin,C1=CC(=CC=C1C2=[O+]C3=CC(=CC(=C3C=C2O)O)O)O,Thrombin,F2,P00734,Protease,0.379092315196
440832,Pelargonidin,C1=CC(=CC=C1C2=[O+]C3=CC(=CC(=C3C=C2O)O)O)O,LXR-alpha,NR1H3,Q13133,Nuclear receptor,0.379092315196
440832,Pelargonidin,C1=CC(=CC=C1C2=[O+]C3=CC(=CC(=C3C=C2O)O)O)O,Glyoxalase I,GLO1,Q04760,Enzyme,0.166097445484
440832,Pelargonidin,C1=CC(=CC=C1C2=[O+]C3=CC(=CC(=C3C=C2O)O)O)O,NADPH oxidase 4,NOX4,Q9NPH5,Enzyme,0.108770969359
440832,Pelargonidin,C1=CC(=CC=C1C2=[O+]C3=CC(=CC(=C3C=C2O)O)O)O,Aldose reductase   (by homology),AKR1B1,P15121,Enzyme,0.108770969359
440832,Pelargonidin,C1=CC(=CC=C1C2=[O+]C3=CC(=CC(=C3C=C2O)O)O)O,Xanthine dehydrogenase,XDH,P47989,Oxidoreductase,0.108770969359
440832,Pelargonidin,C1=CC(=CC=C1C2=[O+]C3=CC(=CC(=C3C=C2O)O)O)O,Tyrosinase,TYR,P14679,Oxidoreductase,0.108770969359
440832,Pelargonidin,C1=CC(=CC=C1C2=[O+]C3=CC(=CC(=C3C=C2O)O)O)O,Tyrosine-protein kinase receptor FLT3,FLT3,P36888,Kinase,0.108770969359
440832,Pelargonidin,C1=CC(=CC=C1C2=[O+]C3=CC(=CC(=C3C=C2O)O)O)O,Carbonic anhydrase II,CA2,P00918,Lyase,0.108770969359
440832,Pelargonidin,C1=CC(=CC=C1C2=[O+]C3=CC(=CC(=C3C=C2O)O)O)O,Arachidonate 5-lipoxygenase,ALOX5,P09917,Oxidoreductase,0.108770969359
440832,Pelargonidin,C1=CC(=CC=C1C2=[O+]C3=CC(=CC(=C3C=C2O)O)O)O,Carbonic anhydrase VII,CA7,P43166,Lyase,0.108770969359
440832,Pelargonidin,C1=CC(=CC=C1C2=[O+]C3=CC(=CC(=C3C=C2O)O)O)O,Estradiol 17-beta-dehydrogenase 2,HSD17B2,P37059,Enzyme,0.108770969359
440832,Pelargonidin,C1=CC(=CC=C1C2=[O+]C3=CC(=CC(=C3C=C2O)O)O)O,Multidrug resistance-associated protein 1,ABCC1,P33527,Primary active transporter,0.108770969359
440832,Pelargonidin,C1=CC(=CC=C1C2=[O+]C3=CC(=CC(=C3C=C2O)O)O)O,Estradiol 17-beta-dehydrogenase 1,HSD17B1,P14061,Enzyme,0.108770969359
440832,Pelargonidin,C1=CC(=CC=C1C2=[O+]C3=CC(=CC(=C3C=C2O)O)O)O,Aryl hydrocarbon receptor,AHR,P35869,Transcription factor,0.108770969359
440832,Pelargonidin,C1=CC(=CC=C1C2=[O+]C3=CC(=CC(=C3C=C2O)O)O)O,Carbonic anhydrase XII,CA12,O43570,Lyase,0.108770969359
440832,Pelargonidin,C1=CC(=CC=C1C2=[O+]C3=CC(=CC(=C3C=C2O)O)O)O,Estrogen-related receptor alpha,ESRRA,P11474,Nuclear receptor,0.108770969359
440832,Pelargonidin,C1=CC(=CC=C1C2=[O+]C3=CC(=CC(=C3C=C2O)O)O)O,P-glycoprotein 1,ABCB1,P08183,Primary active transporter,0.108770969359
440832,Pelargonidin,C1=CC(=CC=C1C2=[O+]C3=CC(=CC(=C3C=C2O)O)O)O,Cytochrome P450 1B1,CYP1B1,Q16678,Cytochrome P450,0.108770969359
440832,Pelargonidin,C1=CC(=CC=C1C2=[O+]C3=CC(=CC(=C3C=C2O)O)O)O,ATP-binding cassette sub-family G member 2,ABCG2,Q9UNQ0,Primary active transporter,0.108770969359
440832,Pelargonidin,C1=CC(=CC=C1C2=[O+]C3=CC(=CC(=C3C=C2O)O)O)O,Lymphocyte differentiation antigen CD38,CD38,P28907,Enzyme,0.108770969359
440832,Pelargonidin,C1=CC(=CC=C1C2=[O+]C3=CC(=CC(=C3C=C2O)O)O)O,Butyrylcholinesterase,BCHE,P06276,Hydrolase,0.100578902067
440832,Pelargonidin,C1=CC(=CC=C1C2=[O+]C3=CC(=CC(=C3C=C2O)O)O)O,Acetylcholinesterase,ACHE,P22303,Hydrolase,0.100578902067
440832,Pelargonidin,C1=CC(=CC=C1C2=[O+]C3=CC(=CC(=C3C=C2O)O)O)O,Adenosine A1 receptor   (by homology),ADORA1,P30542,Family A G protein-coupled receptor,0.100578902067
440832,Pelargonidin,C1=CC(=CC=C1C2=[O+]C3=CC(=CC(=C3C=C2O)O)O)O,Adenosine A2a receptor   (by homology),ADORA2A,P29274,Family A G protein-coupled receptor,0.100578902067
440832,Pelargonidin,C1=CC(=CC=C1C2=[O+]C3=CC(=CC(=C3C=C2O)O)O)O,Adenosine A3 receptor,ADORA3,P0DMS8,Family A G protein-coupled receptor,0.100578902067
440832,Pelargonidin,C1=CC(=CC=C1C2=[O+]C3=CC(=CC(=C3C=C2O)O)O)O,Carbonic anhydrase IV,CA4,P22748,Lyase,0.100578902067
440832,Pelargonidin,C1=CC(=CC=C1C2=[O+]C3=CC(=CC(=C3C=C2O)O)O)O,G-protein coupled receptor 35,GPR35,Q9HC97,Family A G protein-coupled receptor,0.100578902067
440832,Pelargonidin,C1=CC(=CC=C1C2=[O+]C3=CC(=CC(=C3C=C2O)O)O)O,Receptor-type tyrosine-protein phosphatase S,PTPRS,Q13332,Phosphatase,0.100578902067
440832,Pelargonidin,C1=CC(=CC=C1C2=[O+]C3=CC(=CC(=C3C=C2O)O)O)O,Estrogen receptor beta,ESR2,Q92731,Nuclear receptor,0.100578902067
440832,Pelargonidin,C1=CC(=CC=C1C2=[O+]C3=CC(=CC(=C3C=C2O)O)O)O,Death-associated protein kinase 1,DAPK1,P53355,Kinase,0.100578902067
440832,Pelargonidin,C1=CC(=CC=C1C2=[O+]C3=CC(=CC(=C3C=C2O)O)O)O,DNA-3-methyladenine glycosylase,MPG,P29372,Enzyme,0.100578902067
440832,Pelargonidin,C1=CC(=CC=C1C2=[O+]C3=CC(=CC(=C3C=C2O)O)O)O,Solute carrier family 22 member 12,SLC22A12,Q96S37,Electrochemical transporter,0.100578902067
440832,Pelargonidin,C1=CC(=CC=C1C2=[O+]C3=CC(=CC(=C3C=C2O)O)O)O,Arachidonate 15-lipoxygenase,ALOX15,P16050,Enzyme,0.100578902067
440832,Pelargonidin,C1=CC(=CC=C1C2=[O+]C3=CC(=CC(=C3C=C2O)O)O)O,Testis-specific androgen-binding protein,SHBG,P04278,Secreted protein,0.100578902067
440832,Pelargonidin,C1=CC(=CC=C1C2=[O+]C3=CC(=CC(=C3C=C2O)O)O)O,Microtubule-associated protein tau,MAPT,P10636,Unclassified protein,0.100578902067
440832,Pelargonidin,C1=CC(=CC=C1C2=[O+]C3=CC(=CC(=C3C=C2O)O)O)O,Lysine-specific demethylase 4D-like,KDM4E,B2RXH2,Eraser,0.100578902067
440832,Pelargonidin,C1=CC(=CC=C1C2=[O+]C3=CC(=CC(=C3C=C2O)O)O)O,Vasopressin V2 receptor,AVPR2,P30518,Family A G protein-coupled receptor,0.100578902067
440832,Pelargonidin,C1=CC(=CC=C1C2=[O+]C3=CC(=CC(=C3C=C2O)O)O)O,DNA topoisomerase II alpha,TOP2A,P11388,Isomerase,0.100578902067
440832,Pelargonidin,C1=CC(=CC=C1C2=[O+]C3=CC(=CC(=C3C=C2O)O)O)O,Monoamine oxidase A,MAOA,P21397,Oxidoreductase,0.100578902067
440832,Pelargonidin,C1=CC(=CC=C1C2=[O+]C3=CC(=CC(=C3C=C2O)O)O)O,Insulin-like growth factor I receptor,IGF1R,P08069,Kinase,0.100578902067
440832,Pelargonidin,C1=CC(=CC=C1C2=[O+]C3=CC(=CC(=C3C=C2O)O)O)O,Cytochrome P450 19A1,CYP19A1,P11511,Cytochrome P450,0.100578902067
440832,Pelargonidin,C1=CC(=CC=C1C2=[O+]C3=CC(=CC(=C3C=C2O)O)O)O,Insulin receptor,INSR,P06213,Kinase,0.100578902067
440832,Pelargonidin,C1=CC(=CC=C1C2=[O+]C3=CC(=CC(=C3C=C2O)O)O)O,Epidermal growth factor receptor erbB1,EGFR,P00533,Kinase,0.100578902067
440832,Pelargonidin,C1=CC(=CC=C1C2=[O+]C3=CC(=CC(=C3C=C2O)O)O)O,Serine/threonine-protein kinase PIM1,PIM1,P11309,Kinase,0.100578902067
440832,Pelargonidin,C1=CC(=CC=C1C2=[O+]C3=CC(=CC(=C3C=C2O)O)O)O,Serine/threonine-protein kinase Aurora-B,AURKB,Q96GD4,Kinase,0.100578902067
440832,Pelargonidin,C1=CC(=CC=C1C2=[O+]C3=CC(=CC(=C3C=C2O)O)O)O,Dopamine D4 receptor,DRD4,P21917,Family A G protein-coupled receptor,0.100578902067
440832,Pelargonidin,C1=CC(=CC=C1C2=[O+]C3=CC(=CC(=C3C=C2O)O)O)O,"Myosin light chain kinase, smooth muscle",MYLK,Q15746,Kinase,0.100578902067
440832,Pelargonidin,C1=CC(=CC=C1C2=[O+]C3=CC(=CC(=C3C=C2O)O)O)O,Myeloperoxidase,MPO,P05164,Enzyme,0.100578902067
440832,Pelargonidin,C1=CC(=CC=C1C2=[O+]C3=CC(=CC(=C3C=C2O)O)O)O,PI3-kinase p85-alpha subunit,PIK3R1,P27986,Enzyme,0.100578902067
440832,Pelargonidin,C1=CC(=CC=C1C2=[O+]C3=CC(=CC(=C3C=C2O)O)O)O,Liver glycogen phosphorylase,PYGL,P06737,Enzyme,0.100578902067
440832,Pelargonidin,C1=CC(=CC=C1C2=[O+]C3=CC(=CC(=C3C=C2O)O)O)O,Tyrosine-protein kinase SYK,SYK,P43405,Kinase,0.100578902067
440832,Pelargonidin,C1=CC(=CC=C1C2=[O+]C3=CC(=CC(=C3C=C2O)O)O)O,Carbonic anhydrase I,CA1,P00915,Lyase,0.100578902067
440832,Pelargonidin,C1=CC(=CC=C1C2=[O+]C3=CC(=CC(=C3C=C2O)O)O)O,Glycogen synthase kinase-3 beta,GSK3B,P49841,Kinase,0.100578902067
440832,Pelargonidin,C1=CC(=CC=C1C2=[O+]C3=CC(=CC(=C3C=C2O)O)O)O,Tyrosine-protein kinase SRC,SRC,P12931,Kinase,0.100578902067
440832,Pelargonidin,C1=CC(=CC=C1C2=[O+]C3=CC(=CC(=C3C=C2O)O)O)O,Focal adhesion kinase 1,PTK2,Q05397,Kinase,0.100578902067
440832,Pelargonidin,C1=CC(=CC=C1C2=[O+]C3=CC(=CC(=C3C=C2O)O)O)O,Vascular endothelial growth factor receptor 2,KDR,P35968,Kinase,0.100578902067
440832,Pelargonidin,C1=CC(=CC=C1C2=[O+]C3=CC(=CC(=C3C=C2O)O)O)O,Matrix metalloproteinase 13,MMP13,P45452,Protease,0.100578902067
440832,Pelargonidin,C1=CC(=CC=C1C2=[O+]C3=CC(=CC(=C3C=C2O)O)O)O,Matrix metalloproteinase 3,MMP3,P08254,Protease,0.100578902067
440832,Pelargonidin,C1=CC(=CC=C1C2=[O+]C3=CC(=CC(=C3C=C2O)O)O)O,Carbonic anhydrase III,CA3,P07451,Lyase,0.100578902067
440832,Pelargonidin,C1=CC(=CC=C1C2=[O+]C3=CC(=CC(=C3C=C2O)O)O)O,Serine/threonine-protein kinase PLK1,PLK1,P53350,Kinase,0.100578902067
440832,Pelargonidin,C1=CC(=CC=C1C2=[O+]C3=CC(=CC(=C3C=C2O)O)O)O,Carbonic anhydrase VI,CA6,P23280,Lyase,0.100578902067
440832,Pelargonidin,C1=CC(=CC=C1C2=[O+]C3=CC(=CC(=C3C=C2O)O)O)O,Cyclin-dependent kinase 1,CDK1,P06493,Kinase,0.100578902067
440832,Pelargonidin,C1=CC(=CC=C1C2=[O+]C3=CC(=CC(=C3C=C2O)O)O)O,Matrix metalloproteinase 9,MMP9,P14780,Protease,0.100578902067
440832,Pelargonidin,C1=CC(=CC=C1C2=[O+]C3=CC(=CC(=C3C=C2O)O)O)O,PI3-kinase p110-gamma subunit,PIK3CG,P48736,Enzyme,0.100578902067
440832,Pelargonidin,C1=CC(=CC=C1C2=[O+]C3=CC(=CC(=C3C=C2O)O)O)O,Matrix metalloproteinase 2,MMP2,P08253,Protease,0.100578902067
440832,Pelargonidin,C1=CC(=CC=C1C2=[O+]C3=CC(=CC(=C3C=C2O)O)O)O,Protein kinase N1,PKN1,Q16512,Kinase,0.100578902067
440832,Pelargonidin,C1=CC(=CC=C1C2=[O+]C3=CC(=CC(=C3C=C2O)O)O)O,Carbonic anhydrase XIV,CA14,Q9ULX7,Lyase,0.100578902067
440832,Pelargonidin,C1=CC(=CC=C1C2=[O+]C3=CC(=CC(=C3C=C2O)O)O)O,Carbonic anhydrase IX,CA9,Q16790,Lyase,0.100578902067
440832,Pelargonidin,C1=CC(=CC=C1C2=[O+]C3=CC(=CC(=C3C=C2O)O)O)O,Casein kinase II alpha,CSNK2A1,P68400,Kinase,0.100578902067
440832,Pelargonidin,C1=CC(=CC=C1C2=[O+]C3=CC(=CC(=C3C=C2O)O)O)O,Arachidonate 12-lipoxygenase,ALOX12,P18054,Enzyme,0.100578902067
440832,Pelargonidin,C1=CC(=CC=C1C2=[O+]C3=CC(=CC(=C3C=C2O)O)O)O,Hepatocyte growth factor receptor,MET,P08581,Kinase,0.100578902067
440832,Pelargonidin,C1=CC(=CC=C1C2=[O+]C3=CC(=CC(=C3C=C2O)O)O)O,Serine/threonine-protein kinase NEK2,NEK2,P51955,Kinase,0.100578902067
440832,Pelargonidin,C1=CC(=CC=C1C2=[O+]C3=CC(=CC(=C3C=C2O)O)O)O,Interleukin-8 receptor A,CXCR1,P25024,Family A G protein-coupled receptor,0.100578902067
440832,Pelargonidin,C1=CC(=CC=C1C2=[O+]C3=CC(=CC(=C3C=C2O)O)O)O,CaM kinase II beta,CAMK2B,Q13554,Kinase,0.100578902067
440832,Pelargonidin,C1=CC(=CC=C1C2=[O+]C3=CC(=CC(=C3C=C2O)O)O)O,ALK tyrosine kinase receptor,ALK,Q9UM73,Kinase,0.100578902067
440832,Pelargonidin,C1=CC(=CC=C1C2=[O+]C3=CC(=CC(=C3C=C2O)O)O)O,Serine/threonine-protein kinase AKT,AKT1,P31749,Kinase,0.100578902067
440832,Pelargonidin,C1=CC(=CC=C1C2=[O+]C3=CC(=CC(=C3C=C2O)O)O)O,Serine/threonine-protein kinase NEK6,NEK6,Q9HC98,Kinase,0.100578902067
440832,Pelargonidin,C1=CC(=CC=C1C2=[O+]C3=CC(=CC(=C3C=C2O)O)O)O,Phospholipase A2 group 1B,PLA2G1B,P04054,Enzyme,0.100578902067
440832,Pelargonidin,C1=CC(=CC=C1C2=[O+]C3=CC(=CC(=C3C=C2O)O)O)O,Carbonic anhydrase VA,CA5A,P35218,Lyase,0.100578902067
440832,Pelargonidin,C1=CC(=CC=C1C2=[O+]C3=CC(=CC(=C3C=C2O)O)O)O,Beta-secretase 1,BACE1,P56817,Protease,0.100578902067
440832,Pelargonidin,C1=CC(=CC=C1C2=[O+]C3=CC(=CC(=C3C=C2O)O)O)O,Tyrosine-protein kinase receptor UFO,AXL,P30530,Kinase,0.100578902067
440832,Pelargonidin,C1=CC(=CC=C1C2=[O+]C3=CC(=CC(=C3C=C2O)O)O)O,DNA-(apurinic or apyrimidinic site) lyase,APEX1,P27695,Enzyme,0.100578902067
440832,Pelargonidin,C1=CC(=CC=C1C2=[O+]C3=CC(=CC(=C3C=C2O)O)O)O,NUAK family SNF1-like kinase 1,NUAK1,O60285,Kinase,0.100578902067
440832,Pelargonidin,C1=CC(=CC=C1C2=[O+]C3=CC(=CC(=C3C=C2O)O)O)O,Aldo-keto reductase family 1 member C2   (by homology),AKR1C2,P52895,Enzyme,0.100578902067
440832,Pelargonidin,C1=CC(=CC=C1C2=[O+]C3=CC(=CC(=C3C=C2O)O)O)O,Aldo-keto reductase family 1 member C1   (by homology),AKR1C1,Q04828,Enzyme,0.100578902067
440832,Pelargonidin,C1=CC(=CC=C1C2=[O+]C3=CC(=CC(=C3C=C2O)O)O)O,Aldo-keto-reductase family 1 member C3   (by homology),AKR1C3,P42330,Enzyme,0.100578902067
440832,Pelargonidin,C1=CC(=CC=C1C2=[O+]C3=CC(=CC(=C3C=C2O)O)O)O,Aldo-keto reductase family 1 member C4   (by homology),AKR1C4,P17516,Enzyme,0.100578902067
440832,Pelargonidin,C1=CC(=CC=C1C2=[O+]C3=CC(=CC(=C3C=C2O)O)O)O,Carbonic anhydrase XIII   (by homology),CA13,Q8N1Q1,Lyase,0.100578902067
440832,Pelargonidin,C1=CC(=CC=C1C2=[O+]C3=CC(=CC(=C3C=C2O)O)O)O,Aldehyde reductase   (by homology),AKR1A1,P14550,Enzyme,0.100578902067
440832,Pelargonidin,C1=CC(=CC=C1C2=[O+]C3=CC(=CC(=C3C=C2O)O)O)O,NAD-dependent deacetylase sirtuin 1,SIRT1,Q96EB6,Eraser,0.100578902067
440832,Pelargonidin,C1=CC(=CC=C1C2=[O+]C3=CC(=CC(=C3C=C2O)O)O)O,Estrogen receptor alpha,ESR1,P03372,Nuclear receptor,0.100578902067
440832,Pelargonidin,C1=CC(=CC=C1C2=[O+]C3=CC(=CC(=C3C=C2O)O)O)O,"6-phosphofructo-2-kinase/fructose-2,6-bisphosphatase 3",PFKFB3,Q16875,Enzyme,0.100578902067
440832,Pelargonidin,C1=CC(=CC=C1C2=[O+]C3=CC(=CC(=C3C=C2O)O)O)O,Cyclin-dependent kinase 5/CDK5 activator 1,CDK5R1,Q15078,Kinase,0.100578902067
440832,Pelargonidin,C1=CC(=CC=C1C2=[O+]C3=CC(=CC(=C3C=C2O)O)O)O,Cyclin-dependent kinase 5/CDK5 activator 1,CDK5,Q00535,Kinase,0.100578902067
440832,Pelargonidin,C1=CC(=CC=C1C2=[O+]C3=CC(=CC(=C3C=C2O)O)O)O,Cyclin-dependent kinase 1/cyclin B,CCNB3,Q8WWL7,Other cytosolic protein,0.100578902067
440832,Pelargonidin,C1=CC(=CC=C1C2=[O+]C3=CC(=CC(=C3C=C2O)O)O)O,Cyclin-dependent kinase 1/cyclin B,CDK1,P06493,Other cytosolic protein,0.100578902067
440832,Pelargonidin,C1=CC(=CC=C1C2=[O+]C3=CC(=CC(=C3C=C2O)O)O)O,Cyclin-dependent kinase 1/cyclin B,CCNB1,P14635,Other cytosolic protein,0.100578902067
440832,Pelargonidin,C1=CC(=CC=C1C2=[O+]C3=CC(=CC(=C3C=C2O)O)O)O,Cyclin-dependent kinase 1/cyclin B,CCNB2,O95067,Other cytosolic protein,0.100578902067
440832,Pelargonidin,C1=CC(=CC=C1C2=[O+]C3=CC(=CC(=C3C=C2O)O)O)O,Cyclin-dependent kinase 6,CDK6,Q00534,Kinase,0.100578902067
440832,Pelargonidin,C1=CC(=CC=C1C2=[O+]C3=CC(=CC(=C3C=C2O)O)O)O,Cyclin-dependent kinase 2,CDK2,P24941,Kinase,0.100578902067
440832,Pelargonidin,C1=CC(=CC=C1C2=[O+]C3=CC(=CC(=C3C=C2O)O)O)O,Arginase-1   (by homology),ARG1,P05089,Enzyme,0.100578902067
440832,Pelargonidin,C1=CC(=CC=C1C2=[O+]C3=CC(=CC(=C3C=C2O)O)O)O,Cyclooxygenase-1,PTGS1,P23219,Oxidoreductase,0.100578902067
440832,Pelargonidin,C1=CC(=CC=C1C2=[O+]C3=CC(=CC(=C3C=C2O)O)O)O,Phosphodiesterase 4B,PDE4B,Q07343,Phosphodiesterase,0.100578902067
126,4-Hydroxybenzaldehyde,C1=CC(=CC=C1C=O)O,Carbonic anhydrase II,CA2,P00918,Lyase,0.0649510872641
126,4-Hydroxybenzaldehyde,C1=CC(=CC=C1C=O)O,Carbonic anhydrase VII,CA7,P43166,Lyase,0.0649510872641
126,4-Hydroxybenzaldehyde,C1=CC(=CC=C1C=O)O,Carbonic anhydrase I,CA1,P00915,Lyase,0.0649510872641
126,4-Hydroxybenzaldehyde,C1=CC(=CC=C1C=O)O,Carbonic anhydrase III,CA3,P07451,Lyase,0.0649510872641
126,4-Hydroxybenzaldehyde,C1=CC(=CC=C1C=O)O,Carbonic anhydrase VI,CA6,P23280,Lyase,0.0649510872641
126,4-Hydroxybenzaldehyde,C1=CC(=CC=C1C=O)O,Carbonic anhydrase XII,CA12,O43570,Lyase,0.0649510872641
126,4-Hydroxybenzaldehyde,C1=CC(=CC=C1C=O)O,Carbonic anhydrase XIV,CA14,Q9ULX7,Lyase,0.0649510872641
126,4-Hydroxybenzaldehyde,C1=CC(=CC=C1C=O)O,Carbonic anhydrase IX,CA9,Q16790,Lyase,0.0649510872641
126,4-Hydroxybenzaldehyde,C1=CC(=CC=C1C=O)O,Carbonic anhydrase IV,CA4,P22748,Lyase,0.0649510872641
126,4-Hydroxybenzaldehyde,C1=CC(=CC=C1C=O)O,Carbonic anhydrase VB,CA5B,Q9Y2D0,Lyase,0.0649510872641
126,4-Hydroxybenzaldehyde,C1=CC(=CC=C1C=O)O,Carbonic anhydrase VA,CA5A,P35218,Lyase,0.0649510872641
126,4-Hydroxybenzaldehyde,C1=CC(=CC=C1C=O)O,Carbonic anhydrase XIII   (by homology),CA13,Q8N1Q1,Lyase,0.0649510872641
126,4-Hydroxybenzaldehyde,C1=CC(=CC=C1C=O)O,Serine/threonine-protein kinase/endoribonuclease IRE1,ERN1,O75460,Enzyme,0.0544879468076
126,4-Hydroxybenzaldehyde,C1=CC(=CC=C1C=O)O,Catechol O-methyltransferase   (by homology),COMT,P21964,Transferase,0.0443083186041
126,4-Hydroxybenzaldehyde,C1=CC(=CC=C1C=O)O,Acetylcholinesterase,ACHE,P22303,Hydrolase,0.0443083186041
126,4-Hydroxybenzaldehyde,C1=CC(=CC=C1C=O)O,Succinate semialdehyde dehydrogenase,ALDH5A1,P51649,Oxidoreductase,0.0238327432783
126,4-Hydroxybenzaldehyde,C1=CC(=CC=C1C=O)O,Tyrosinase   (by homology),TYR,P14679,Oxidoreductase,0.0238327432783
126,4-Hydroxybenzaldehyde,C1=CC(=CC=C1C=O)O,Gamma-amino-N-butyrate transaminase,ABAT,P80404,Transferase,0.0238327432783
126,4-Hydroxybenzaldehyde,C1=CC(=CC=C1C=O)O,"Alpha-(1,3)-fucosyltransferase 7",FUT7,Q11130,Transferase,0.0238327432783
638278,Isoliquiritigenin,C1=CC(=CC=C1C=CC(=O)C2=C(C=C(C=C2)O)O)O,Aldose reductase,AKR1B1,P15121,Enzyme,0.544186778463
638278,Isoliquiritigenin,C1=CC(=CC=C1C=CC(=O)C2=C(C=C(C=C2)O)O)O,Neuronal acetylcholine receptor protein alpha-7 subunit,CHRNA7,P36544,Ligand-gated ion channel,0.379209693799
638278,Isoliquiritigenin,C1=CC(=CC=C1C=CC(=O)C2=C(C=C(C=C2)O)O)O,Epidermal growth factor receptor erbB1,EGFR,P00533,Kinase,0.363468523957
638278,Isoliquiritigenin,C1=CC(=CC=C1C=CC(=O)C2=C(C=C(C=C2)O)O)O,Telomerase reverse transcriptase,TERT,O14746,Enzyme,0.269084456024
638278,Isoliquiritigenin,C1=CC(=CC=C1C=CC(=O)C2=C(C=C(C=C2)O)O)O,ATP-binding cassette sub-family G member 2,ABCG2,Q9UNQ0,Primary active transporter,0.245480951836
638278,Isoliquiritigenin,C1=CC(=CC=C1C=CC(=O)C2=C(C=C(C=C2)O)O)O,Beta amyloid A4 protein,APP,P05067,Membrane receptor,0.182723414023
638278,Isoliquiritigenin,C1=CC(=CC=C1C=CC(=O)C2=C(C=C(C=C2)O)O)O,Cytochrome P450 19A1,CYP19A1,P11511,Cytochrome P450,0.174862804543
638278,Isoliquiritigenin,C1=CC(=CC=C1C=CC(=O)C2=C(C=C(C=C2)O)O)O,Monoamine oxidase A,MAOA,P21397,Oxidoreductase,0.174862804543
638278,Isoliquiritigenin,C1=CC(=CC=C1C=CC(=O)C2=C(C=C(C=C2)O)O)O,Coagulation factor VII/tissue factor,F3,P13726,Surface antigen,0.174862804543
638278,Isoliquiritigenin,C1=CC(=CC=C1C=CC(=O)C2=C(C=C(C=C2)O)O)O,"Nitric oxide synthase, inducible   (by homology)",NOS2,P35228,Enzyme,0.159189344372
638278,Isoliquiritigenin,C1=CC(=CC=C1C=CC(=O)C2=C(C=C(C=C2)O)O)O,Alpha-synuclein,SNCA,P37840,Unclassified protein,0.143473412261
638278,Isoliquiritigenin,C1=CC(=CC=C1C=CC(=O)C2=C(C=C(C=C2)O)O)O,Aldehyde dehydrogenase,ALDH2,P05091,Oxidoreductase,0.143473412261
638278,Isoliquiritigenin,C1=CC(=CC=C1C=CC(=O)C2=C(C=C(C=C2)O)O)O,Voltage-gated potassium channel subunit Kv1.3,KCNA3,P22001,Voltage-gated ion channel,0.135616202575
638278,Isoliquiritigenin,C1=CC(=CC=C1C=CC(=O)C2=C(C=C(C=C2)O)O)O,Beta-secretase 1,BACE1,P56817,Protease,0.127750341333
638278,Isoliquiritigenin,C1=CC(=CC=C1C=CC(=O)C2=C(C=C(C=C2)O)O)O,Arachidonate 5-lipoxygenase,ALOX5,P09917,Oxidoreductase,0.119895126898
638278,Isoliquiritigenin,C1=CC(=CC=C1C=CC(=O)C2=C(C=C(C=C2)O)O)O,Cyclooxygenase-2,PTGS2,P35354,Oxidoreductase,0.119895126898
638278,Isoliquiritigenin,C1=CC(=CC=C1C=CC(=O)C2=C(C=C(C=C2)O)O)O,Monoamine oxidase B,MAOB,P27338,Oxidoreductase,0.119895126898
638278,Isoliquiritigenin,C1=CC(=CC=C1C=CC(=O)C2=C(C=C(C=C2)O)O)O,3-phosphoinositide dependent protein kinase-1,PDPK1,O15530,Kinase,0.112041901328
638278,Isoliquiritigenin,C1=CC(=CC=C1C=CC(=O)C2=C(C=C(C=C2)O)O)O,P-glycoprotein 1,ABCB1,P08183,Primary active transporter,0.112041901328
638278,Isoliquiritigenin,C1=CC(=CC=C1C=CC(=O)C2=C(C=C(C=C2)O)O)O,Estrogen receptor alpha,ESR1,P03372,Nuclear receptor,0.112041901328
638278,Isoliquiritigenin,C1=CC(=CC=C1C=CC(=O)C2=C(C=C(C=C2)O)O)O,Estrogen receptor beta,ESR2,Q92731,Nuclear receptor,0.112041901328
638278,Isoliquiritigenin,C1=CC(=CC=C1C=CC(=O)C2=C(C=C(C=C2)O)O)O,Acetylcholinesterase,ACHE,P22303,Hydrolase,0.112041901328
638278,Isoliquiritigenin,C1=CC(=CC=C1C=CC(=O)C2=C(C=C(C=C2)O)O)O,Toll-like receptor (TLR7/TLR9),TLR9,Q9NR96,Toll-like and Il-1 receptors,0.112041901328
638278,Isoliquiritigenin,C1=CC(=CC=C1C=CC(=O)C2=C(C=C(C=C2)O)O)O,Estradiol 17-beta-dehydrogenase 2,HSD17B2,P37059,Enzyme,0.112041901328
638278,Isoliquiritigenin,C1=CC(=CC=C1C=CC(=O)C2=C(C=C(C=C2)O)O)O,Estradiol 17-beta-dehydrogenase 1,HSD17B1,P14061,Enzyme,0.112041901328
638278,Isoliquiritigenin,C1=CC(=CC=C1C=CC(=O)C2=C(C=C(C=C2)O)O)O,Phosphodiesterase 4D,PDE4D,Q08499,Phosphodiesterase,0.112041901328
638278,Isoliquiritigenin,C1=CC(=CC=C1C=CC(=O)C2=C(C=C(C=C2)O)O)O,Tubulin beta-1 chain,TUBB1,Q9H4B7,Structural protein,0.112041901328
638278,Isoliquiritigenin,C1=CC(=CC=C1C=CC(=O)C2=C(C=C(C=C2)O)O)O,Calcium-activated potassium channel subunit alpha-1,KCNMA1,Q12791,Voltage-gated ion channel,0.112041901328
638278,Isoliquiritigenin,C1=CC(=CC=C1C=CC(=O)C2=C(C=C(C=C2)O)O)O,Receptor-type tyrosine-protein phosphatase S,PTPRS,Q13332,Phosphatase,0.112041901328
638278,Isoliquiritigenin,C1=CC(=CC=C1C=CC(=O)C2=C(C=C(C=C2)O)O)O,AMY1C,AMY1A,P04745,Enzyme,0.112041901328
638278,Isoliquiritigenin,C1=CC(=CC=C1C=CC(=O)C2=C(C=C(C=C2)O)O)O,G protein-coupled receptor kinase 6,GRK6,P43250,Kinase,0.112041901328
638278,Isoliquiritigenin,C1=CC(=CC=C1C=CC(=O)C2=C(C=C(C=C2)O)O)O,Cathepsin L,CTSL,P07711,Protease,0.112041901328
638278,Isoliquiritigenin,C1=CC(=CC=C1C=CC(=O)C2=C(C=C(C=C2)O)O)O,Insulin-like growth factor I receptor,IGF1R,P08069,Kinase,0.112041901328
638278,Isoliquiritigenin,C1=CC(=CC=C1C=CC(=O)C2=C(C=C(C=C2)O)O)O,Protein-tyrosine phosphatase 1B,PTPN1,P18031,Phosphatase,0.112041901328
638278,Isoliquiritigenin,C1=CC(=CC=C1C=CC(=O)C2=C(C=C(C=C2)O)O)O,NADPH oxidase 4,NOX4,Q9NPH5,Enzyme,0.112041901328
638278,Isoliquiritigenin,C1=CC(=CC=C1C=CC(=O)C2=C(C=C(C=C2)O)O)O,Xanthine dehydrogenase,XDH,P47989,Oxidoreductase,0.112041901328
638278,Isoliquiritigenin,C1=CC(=CC=C1C=CC(=O)C2=C(C=C(C=C2)O)O)O,Tyrosine-protein kinase receptor FLT3,FLT3,P36888,Kinase,0.112041901328
638278,Isoliquiritigenin,C1=CC(=CC=C1C=CC(=O)C2=C(C=C(C=C2)O)O)O,Cyclin-dependent kinase 1/cyclin B,CCNB3,Q8WWL7,Other cytosolic protein,0.112041901328
638278,Isoliquiritigenin,C1=CC(=CC=C1C=CC(=O)C2=C(C=C(C=C2)O)O)O,Cyclin-dependent kinase 1/cyclin B,CDK1,P06493,Other cytosolic protein,0.112041901328
638278,Isoliquiritigenin,C1=CC(=CC=C1C=CC(=O)C2=C(C=C(C=C2)O)O)O,Cyclin-dependent kinase 1/cyclin B,CCNB1,P14635,Other cytosolic protein,0.112041901328
638278,Isoliquiritigenin,C1=CC(=CC=C1C=CC(=O)C2=C(C=C(C=C2)O)O)O,Cyclin-dependent kinase 1/cyclin B,CCNB2,O95067,Other cytosolic protein,0.112041901328
638278,Isoliquiritigenin,C1=CC(=CC=C1C=CC(=O)C2=C(C=C(C=C2)O)O)O,Cyclin-dependent kinase 6,CDK6,Q00534,Kinase,0.112041901328
638278,Isoliquiritigenin,C1=CC(=CC=C1C=CC(=O)C2=C(C=C(C=C2)O)O)O,Multidrug resistance-associated protein 1,ABCC1,P33527,Primary active transporter,0.112041901328
638278,Isoliquiritigenin,C1=CC(=CC=C1C=CC(=O)C2=C(C=C(C=C2)O)O)O,Casein kinase II alpha,CSNK2A1,P68400,Kinase,0.112041901328
638278,Isoliquiritigenin,C1=CC(=CC=C1C=CC(=O)C2=C(C=C(C=C2)O)O)O,Cystic fibrosis transmembrane conductance regulator,CFTR,P13569,Other ion channel,0.112041901328
638278,Isoliquiritigenin,C1=CC(=CC=C1C=CC(=O)C2=C(C=C(C=C2)O)O)O,Cytochrome P450 1B1,CYP1B1,Q16678,Cytochrome P450,0.112041901328
638278,Isoliquiritigenin,C1=CC(=CC=C1C=CC(=O)C2=C(C=C(C=C2)O)O)O,Tankyrase-2,TNKS2,Q9H2K2,Enzyme,0.112041901328
638278,Isoliquiritigenin,C1=CC(=CC=C1C=CC(=O)C2=C(C=C(C=C2)O)O)O,Tankyrase-1,TNKS,O95271,Enzyme,0.112041901328
638278,Isoliquiritigenin,C1=CC(=CC=C1C=CC(=O)C2=C(C=C(C=C2)O)O)O,Arachidonate 12-lipoxygenase,ALOX12,P18054,Enzyme,0.112041901328
638278,Isoliquiritigenin,C1=CC(=CC=C1C=CC(=O)C2=C(C=C(C=C2)O)O)O,Steryl-sulfatase,STS,P08842,Enzyme,0.112041901328
638278,Isoliquiritigenin,C1=CC(=CC=C1C=CC(=O)C2=C(C=C(C=C2)O)O)O,Dihydroorotate dehydrogenase,DHODH,Q02127,Oxidoreductase,0.112041901328
638278,Isoliquiritigenin,C1=CC(=CC=C1C=CC(=O)C2=C(C=C(C=C2)O)O)O,Protein farnesyltransferase,FNTA,P49354,Enzyme,0.112041901328
638278,Isoliquiritigenin,C1=CC(=CC=C1C=CC(=O)C2=C(C=C(C=C2)O)O)O,Protein farnesyltransferase,FNTB,P49356,Enzyme,0.112041901328
638278,Isoliquiritigenin,C1=CC(=CC=C1C=CC(=O)C2=C(C=C(C=C2)O)O)O,Tyrosinase,TYR,P14679,Oxidoreductase,0.112041901328
638278,Isoliquiritigenin,C1=CC(=CC=C1C=CC(=O)C2=C(C=C(C=C2)O)O)O,Aryl hydrocarbon receptor,AHR,P35869,Transcription factor,0.112041901328
638278,Isoliquiritigenin,C1=CC(=CC=C1C=CC(=O)C2=C(C=C(C=C2)O)O)O,Insulin-like growth factor binding protein 3,IGFBP3,P17936,Secreted protein,0.112041901328
638278,Isoliquiritigenin,C1=CC(=CC=C1C=CC(=O)C2=C(C=C(C=C2)O)O)O,Serine/threonine-protein kinase PIM1,PIM1,P11309,Kinase,0.112041901328
638278,Isoliquiritigenin,C1=CC(=CC=C1C=CC(=O)C2=C(C=C(C=C2)O)O)O,Carbonyl reductase [NADPH] 1,CBR1,P16152,Enzyme,0.112041901328
638278,Isoliquiritigenin,C1=CC(=CC=C1C=CC(=O)C2=C(C=C(C=C2)O)O)O,Aldo-keto-reductase family 1 member C3,AKR1C3,P42330,Enzyme,0.112041901328
638278,Isoliquiritigenin,C1=CC(=CC=C1C=CC(=O)C2=C(C=C(C=C2)O)O)O,Lysine-specific demethylase 4D-like,KDM4E,B2RXH2,Eraser,0.112041901328
638278,Isoliquiritigenin,C1=CC(=CC=C1C=CC(=O)C2=C(C=C(C=C2)O)O)O,Arachidonate 15-lipoxygenase,ALOX15,P16050,Enzyme,0.112041901328
638278,Isoliquiritigenin,C1=CC(=CC=C1C=CC(=O)C2=C(C=C(C=C2)O)O)O,Cyclin-dependent kinase 1,CDK1,P06493,Kinase,0.112041901328
638278,Isoliquiritigenin,C1=CC(=CC=C1C=CC(=O)C2=C(C=C(C=C2)O)O)O,Glyoxalase I,GLO1,Q04760,Enzyme,0.112041901328
638278,Isoliquiritigenin,C1=CC(=CC=C1C=CC(=O)C2=C(C=C(C=C2)O)O)O,Matrix metalloproteinase 12,MMP12,P39900,Protease,0.112041901328
638278,Isoliquiritigenin,C1=CC(=CC=C1C=CC(=O)C2=C(C=C(C=C2)O)O)O,Lymphocyte differentiation antigen CD38,CD38,P28907,Enzyme,0.112041901328
638278,Isoliquiritigenin,C1=CC(=CC=C1C=CC(=O)C2=C(C=C(C=C2)O)O)O,DNA topoisomerase I   (by homology),TOP1,P11387,Isomerase,0.112041901328
638278,Isoliquiritigenin,C1=CC(=CC=C1C=CC(=O)C2=C(C=C(C=C2)O)O)O,Arginase-1   (by homology),ARG1,P05089,Enzyme,0.112041901328
638278,Isoliquiritigenin,C1=CC(=CC=C1C=CC(=O)C2=C(C=C(C=C2)O)O)O,Glutathione S-transferase A1,GSTA1,P08263,Enzyme,0.112041901328
638278,Isoliquiritigenin,C1=CC(=CC=C1C=CC(=O)C2=C(C=C(C=C2)O)O)O,Solute carrier family 22 member 12,SLC22A12,Q96S37,Electrochemical transporter,0.112041901328
638278,Isoliquiritigenin,C1=CC(=CC=C1C=CC(=O)C2=C(C=C(C=C2)O)O)O,Cyclin-dependent kinase 2,CDK2,P24941,Kinase,0.112041901328
638278,Isoliquiritigenin,C1=CC(=CC=C1C=CC(=O)C2=C(C=C(C=C2)O)O)O,Maltase-glucoamylase,MGAM,O43451,Hydrolase,0.112041901328
638278,Isoliquiritigenin,C1=CC(=CC=C1C=CC(=O)C2=C(C=C(C=C2)O)O)O,Estrogen-related receptor beta,ESRRB,O95718,Nuclear receptor,0.112041901328
135,4-Hydroxybenzoic acid,C1=CC(=CC=C1C(=O)O)O,Carbonic anhydrase II,CA2,P00918,Lyase,1.0
135,4-Hydroxybenzoic acid,C1=CC(=CC=C1C(=O)O)O,Carbonic anhydrase VII,CA7,P43166,Lyase,1.0
135,4-Hydroxybenzoic acid,C1=CC(=CC=C1C(=O)O)O,Carbonic anhydrase I,CA1,P00915,Lyase,1.0
135,4-Hydroxybenzoic acid,C1=CC(=CC=C1C(=O)O)O,Carbonic anhydrase III,CA3,P07451,Lyase,1.0
135,4-Hydroxybenzoic acid,C1=CC(=CC=C1C(=O)O)O,Carbonic anhydrase VI,CA6,P23280,Lyase,1.0
135,4-Hydroxybenzoic acid,C1=CC(=CC=C1C(=O)O)O,Carbonic anhydrase XII,CA12,O43570,Lyase,1.0
135,4-Hydroxybenzoic acid,C1=CC(=CC=C1C(=O)O)O,Carbonic anhydrase XIV,CA14,Q9ULX7,Lyase,1.0
135,4-Hydroxybenzoic acid,C1=CC(=CC=C1C(=O)O)O,Carbonic anhydrase IX,CA9,Q16790,Lyase,1.0
135,4-Hydroxybenzoic acid,C1=CC(=CC=C1C(=O)O)O,Carbonic anhydrase IV,CA4,P22748,Lyase,1.0
135,4-Hydroxybenzoic acid,C1=CC(=CC=C1C(=O)O)O,Carbonic anhydrase VB,CA5B,Q9Y2D0,Lyase,1.0
135,4-Hydroxybenzoic acid,C1=CC(=CC=C1C(=O)O)O,Carbonic anhydrase VA,CA5A,P35218,Lyase,1.0
135,4-Hydroxybenzoic acid,C1=CC(=CC=C1C(=O)O)O,Carbonic anhydrase XIII   (by homology),CA13,Q8N1Q1,Lyase,1.0
135,4-Hydroxybenzoic acid,C1=CC(=CC=C1C(=O)O)O,"Alpha-(1,3)-fucosyltransferase 7",FUT7,Q11130,Transferase,0.0849737018175
135,4-Hydroxybenzoic acid,C1=CC(=CC=C1C(=O)O)O,Steroid 5-alpha-reductase 2,SRD5A2,P31213,Oxidoreductase,0.033970689612
135,4-Hydroxybenzoic acid,C1=CC(=CC=C1C(=O)O)O,D-amino-acid oxidase,DAO,P14920,Enzyme,0.0238327432783
135,4-Hydroxybenzoic acid,C1=CC(=CC=C1C(=O)O)O,Aldo-keto reductase family 1 member C2,AKR1C2,P52895,Enzyme,0.0238327432783
135,4-Hydroxybenzoic acid,C1=CC(=CC=C1C(=O)O)O,Aldo-keto reductase family 1 member C1,AKR1C1,Q04828,Enzyme,0.0238327432783
135,4-Hydroxybenzoic acid,C1=CC(=CC=C1C(=O)O)O,Squalene monooxygenase   (by homology),SQLE,Q14534,Enzyme,0.0238327432783
135,4-Hydroxybenzoic acid,C1=CC(=CC=C1C(=O)O)O,Histone deacetylase 6,HDAC6,Q9UBN7,Eraser,0.0238327432783
135,4-Hydroxybenzoic acid,C1=CC(=CC=C1C(=O)O)O,Histone deacetylase 8,HDAC8,Q9BY41,Eraser,0.0238327432783
135,4-Hydroxybenzoic acid,C1=CC(=CC=C1C(=O)O)O,Serine/threonine-protein kinase/endoribonuclease IRE1,ERN1,O75460,Enzyme,0.0238327432783
135,4-Hydroxybenzoic acid,C1=CC(=CC=C1C(=O)O)O,Estrogen receptor beta,ESR2,Q92731,Nuclear receptor,0.0238327432783
135,4-Hydroxybenzoic acid,C1=CC(=CC=C1C(=O)O)O,L-lactate dehydrogenase A chain,LDHA,P00338,Enzyme,0.0238327432783
135,4-Hydroxybenzoic acid,C1=CC(=CC=C1C(=O)O)O,L-lactate dehydrogenase B chain,LDHB,P07195,Enzyme,0.0238327432783
5280960,Naringenin chalcone,C1=CC(=CC=C1/C=C/C(=O)C2=C(C=C(C=C2O)O)O)O,Aldose reductase,AKR1B1,P15121,Enzyme,0.54289985377
5280960,Naringenin chalcone,C1=CC(=CC=C1/C=C/C(=O)C2=C(C=C(C=C2O)O)O)O,Neuronal acetylcholine receptor protein alpha-7 subunit,CHRNA7,P36544,Ligand-gated ion channel,0.346270483061
5280960,Naringenin chalcone,C1=CC(=CC=C1/C=C/C(=O)C2=C(C=C(C=C2O)O)O)O,Epidermal growth factor receptor erbB1,EGFR,P00533,Kinase,0.313572766871
5280960,Naringenin chalcone,C1=CC(=CC=C1/C=C/C(=O)C2=C(C=C(C=C2O)O)O)O,Telomerase reverse transcriptase,TERT,O14746,Enzyme,0.215238178243
5280960,Naringenin chalcone,C1=CC(=CC=C1/C=C/C(=O)C2=C(C=C(C=C2O)O)O)O,ATP-binding cassette sub-family G member 2,ABCG2,Q9UNQ0,Primary active transporter,0.182484828777
5280960,Naringenin chalcone,C1=CC(=CC=C1/C=C/C(=O)C2=C(C=C(C=C2O)O)O)O,Beta amyloid A4 protein,APP,P05067,Membrane receptor,0.157929217109
5280960,Naringenin chalcone,C1=CC(=CC=C1/C=C/C(=O)C2=C(C=C(C=C2O)O)O)O,Coagulation factor VII/tissue factor,F3,P13726,Surface antigen,0.149732593856
5280960,Naringenin chalcone,C1=CC(=CC=C1/C=C/C(=O)C2=C(C=C(C=C2O)O)O)O,Monoamine oxidase B,MAOB,P27338,Oxidoreductase,0.141522086267
5280960,Naringenin chalcone,C1=CC(=CC=C1/C=C/C(=O)C2=C(C=C(C=C2O)O)O)O,"Nitric oxide synthase, inducible   (by homology)",NOS2,P35228,Enzyme,0.133337961498
5280960,Naringenin chalcone,C1=CC(=CC=C1/C=C/C(=O)C2=C(C=C(C=C2O)O)O)O,Arachidonate 5-lipoxygenase,ALOX5,P09917,Oxidoreductase,0.133337961498
5280960,Naringenin chalcone,C1=CC(=CC=C1/C=C/C(=O)C2=C(C=C(C=C2O)O)O)O,Cytochrome P450 19A1,CYP19A1,P11511,Cytochrome P450,0.125142648574
5280960,Naringenin chalcone,C1=CC(=CC=C1/C=C/C(=O)C2=C(C=C(C=C2O)O)O)O,Monoamine oxidase A,MAOA,P21397,Oxidoreductase,0.125142648574
5280960,Naringenin chalcone,C1=CC(=CC=C1/C=C/C(=O)C2=C(C=C(C=C2O)O)O)O,Beta-secretase 1,BACE1,P56817,Protease,0.125142648574
5280960,Naringenin chalcone,C1=CC(=CC=C1/C=C/C(=O)C2=C(C=C(C=C2O)O)O)O,Voltage-gated potassium channel subunit Kv1.3,KCNA3,P22001,Voltage-gated ion channel,0.116965063224
5280960,Naringenin chalcone,C1=CC(=CC=C1/C=C/C(=O)C2=C(C=C(C=C2O)O)O)O,Alpha-synuclein,SNCA,P37840,Unclassified protein,0.108770969359
5280960,Naringenin chalcone,C1=CC(=CC=C1/C=C/C(=O)C2=C(C=C(C=C2O)O)O)O,Aldehyde dehydrogenase,ALDH2,P05091,Oxidoreductase,0.100578902067
5280960,Naringenin chalcone,C1=CC(=CC=C1/C=C/C(=O)C2=C(C=C(C=C2O)O)O)O,3-phosphoinositide dependent protein kinase-1,PDPK1,O15530,Kinase,0.100578902067
5280960,Naringenin chalcone,C1=CC(=CC=C1/C=C/C(=O)C2=C(C=C(C=C2O)O)O)O,Cyclooxygenase-2,PTGS2,P35354,Oxidoreductase,0.100578902067
5280960,Naringenin chalcone,C1=CC(=CC=C1/C=C/C(=O)C2=C(C=C(C=C2O)O)O)O,Estrogen receptor beta,ESR2,Q92731,Nuclear receptor,0.100578902067
5280960,Naringenin chalcone,C1=CC(=CC=C1/C=C/C(=O)C2=C(C=C(C=C2O)O)O)O,P-glycoprotein 1,ABCB1,P08183,Primary active transporter,0.100578902067
5280960,Naringenin chalcone,C1=CC(=CC=C1/C=C/C(=O)C2=C(C=C(C=C2O)O)O)O,Estrogen receptor alpha,ESR1,P03372,Nuclear receptor,0.100578902067
5280960,Naringenin chalcone,C1=CC(=CC=C1/C=C/C(=O)C2=C(C=C(C=C2O)O)O)O,Carbonyl reductase [NADPH] 1,CBR1,P16152,Enzyme,0.100578902067
5280960,Naringenin chalcone,C1=CC(=CC=C1/C=C/C(=O)C2=C(C=C(C=C2O)O)O)O,Toll-like receptor (TLR7/TLR9),TLR9,Q9NR96,Toll-like and Il-1 receptors,0.100578902067
5280960,Naringenin chalcone,C1=CC(=CC=C1/C=C/C(=O)C2=C(C=C(C=C2O)O)O)O,Receptor-type tyrosine-protein phosphatase S,PTPRS,Q13332,Phosphatase,0.100578902067
5280960,Naringenin chalcone,C1=CC(=CC=C1/C=C/C(=O)C2=C(C=C(C=C2O)O)O)O,AMY1C,AMY1A,P04745,Enzyme,0.100578902067
5280960,Naringenin chalcone,C1=CC(=CC=C1/C=C/C(=O)C2=C(C=C(C=C2O)O)O)O,G protein-coupled receptor kinase 6,GRK6,P43250,Kinase,0.100578902067
5280960,Naringenin chalcone,C1=CC(=CC=C1/C=C/C(=O)C2=C(C=C(C=C2O)O)O)O,Phosphodiesterase 4D,PDE4D,Q08499,Phosphodiesterase,0.100578902067
5280960,Naringenin chalcone,C1=CC(=CC=C1/C=C/C(=O)C2=C(C=C(C=C2O)O)O)O,Tubulin beta-1 chain,TUBB1,Q9H4B7,Structural protein,0.100578902067
5280960,Naringenin chalcone,C1=CC(=CC=C1/C=C/C(=O)C2=C(C=C(C=C2O)O)O)O,Serine/threonine-protein kinase PIM1,PIM1,P11309,Kinase,0.100578902067
5280960,Naringenin chalcone,C1=CC(=CC=C1/C=C/C(=O)C2=C(C=C(C=C2O)O)O)O,Calcium-activated potassium channel subunit alpha-1,KCNMA1,Q12791,Voltage-gated ion channel,0.100578902067
5280960,Naringenin chalcone,C1=CC(=CC=C1/C=C/C(=O)C2=C(C=C(C=C2O)O)O)O,Protein-tyrosine phosphatase 1B,PTPN1,P18031,Phosphatase,0.100578902067
5280960,Naringenin chalcone,C1=CC(=CC=C1/C=C/C(=O)C2=C(C=C(C=C2O)O)O)O,Cathepsin L,CTSL,P07711,Protease,0.100578902067
5280960,Naringenin chalcone,C1=CC(=CC=C1/C=C/C(=O)C2=C(C=C(C=C2O)O)O)O,Acetylcholinesterase,ACHE,P22303,Hydrolase,0.100578902067
5280960,Naringenin chalcone,C1=CC(=CC=C1/C=C/C(=O)C2=C(C=C(C=C2O)O)O)O,Aldo-keto-reductase family 1 member C3,AKR1C3,P42330,Enzyme,0.100578902067
5280960,Naringenin chalcone,C1=CC(=CC=C1/C=C/C(=O)C2=C(C=C(C=C2O)O)O)O,Steryl-sulfatase,STS,P08842,Enzyme,0.100578902067
5280960,Naringenin chalcone,C1=CC(=CC=C1/C=C/C(=O)C2=C(C=C(C=C2O)O)O)O,Insulin-like growth factor I receptor,IGF1R,P08069,Kinase,0.100578902067
5280960,Naringenin chalcone,C1=CC(=CC=C1/C=C/C(=O)C2=C(C=C(C=C2O)O)O)O,Estradiol 17-beta-dehydrogenase 2,HSD17B2,P37059,Enzyme,0.100578902067
5280960,Naringenin chalcone,C1=CC(=CC=C1/C=C/C(=O)C2=C(C=C(C=C2O)O)O)O,Estradiol 17-beta-dehydrogenase 1,HSD17B1,P14061,Enzyme,0.100578902067
5280960,Naringenin chalcone,C1=CC(=CC=C1/C=C/C(=O)C2=C(C=C(C=C2O)O)O)O,NADPH oxidase 4,NOX4,Q9NPH5,Enzyme,0.100578902067
5280960,Naringenin chalcone,C1=CC(=CC=C1/C=C/C(=O)C2=C(C=C(C=C2O)O)O)O,Xanthine dehydrogenase,XDH,P47989,Oxidoreductase,0.100578902067
5280960,Naringenin chalcone,C1=CC(=CC=C1/C=C/C(=O)C2=C(C=C(C=C2O)O)O)O,Tyrosinase,TYR,P14679,Oxidoreductase,0.100578902067
5280960,Naringenin chalcone,C1=CC(=CC=C1/C=C/C(=O)C2=C(C=C(C=C2O)O)O)O,Tyrosine-protein kinase receptor FLT3,FLT3,P36888,Kinase,0.100578902067
5280960,Naringenin chalcone,C1=CC(=CC=C1/C=C/C(=O)C2=C(C=C(C=C2O)O)O)O,Thrombin,F2,P00734,Protease,0.100578902067
5280960,Naringenin chalcone,C1=CC(=CC=C1/C=C/C(=O)C2=C(C=C(C=C2O)O)O)O,Trypsin I,PRSS1,P07477,Protease,0.100578902067
5280960,Naringenin chalcone,C1=CC(=CC=C1/C=C/C(=O)C2=C(C=C(C=C2O)O)O)O,Thrombin and coagulation factor X,F10,P00742,Protease,0.100578902067
5280960,Naringenin chalcone,C1=CC(=CC=C1/C=C/C(=O)C2=C(C=C(C=C2O)O)O)O,Multidrug resistance-associated protein 1,ABCC1,P33527,Primary active transporter,0.100578902067
5280960,Naringenin chalcone,C1=CC(=CC=C1/C=C/C(=O)C2=C(C=C(C=C2O)O)O)O,Aryl hydrocarbon receptor,AHR,P35869,Transcription factor,0.100578902067
5280960,Naringenin chalcone,C1=CC(=CC=C1/C=C/C(=O)C2=C(C=C(C=C2O)O)O)O,Urokinase-type plasminogen activator,PLAU,P00749,Protease,0.100578902067
5280960,Naringenin chalcone,C1=CC(=CC=C1/C=C/C(=O)C2=C(C=C(C=C2O)O)O)O,Cytochrome P450 1B1,CYP1B1,Q16678,Cytochrome P450,0.100578902067
5280960,Naringenin chalcone,C1=CC(=CC=C1/C=C/C(=O)C2=C(C=C(C=C2O)O)O)O,Protein farnesyltransferase,FNTA,P49354,Enzyme,0.100578902067
5280960,Naringenin chalcone,C1=CC(=CC=C1/C=C/C(=O)C2=C(C=C(C=C2O)O)O)O,Protein farnesyltransferase,FNTB,P49356,Enzyme,0.100578902067
5280960,Naringenin chalcone,C1=CC(=CC=C1/C=C/C(=O)C2=C(C=C(C=C2O)O)O)O,Insulin-like growth factor binding protein 3,IGFBP3,P17936,Secreted protein,0.100578902067
5280960,Naringenin chalcone,C1=CC(=CC=C1/C=C/C(=O)C2=C(C=C(C=C2O)O)O)O,Dihydroorotate dehydrogenase,DHODH,Q02127,Oxidoreductase,0.100578902067
5280960,Naringenin chalcone,C1=CC(=CC=C1/C=C/C(=O)C2=C(C=C(C=C2O)O)O)O,Insulin-like growth factor binding protein 6,IGFBP6,P24592,Secreted protein,0.100578902067
5280960,Naringenin chalcone,C1=CC(=CC=C1/C=C/C(=O)C2=C(C=C(C=C2O)O)O)O,Insulin-like growth factor binding protein 4,IGFBP4,P22692,Secreted protein,0.100578902067
5280960,Naringenin chalcone,C1=CC(=CC=C1/C=C/C(=O)C2=C(C=C(C=C2O)O)O)O,Insulin-like growth factor binding protein 5,IGFBP5,P24593,Secreted protein,0.100578902067
5280960,Naringenin chalcone,C1=CC(=CC=C1/C=C/C(=O)C2=C(C=C(C=C2O)O)O)O,Insulin-like growth factor binding protein 2,IGFBP2,P18065,Secreted protein,0.100578902067
5280960,Naringenin chalcone,C1=CC(=CC=C1/C=C/C(=O)C2=C(C=C(C=C2O)O)O)O,Insulin-like growth factor binding protein 1,IGFBP1,P08833,Secreted protein,0.100578902067
5280960,Naringenin chalcone,C1=CC(=CC=C1/C=C/C(=O)C2=C(C=C(C=C2O)O)O)O,Solute carrier family 22 member 12,SLC22A12,Q96S37,Electrochemical transporter,0.100578902067
5280960,Naringenin chalcone,C1=CC(=CC=C1/C=C/C(=O)C2=C(C=C(C=C2O)O)O)O,G-protein coupled receptor 35,GPR35,Q9HC97,Family A G protein-coupled receptor,0.100578902067
5280960,Naringenin chalcone,C1=CC(=CC=C1/C=C/C(=O)C2=C(C=C(C=C2O)O)O)O,Death-associated protein kinase 1,DAPK1,P53355,Kinase,0.100578902067
5280960,Naringenin chalcone,C1=CC(=CC=C1/C=C/C(=O)C2=C(C=C(C=C2O)O)O)O,DNA-3-methyladenine glycosylase,MPG,P29372,Enzyme,0.100578902067
5280960,Naringenin chalcone,C1=CC(=CC=C1/C=C/C(=O)C2=C(C=C(C=C2O)O)O)O,Flap endonuclease 1,FEN1,P39748,Enzyme,0.100578902067
5280960,Naringenin chalcone,C1=CC(=CC=C1/C=C/C(=O)C2=C(C=C(C=C2O)O)O)O,Lysine-specific demethylase 4D-like,KDM4E,B2RXH2,Eraser,0.100578902067
5280960,Naringenin chalcone,C1=CC(=CC=C1/C=C/C(=O)C2=C(C=C(C=C2O)O)O)O,Arachidonate 15-lipoxygenase,ALOX15,P16050,Enzyme,0.100578902067
5280960,Naringenin chalcone,C1=CC(=CC=C1/C=C/C(=O)C2=C(C=C(C=C2O)O)O)O,Cyclin-dependent kinase 1,CDK1,P06493,Kinase,0.100578902067
5280960,Naringenin chalcone,C1=CC(=CC=C1/C=C/C(=O)C2=C(C=C(C=C2O)O)O)O,Arachidonate 12-lipoxygenase,ALOX12,P18054,Enzyme,0.100578902067
5280960,Naringenin chalcone,C1=CC(=CC=C1/C=C/C(=O)C2=C(C=C(C=C2O)O)O)O,Vasopressin V2 receptor,AVPR2,P30518,Family A G protein-coupled receptor,0.100578902067
5280960,Naringenin chalcone,C1=CC(=CC=C1/C=C/C(=O)C2=C(C=C(C=C2O)O)O)O,Cyclin-dependent kinase 1/cyclin B,CCNB3,Q8WWL7,Other cytosolic protein,0.100578902067
5280960,Naringenin chalcone,C1=CC(=CC=C1/C=C/C(=O)C2=C(C=C(C=C2O)O)O)O,Cyclin-dependent kinase 1/cyclin B,CDK1,P06493,Other cytosolic protein,0.100578902067
5280960,Naringenin chalcone,C1=CC(=CC=C1/C=C/C(=O)C2=C(C=C(C=C2O)O)O)O,Cyclin-dependent kinase 1/cyclin B,CCNB1,P14635,Other cytosolic protein,0.100578902067
5280960,Naringenin chalcone,C1=CC(=CC=C1/C=C/C(=O)C2=C(C=C(C=C2O)O)O)O,Cyclin-dependent kinase 1/cyclin B,CCNB2,O95067,Other cytosolic protein,0.100578902067
5280960,Naringenin chalcone,C1=CC(=CC=C1/C=C/C(=O)C2=C(C=C(C=C2O)O)O)O,Glyoxalase I,GLO1,Q04760,Enzyme,0.100578902067
5280960,Naringenin chalcone,C1=CC(=CC=C1/C=C/C(=O)C2=C(C=C(C=C2O)O)O)O,Myeloperoxidase,MPO,P05164,Enzyme,0.100578902067
5280960,Naringenin chalcone,C1=CC(=CC=C1/C=C/C(=O)C2=C(C=C(C=C2O)O)O)O,PI3-kinase p85-alpha subunit,PIK3R1,P27986,Enzyme,0.100578902067
5280960,Naringenin chalcone,C1=CC(=CC=C1/C=C/C(=O)C2=C(C=C(C=C2O)O)O)O,Cyclin-dependent kinase 6,CDK6,Q00534,Kinase,0.100578902067
5280960,Naringenin chalcone,C1=CC(=CC=C1/C=C/C(=O)C2=C(C=C(C=C2O)O)O)O,Liver glycogen phosphorylase,PYGL,P06737,Enzyme,0.100578902067
5280960,Naringenin chalcone,C1=CC(=CC=C1/C=C/C(=O)C2=C(C=C(C=C2O)O)O)O,Focal adhesion kinase 1,PTK2,Q05397,Kinase,0.100578902067
5280960,Naringenin chalcone,C1=CC(=CC=C1/C=C/C(=O)C2=C(C=C(C=C2O)O)O)O,Matrix metalloproteinase 13,MMP13,P45452,Protease,0.100578902067
5280960,Naringenin chalcone,C1=CC(=CC=C1/C=C/C(=O)C2=C(C=C(C=C2O)O)O)O,Matrix metalloproteinase 3,MMP3,P08254,Protease,0.100578902067
5280960,Naringenin chalcone,C1=CC(=CC=C1/C=C/C(=O)C2=C(C=C(C=C2O)O)O)O,Serine/threonine-protein kinase PLK1,PLK1,P53350,Kinase,0.100578902067
5280960,Naringenin chalcone,C1=CC(=CC=C1/C=C/C(=O)C2=C(C=C(C=C2O)O)O)O,Protein kinase N1,PKN1,Q16512,Kinase,0.100578902067
5280960,Naringenin chalcone,C1=CC(=CC=C1/C=C/C(=O)C2=C(C=C(C=C2O)O)O)O,Casein kinase II alpha,CSNK2A1,P68400,Kinase,0.100578902067
5280960,Naringenin chalcone,C1=CC(=CC=C1/C=C/C(=O)C2=C(C=C(C=C2O)O)O)O,Hepatocyte growth factor receptor,MET,P08581,Kinase,0.100578902067
5280960,Naringenin chalcone,C1=CC(=CC=C1/C=C/C(=O)C2=C(C=C(C=C2O)O)O)O,Serine/threonine-protein kinase NEK2,NEK2,P51955,Kinase,0.100578902067
5280960,Naringenin chalcone,C1=CC(=CC=C1/C=C/C(=O)C2=C(C=C(C=C2O)O)O)O,Interleukin-8 receptor A,CXCR1,P25024,Family A G protein-coupled receptor,0.100578902067
5280960,Naringenin chalcone,C1=CC(=CC=C1/C=C/C(=O)C2=C(C=C(C=C2O)O)O)O,Cystic fibrosis transmembrane conductance regulator,CFTR,P13569,Other ion channel,0.100578902067
5280960,Naringenin chalcone,C1=CC(=CC=C1/C=C/C(=O)C2=C(C=C(C=C2O)O)O)O,CaM kinase II beta,CAMK2B,Q13554,Kinase,0.100578902067
5280960,Naringenin chalcone,C1=CC(=CC=C1/C=C/C(=O)C2=C(C=C(C=C2O)O)O)O,ALK tyrosine kinase receptor,ALK,Q9UM73,Kinase,0.100578902067
5280960,Naringenin chalcone,C1=CC(=CC=C1/C=C/C(=O)C2=C(C=C(C=C2O)O)O)O,Serine/threonine-protein kinase AKT,AKT1,P31749,Kinase,0.100578902067
5280960,Naringenin chalcone,C1=CC(=CC=C1/C=C/C(=O)C2=C(C=C(C=C2O)O)O)O,Serine/threonine-protein kinase NEK6,NEK6,Q9HC98,Kinase,0.100578902067
5280960,Naringenin chalcone,C1=CC(=CC=C1/C=C/C(=O)C2=C(C=C(C=C2O)O)O)O,Matrix metalloproteinase 12,MMP12,P39900,Protease,0.100578902067
5280960,Naringenin chalcone,C1=CC(=CC=C1/C=C/C(=O)C2=C(C=C(C=C2O)O)O)O,Phospholipase A2 group 1B,PLA2G1B,P04054,Enzyme,0.100578902067
5280960,Naringenin chalcone,C1=CC(=CC=C1/C=C/C(=O)C2=C(C=C(C=C2O)O)O)O,Lymphocyte differentiation antigen CD38,CD38,P28907,Enzyme,0.100578902067
5280960,Naringenin chalcone,C1=CC(=CC=C1/C=C/C(=O)C2=C(C=C(C=C2O)O)O)O,Tyrosine-protein kinase receptor UFO,AXL,P30530,Kinase,0.100578902067
5280960,Naringenin chalcone,C1=CC(=CC=C1/C=C/C(=O)C2=C(C=C(C=C2O)O)O)O,NUAK family SNF1-like kinase 1,NUAK1,O60285,Kinase,0.100578902067
5280960,Naringenin chalcone,C1=CC(=CC=C1/C=C/C(=O)C2=C(C=C(C=C2O)O)O)O,Tankyrase-2,TNKS2,Q9H2K2,Enzyme,0.100578902067
5280960,Naringenin chalcone,C1=CC(=CC=C1/C=C/C(=O)C2=C(C=C(C=C2O)O)O)O,Tankyrase-1,TNKS,O95271,Enzyme,0.100578902067
5280960,Naringenin chalcone,C1=CC(=CC=C1/C=C/C(=O)C2=C(C=C(C=C2O)O)O)O,Aldo-keto reductase family 1 member C1   (by homology),AKR1C1,Q04828,Enzyme,0.100578902067
5280960,Naringenin chalcone,C1=CC(=CC=C1/C=C/C(=O)C2=C(C=C(C=C2O)O)O)O,DNA topoisomerase I   (by homology),TOP1,P11387,Isomerase,0.100578902067
5280960,Naringenin chalcone,C1=CC(=CC=C1/C=C/C(=O)C2=C(C=C(C=C2O)O)O)O,Arginase-1   (by homology),ARG1,P05089,Enzyme,0.100578902067
5280960,Naringenin chalcone,C1=CC(=CC=C1/C=C/C(=O)C2=C(C=C(C=C2O)O)O)O,Aldehyde reductase   (by homology),AKR1A1,P14550,Enzyme,0.100578902067
1057,Pyrogallol,C1=CC(=C(C(=C1)O)O)O,Tyrosine-protein kinase FYN,FYN,P06241,Kinase,0.913474349259
1057,Pyrogallol,C1=CC(=C(C(=C1)O)O)O,Epidermal growth factor receptor erbB1,EGFR,P00533,Kinase,0.913474349259
1057,Pyrogallol,C1=CC(=C(C(=C1)O)O)O,Carbonic anhydrase II,CA2,P00918,Lyase,0.913474349259
1057,Pyrogallol,C1=CC(=C(C(=C1)O)O)O,Carbonic anhydrase I,CA1,P00915,Lyase,0.913474349259
1057,Pyrogallol,C1=CC(=C(C(=C1)O)O)O,Carbonic anhydrase VI,CA6,P23280,Lyase,0.913474349259
1057,Pyrogallol,C1=CC(=C(C(=C1)O)O)O,Quinone reductase 2,NQO2,P16083,Enzyme,0.114586695126
1057,Pyrogallol,C1=CC(=C(C(=C1)O)O)O,Carbonic anhydrase XII,CA12,O43570,Lyase,0.0952559184207
1057,Pyrogallol,C1=CC(=C(C(=C1)O)O)O,Carbonic anhydrase VB,CA5B,Q9Y2D0,Lyase,0.0952559184207
1057,Pyrogallol,C1=CC(=C(C(=C1)O)O)O,Carbonic anhydrase VA,CA5A,P35218,Lyase,0.0952559184207
1057,Pyrogallol,C1=CC(=C(C(=C1)O)O)O,Hematopoietic cell protein-tyrosine phosphatase 70Z-PEP,PTPN22,Q9Y2R2,Phosphatase,0.0743164735672
1057,Pyrogallol,C1=CC(=C(C(=C1)O)O)O,Carbonic anhydrase IV,CA4,P22748,Lyase,0.0743164735672
1057,Pyrogallol,C1=CC(=C(C(=C1)O)O)O,Carbonic anhydrase IX,CA9,Q16790,Lyase,0.0238327432783
1057,Pyrogallol,C1=CC(=C(C(=C1)O)O)O,Carbonic anhydrase III,CA3,P07451,Lyase,0.0238327432783
237332,5-Hydroxymethyl-2-furaldehyde,C1=C(OC(=C1)C=O)CO,Alpha-L-fucosidase I,FUCA1,P04066,Enzyme,0.033970689612
6274,L-Histidine,C1=C(NC=N1)CC(C(=O)O)N,Voltage-gated calcium channel alpha2/delta subunit 1   (by homology),CACNA2D1,P54289,Calcium channel auxiliary subunit alpha2delta family,0.0630257148888
6274,L-Histidine,C1=C(NC=N1)CC(C(=O)O)N,Carboxypeptidase B2 isoform A,CPB2,Q96IY4,Protease,0.053517944289
6274,L-Histidine,C1=C(NC=N1)CC(C(=O)O)N,Histamine H3 receptor,HRH3,Q9Y5N1,Family A G protein-coupled receptor,0.053517944289
6274,L-Histidine,C1=C(NC=N1)CC(C(=O)O)N,Histamine H4 receptor,HRH4,Q9H3N8,Family A G protein-coupled receptor,0.053517944289
6274,L-Histidine,C1=C(NC=N1)CC(C(=O)O)N,"Glutamate receptor ionotropic, AMPA 1",GRIA1,P42261,Ligand-gated ion channel,0.053517944289
6274,L-Histidine,C1=C(NC=N1)CC(C(=O)O)N,"Glutamate receptor ionotropic, AMPA 4",GRIA4,P48058,Ligand-gated ion channel,0.053517944289
6274,L-Histidine,C1=C(NC=N1)CC(C(=O)O)N,"Glutamate receptor ionotropic, AMPA 2",GRIA2,P42262,Ligand-gated ion channel,0.053517944289
6274,L-Histidine,C1=C(NC=N1)CC(C(=O)O)N,Glucosamine--fructose-6-phosphate aminotransferase [isomerizing] 1,GFPT1,Q06210,Enzyme,0.053517944289
6274,L-Histidine,C1=C(NC=N1)CC(C(=O)O)N,GABA-B receptor,GABBR2,O75899,Family C G protein-coupled receptor,0.053517944289
6274,L-Histidine,C1=C(NC=N1)CC(C(=O)O)N,GABA-B receptor,GABBR1,Q9UBS5,Family C G protein-coupled receptor,0.053517944289
6274,L-Histidine,C1=C(NC=N1)CC(C(=O)O)N,Glutamate receptor ionotropic kainate 5,GRIK5,Q16478,Ligand-gated ion channel,0.053517944289
6274,L-Histidine,C1=C(NC=N1)CC(C(=O)O)N,GABA-B receptor   (by homology),GABBR1,Q9UBS5,Family C G protein-coupled receptor,0.0439186325197
6274,L-Histidine,C1=C(NC=N1)CC(C(=O)O)N,Histamine H2 receptor,HRH2,P25021,Family A G protein-coupled receptor,0.0439186325197
6274,L-Histidine,C1=C(NC=N1)CC(C(=O)O)N,Histamine H1 receptor,HRH1,P35367,Family A G protein-coupled receptor,0.0439186325197
6274,L-Histidine,C1=C(NC=N1)CC(C(=O)O)N,Kynureninase,KYNU,Q16719,Enzyme,0.0439186325197
6274,L-Histidine,C1=C(NC=N1)CC(C(=O)O)N,Aminopeptidase A,ENPEP,Q07075,Protease,0.0439186325197
6274,L-Histidine,C1=C(NC=N1)CC(C(=O)O)N,Kynurenine 3-monooxygenase   (by homology),KMO,O15229,Oxidoreductase,0.0439186325197
6274,L-Histidine,C1=C(NC=N1)CC(C(=O)O)N,GABA transporter 1   (by homology),SLC6A1,P30531,Electrochemical transporter,0.0439186325197
359,Phloroglucinol,C1=C(C=C(C=C1O)O)O,Carbonic anhydrase II,CA2,P00918,Lyase,0.217345402545
359,Phloroglucinol,C1=C(C=C(C=C1O)O)O,Quinone reductase 2,NQO2,P16083,Enzyme,0.166711965932
359,Phloroglucinol,C1=C(C=C(C=C1O)O)O,Tyrosine-protein kinase FYN,FYN,P06241,Kinase,0.146856850103
359,Phloroglucinol,C1=C(C=C(C=C1O)O)O,Epidermal growth factor receptor erbB1,EGFR,P00533,Kinase,0.146856850103
359,Phloroglucinol,C1=C(C=C(C=C1O)O)O,Carbonic anhydrase I,CA1,P00915,Lyase,0.146856850103
359,Phloroglucinol,C1=C(C=C(C=C1O)O)O,Carbonic anhydrase VI,CA6,P23280,Lyase,0.146856850103
359,Phloroglucinol,C1=C(C=C(C=C1O)O)O,Carbonic anhydrase XII,CA12,O43570,Lyase,0.125817530785
359,Phloroglucinol,C1=C(C=C(C=C1O)O)O,Carbonic anhydrase VB,CA5B,Q9Y2D0,Lyase,0.105843861316
359,Phloroglucinol,C1=C(C=C(C=C1O)O)O,Carbonic anhydrase VA,CA5A,P35218,Lyase,0.105843861316
359,Phloroglucinol,C1=C(C=C(C=C1O)O)O,Carbonic anhydrase IX,CA9,Q16790,Lyase,0.105843861316
359,Phloroglucinol,C1=C(C=C(C=C1O)O)O,Carbonic anhydrase IV,CA4,P22748,Lyase,0.105843861316
359,Phloroglucinol,C1=C(C=C(C=C1O)O)O,Hematopoietic cell protein-tyrosine phosphatase 70Z-PEP,PTPN22,Q9Y2R2,Phosphatase,0.0443083186041
359,Phloroglucinol,C1=C(C=C(C=C1O)O)O,"Indoleamine 2,3-dioxygenase",IDO1,P14902,Enzyme,0.0443083186041
359,Phloroglucinol,C1=C(C=C(C=C1O)O)O,Carbonic anhydrase III,CA3,P07451,Lyase,0.0443083186041
370,Gallic acid,C1=C(C=C(C(=C1O)O)O)C(=O)O,Carbonic anhydrase II,CA2,P00918,Lyase,0.99940827534
370,Gallic acid,C1=C(C=C(C(=C1O)O)O)C(=O)O,Carbonic anhydrase VII,CA7,P43166,Lyase,0.99940827534
370,Gallic acid,C1=C(C=C(C(=C1O)O)O)C(=O)O,Carbonic anhydrase I,CA1,P00915,Lyase,0.99940827534
370,Gallic acid,C1=C(C=C(C(=C1O)O)O)C(=O)O,Carbonic anhydrase III,CA3,P07451,Lyase,0.99940827534
370,Gallic acid,C1=C(C=C(C(=C1O)O)O)C(=O)O,Carbonic anhydrase VI,CA6,P23280,Lyase,0.99940827534
370,Gallic acid,C1=C(C=C(C(=C1O)O)O)C(=O)O,Carbonic anhydrase XII,CA12,O43570,Lyase,0.99940827534
370,Gallic acid,C1=C(C=C(C(=C1O)O)O)C(=O)O,Carbonic anhydrase XIV,CA14,Q9ULX7,Lyase,0.99940827534
370,Gallic acid,C1=C(C=C(C(=C1O)O)O)C(=O)O,Carbonic anhydrase IX,CA9,Q16790,Lyase,0.99940827534
370,Gallic acid,C1=C(C=C(C(=C1O)O)O)C(=O)O,"Alpha-(1,3)-fucosyltransferase 7",FUT7,Q11130,Transferase,0.99940827534
370,Gallic acid,C1=C(C=C(C(=C1O)O)O)C(=O)O,Carbonic anhydrase IV,CA4,P22748,Lyase,0.99940827534
370,Gallic acid,C1=C(C=C(C(=C1O)O)O)C(=O)O,Carbonic anhydrase VB,CA5B,Q9Y2D0,Lyase,0.99940827534
370,Gallic acid,C1=C(C=C(C(=C1O)O)O)C(=O)O,Carbonic anhydrase VA,CA5A,P35218,Lyase,0.99940827534
370,Gallic acid,C1=C(C=C(C(=C1O)O)O)C(=O)O,Carbonic anhydrase XIII   (by homology),CA13,Q8N1Q1,Lyase,0.99940827534
370,Gallic acid,C1=C(C=C(C(=C1O)O)O)C(=O)O,Squalene monooxygenase   (by homology),SQLE,Q14534,Enzyme,0.150097810701
370,Gallic acid,C1=C(C=C(C(=C1O)O)O)C(=O)O,L-lactate dehydrogenase A chain,LDHA,P00338,Enzyme,0.125075959828
370,Gallic acid,C1=C(C=C(C(=C1O)O)O)C(=O)O,L-lactate dehydrogenase B chain,LDHB,P07195,Enzyme,0.125075959828
370,Gallic acid,C1=C(C=C(C(=C1O)O)O)C(=O)O,Transthyretin,TTR,P02766,Secreted protein,0.125075959828
370,Gallic acid,C1=C(C=C(C(=C1O)O)O)C(=O)O,Insulin-like growth factor I receptor,IGF1R,P08069,Kinase,0.125075959828
370,Gallic acid,C1=C(C=C(C(=C1O)O)O)C(=O)O,ALK tyrosine kinase receptor,ALK,Q9UM73,Kinase,0.125075959828
370,Gallic acid,C1=C(C=C(C(=C1O)O)O)C(=O)O,Plasminogen activator inhibitor-1,SERPINE1,P05121,Secreted protein,0.125075959828
370,Gallic acid,C1=C(C=C(C(=C1O)O)O)C(=O)O,Estrogen receptor beta,ESR2,Q92731,Nuclear receptor,0.125075959828
370,Gallic acid,C1=C(C=C(C(=C1O)O)O)C(=O)O,Apoptosis regulator Bcl-X,BCL2L1,Q07817,Other ion channel,0.116739032206
370,Gallic acid,C1=C(C=C(C(=C1O)O)O)C(=O)O,G-protein coupled receptor 35,GPR35,Q9HC97,Family A G protein-coupled receptor,0.116739032206
370,Gallic acid,C1=C(C=C(C(=C1O)O)O)C(=O)O,Catechol O-methyltransferase   (by homology),COMT,P21964,Transferase,0.116739032206
370,Gallic acid,C1=C(C=C(C(=C1O)O)O)C(=O)O,Thiopurine S-methyltransferase,TPMT,P51580,Enzyme,0.116739032206
5280385,Sinapine,C[N+](C)(C)CCOC(=O)C=CC1=CC(=C(C(=C1)OC)O)OC,Monoamine oxidase B,MAOB,P27338,Oxidoreductase,0.119403562123
5280385,Sinapine,C[N+](C)(C)CCOC(=O)C=CC1=CC(=C(C(=C1)OC)O)OC,Hepatocyte growth factor receptor,MET,P08581,Kinase,0.11150186548
5280385,Sinapine,C[N+](C)(C)CCOC(=O)C=CC1=CC(=C(C(=C1)OC)O)OC,Carbonic anhydrase VII,CA7,P43166,Lyase,0.11150186548
5280385,Sinapine,C[N+](C)(C)CCOC(=O)C=CC1=CC(=C(C(=C1)OC)O)OC,Carbonic anhydrase VI,CA6,P23280,Lyase,0.11150186548
5280385,Sinapine,C[N+](C)(C)CCOC(=O)C=CC1=CC(=C(C(=C1)OC)O)OC,Carbonic anhydrase XIV,CA14,Q9ULX7,Lyase,0.11150186548
5280385,Sinapine,C[N+](C)(C)CCOC(=O)C=CC1=CC(=C(C(=C1)OC)O)OC,Carbonic anhydrase IX,CA9,Q16790,Lyase,0.11150186548
5280385,Sinapine,C[N+](C)(C)CCOC(=O)C=CC1=CC(=C(C(=C1)OC)O)OC,Carbonic anhydrase VA,CA5A,P35218,Lyase,0.11150186548
5280385,Sinapine,C[N+](C)(C)CCOC(=O)C=CC1=CC(=C(C(=C1)OC)O)OC,Carbonic anhydrase I,CA1,P00915,Lyase,0.11150186548
5280385,Sinapine,C[N+](C)(C)CCOC(=O)C=CC1=CC(=C(C(=C1)OC)O)OC,Carbonic anhydrase XII,CA12,O43570,Lyase,0.11150186548
5280385,Sinapine,C[N+](C)(C)CCOC(=O)C=CC1=CC(=C(C(=C1)OC)O)OC,Transient receptor potential cation channel subfamily M member 8   (by homology),TRPM8,Q7Z2W7,Voltage-gated ion channel,0.11150186548
5280385,Sinapine,C[N+](C)(C)CCOC(=O)C=CC1=CC(=C(C(=C1)OC)O)OC,Thymidylate synthase,TYMS,P04818,Transferase,0.11150186548
5280385,Sinapine,C[N+](C)(C)CCOC(=O)C=CC1=CC(=C(C(=C1)OC)O)OC,Cyclin-dependent kinase 2/cyclin A,CDK2,P24941,Other cytosolic protein,0.11150186548
5280385,Sinapine,C[N+](C)(C)CCOC(=O)C=CC1=CC(=C(C(=C1)OC)O)OC,Cyclin-dependent kinase 2/cyclin A,CCNA1,P78396,Other cytosolic protein,0.11150186548
5280385,Sinapine,C[N+](C)(C)CCOC(=O)C=CC1=CC(=C(C(=C1)OC)O)OC,Cyclin-dependent kinase 2/cyclin A,CCNA2,P20248,Other cytosolic protein,0.11150186548
5280385,Sinapine,C[N+](C)(C)CCOC(=O)C=CC1=CC(=C(C(=C1)OC)O)OC,Serine/threonine-protein kinase Aurora-A,AURKA,O14965,Kinase,0.11150186548
5280385,Sinapine,C[N+](C)(C)CCOC(=O)C=CC1=CC(=C(C(=C1)OC)O)OC,Carbonic anhydrase XIII   (by homology),CA13,Q8N1Q1,Lyase,0.11150186548
5280385,Sinapine,C[N+](C)(C)CCOC(=O)C=CC1=CC(=C(C(=C1)OC)O)OC,Carbonic anhydrase VB,CA5B,Q9Y2D0,Lyase,0.11150186548
5280385,Sinapine,C[N+](C)(C)CCOC(=O)C=CC1=CC(=C(C(=C1)OC)O)OC,Cyclin-dependent kinase 1/cyclin B,CCNB3,Q8WWL7,Other cytosolic protein,0.11150186548
5280385,Sinapine,C[N+](C)(C)CCOC(=O)C=CC1=CC(=C(C(=C1)OC)O)OC,Cyclin-dependent kinase 1/cyclin B,CDK1,P06493,Other cytosolic protein,0.11150186548
5280385,Sinapine,C[N+](C)(C)CCOC(=O)C=CC1=CC(=C(C(=C1)OC)O)OC,Cyclin-dependent kinase 1/cyclin B,CCNB1,P14635,Other cytosolic protein,0.11150186548
5280385,Sinapine,C[N+](C)(C)CCOC(=O)C=CC1=CC(=C(C(=C1)OC)O)OC,Cyclin-dependent kinase 1/cyclin B,CCNB2,O95067,Other cytosolic protein,0.11150186548
5280385,Sinapine,C[N+](C)(C)CCOC(=O)C=CC1=CC(=C(C(=C1)OC)O)OC,Carbonic anhydrase II,CA2,P00918,Lyase,0.11150186548
5280385,Sinapine,C[N+](C)(C)CCOC(=O)C=CC1=CC(=C(C(=C1)OC)O)OC,Poly [ADP-ribose] polymerase-1,PARP1,P09874,Enzyme,0.11150186548
5280385,Sinapine,C[N+](C)(C)CCOC(=O)C=CC1=CC(=C(C(=C1)OC)O)OC,Tyrosine-protein kinase receptor FLT3,FLT3,P36888,Kinase,0.11150186548
5280385,Sinapine,C[N+](C)(C)CCOC(=O)C=CC1=CC(=C(C(=C1)OC)O)OC,Glucagon receptor,GCGR,P47871,Family B G protein-coupled receptor,0.11150186548
5280385,Sinapine,C[N+](C)(C)CCOC(=O)C=CC1=CC(=C(C(=C1)OC)O)OC,Glutathione S-transferase Pi,GSTP1,P09211,Enzyme,0.11150186548
5280385,Sinapine,C[N+](C)(C)CCOC(=O)C=CC1=CC(=C(C(=C1)OC)O)OC,Glutathione S-transferase Mu 2,GSTM2,P28161,Enzyme,0.11150186548
5280385,Sinapine,C[N+](C)(C)CCOC(=O)C=CC1=CC(=C(C(=C1)OC)O)OC,"Alkaline phosphatase, tissue-nonspecific isozyme",ALPL,P05186,Enzyme,0.11150186548
5280385,Sinapine,C[N+](C)(C)CCOC(=O)C=CC1=CC(=C(C(=C1)OC)O)OC,Beta-adrenergic receptor kinase 2,GRK3,P35626,Kinase,0.11150186548
5280385,Sinapine,C[N+](C)(C)CCOC(=O)C=CC1=CC(=C(C(=C1)OC)O)OC,G-protein coupled receptor kinase 2,GRK2,P25098,Kinase,0.11150186548
5280385,Sinapine,C[N+](C)(C)CCOC(=O)C=CC1=CC(=C(C(=C1)OC)O)OC,G protein-coupled receptor kinase 5,GRK5,P34947,Kinase,0.11150186548
5280385,Sinapine,C[N+](C)(C)CCOC(=O)C=CC1=CC(=C(C(=C1)OC)O)OC,Potassium-transporting ATPase,ATP4B,P51164,Primary active transporter,0.11150186548
5280385,Sinapine,C[N+](C)(C)CCOC(=O)C=CC1=CC(=C(C(=C1)OC)O)OC,Potassium-transporting ATPase,ATP4A,P20648,Primary active transporter,0.11150186548
5280385,Sinapine,C[N+](C)(C)CCOC(=O)C=CC1=CC(=C(C(=C1)OC)O)OC,Rho-associated protein kinase 1,ROCK1,Q13464,Kinase,0.11150186548
5280385,Sinapine,C[N+](C)(C)CCOC(=O)C=CC1=CC(=C(C(=C1)OC)O)OC,cAMP-dependent protein kinase alpha-catalytic subunit,PRKACA,P17612,Kinase,0.11150186548
5280385,Sinapine,C[N+](C)(C)CCOC(=O)C=CC1=CC(=C(C(=C1)OC)O)OC,Fatty acid synthase,FASN,P49327,Transferase,0.11150186548
5280385,Sinapine,C[N+](C)(C)CCOC(=O)C=CC1=CC(=C(C(=C1)OC)O)OC,Cyclin-dependent kinase 2/cyclin E,CCNE2,O96020,Other cytosolic protein,0.11150186548
5280385,Sinapine,C[N+](C)(C)CCOC(=O)C=CC1=CC(=C(C(=C1)OC)O)OC,Cyclin-dependent kinase 2/cyclin E,CDK2,P24941,Other cytosolic protein,0.11150186548
5280385,Sinapine,C[N+](C)(C)CCOC(=O)C=CC1=CC(=C(C(=C1)OC)O)OC,Cyclin-dependent kinase 2/cyclin E,CCNE1,P24864,Other cytosolic protein,0.11150186548
5280385,Sinapine,C[N+](C)(C)CCOC(=O)C=CC1=CC(=C(C(=C1)OC)O)OC,Phosphodiesterase 4B,PDE4B,Q07343,Phosphodiesterase,0.11150186548
5280385,Sinapine,C[N+](C)(C)CCOC(=O)C=CC1=CC(=C(C(=C1)OC)O)OC,Vascular endothelial growth factor receptor 2,KDR,P35968,Kinase,0.11150186548
5280385,Sinapine,C[N+](C)(C)CCOC(=O)C=CC1=CC(=C(C(=C1)OC)O)OC,C-C chemokine receptor type 4,CCR4,P51679,Family A G protein-coupled receptor,0.11150186548
5280385,Sinapine,C[N+](C)(C)CCOC(=O)C=CC1=CC(=C(C(=C1)OC)O)OC,Nerve growth factor receptor Trk-A,NTRK1,P04629,Kinase,0.11150186548
5280385,Sinapine,C[N+](C)(C)CCOC(=O)C=CC1=CC(=C(C(=C1)OC)O)OC,Caspase-3,CASP3,P42574,Protease,0.11150186548
5280385,Sinapine,C[N+](C)(C)CCOC(=O)C=CC1=CC(=C(C(=C1)OC)O)OC,Caspase-7,CASP7,P55210,Protease,0.11150186548
5280385,Sinapine,C[N+](C)(C)CCOC(=O)C=CC1=CC(=C(C(=C1)OC)O)OC,Heat shock protein HSP 90-beta,HSP90AB1,P08238,Other cytosolic protein,0.11150186548
5280385,Sinapine,C[N+](C)(C)CCOC(=O)C=CC1=CC(=C(C(=C1)OC)O)OC,Tyrosine-protein kinase BRK,PTK6,Q13882,Kinase,0.11150186548
5280385,Sinapine,C[N+](C)(C)CCOC(=O)C=CC1=CC(=C(C(=C1)OC)O)OC,ADAMTS5,ADAMTS5,Q9UNA0,Protease,0.11150186548
5280385,Sinapine,C[N+](C)(C)CCOC(=O)C=CC1=CC(=C(C(=C1)OC)O)OC,Beta secretase 2,BACE2,Q9Y5Z0,Protease,0.11150186548
5280385,Sinapine,C[N+](C)(C)CCOC(=O)C=CC1=CC(=C(C(=C1)OC)O)OC,Serine/threonine-protein kinase PLK1,PLK1,P53350,Kinase,0.11150186548
5280385,Sinapine,C[N+](C)(C)CCOC(=O)C=CC1=CC(=C(C(=C1)OC)O)OC,Cytochrome P450 11B1,CYP11B1,P15538,Cytochrome P450,0.11150186548
5280385,Sinapine,C[N+](C)(C)CCOC(=O)C=CC1=CC(=C(C(=C1)OC)O)OC,Serine/threonine-protein kinase PIM1,PIM1,P11309,Kinase,0.11150186548
5280385,Sinapine,C[N+](C)(C)CCOC(=O)C=CC1=CC(=C(C(=C1)OC)O)OC,Cytochrome P450 11B2,CYP11B2,P19099,Cytochrome P450,0.11150186548
5280385,Sinapine,C[N+](C)(C)CCOC(=O)C=CC1=CC(=C(C(=C1)OC)O)OC,Ribosomal protein S6 kinase alpha 3,RPS6KA3,P51812,Kinase,0.11150186548
5280385,Sinapine,C[N+](C)(C)CCOC(=O)C=CC1=CC(=C(C(=C1)OC)O)OC,Phosphodiesterase 7A,PDE7A,Q13946,Phosphodiesterase,0.11150186548
5280385,Sinapine,C[N+](C)(C)CCOC(=O)C=CC1=CC(=C(C(=C1)OC)O)OC,Sodium/glucose cotransporter 2,SLC5A2,P31639,Electrochemical transporter,0.11150186548
5280385,Sinapine,C[N+](C)(C)CCOC(=O)C=CC1=CC(=C(C(=C1)OC)O)OC,TGF-beta receptor type I,TGFBR1,P36897,Kinase,0.11150186548
5280385,Sinapine,C[N+](C)(C)CCOC(=O)C=CC1=CC(=C(C(=C1)OC)O)OC,c-Jun N-terminal kinase 1,MAPK8,P45983,Kinase,0.11150186548
5280385,Sinapine,C[N+](C)(C)CCOC(=O)C=CC1=CC(=C(C(=C1)OC)O)OC,Cystic fibrosis transmembrane conductance regulator,CFTR,P13569,Other ion channel,0.11150186548
5280385,Sinapine,C[N+](C)(C)CCOC(=O)C=CC1=CC(=C(C(=C1)OC)O)OC,Hematopoietic prostaglandin D synthase,HPGDS,O60760,Transferase,0.11150186548
5280385,Sinapine,C[N+](C)(C)CCOC(=O)C=CC1=CC(=C(C(=C1)OC)O)OC,Interleukin-1 receptor-associated kinase 4,IRAK4,Q9NWZ3,Kinase,0.11150186548
5280385,Sinapine,C[N+](C)(C)CCOC(=O)C=CC1=CC(=C(C(=C1)OC)O)OC,Cathepsin L,CTSL,P07711,Protease,0.11150186548
5280385,Sinapine,C[N+](C)(C)CCOC(=O)C=CC1=CC(=C(C(=C1)OC)O)OC,Serine/threonine-protein kinase 17B,STK17B,O94768,Kinase,0.11150186548
5280385,Sinapine,C[N+](C)(C)CCOC(=O)C=CC1=CC(=C(C(=C1)OC)O)OC,Cathepsin (B and K),CTSB,P07858,Protease,0.11150186548
5280385,Sinapine,C[N+](C)(C)CCOC(=O)C=CC1=CC(=C(C(=C1)OC)O)OC,1-acylglycerol-3-phosphate O-acyltransferase beta,AGPAT2,O15120,Enzyme,0.11150186548
5280385,Sinapine,C[N+](C)(C)CCOC(=O)C=CC1=CC(=C(C(=C1)OC)O)OC,Acetyl-CoA carboxylase 2,ACACB,O00763,Ligase,0.11150186548
5280385,Sinapine,C[N+](C)(C)CCOC(=O)C=CC1=CC(=C(C(=C1)OC)O)OC,Cyclin-dependent kinase 5/CDK5 activator 1,CDK5R1,Q15078,Kinase,0.11150186548
5280385,Sinapine,C[N+](C)(C)CCOC(=O)C=CC1=CC(=C(C(=C1)OC)O)OC,Cyclin-dependent kinase 5/CDK5 activator 1,CDK5,Q00535,Kinase,0.11150186548
5280385,Sinapine,C[N+](C)(C)CCOC(=O)C=CC1=CC(=C(C(=C1)OC)O)OC,Cyclin-dependent kinase 2,CDK2,P24941,Kinase,0.11150186548
5280385,Sinapine,C[N+](C)(C)CCOC(=O)C=CC1=CC(=C(C(=C1)OC)O)OC,Cyclin-dependent kinase 1,CDK1,P06493,Kinase,0.11150186548
5280385,Sinapine,C[N+](C)(C)CCOC(=O)C=CC1=CC(=C(C(=C1)OC)O)OC,Ectonucleotide pyrophosphatase/phosphodiesterase family member 1,ENPP1,P22413,Enzyme,0.11150186548
5280385,Sinapine,C[N+](C)(C)CCOC(=O)C=CC1=CC(=C(C(=C1)OC)O)OC,Serine/threonine-protein kinase mTOR,MTOR,P42345,Kinase,0.11150186548
5280385,Sinapine,C[N+](C)(C)CCOC(=O)C=CC1=CC(=C(C(=C1)OC)O)OC,Dual specificity protein kinase CLK4,CLK4,Q9HAZ1,Kinase,0.11150186548
5280385,Sinapine,C[N+](C)(C)CCOC(=O)C=CC1=CC(=C(C(=C1)OC)O)OC,Dual specificity protein kinase CLK3   (by homology),CLK3,P49761,Kinase,0.11150186548
5280385,Sinapine,C[N+](C)(C)CCOC(=O)C=CC1=CC(=C(C(=C1)OC)O)OC,Protein tyrosine kinase 2 beta,PTK2B,Q14289,Kinase,0.11150186548
5280385,Sinapine,C[N+](C)(C)CCOC(=O)C=CC1=CC(=C(C(=C1)OC)O)OC,Bcl-2-related protein A1,BCL2A1,Q16548,Unclassified protein,0.11150186548
5280385,Sinapine,C[N+](C)(C)CCOC(=O)C=CC1=CC(=C(C(=C1)OC)O)OC,Serine/threonine-protein kinase Aurora-B,AURKB,Q96GD4,Kinase,0.11150186548
5280385,Sinapine,C[N+](C)(C)CCOC(=O)C=CC1=CC(=C(C(=C1)OC)O)OC,Focal adhesion kinase 1,PTK2,Q05397,Kinase,0.11150186548
5280385,Sinapine,C[N+](C)(C)CCOC(=O)C=CC1=CC(=C(C(=C1)OC)O)OC,Cyclin-dependent kinase 4,CDK4,P11802,Kinase,0.11150186548
5280385,Sinapine,C[N+](C)(C)CCOC(=O)C=CC1=CC(=C(C(=C1)OC)O)OC,Phosphodiesterase 10A,PDE10A,Q9Y233,Phosphodiesterase,0.11150186548
5280385,Sinapine,C[N+](C)(C)CCOC(=O)C=CC1=CC(=C(C(=C1)OC)O)OC,Cathepsin D,CTSD,P07339,Protease,0.11150186548
5280385,Sinapine,C[N+](C)(C)CCOC(=O)C=CC1=CC(=C(C(=C1)OC)O)OC,Glycogen synthase kinase-3 alpha,GSK3A,P49840,Kinase,0.11150186548
5280385,Sinapine,C[N+](C)(C)CCOC(=O)C=CC1=CC(=C(C(=C1)OC)O)OC,Ribosomal protein S6 kinase alpha 2,RPS6KA2,Q15349,Kinase,0.11150186548
5280385,Sinapine,C[N+](C)(C)CCOC(=O)C=CC1=CC(=C(C(=C1)OC)O)OC,Hypoxia-inducible factor 1 alpha,HIF1A,Q16665,Transcription factor,0.11150186548
5280385,Sinapine,C[N+](C)(C)CCOC(=O)C=CC1=CC(=C(C(=C1)OC)O)OC,MAP kinase-activated protein kinase 2,MAPKAPK2,P49137,Kinase,0.11150186548
5280385,Sinapine,C[N+](C)(C)CCOC(=O)C=CC1=CC(=C(C(=C1)OC)O)OC,CDK2/Cyclin A,CCNA2,P20248,Kinase,0.11150186548
5280385,Sinapine,C[N+](C)(C)CCOC(=O)C=CC1=CC(=C(C(=C1)OC)O)OC,CDK2/Cyclin A,CDK2,P24941,Kinase,0.11150186548
5280385,Sinapine,C[N+](C)(C)CCOC(=O)C=CC1=CC(=C(C(=C1)OC)O)OC,PI3-kinase p110-alpha subunit,PIK3CA,P42336,Enzyme,0.11150186548
5280385,Sinapine,C[N+](C)(C)CCOC(=O)C=CC1=CC(=C(C(=C1)OC)O)OC,Tyrosine-protein kinase receptor UFO,AXL,P30530,Kinase,0.11150186548
5280385,Sinapine,C[N+](C)(C)CCOC(=O)C=CC1=CC(=C(C(=C1)OC)O)OC,Phosphodiesterase 5A,PDE5A,O76074,Phosphodiesterase,0.11150186548
5280385,Sinapine,C[N+](C)(C)CCOC(=O)C=CC1=CC(=C(C(=C1)OC)O)OC,Sterol regulatory element-binding protein 2,SREBF2,Q12772,Unclassified protein,0.11150186548
5280385,Sinapine,C[N+](C)(C)CCOC(=O)C=CC1=CC(=C(C(=C1)OC)O)OC,Aldehyde dehydrogenase,ALDH2,P05091,Oxidoreductase,0.11150186548
5280385,Sinapine,C[N+](C)(C)CCOC(=O)C=CC1=CC(=C(C(=C1)OC)O)OC,Dual specificity phosphatase Cdc25C,CDC25C,P30307,Phosphatase,0.11150186548
5280385,Sinapine,C[N+](C)(C)CCOC(=O)C=CC1=CC(=C(C(=C1)OC)O)OC,Phosphodiesterase 2A,PDE2A,O00408,Phosphodiesterase,0.11150186548
5280385,Sinapine,C[N+](C)(C)CCOC(=O)C=CC1=CC(=C(C(=C1)OC)O)OC,Urokinase-type plasminogen activator,PLAU,P00749,Protease,0.11150186548
5280385,Sinapine,C[N+](C)(C)CCOC(=O)C=CC1=CC(=C(C(=C1)OC)O)OC,Dual specificity phosphatase Cdc25A,CDC25A,P30304,Phosphatase,0.11150186548
5280385,Sinapine,C[N+](C)(C)CCOC(=O)C=CC1=CC(=C(C(=C1)OC)O)OC,Dual specificity phosphatase Cdc25B,CDC25B,P30305,Phosphatase,0.11150186548
5280385,Sinapine,C[N+](C)(C)CCOC(=O)C=CC1=CC(=C(C(=C1)OC)O)OC,Acyl-CoA desaturase   (by homology),SCD,O00767,Enzyme,0.11150186548
5280385,Sinapine,C[N+](C)(C)CCOC(=O)C=CC1=CC(=C(C(=C1)OC)O)OC,Adenosine A1 receptor,ADORA1,P30542,Family A G protein-coupled receptor,0.11150186548
5280385,Sinapine,C[N+](C)(C)CCOC(=O)C=CC1=CC(=C(C(=C1)OC)O)OC,Tyrosine-protein kinase ABL,ABL1,P00519,Kinase,0.11150186548
5280385,Sinapine,C[N+](C)(C)CCOC(=O)C=CC1=CC(=C(C(=C1)OC)O)OC,Platelet-derived growth factor receptor beta,PDGFRB,P09619,Kinase,0.11150186548
5280385,Sinapine,C[N+](C)(C)CCOC(=O)C=CC1=CC(=C(C(=C1)OC)O)OC,GABA receptor alpha-1 subunit   (by homology),GABRA1,P14867,Ligand-gated ion channel,0.11150186548
5280385,Sinapine,C[N+](C)(C)CCOC(=O)C=CC1=CC(=C(C(=C1)OC)O)OC,"6-phosphofructo-2-kinase/fructose-2,6-bisphosphatase 3",PFKFB3,Q16875,Enzyme,0.11150186548
5280385,Sinapine,C[N+](C)(C)CCOC(=O)C=CC1=CC(=C(C(=C1)OC)O)OC,Liver glycogen phosphorylase,PYGL,P06737,Enzyme,0.11150186548
5280385,Sinapine,C[N+](C)(C)CCOC(=O)C=CC1=CC(=C(C(=C1)OC)O)OC,Tyrosine-protein kinase SRC,SRC,P12931,Kinase,0.11150186548
5280385,Sinapine,C[N+](C)(C)CCOC(=O)C=CC1=CC(=C(C(=C1)OC)O)OC,Mannose-6-phosphate isomerase,MPI,P34949,Isomerase,0.11150186548
5280385,Sinapine,C[N+](C)(C)CCOC(=O)C=CC1=CC(=C(C(=C1)OC)O)OC,Tyrosine-protein kinase JAK1,JAK1,P23458,Kinase,0.11150186548
5280385,Sinapine,C[N+](C)(C)CCOC(=O)C=CC1=CC(=C(C(=C1)OC)O)OC,Tyrosine-protein kinase JAK2,JAK2,O60674,Kinase,0.11150186548
5280385,Sinapine,C[N+](C)(C)CCOC(=O)C=CC1=CC(=C(C(=C1)OC)O)OC,PI3-kinase p110-delta subunit,PIK3CD,O00329,Enzyme,0.11150186548
5280385,Sinapine,C[N+](C)(C)CCOC(=O)C=CC1=CC(=C(C(=C1)OC)O)OC,DNA-dependent protein kinase,PRKDC,P78527,Kinase,0.11150186548
2266,Azelaic acid,C(CCCC(=O)O)CCCC(=O)O,Fatty acid binding protein adipocyte,FABP4,P15090,Fatty acid binding protein family,0.291515947996
2266,Azelaic acid,C(CCCC(=O)O)CCCC(=O)O,Fatty acid binding protein muscle,FABP3,P05413,Fatty acid binding protein family,0.291515947996
2266,Azelaic acid,C(CCCC(=O)O)CCCC(=O)O,Fatty acid binding protein epidermal,FABP5,Q01469,Fatty acid binding protein family,0.291515947996
2266,Azelaic acid,C(CCCC(=O)O)CCCC(=O)O,Peroxisome proliferator-activated receptor delta,PPARD,Q03181,Nuclear receptor,0.291515947996
2266,Azelaic acid,C(CCCC(=O)O)CCCC(=O)O,Free fatty acid receptor 1,FFAR1,O14842,Family A G protein-coupled receptor,0.291515947996
2266,Azelaic acid,C(CCCC(=O)O)CCCC(=O)O,Fatty acid binding protein intestinal,FABP2,P12104,Fatty acid binding protein family,0.291515947996
2266,Azelaic acid,C(CCCC(=O)O)CCCC(=O)O,Peroxisome proliferator-activated receptor alpha,PPARA,Q07869,Nuclear receptor,0.247609536223
2266,Azelaic acid,C(CCCC(=O)O)CCCC(=O)O,11-beta-hydroxysteroid dehydrogenase 1,HSD11B1,P28845,Enzyme,0.203652489577
2266,Azelaic acid,C(CCCC(=O)O)CCCC(=O)O,Androgen Receptor,AR,P10275,Nuclear receptor,0.150923844771
2266,Azelaic acid,C(CCCC(=O)O)CCCC(=O)O,Vitamin D receptor,VDR,P11473,Nuclear receptor,0.150923844771
2266,Azelaic acid,C(CCCC(=O)O)CCCC(=O)O,Bile acid receptor FXR,NR1H4,Q96RI1,Nuclear receptor,0.150923844771
2266,Azelaic acid,C(CCCC(=O)O)CCCC(=O)O,DNA polymerase beta   (by homology),POLB,P06746,Enzyme,0.150923844771
2266,Azelaic acid,C(CCCC(=O)O)CCCC(=O)O,Dual specificity phosphatase Cdc25A,CDC25A,P30304,Phosphatase,0.150923844771
2266,Azelaic acid,C(CCCC(=O)O)CCCC(=O)O,G-protein coupled bile acid receptor 1,GPBAR1,Q8TDU6,Family A G protein-coupled receptor,0.150923844771
2266,Azelaic acid,C(CCCC(=O)O)CCCC(=O)O,Solute carrier family 22 member 6,SLC22A6,Q4U2R8,Electrochemical transporter,0.142119372689
2266,Azelaic acid,C(CCCC(=O)O)CCCC(=O)O,UDP-glucuronosyltransferase 2B7,UGT2B7,P16662,Enzyme,0.115730507322
2266,Azelaic acid,C(CCCC(=O)O)CCCC(=O)O,Cytochrome P450 19A1,CYP19A1,P11511,Cytochrome P450,0.115730507322
2266,Azelaic acid,C(CCCC(=O)O)CCCC(=O)O,Corticosteroid binding globulin,SERPINA6,P08185,Secreted protein,0.115730507322
2266,Azelaic acid,C(CCCC(=O)O)CCCC(=O)O,Testis-specific androgen-binding protein,SHBG,P04278,Secreted protein,0.115730507322
2266,Azelaic acid,C(CCCC(=O)O)CCCC(=O)O,Estradiol 17-beta-dehydrogenase 3,HSD17B3,P37058,Enzyme,0.115730507322
2266,Azelaic acid,C(CCCC(=O)O)CCCC(=O)O,Glucose-6-phosphate 1-dehydrogenase,G6PD,P11413,Enzyme,0.115730507322
2266,Azelaic acid,C(CCCC(=O)O)CCCC(=O)O,GABA-B receptor   (by homology),GABBR1,Q9UBS5,Family C G protein-coupled receptor,0.115730507322
2266,Azelaic acid,C(CCCC(=O)O)CCCC(=O)O,Lysine-specific demethylase 2A,KDM2A,Q9Y2K7,Eraser,0.106926671721
2266,Azelaic acid,C(CCCC(=O)O)CCCC(=O)O,Lysine-specific demethylase 5C,KDM5C,P41229,Eraser,0.106926671721
2266,Azelaic acid,C(CCCC(=O)O)CCCC(=O)O,Prostanoid FP receptor,PTGFR,P43088,Family A G protein-coupled receptor,0.0981627197783
2266,Azelaic acid,C(CCCC(=O)O)CCCC(=O)O,Niemann-Pick C1-like protein 1,NPC1L1,Q9UHC9,Other membrane protein,0.0981627197783
2266,Azelaic acid,C(CCCC(=O)O)CCCC(=O)O,GABA A receptor alpha-2/beta-2/gamma-2,GABRA2,P47869,Ligand-gated ion channel,0.0981627197783
2266,Azelaic acid,C(CCCC(=O)O)CCCC(=O)O,GABA A receptor alpha-2/beta-2/gamma-2,GABRB2,P47870,Ligand-gated ion channel,0.0981627197783
2266,Azelaic acid,C(CCCC(=O)O)CCCC(=O)O,GABA A receptor alpha-2/beta-2/gamma-2,GABRG2,P18507,Ligand-gated ion channel,0.0981627197783
2266,Azelaic acid,C(CCCC(=O)O)CCCC(=O)O,Aldo-keto reductase family 1 member B10,AKR1B10,O60218,Enzyme,0.0893704742941
2266,Azelaic acid,C(CCCC(=O)O)CCCC(=O)O,11-beta-hydroxysteroid dehydrogenase 2,HSD11B2,P80365,Enzyme,0.0893704742941
2266,Azelaic acid,C(CCCC(=O)O)CCCC(=O)O,Histone lysine demethylase PHF8,PHF8,Q9UPP1,Eraser,0.080569968052
2266,Azelaic acid,C(CCCC(=O)O)CCCC(=O)O,Carbonic anhydrase II,CA2,P00918,Lyase,0.080569968052
2266,Azelaic acid,C(CCCC(=O)O)CCCC(=O)O,Carbonic anhydrase I,CA1,P00915,Lyase,0.080569968052
2266,Azelaic acid,C(CCCC(=O)O)CCCC(=O)O,Protein farnesyltransferase,FNTA,P49354,Enzyme,0.080569968052
2266,Azelaic acid,C(CCCC(=O)O)CCCC(=O)O,Protein farnesyltransferase,FNTB,P49356,Enzyme,0.080569968052
2266,Azelaic acid,C(CCCC(=O)O)CCCC(=O)O,Plasminogen,PLG,P00747,Protease,0.080569968052
2266,Azelaic acid,C(CCCC(=O)O)CCCC(=O)O,Glutamate carboxypeptidase II,FOLH1,Q04609,Protease,0.0717871625222
2266,Azelaic acid,C(CCCC(=O)O)CCCC(=O)O,Prostanoid EP2 receptor,PTGER2,P43116,Family A G protein-coupled receptor,0.0717871625222
2266,Azelaic acid,C(CCCC(=O)O)CCCC(=O)O,CDC45-related protein,CDC45,O75419,Other nuclear protein,0.0717871625222
2266,Azelaic acid,C(CCCC(=O)O)CCCC(=O)O,Leukotriene A4 hydrolase,LTA4H,P09960,Protease,0.0717871625222
2266,Azelaic acid,C(CCCC(=O)O)CCCC(=O)O,Mast cell carboxypeptidase A,CPA3,P15088,Protease,0.0717871625222
2266,Azelaic acid,C(CCCC(=O)O)CCCC(=O)O,Renin,REN,P00797,Protease,0.0717871625222
2266,Azelaic acid,C(CCCC(=O)O)CCCC(=O)O,Hydroxyacid oxidase 1,HAO1,Q9UJM8,Enzyme,0.0717871625222
2266,Azelaic acid,C(CCCC(=O)O)CCCC(=O)O,Voltage-gated calcium channel alpha2/delta subunit 1,CACNA2D1,P54289,Calcium channel auxiliary subunit alpha2delta family,0.0717871625222
2266,Azelaic acid,C(CCCC(=O)O)CCCC(=O)O,Angiotensin-converting enzyme,ACE,P12821,Protease,0.0717871625222
2266,Azelaic acid,C(CCCC(=O)O)CCCC(=O)O,Neuronal acetylcholine receptor protein alpha-7 subunit,CHRNA7,P36544,Ligand-gated ion channel,0.0717871625222
2266,Azelaic acid,C(CCCC(=O)O)CCCC(=O)O,Kynurenine 3-monooxygenase   (by homology),KMO,O15229,Oxidoreductase,0.0717871625222
2266,Azelaic acid,C(CCCC(=O)O)CCCC(=O)O,Glutathione S-transferase kappa 1,GSTK1,Q9Y2Q3,Enzyme,0.0717871625222
2266,Azelaic acid,C(CCCC(=O)O)CCCC(=O)O,Protein-tyrosine phosphatase 1B,PTPN1,P18031,Phosphatase,0.0717871625222
2266,Azelaic acid,C(CCCC(=O)O)CCCC(=O)O,Farnesyl diphosphate synthase,FDPS,P14324,Transferase,0.0717871625222
2266,Azelaic acid,C(CCCC(=O)O)CCCC(=O)O,Aldose reductase   (by homology),AKR1B1,P15121,Enzyme,0.0717871625222
2266,Azelaic acid,C(CCCC(=O)O)CCCC(=O)O,Egl nine homolog 3,EGLN3,Q9H6Z9,Enzyme,0.0717871625222
2266,Azelaic acid,C(CCCC(=O)O)CCCC(=O)O,Metabotropic glutamate receptor 5,GRM5,P41594,Family C G protein-coupled receptor,0.0717871625222
2266,Azelaic acid,C(CCCC(=O)O)CCCC(=O)O,Prostaglandin E synthase,PTGES,O14684,Enzyme,0.0717871625222
2266,Azelaic acid,C(CCCC(=O)O)CCCC(=O)O,Squalene synthetase   (by homology),FDFT1,P37268,Enzyme,0.0717871625222
2266,Azelaic acid,C(CCCC(=O)O)CCCC(=O)O,Aryl hydrocarbon receptor,AHR,P35869,Transcription factor,0.0717871625222
2266,Azelaic acid,C(CCCC(=O)O)CCCC(=O)O,G protein-coupled receptor 44,PTGDR2,Q9Y5Y4,Family A G protein-coupled receptor,0.0717871625222
2266,Azelaic acid,C(CCCC(=O)O)CCCC(=O)O,Endothelin receptor ET-B,EDNRB,P24530,Family A G protein-coupled receptor,0.0717871625222
2266,Azelaic acid,C(CCCC(=O)O)CCCC(=O)O,Endothelin receptor ET-A,EDNRA,P25101,Family A G protein-coupled receptor,0.0717871625222
2266,Azelaic acid,C(CCCC(=O)O)CCCC(=O)O,Leukocyte common antigen,PTPRC,P08575,Enzyme,0.0717871625222
444212,trans-Aconitic acid,C(C(=CC(=O)O)C(=O)O)C(=O)O,Indolethylamine N-methyltransferase,INMT,O95050,Enzyme,0.116739032206
444212,trans-Aconitic acid,C(C(=CC(=O)O)C(=O)O)C(=O)O,Protein farnesyltransferase,FNTA,P49354,Enzyme,0.116739032206
444212,trans-Aconitic acid,C(C(=CC(=O)O)C(=O)O)C(=O)O,Protein farnesyltransferase,FNTB,P49356,Enzyme,0.116739032206
