id.exposure,id.outcome,outcome,exposure,method,nsnp,b,se,pval,fdr
A0FGR8,J10_PNEUMOBACT,Bacterial pneumoniae,ESYT2,Inverse variance weighted (multiplicative random effects),11,0.0113861795326309,0.0361422985427124,0.752733178313389,0.982192525711987
A1E959,J10_PNEUMOBACT,Bacterial pneumoniae,ODAM,Inverse variance weighted (multiplicative random effects),7,0.023830290885445,0.0189796326720299,0.20927127379374,0.792702088569202
A1KZ92,J10_PNEUMOBACT,Bacterial pneumoniae,PXDNL,Inverse variance weighted (multiplicative random effects),9,-0.0135095584609541,0.039215508388659,0.730473827469143,0.979810469735302
A1L4H1,J10_PNEUMOBACT,Bacterial pneumoniae,SSC5D,Inverse variance weighted (multiplicative random effects),52,0.0080897091654791,0.0187375199720958,0.665931466733773,0.97303717632421
A2VDF0,J10_PNEUMOBACT,Bacterial pneumoniae,FUOM,Inverse variance weighted (multiplicative random effects),12,0.0360006857576159,0.0567743996028966,0.526015114856399,0.937020989143648
A6BM72,J10_PNEUMOBACT,Bacterial pneumoniae,MEGF11,Inverse variance weighted (multiplicative random effects),4,-0.120820525942099,0.0303296494465588,6.78853605220416e-05,0.00883707663736929
A6NC86,J10_PNEUMOBACT,Bacterial pneumoniae,PINLYP,Inverse variance weighted (multiplicative random effects),55,0.0244582836663239,0.0127068844697709,0.0542536705482958,0.513091337279396
A6NFN3,J10_PNEUMOBACT,Bacterial pneumoniae,RBFOX3,Inverse variance weighted (multiplicative random effects),5,-0.220978384248068,0.102008621264141,0.0302904348053858,0.403306184452942
A6NGG8,J10_PNEUMOBACT,Bacterial pneumoniae,PCARE,Inverse variance weighted (multiplicative random effects),3,0.0562551407736916,0.0225482642441275,0.0126000878302008,0.260598078207798
A6NHS7,J10_PNEUMOBACT,Bacterial pneumoniae,MANSC4,Inverse variance weighted (multiplicative random effects),40,-0.0290195043397785,0.0170300463702315,0.0883777378358683,0.606743196301947
A6NI73,J10_PNEUMOBACT,Bacterial pneumoniae,LILRA5,Inverse variance weighted (multiplicative random effects),33,0.00705358704568087,0.0302593547891547,0.81568038185055,0.987360662705468
A6NM11,J10_PNEUMOBACT,Bacterial pneumoniae,LRRC37A2,Inverse variance weighted (multiplicative random effects),46,0.00653865378769092,0.0138690815817672,0.637315542297029,0.965352015813364
A8MVW5,J10_PNEUMOBACT,Bacterial pneumoniae,HEPACAM2,Inverse variance weighted (multiplicative random effects),77,0.00285605941277781,0.0166896169431331,0.864123183650118,0.990831401770835
B1AKI9,J10_PNEUMOBACT,Bacterial pneumoniae,ISM1,Inverse variance weighted (multiplicative random effects),18,0.0308502819802489,0.0263899223982047,0.242396567399662,0.808203896371493
E2RYF7,J10_PNEUMOBACT,Bacterial pneumoniae,HCG22,Inverse variance weighted (multiplicative random effects),14,0.0230610101143452,0.0228661768719665,0.313204609750577,0.86376707460814
I3L3R5,J10_PNEUMOBACT,Bacterial pneumoniae,CCER2,Inverse variance weighted (multiplicative random effects),34,0.0134412365764123,0.0188957946566198,0.476876782952314,0.924915267899623
O00161,J10_PNEUMOBACT,Bacterial pneumoniae,SNAP23,Inverse variance weighted (multiplicative random effects),8,0.0592353781576114,0.0636737040035731,0.352217961965259,0.893989599740328
O00175,J10_PNEUMOBACT,Bacterial pneumoniae,CCL24,Inverse variance weighted (multiplicative random effects),58,0.000987434381196877,0.0102362010687808,0.923151328778877,0.991408010221534
O00182,J10_PNEUMOBACT,Bacterial pneumoniae,LGALS9,Inverse variance weighted (multiplicative random effects),32,0.0673661109973912,0.0259631626806987,0.00946788950844548,0.216004530744225
O00194,J10_PNEUMOBACT,Bacterial pneumoniae,RAB27B,Inverse variance weighted (multiplicative random effects),8,0.00189518903330287,0.0620597208343555,0.975637868650713,0.996771625970461
O00203,J10_PNEUMOBACT,Bacterial pneumoniae,AP3B1,Inverse variance weighted (multiplicative random effects),6,0.0508141037268251,0.0760510112894625,0.504032640257803,0.936479549622861
O00206,J10_PNEUMOBACT,Bacterial pneumoniae,TLR4,Inverse variance weighted (multiplicative random effects),4,-0.0998008663273056,0.0167542244039618,2.57290224572165e-09,9.48972111630336e-07
O00214,J10_PNEUMOBACT,Bacterial pneumoniae,LGALS8,Inverse variance weighted (multiplicative random effects),18,0.0207965319400546,0.0372626716711548,0.576771796580352,0.95635796126723
O00220,J10_PNEUMOBACT,Bacterial pneumoniae,TNFRSF10A,Inverse variance weighted (multiplicative random effects),24,0.0225104913973522,0.0187972689282761,0.231095939924958,0.800859048079288
O00221,J10_PNEUMOBACT,Bacterial pneumoniae,NFKBIE,Inverse variance weighted (multiplicative random effects),4,0.0594149600003686,0.0289717964823778,0.0402877734369765,0.443566381174274
O00233,J10_PNEUMOBACT,Bacterial pneumoniae,PSMD9,Inverse variance weighted (multiplicative random effects),3,-0.023356732179724,0.0925727298856253,0.800803907985445,0.987360662705468
O00241,J10_PNEUMOBACT,Bacterial pneumoniae,SIRPB1,Inverse variance weighted (multiplicative random effects),39,0.00126343992640685,0.0173373954497729,0.941906633125958,0.993903793863151
O00244,J10_PNEUMOBACT,Bacterial pneumoniae,ATOX1,Inverse variance weighted (multiplicative random effects),12,0.0236673279524848,0.0445042187191717,0.59486476499103,0.957005067361193
O00253,J10_PNEUMOBACT,Bacterial pneumoniae,AGRP,Inverse variance weighted (multiplicative random effects),29,-0.0356662978328617,0.0435558267499158,0.412864020305892,0.914605207599282
O00273,J10_PNEUMOBACT,Bacterial pneumoniae,DFFA,Inverse variance weighted (multiplicative random effects),7,0.0444950636055755,0.0913057329993488,0.62603193513163,0.96222145426417
O00292,J10_PNEUMOBACT,Bacterial pneumoniae,LEFTY2,Inverse variance weighted (multiplicative random effects),37,0.017836580636224,0.0166861018763498,0.285092955297317,0.83773367428949
O00300,J10_PNEUMOBACT,Bacterial pneumoniae,TNFRSF11B,Inverse variance weighted (multiplicative random effects),40,0.0136404903732345,0.0262114098217546,0.602782877275772,0.957005067361193
O00308,J10_PNEUMOBACT,Bacterial pneumoniae,WWP2,Inverse variance weighted (multiplicative random effects),8,0.0255457823062561,0.034632514243917,0.460742815738378,0.923618363691569
O00339,J10_PNEUMOBACT,Bacterial pneumoniae,MATN2,Inverse variance weighted (multiplicative random effects),28,-0.00246774198599519,0.0174837997987556,0.887755798390012,0.991408010221534
O00391,J10_PNEUMOBACT,Bacterial pneumoniae,QSOX1,Inverse variance weighted (multiplicative random effects),21,0.0267509616535586,0.0186515516894661,0.151501336304834,0.733301789789463
O00399,J10_PNEUMOBACT,Bacterial pneumoniae,DCTN6,Inverse variance weighted (multiplicative random effects),4,0.0295227246574913,0.0332984201105469,0.375288707493752,0.910312384700098
O00401,J10_PNEUMOBACT,Bacterial pneumoniae,WASL,Inverse variance weighted (multiplicative random effects),6,0.126753011664249,0.109983477580678,0.249126671490056,0.811534072946758
O00451,J10_PNEUMOBACT,Bacterial pneumoniae,GFRA2,Inverse variance weighted (multiplicative random effects),27,0.0159147254481559,0.0253541054259012,0.530201687751644,0.938872330294609
O00468,J10_PNEUMOBACT,Bacterial pneumoniae,AGRN,Inverse variance weighted (multiplicative random effects),22,-0.0143763192146572,0.0204379404697408,0.481798218475298,0.928867634429105
O00533,J10_PNEUMOBACT,Bacterial pneumoniae,CHL1,Inverse variance weighted (multiplicative random effects),25,-0.00673044470976089,0.0287139684886221,0.814677419016367,0.987360662705468
O00548,J10_PNEUMOBACT,Bacterial pneumoniae,DLL1,Inverse variance weighted (multiplicative random effects),22,0.0291734438157429,0.0349508497750444,0.403887132990485,0.914605207599282
O00559,J10_PNEUMOBACT,Bacterial pneumoniae,EBAG9,Inverse variance weighted (multiplicative random effects),7,0.0673970255456827,0.0806620484490076,0.40340914709157,0.914605207599282
O00584,J10_PNEUMOBACT,Bacterial pneumoniae,RNASET2,Inverse variance weighted (multiplicative random effects),49,-0.00687414723174377,0.0159489841167282,0.666462212317465,0.97303717632421
O00585,J10_PNEUMOBACT,Bacterial pneumoniae,CCL21,Inverse variance weighted (multiplicative random effects),27,-0.00138173524470913,0.0341724291405208,0.967746955303868,0.996572679230728
O00592,J10_PNEUMOBACT,Bacterial pneumoniae,PODXL,Inverse variance weighted (multiplicative random effects),24,-0.012839217181381,0.0194449573477164,0.509070838062381,0.936790310748483
O00602,J10_PNEUMOBACT,Bacterial pneumoniae,FCN1,Inverse variance weighted (multiplicative random effects),46,-0.023685304655021,0.0274602583526267,0.388395771169413,0.914605207599282
O00622,J10_PNEUMOBACT,Bacterial pneumoniae,CCN1,Inverse variance weighted (multiplicative random effects),22,-0.0354172092769817,0.0448305061948127,0.42951331652143,0.914605207599282
O00626,J10_PNEUMOBACT,Bacterial pneumoniae,CCL22,Inverse variance weighted (multiplicative random effects),17,-0.0244612416873053,0.0404683818881284,0.545542395490285,0.946761310566627
O00748,J10_PNEUMOBACT,Bacterial pneumoniae,CES2,Inverse variance weighted (multiplicative random effects),8,-0.00637304542365939,0.0601256884263821,0.915586014713453,0.991408010221534
O14530,J10_PNEUMOBACT,Bacterial pneumoniae,TXNDC9,Inverse variance weighted (multiplicative random effects),8,-0.0146983968061245,0.0751997565135018,0.845034385523794,0.987360662705468
O14558,J10_PNEUMOBACT,Bacterial pneumoniae,HSPB6,Inverse variance weighted (multiplicative random effects),10,-0.0036521160555826,0.0925569874526461,0.968525217506967,0.996572679230728
O14578,J10_PNEUMOBACT,Bacterial pneumoniae,CIT,Inverse variance weighted (multiplicative random effects),4,0.24438569652803,0.109543854708777,0.0256851464309425,0.373955454287341
O14594,J10_PNEUMOBACT,Bacterial pneumoniae,NCAN,Inverse variance weighted (multiplicative random effects),24,-0.0145605383275505,0.026457978547308,0.582095150778721,0.95635796126723
O14618,J10_PNEUMOBACT,Bacterial pneumoniae,CCS,Inverse variance weighted (multiplicative random effects),24,-0.0177552473340132,0.0224705039030989,0.429435529192737,0.914605207599282
O14625,J10_PNEUMOBACT,Bacterial pneumoniae,CXCL11,Inverse variance weighted (multiplicative random effects),22,-0.0331842153838653,0.0358499090682951,0.354631567971071,0.89794011432492
O14662,J10_PNEUMOBACT,Bacterial pneumoniae,STX16,Inverse variance weighted (multiplicative random effects),5,-0.0812071467971934,0.0769844757248266,0.291493501596631,0.842633862054883
O14717,J10_PNEUMOBACT,Bacterial pneumoniae,TRDMT1,Inverse variance weighted (multiplicative random effects),5,0.015592273095609,0.0439020522581981,0.722469384229559,0.97754846764246
O14737,J10_PNEUMOBACT,Bacterial pneumoniae,PDCD5,Inverse variance weighted (multiplicative random effects),18,-0.0056463195304735,0.0316782923390261,0.858534975543541,0.990818829610349
O14745,J10_PNEUMOBACT,Bacterial pneumoniae,SLC9A3R1,Inverse variance weighted (multiplicative random effects),6,0.043797785155333,0.086853912477835,0.614071957650437,0.959714546483167
O14763,J10_PNEUMOBACT,Bacterial pneumoniae,TNFRSF10B,Inverse variance weighted (multiplicative random effects),21,0.0150592679813129,0.036065800382375,0.676276301453032,0.97303717632421
O14773,J10_PNEUMOBACT,Bacterial pneumoniae,TPP1,Inverse variance weighted (multiplicative random effects),29,0.0407470459732897,0.0367776539127465,0.267892284550269,0.83061838027226
O14786,J10_PNEUMOBACT,Bacterial pneumoniae,NRP1,Inverse variance weighted (multiplicative random effects),29,-0.00121229566670632,0.0325823536091919,0.970319858520272,0.996771625970461
O14788,J10_PNEUMOBACT,Bacterial pneumoniae,TNFSF11,Inverse variance weighted (multiplicative random effects),25,-0.0347792769029068,0.0304277754604697,0.253034094308393,0.814593327157362
O14791,J10_PNEUMOBACT,Bacterial pneumoniae,APOL1,Inverse variance weighted (multiplicative random effects),34,-0.00722236132510122,0.0176078110677077,0.681674353372711,0.973129074191916
O14793,J10_PNEUMOBACT,Bacterial pneumoniae,MSTN,Inverse variance weighted (multiplicative random effects),18,-0.0312687976049856,0.0638559307140409,0.62436229106401,0.961320073455094
O14798,J10_PNEUMOBACT,Bacterial pneumoniae,TNFRSF10C,Inverse variance weighted (multiplicative random effects),65,0.0411056121898401,0.0144717538767205,0.00450565824742171,0.143577760015246
O14828,J10_PNEUMOBACT,Bacterial pneumoniae,SCAMP3,Inverse variance weighted (multiplicative random effects),9,-0.0408306278049171,0.0699289281281163,0.559295996073804,0.950631366598562
O14836,J10_PNEUMOBACT,Bacterial pneumoniae,TNFRSF13B,Inverse variance weighted (multiplicative random effects),23,-0.0403438312136348,0.0407841225272512,0.322563172966442,0.871955895837522
O14841,J10_PNEUMOBACT,Bacterial pneumoniae,OPLAH,Inverse variance weighted (multiplicative random effects),13,0.0276122155358246,0.0531519303711477,0.603414897426393,0.957005067361193
O14867,J10_PNEUMOBACT,Bacterial pneumoniae,BACH1,Inverse variance weighted (multiplicative random effects),5,-0.039344678723125,0.0861714344667288,0.647968575876247,0.970856099129407
O14879,J10_PNEUMOBACT,Bacterial pneumoniae,IFIT3,Inverse variance weighted (multiplicative random effects),4,-0.0663623939168971,0.0532893593240325,0.213013533422077,0.79297242779119
O14904,J10_PNEUMOBACT,Bacterial pneumoniae,WNT9A,Inverse variance weighted (multiplicative random effects),7,0.0398305741060466,0.0468756221455522,0.395487651671293,0.914605207599282
O14917,J10_PNEUMOBACT,Bacterial pneumoniae,PCDH17,Inverse variance weighted (multiplicative random effects),37,-0.044744315191427,0.0222637903735086,0.044459260428532,0.458737536681538
O14933,J10_PNEUMOBACT,Bacterial pneumoniae,UBE2L6,Inverse variance weighted (multiplicative random effects),10,0.0623072025141719,0.0415104946559675,0.133355872891349,0.700989422110582
O14944,J10_PNEUMOBACT,Bacterial pneumoniae,EREG,Inverse variance weighted (multiplicative random effects),18,-0.014479219378916,0.048110468216012,0.763446694671595,0.986573751116061
O14960,J10_PNEUMOBACT,Bacterial pneumoniae,LECT2,Inverse variance weighted (multiplicative random effects),40,-0.00888700112180347,0.0159340771442401,0.577024985157831,0.95635796126723
O14964,J10_PNEUMOBACT,Bacterial pneumoniae,HGS,Inverse variance weighted (multiplicative random effects),7,0.0106611779522087,0.0689179692909341,0.877062770725899,0.991408010221534
O14967,J10_PNEUMOBACT,Bacterial pneumoniae,CLGN,Inverse variance weighted (multiplicative random effects),20,0.0253266297308738,0.0167121191826116,0.129654717141565,0.690761603177656
O14974,J10_PNEUMOBACT,Bacterial pneumoniae,PPP1R12A,Inverse variance weighted (multiplicative random effects),9,0.0715290037632115,0.0523381771275889,0.171728841751126,0.765475574082025
O15013,J10_PNEUMOBACT,Bacterial pneumoniae,ARHGEF10,Inverse variance weighted (multiplicative random effects),22,-0.0139362660546831,0.0253924313080847,0.5831183908359,0.956590807205224
O15018,J10_PNEUMOBACT,Bacterial pneumoniae,PDZD2,Inverse variance weighted (multiplicative random effects),4,0.0296392505808497,0.0420232234729542,0.48061954714383,0.928107380304795
O15031,J10_PNEUMOBACT,Bacterial pneumoniae,PLXNB2,Inverse variance weighted (multiplicative random effects),50,0.00161821520070507,0.0169301845655413,0.923852829081796,0.991408010221534
O15117,J10_PNEUMOBACT,Bacterial pneumoniae,FYB1,Inverse variance weighted (multiplicative random effects),12,3.76032610856992e-05,0.0574484802037562,0.99947773972075,0.999908392499789
O15123,J10_PNEUMOBACT,Bacterial pneumoniae,ANGPT2,Inverse variance weighted (multiplicative random effects),21,0.0154087865141139,0.0296202145964505,0.602915929738283,0.957005067361193
O15164,J10_PNEUMOBACT,Bacterial pneumoniae,TRIM24,Inverse variance weighted (multiplicative random effects),5,0.00147906486234144,0.155916927727931,0.992431191815383,0.998794021346944
O15169,J10_PNEUMOBACT,Bacterial pneumoniae,AXIN1,Inverse variance weighted (multiplicative random effects),6,0.0760023385978533,0.06359378306863,0.232039309968861,0.800859048079288
O15182,J10_PNEUMOBACT,Bacterial pneumoniae,CETN3,Inverse variance weighted (multiplicative random effects),17,-0.019824921653686,0.0357426195056054,0.579128765999087,0.95635796126723
O15197,J10_PNEUMOBACT,Bacterial pneumoniae,EPHB6,Inverse variance weighted (multiplicative random effects),12,-0.0294513103301775,0.0335445736019806,0.379957070369028,0.910312384700098
O15232,J10_PNEUMOBACT,Bacterial pneumoniae,MATN3,Inverse variance weighted (multiplicative random effects),28,0.00139383009498138,0.0148817488853551,0.925378952632395,0.991408010221534
O15234,J10_PNEUMOBACT,Bacterial pneumoniae,CASC3,Inverse variance weighted (multiplicative random effects),5,0.161564686574954,0.0580392075115137,0.00537400208372647,0.154245940416682
O15263,J10_PNEUMOBACT,Bacterial pneumoniae,DEFB4A,Inverse variance weighted (multiplicative random effects),16,0.0211515787055229,0.044092978103858,0.631437871349144,0.964369916698175
O15269,J10_PNEUMOBACT,Bacterial pneumoniae,SPTLC1,Inverse variance weighted (multiplicative random effects),4,0.00931717635299376,0.0561987265511999,0.868322363403858,0.991408010221534
O15294,J10_PNEUMOBACT,Bacterial pneumoniae,OGT,Inverse variance weighted (multiplicative random effects),3,0.147253767755854,0.0460400488156009,0.00138199992613163,0.0712984728070833
O15305,J10_PNEUMOBACT,Bacterial pneumoniae,PMM2,Inverse variance weighted (multiplicative random effects),8,-0.0386596858603879,0.0266394795651295,0.14671923302342,0.732777570732913
O15335,J10_PNEUMOBACT,Bacterial pneumoniae,CHAD,Inverse variance weighted (multiplicative random effects),21,-0.042417543313103,0.0466640422720567,0.363350930218786,0.906999837789806
O15354,J10_PNEUMOBACT,Bacterial pneumoniae,GPR37,Inverse variance weighted (multiplicative random effects),48,0.00506691737495078,0.0153604714852574,0.741500226740598,0.979810469735302
O15389,J10_PNEUMOBACT,Bacterial pneumoniae,SIGLEC5,Inverse variance weighted (multiplicative random effects),30,0.0374636731117049,0.0125099702193896,0.00274710188856414,0.106655025954253
O15394,J10_PNEUMOBACT,Bacterial pneumoniae,NCAM2,Inverse variance weighted (multiplicative random effects),42,0.00841624698247371,0.0148944931765981,0.572034567740415,0.95635796126723
O15400,J10_PNEUMOBACT,Bacterial pneumoniae,STX7,Inverse variance weighted (multiplicative random effects),30,-0.007052170437348,0.0195497947985724,0.71830232993359,0.97754846764246
O15444,J10_PNEUMOBACT,Bacterial pneumoniae,CCL25,Inverse variance weighted (multiplicative random effects),58,4.83557332189878e-05,0.0139190546949447,0.997228100887722,0.999486316695892
O15455,J10_PNEUMOBACT,Bacterial pneumoniae,TLR3,Inverse variance weighted (multiplicative random effects),41,-0.0224919945043527,0.0139084438903383,0.105846612676855,0.647067828325633
O15467,J10_PNEUMOBACT,Bacterial pneumoniae,CCL16,Inverse variance weighted (multiplicative random effects),30,0.00639112566303192,0.0154263903018361,0.678655735328387,0.97303717632421
O15496,J10_PNEUMOBACT,Bacterial pneumoniae,PLA2G10,Inverse variance weighted (multiplicative random effects),38,0.0103738887810289,0.0291224379320854,0.721678542338154,0.97754846764246
O43155,J10_PNEUMOBACT,Bacterial pneumoniae,FLRT2,Inverse variance weighted (multiplicative random effects),44,0.0335728001062475,0.0173736631514576,0.05331062660197,0.51072041848554
O43184,J10_PNEUMOBACT,Bacterial pneumoniae,ADAM12,Inverse variance weighted (multiplicative random effects),4,0.0002397964126465,0.0511286111520726,0.996257884780353,0.999486316695892
O43240,J10_PNEUMOBACT,Bacterial pneumoniae,KLK10,Inverse variance weighted (multiplicative random effects),22,0.010394072792157,0.0239351518957917,0.664099837378906,0.97303717632421
O43278,J10_PNEUMOBACT,Bacterial pneumoniae,SPINT1,Inverse variance weighted (multiplicative random effects),30,0.00569037060979748,0.0314092521704543,0.856235231135244,0.990818829610349
O43280,J10_PNEUMOBACT,Bacterial pneumoniae,TREH,Inverse variance weighted (multiplicative random effects),52,-0.0203819902021308,0.0121911002192745,0.0945490621108853,0.613900010552166
O43291,J10_PNEUMOBACT,Bacterial pneumoniae,SPINT2,Inverse variance weighted (multiplicative random effects),33,-0.0209073486368195,0.0297719033647921,0.482522651093829,0.928867634429105
O43312,J10_PNEUMOBACT,Bacterial pneumoniae,MTSS1,Inverse variance weighted (multiplicative random effects),6,0.146312978753585,0.0868326262106497,0.0919885635273397,0.613900010552166
O43396,J10_PNEUMOBACT,Bacterial pneumoniae,TXNL1,Inverse variance weighted (multiplicative random effects),4,-0.0727095961349718,0.0956097764238986,0.446966011303422,0.915598482802494
O43399,J10_PNEUMOBACT,Bacterial pneumoniae,TPD52L2,Inverse variance weighted (multiplicative random effects),9,0.016766037858955,0.0515452311103747,0.744977900626147,0.979810469735302
O43405,J10_PNEUMOBACT,Bacterial pneumoniae,COCH,Inverse variance weighted (multiplicative random effects),48,-0.00572840766788964,0.0181104245214884,0.751771442177933,0.981712770269605
O43432,J10_PNEUMOBACT,Bacterial pneumoniae,EIF4G3,Inverse variance weighted (multiplicative random effects),5,0.1400409095404,0.11595536368842,0.227157312814161,0.800291007889684
O43464,J10_PNEUMOBACT,Bacterial pneumoniae,HTRA2,Inverse variance weighted (multiplicative random effects),7,0.0369479139925291,0.0700532602879567,0.597897761085356,0.957005067361193
O43474,J10_PNEUMOBACT,Bacterial pneumoniae,KLF4,Inverse variance weighted (multiplicative random effects),3,-0.0825382649506498,0.250559114401024,0.74184102328429,0.979810469735302
O43493,J10_PNEUMOBACT,Bacterial pneumoniae,TGOLN2,Inverse variance weighted (multiplicative random effects),37,0.00838269036320183,0.0140359785153416,0.550354644958482,0.948614674909168
O43505,J10_PNEUMOBACT,Bacterial pneumoniae,B4GAT1,Inverse variance weighted (multiplicative random effects),35,-0.0219749387034618,0.0274689625730245,0.423715676987251,0.914605207599282
O43508,J10_PNEUMOBACT,Bacterial pneumoniae,TNFSF12,Inverse variance weighted (multiplicative random effects),44,0.0351827403552747,0.026443127605925,0.183351605611474,0.772870672796556
O43521-2,J10_PNEUMOBACT,Bacterial pneumoniae,BCL2L11,Inverse variance weighted (multiplicative random effects),26,-0.0210738499789875,0.023707303916221,0.374047132831685,0.910312384700098
O43524,J10_PNEUMOBACT,Bacterial pneumoniae,FOXO3,Inverse variance weighted (multiplicative random effects),6,-0.130951401310973,0.107211340766183,0.221922359958504,0.7977811308706
O43557,J10_PNEUMOBACT,Bacterial pneumoniae,TNFSF14,Inverse variance weighted (multiplicative random effects),19,-0.0420486427272725,0.0286718630822511,0.142499251381312,0.7300034927606
O43561,J10_PNEUMOBACT,Bacterial pneumoniae,LAT,Inverse variance weighted (multiplicative random effects),13,-0.0898086127797353,0.051767015293958,0.0827653023003379,0.591031079073028
O43570,J10_PNEUMOBACT,Bacterial pneumoniae,CA12,Inverse variance weighted (multiplicative random effects),30,0.0395084895163486,0.023488986826199,0.0925687270239376,0.613900010552166
O43583,J10_PNEUMOBACT,Bacterial pneumoniae,DENR,Inverse variance weighted (multiplicative random effects),5,0.0389055244471392,0.0932350961329837,0.676470607089387,0.97303717632421
O43597,J10_PNEUMOBACT,Bacterial pneumoniae,SPRY2,Inverse variance weighted (multiplicative random effects),13,0.0410409495146516,0.0559984900438654,0.463623168364287,0.923618363691569
O43598,J10_PNEUMOBACT,Bacterial pneumoniae,DNPH1,Inverse variance weighted (multiplicative random effects),9,0.0562263735189394,0.0360764122688979,0.1191063312838,0.672879885227799
O43639,J10_PNEUMOBACT,Bacterial pneumoniae,NCK2,Inverse variance weighted (multiplicative random effects),5,-0.054616524736668,0.0830824045402338,0.510938050191332,0.936790310748483
O43653,J10_PNEUMOBACT,Bacterial pneumoniae,PSCA,Inverse variance weighted (multiplicative random effects),51,-0.0166046593531258,0.00789622173541926,0.0354778928662992,0.414675901940885
O43665,J10_PNEUMOBACT,Bacterial pneumoniae,RGS10,Inverse variance weighted (multiplicative random effects),4,-0.069763045422072,0.0611255175801637,0.253741752377598,0.814993465909469
O43681,J10_PNEUMOBACT,Bacterial pneumoniae,GET3,Inverse variance weighted (multiplicative random effects),4,0.00100603187076988,0.0727064707785462,0.988960106638732,0.998794021346944
O43699,J10_PNEUMOBACT,Bacterial pneumoniae,SIGLEC6,Inverse variance weighted (multiplicative random effects),55,0.0246889494322998,0.0156933888427146,0.115670891288045,0.668354262194368
O43715,J10_PNEUMOBACT,Bacterial pneumoniae,TRIAP1,Inverse variance weighted (multiplicative random effects),16,-0.037235882369049,0.0460797498200473,0.419047551559361,0.914605207599282
O43736,J10_PNEUMOBACT,Bacterial pneumoniae,ITM2A,Inverse variance weighted (multiplicative random effects),10,-0.00759288594291387,0.0386894689016087,0.844412923290797,0.987360662705468
O43768,J10_PNEUMOBACT,Bacterial pneumoniae,ENSA,Inverse variance weighted (multiplicative random effects),3,0.108728641376976,0.10631662513654,0.306455811114763,0.85416950545795
O43776,J10_PNEUMOBACT,Bacterial pneumoniae,NARS1,Inverse variance weighted (multiplicative random effects),7,-0.0147221055534324,0.0702436901236638,0.833990679389744,0.987360662705468
O43805,J10_PNEUMOBACT,Bacterial pneumoniae,SSNA1,Inverse variance weighted (multiplicative random effects),9,0.151960534888399,0.0423718592861654,0.00033533221840409,0.0335528461423674
O43827,J10_PNEUMOBACT,Bacterial pneumoniae,ANGPTL7,Inverse variance weighted (multiplicative random effects),26,0.0286176494018894,0.0182232031467068,0.116322960503479,0.669915464179219
O43854,J10_PNEUMOBACT,Bacterial pneumoniae,EDIL3,Inverse variance weighted (multiplicative random effects),10,-0.0239476107730087,0.0359563020246305,0.505398414684406,0.936479549622861
O43866,J10_PNEUMOBACT,Bacterial pneumoniae,CD5L,Inverse variance weighted (multiplicative random effects),63,-0.0274719028289241,0.0258045031952409,0.287049458185569,0.83773367428949
O43895,J10_PNEUMOBACT,Bacterial pneumoniae,XPNPEP2,Inverse variance weighted (multiplicative random effects),26,0.0424059966030073,0.0240435673419273,0.0777800008250069,0.577416757771013
O43903,J10_PNEUMOBACT,Bacterial pneumoniae,GAS2,Inverse variance weighted (multiplicative random effects),3,-0.0648834348632336,0.143543576450674,0.651260258400173,0.971941667710376
O43915,J10_PNEUMOBACT,Bacterial pneumoniae,VEGFD,Inverse variance weighted (multiplicative random effects),13,0.0170774878768466,0.0479115419094879,0.721512674123219,0.97754846764246
O43927,J10_PNEUMOBACT,Bacterial pneumoniae,CXCL13,Inverse variance weighted (multiplicative random effects),13,-0.00991489049634593,0.0643944988319807,0.877632538879027,0.991408010221534
O60220,J10_PNEUMOBACT,Bacterial pneumoniae,TIMM8A,Inverse variance weighted (multiplicative random effects),5,-0.0252458830929252,0.11078212417426,0.8197335478462,0.987360662705468
O60232,J10_PNEUMOBACT,Bacterial pneumoniae,ZNRD2,Inverse variance weighted (multiplicative random effects),14,0.0441765931228153,0.0664650993256203,0.506268944055869,0.936479549622861
O60234,J10_PNEUMOBACT,Bacterial pneumoniae,GMFG,Inverse variance weighted (multiplicative random effects),6,-0.0172797866776743,0.0847456840378692,0.838430338392146,0.987360662705468
O60235,J10_PNEUMOBACT,Bacterial pneumoniae,TMPRSS11D,Inverse variance weighted (multiplicative random effects),6,0.00461667084048262,0.040942017466578,0.910219883480923,0.991408010221534
O60238,J10_PNEUMOBACT,Bacterial pneumoniae,BNIP3L,Inverse variance weighted (multiplicative random effects),6,-0.0825620699587547,0.0906037710726803,0.362167248620853,0.90562273581689
O60242,J10_PNEUMOBACT,Bacterial pneumoniae,ADGRB3,Inverse variance weighted (multiplicative random effects),40,-0.000206496778805655,0.00933850812653827,0.982358299250599,0.996771625970461
O60243,J10_PNEUMOBACT,Bacterial pneumoniae,HS6ST1,Inverse variance weighted (multiplicative random effects),30,0.00787904010748429,0.0292122394185,0.787377914397252,0.987360662705468
O60245,J10_PNEUMOBACT,Bacterial pneumoniae,PCDH7,Inverse variance weighted (multiplicative random effects),9,-0.042367734342576,0.0722712948782253,0.557719726212657,0.950270413469016
O60259,J10_PNEUMOBACT,Bacterial pneumoniae,KLK8,Inverse variance weighted (multiplicative random effects),20,1.42599189236606e-05,0.0404866350682822,0.999718974696389,0.999908392499789
O60279,J10_PNEUMOBACT,Bacterial pneumoniae,SUSD5,Inverse variance weighted (multiplicative random effects),31,0.00360443004575485,0.0174298413120767,0.836168795633247,0.987360662705468
O60447,J10_PNEUMOBACT,Bacterial pneumoniae,EVI5,Inverse variance weighted (multiplicative random effects),7,-0.0354829335557904,0.0708662443841913,0.616580236178137,0.959714546483167
O60449,J10_PNEUMOBACT,Bacterial pneumoniae,LY75,Inverse variance weighted (multiplicative random effects),48,0.0362300468199613,0.0143068777207459,0.0113300269520574,0.238793806141933
O60462,J10_PNEUMOBACT,Bacterial pneumoniae,NRP2,Inverse variance weighted (multiplicative random effects),37,-0.0211907470308845,0.0248196840998914,0.393222496255418,0.914605207599282
O60469,J10_PNEUMOBACT,Bacterial pneumoniae,DSCAM,Inverse variance weighted (multiplicative random effects),33,-0.0014632129916245,0.0205100907318232,0.94312626383145,0.993903793863151
O60476,J10_PNEUMOBACT,Bacterial pneumoniae,MAN1A2,Inverse variance weighted (multiplicative random effects),40,0.00190195541537355,0.0286426313455114,0.947057016117497,0.994052641168189
O60496,J10_PNEUMOBACT,Bacterial pneumoniae,DOK2,Inverse variance weighted (multiplicative random effects),7,0.114007947860529,0.0716616999541261,0.111627844228197,0.657001115098402
O60500,J10_PNEUMOBACT,Bacterial pneumoniae,NPHS1,Inverse variance weighted (multiplicative random effects),31,-0.0179418580022649,0.0198644080870757,0.366411086436081,0.907244382125156
O60502,J10_PNEUMOBACT,Bacterial pneumoniae,OGA,Inverse variance weighted (multiplicative random effects),10,0.00459681872254104,0.0532390474693517,0.931193762300959,0.99210620757841
O60542,J10_PNEUMOBACT,Bacterial pneumoniae,PSPN,Inverse variance weighted (multiplicative random effects),36,0.023429721534853,0.0429386189395592,0.585302318807794,0.956766472595704
O60575,J10_PNEUMOBACT,Bacterial pneumoniae,SPINK4,Inverse variance weighted (multiplicative random effects),41,-0.0202157220924339,0.0152972377458717,0.186325501486268,0.773384318966224
O60609,J10_PNEUMOBACT,Bacterial pneumoniae,GFRA3,Inverse variance weighted (multiplicative random effects),50,0.000735366348948965,0.0275654199668859,0.978717252606812,0.996771625970461
O60635,J10_PNEUMOBACT,Bacterial pneumoniae,TSPAN1,Inverse variance weighted (multiplicative random effects),6,0.0498578709810938,0.0551111763103436,0.365635978095563,0.907244382125156
O60664,J10_PNEUMOBACT,Bacterial pneumoniae,PLIN3,Inverse variance weighted (multiplicative random effects),6,-0.00132295009253801,0.0523226202606932,0.979828055472742,0.996771625970461
O60760,J10_PNEUMOBACT,Bacterial pneumoniae,HPGDS,Inverse variance weighted (multiplicative random effects),24,0.00690740566224711,0.0166005213618562,0.677339971680402,0.97303717632421
O60763,J10_PNEUMOBACT,Bacterial pneumoniae,USO1,Inverse variance weighted (multiplicative random effects),8,-0.00375608620121616,0.0709614695255682,0.957786607719566,0.996044061505357
O60825,J10_PNEUMOBACT,Bacterial pneumoniae,PFKFB2,Inverse variance weighted (multiplicative random effects),8,-0.0508964724751482,0.0377671092665812,0.177774153147589,0.768456406670269
O60869,J10_PNEUMOBACT,Bacterial pneumoniae,EDF1,Inverse variance weighted (multiplicative random effects),6,0.0713453080025542,0.107408961158697,0.506536837279062,0.936479549622861
O60880,J10_PNEUMOBACT,Bacterial pneumoniae,SH2D1A,Inverse variance weighted (multiplicative random effects),7,0.159386043471826,0.0461736529925683,0.000556689255989881,0.0424811490864002
O60884,J10_PNEUMOBACT,Bacterial pneumoniae,DNAJA2,Inverse variance weighted (multiplicative random effects),6,0.0134307041297305,0.0908772941161592,0.882508945878629,0.991408010221534
O60907,J10_PNEUMOBACT,Bacterial pneumoniae,TBL1X,Inverse variance weighted (multiplicative random effects),10,-0.0232387882017254,0.0436575656028371,0.594520357223891,0.957005067361193
O60911,J10_PNEUMOBACT,Bacterial pneumoniae,CTSV,Inverse variance weighted (multiplicative random effects),37,0.0190915357117674,0.0269491630989573,0.478679647842493,0.92648012933612
O60934,J10_PNEUMOBACT,Bacterial pneumoniae,NBN,Inverse variance weighted (multiplicative random effects),3,0.0948640882550781,0.144739913024726,0.51220336182169,0.936801441783925
O60941,J10_PNEUMOBACT,Bacterial pneumoniae,DTNB,Inverse variance weighted (multiplicative random effects),3,0.156315486711711,0.0504304758173437,0.00193766793909591,0.0857611829843849
O75015,J10_PNEUMOBACT,Bacterial pneumoniae,FCGR3B,Inverse variance weighted (multiplicative random effects),49,0.0127112566547731,0.0151232416040432,0.400621724260934,0.914605207599282
O75023,J10_PNEUMOBACT,Bacterial pneumoniae,LILRB5,Inverse variance weighted (multiplicative random effects),38,0.0269801090323973,0.00700676236785169,0.000117837743762194,0.0144874959414297
O75054,J10_PNEUMOBACT,Bacterial pneumoniae,IGSF3,Inverse variance weighted (multiplicative random effects),17,0.00578876302884429,0.0506975434644184,0.909093268434137,0.991408010221534
O75061,J10_PNEUMOBACT,Bacterial pneumoniae,DNAJC6,Inverse variance weighted (multiplicative random effects),14,0.0351039813473669,0.0483240287171467,0.467575748842938,0.923618363691569
O75071,J10_PNEUMOBACT,Bacterial pneumoniae,EFCAB14,Inverse variance weighted (multiplicative random effects),14,-0.058351940521726,0.0714413297441297,0.414053433915153,0.914605207599282
O75077,J10_PNEUMOBACT,Bacterial pneumoniae,ADAM23,Inverse variance weighted (multiplicative random effects),38,-0.0133723699459831,0.0151021202260746,0.375906921660308,0.910312384700098
O75144,J10_PNEUMOBACT,Bacterial pneumoniae,ICOSLG,Inverse variance weighted (multiplicative random effects),22,0.0750822956297677,0.0326669793542004,0.0215381452960544,0.348364458026155
O75154,J10_PNEUMOBACT,Bacterial pneumoniae,RAB11FIP3,Inverse variance weighted (multiplicative random effects),6,0.158790649930666,0.114120850387704,0.16409646668231,0.751194604656791
O75167,J10_PNEUMOBACT,Bacterial pneumoniae,PHACTR2,Inverse variance weighted (multiplicative random effects),12,-0.00400613844716298,0.0394725419765316,0.919160084470429,0.991408010221534
O75173,J10_PNEUMOBACT,Bacterial pneumoniae,ADAMTS4,Inverse variance weighted (multiplicative random effects),6,-0.0473101384513294,0.0655022450961557,0.470130071211332,0.923618363691569
O75190,J10_PNEUMOBACT,Bacterial pneumoniae,DNAJB6,Inverse variance weighted (multiplicative random effects),9,-0.0186312004162425,0.0367611104592886,0.612282373887295,0.959714546483167
O75223,J10_PNEUMOBACT,Bacterial pneumoniae,GGCT,Inverse variance weighted (multiplicative random effects),8,0.0331582072293048,0.0582937390340335,0.569483393179735,0.95635796126723
O75326,J10_PNEUMOBACT,Bacterial pneumoniae,SEMA7A,Inverse variance weighted (multiplicative random effects),39,0.0159086587278629,0.0316596635708469,0.615323009735186,0.959714546483167
O75339,J10_PNEUMOBACT,Bacterial pneumoniae,CILP,Inverse variance weighted (multiplicative random effects),12,-0.0409237341535329,0.0332997711087704,0.219090773311063,0.797184514802987
O75340,J10_PNEUMOBACT,Bacterial pneumoniae,PDCD6,Inverse variance weighted (multiplicative random effects),23,0.0189431381523075,0.0190536060970153,0.320124410378745,0.871955895837522
O75347,J10_PNEUMOBACT,Bacterial pneumoniae,TBCA,Inverse variance weighted (multiplicative random effects),9,-0.00289850366675106,0.0577632158705501,0.959979701100649,0.996572679230728
O75348,J10_PNEUMOBACT,Bacterial pneumoniae,ATP6V1G1,Inverse variance weighted (multiplicative random effects),5,0.0772504154350851,0.121826373054165,0.526013890017045,0.937020989143648
O75351,J10_PNEUMOBACT,Bacterial pneumoniae,VPS4B,Inverse variance weighted (multiplicative random effects),6,0.0821322531515258,0.0774334497429542,0.288834520326652,0.83773367428949
O75354,J10_PNEUMOBACT,Bacterial pneumoniae,ENTPD6,Inverse variance weighted (multiplicative random effects),26,0.0226442915845239,0.0181910241952345,0.213203160657821,0.79297242779119
O75356,J10_PNEUMOBACT,Bacterial pneumoniae,ENTPD5,Inverse variance weighted (multiplicative random effects),28,0.00262324565436442,0.0263363807266832,0.920657609055391,0.991408010221534
O75365,J10_PNEUMOBACT,Bacterial pneumoniae,PTP4A3,Inverse variance weighted (multiplicative random effects),6,-0.0668971180943017,0.0630379232859723,0.288589837545335,0.83773367428949
O75427,J10_PNEUMOBACT,Bacterial pneumoniae,LRCH4,Inverse variance weighted (multiplicative random effects),11,0.0984191494834292,0.050774781120441,0.05258089030991,0.509912278993655
O75460,J10_PNEUMOBACT,Bacterial pneumoniae,ERN1,Inverse variance weighted (multiplicative random effects),15,-0.0147429715439944,0.0560438024492969,0.792503111550416,0.987360662705468
O75462,J10_PNEUMOBACT,Bacterial pneumoniae,CRLF1,Inverse variance weighted (multiplicative random effects),15,0.000471481656150096,0.07896791315522,0.995236220838279,0.999486316695892
O75475,J10_PNEUMOBACT,Bacterial pneumoniae,PSIP1,Inverse variance weighted (multiplicative random effects),8,0.0754411374103039,0.0769204792287106,0.326707207867095,0.871955895837522
O75493,J10_PNEUMOBACT,Bacterial pneumoniae,CA11,Inverse variance weighted (multiplicative random effects),5,-0.139397331423671,0.0316099893860091,1.03411729205028e-05,0.0017603858210056
O75506,J10_PNEUMOBACT,Bacterial pneumoniae,HSBP1,Inverse variance weighted (multiplicative random effects),46,0.0174152637121643,0.0177831640914829,0.327425906349243,0.871955895837522
O75509,J10_PNEUMOBACT,Bacterial pneumoniae,TNFRSF21,Inverse variance weighted (multiplicative random effects),28,0.00779914019823005,0.0343541445343086,0.820406780141592,0.987360662705468
O75521,J10_PNEUMOBACT,Bacterial pneumoniae,ECI2,Inverse variance weighted (multiplicative random effects),6,0.0286924526884062,0.0377527602023216,0.447248965164707,0.915598482802494
O75563,J10_PNEUMOBACT,Bacterial pneumoniae,SKAP2,Inverse variance weighted (multiplicative random effects),9,0.00605092465721849,0.0609427577351428,0.920909083172784,0.991408010221534
O75569,J10_PNEUMOBACT,Bacterial pneumoniae,PRKRA,Inverse variance weighted (multiplicative random effects),11,-0.0119615033724576,0.068005766854724,0.860380719378713,0.990831401770835
O75594,J10_PNEUMOBACT,Bacterial pneumoniae,PGLYRP1,Inverse variance weighted (multiplicative random effects),30,0.0355799126132907,0.0283683678725495,0.209765404999704,0.792702088569202
O75629,J10_PNEUMOBACT,Bacterial pneumoniae,CREG1,Inverse variance weighted (multiplicative random effects),36,0.0162315448722161,0.0243100303365411,0.504332001031214,0.936479549622861
O75695,J10_PNEUMOBACT,Bacterial pneumoniae,RP2,Inverse variance weighted (multiplicative random effects),4,-0.21015874141093,0.145516267126002,0.148674708205638,0.732777570732913
O75711,J10_PNEUMOBACT,Bacterial pneumoniae,SCRG1,Inverse variance weighted (multiplicative random effects),5,-0.180081643612344,0.0686249254936924,0.00868672094894187,0.209694437277913
O75718,J10_PNEUMOBACT,Bacterial pneumoniae,CRTAP,Inverse variance weighted (multiplicative random effects),6,-0.0770886795122267,0.107339394677232,0.472648185946568,0.923618363691569
O75781,J10_PNEUMOBACT,Bacterial pneumoniae,PALM,Inverse variance weighted (multiplicative random effects),12,-0.0918084586782062,0.0541921104158443,0.090240657569043,0.608445736771355
O75791,J10_PNEUMOBACT,Bacterial pneumoniae,GRAP2,Inverse variance weighted (multiplicative random effects),8,0.0906736658191693,0.0665563368605245,0.173084420537777,0.767606859018238
O75792,J10_PNEUMOBACT,Bacterial pneumoniae,RNASEH2A,Inverse variance weighted (multiplicative random effects),5,0.0202569710950679,0.0427458704911183,0.635576172973674,0.965352015813364
O75830,J10_PNEUMOBACT,Bacterial pneumoniae,SERPINI2,Inverse variance weighted (multiplicative random effects),83,0.000489584420275852,0.0185213746973706,0.978911588889437,0.996771625970461
O75843,J10_PNEUMOBACT,Bacterial pneumoniae,AP1G2,Inverse variance weighted (multiplicative random effects),9,0.0253194048061871,0.052780077842368,0.631429928871821,0.964369916698175
O75882-2,J10_PNEUMOBACT,Bacterial pneumoniae,ATRN,Inverse variance weighted (multiplicative random effects),24,0.0262284712953314,0.0274706112481631,0.339687470468142,0.880243995487116
O75888,J10_PNEUMOBACT,Bacterial pneumoniae,TNFSF13,Inverse variance weighted (multiplicative random effects),21,-0.0632880004306514,0.0300292839276695,0.0350705578198561,0.414675901940885
O75940,J10_PNEUMOBACT,Bacterial pneumoniae,SMNDC1,Inverse variance weighted (multiplicative random effects),3,0.0197990365512524,0.115284053028284,0.863640892181998,0.990831401770835
O76036,J10_PNEUMOBACT,Bacterial pneumoniae,NCR1,Inverse variance weighted (multiplicative random effects),46,0.0586744326013294,0.0211510766833691,0.00553608486232018,0.155080453168539
O76038,J10_PNEUMOBACT,Bacterial pneumoniae,SCGN,Inverse variance weighted (multiplicative random effects),11,-0.127538798011994,0.059322829133653,0.0315622618894116,0.407953134038982
O76061,J10_PNEUMOBACT,Bacterial pneumoniae,STC2,Inverse variance weighted (multiplicative random effects),14,-0.00150521575282054,0.0676828868239768,0.98225711881774,0.996771625970461
O76070,J10_PNEUMOBACT,Bacterial pneumoniae,SNCG,Inverse variance weighted (multiplicative random effects),31,-0.0162927125470996,0.0107679467068363,0.130260571722973,0.690761603177656
O76074,J10_PNEUMOBACT,Bacterial pneumoniae,PDE5A,Inverse variance weighted (multiplicative random effects),11,0.00808194486373049,0.0567602067928756,0.886773922553833,0.991408010221534
O76076,J10_PNEUMOBACT,Bacterial pneumoniae,CCN5,Inverse variance weighted (multiplicative random effects),12,-0.0106811607295312,0.0274427724191471,0.697116513535952,0.97754846764246
O76096,J10_PNEUMOBACT,Bacterial pneumoniae,CST7,Inverse variance weighted (multiplicative random effects),41,-0.0116757432666869,0.0151914868807032,0.442147752972614,0.914605207599282
O77932,J10_PNEUMOBACT,Bacterial pneumoniae,DXO,Inverse variance weighted (multiplicative random effects),17,-0.0233141816258805,0.0301069353627274,0.438706637082439,0.914605207599282
O94760,J10_PNEUMOBACT,Bacterial pneumoniae,DDAH1,Inverse variance weighted (multiplicative random effects),10,-0.113340286138114,0.0564897314150081,0.0448149300788233,0.458737536681538
O94779,J10_PNEUMOBACT,Bacterial pneumoniae,CNTN5,Inverse variance weighted (multiplicative random effects),46,-0.0113515794685454,0.0132899369065266,0.39302272253846,0.914605207599282
O94813,J10_PNEUMOBACT,Bacterial pneumoniae,SLIT2,Inverse variance weighted (multiplicative random effects),4,0.0492521355311667,0.0724439911627849,0.496589931985009,0.936076251688947
O94830,J10_PNEUMOBACT,Bacterial pneumoniae,DDHD2,Inverse variance weighted (multiplicative random effects),8,0.0735687529583995,0.0311302022025697,0.0181149693271015,0.323502635315549
O94856,J10_PNEUMOBACT,Bacterial pneumoniae,NFASC,Inverse variance weighted (multiplicative random effects),27,0.0104694147162051,0.0245610655943351,0.669917959479443,0.97303717632421
O94903,J10_PNEUMOBACT,Bacterial pneumoniae,PLPBP,Inverse variance weighted (multiplicative random effects),6,0.0422392583652017,0.0954792848997115,0.658205668905332,0.972690915562804
O94907,J10_PNEUMOBACT,Bacterial pneumoniae,DKK1,Inverse variance weighted (multiplicative random effects),33,-0.0352181756577153,0.0260969565088747,0.177172326449063,0.768456406670269
O94979,J10_PNEUMOBACT,Bacterial pneumoniae,SEC31A,Inverse variance weighted (multiplicative random effects),9,0.0191092015978579,0.0600128790950136,0.750167625114677,0.981435914392802
O94988,J10_PNEUMOBACT,Bacterial pneumoniae,FAM13A,Inverse variance weighted (multiplicative random effects),11,0.0346073889865438,0.0595782961934989,0.561326442804313,0.953350282368338
O94992,J10_PNEUMOBACT,Bacterial pneumoniae,HEXIM1,Inverse variance weighted (multiplicative random effects),13,0.0109054892119972,0.0535212203136769,0.838540974114935,0.987360662705468
O95157,J10_PNEUMOBACT,Bacterial pneumoniae,NXPH3,Inverse variance weighted (multiplicative random effects),24,-0.00835967485450493,0.0191467976396733,0.66239452977636,0.97303717632421
O95166,J10_PNEUMOBACT,Bacterial pneumoniae,GABARAP,Inverse variance weighted (multiplicative random effects),9,0.0775033296086671,0.0708476840303147,0.273979968252738,0.833383285321361
O95183,J10_PNEUMOBACT,Bacterial pneumoniae,VAMP5,Inverse variance weighted (multiplicative random effects),4,-0.0623474181067509,0.102146391459428,0.541614628203263,0.94600881784832
O95202,J10_PNEUMOBACT,Bacterial pneumoniae,LETM1,Inverse variance weighted (multiplicative random effects),6,0.146281404183758,0.132258027483757,0.268713344722467,0.83061838027226
O95256,J10_PNEUMOBACT,Bacterial pneumoniae,IL18RAP,Inverse variance weighted (multiplicative random effects),6,0.0425870108941912,0.0787423128002092,0.588617708200302,0.956766472595704
O95274,J10_PNEUMOBACT,Bacterial pneumoniae,LYPD3,Inverse variance weighted (multiplicative random effects),48,0.0314028411557652,0.0187230440253157,0.0934976189083571,0.613900010552166
O95295,J10_PNEUMOBACT,Bacterial pneumoniae,SNAPIN,Inverse variance weighted (multiplicative random effects),4,0.0535524771213072,0.124460931906892,0.666995320417918,0.97303717632421
O95388,J10_PNEUMOBACT,Bacterial pneumoniae,CCN4,Inverse variance weighted (multiplicative random effects),40,-0.0164536178646122,0.0195120968924601,0.399087431865468,0.914605207599282
O95393,J10_PNEUMOBACT,Bacterial pneumoniae,BMP10,Inverse variance weighted (multiplicative random effects),30,-0.000846242250666844,0.0212922972083618,0.968297177870022,0.996572679230728
O95407,J10_PNEUMOBACT,Bacterial pneumoniae,TNFRSF6B,Inverse variance weighted (multiplicative random effects),20,-0.0398328454403564,0.0307993434648729,0.195906708478162,0.775566271667571
O95429,J10_PNEUMOBACT,Bacterial pneumoniae,BAG4,Inverse variance weighted (multiplicative random effects),5,0.159906721359333,0.121897170740488,0.189582052220859,0.773582269077839
O95433,J10_PNEUMOBACT,Bacterial pneumoniae,AHSA1,Inverse variance weighted (multiplicative random effects),4,0.268919033106662,0.114054829861544,0.0183833533202342,0.324698957420564
O95445,J10_PNEUMOBACT,Bacterial pneumoniae,APOM,Inverse variance weighted (multiplicative random effects),28,-0.0434268565007508,0.0366602190399745,0.236184689812656,0.800859048079288
O95467,J10_PNEUMOBACT,Bacterial pneumoniae,GNAS,Inverse variance weighted (multiplicative random effects),3,0.178719735964433,0.153624675582226,0.244686287241655,0.809020547201274
O95497,J10_PNEUMOBACT,Bacterial pneumoniae,VNN1,Inverse variance weighted (multiplicative random effects),54,0.0154094805144427,0.0127776354468443,0.227827986882287,0.800291007889684
O95498,J10_PNEUMOBACT,Bacterial pneumoniae,VNN2,Inverse variance weighted (multiplicative random effects),46,0.00462129178442168,0.0141772057538243,0.744449826821291,0.979810469735302
O95502,J10_PNEUMOBACT,Bacterial pneumoniae,NPTXR,Inverse variance weighted (multiplicative random effects),22,0.00844442863950388,0.0131338984038308,0.520257104361701,0.936801441783925
O95544,J10_PNEUMOBACT,Bacterial pneumoniae,NADK,Inverse variance weighted (multiplicative random effects),11,0.0729353620808821,0.100412065476041,0.467617775109054,0.923618363691569
O95630,J10_PNEUMOBACT,Bacterial pneumoniae,STAMBP,Inverse variance weighted (multiplicative random effects),7,0.00906271222840105,0.0977013047106503,0.926094723691728,0.991408010221534
O95633,J10_PNEUMOBACT,Bacterial pneumoniae,FSTL3,Inverse variance weighted (multiplicative random effects),11,0.0365223486616002,0.056904927363332,0.520994305233385,0.937020989143648
O95644,J10_PNEUMOBACT,Bacterial pneumoniae,NFATC1,Inverse variance weighted (multiplicative random effects),9,-0.0396855738540993,0.0354651926315268,0.263139858762695,0.83061838027226
O95670,J10_PNEUMOBACT,Bacterial pneumoniae,ATP6V1G2,Inverse variance weighted (multiplicative random effects),5,0.0864689524775704,0.0711739455920637,0.224405702392613,0.7977811308706
O95684,J10_PNEUMOBACT,Bacterial pneumoniae,CEP43,Inverse variance weighted (multiplicative random effects),7,-0.00604266160001956,0.0665135950253189,0.927612956850286,0.991408010221534
O95715,J10_PNEUMOBACT,Bacterial pneumoniae,CXCL14,Inverse variance weighted (multiplicative random effects),5,-0.0505506311330216,0.0655652782958755,0.440708725498927,0.914605207599282
O95721,J10_PNEUMOBACT,Bacterial pneumoniae,SNAP29,Inverse variance weighted (multiplicative random effects),14,0.0842504058305886,0.0541151430433744,0.119500637769527,0.672879885227799
O95727,J10_PNEUMOBACT,Bacterial pneumoniae,CRTAM,Inverse variance weighted (multiplicative random effects),40,0.0248843024799181,0.03130744250947,0.426708533232016,0.914605207599282
O95750,J10_PNEUMOBACT,Bacterial pneumoniae,FGF19,Inverse variance weighted (multiplicative random effects),11,-0.0494406039098785,0.0412332869614191,0.230510096202434,0.800859048079288
O95777,J10_PNEUMOBACT,Bacterial pneumoniae,LSM8,Inverse variance weighted (multiplicative random effects),7,-0.0908534319476361,0.0496541276951496,0.0672909707492583,0.564071660106472
O95786,J10_PNEUMOBACT,Bacterial pneumoniae,DDX58,Inverse variance weighted (multiplicative random effects),13,0.0111125788159856,0.034168785494613,0.745010001543138,0.979810469735302
O95793,J10_PNEUMOBACT,Bacterial pneumoniae,STAU1,Inverse variance weighted (multiplicative random effects),3,-0.139113940979118,0.0474209798888246,0.00335061292554027,0.117881361478952
O95817,J10_PNEUMOBACT,Bacterial pneumoniae,BAG3,Inverse variance weighted (multiplicative random effects),7,0.0235039274469539,0.0597758013818854,0.694170752360888,0.97754846764246
O95825,J10_PNEUMOBACT,Bacterial pneumoniae,CRYZL1,Inverse variance weighted (multiplicative random effects),8,0.0590478873035985,0.0475985088085931,0.214775471043166,0.794485830742842
O95831,J10_PNEUMOBACT,Bacterial pneumoniae,AIFM1,Inverse variance weighted (multiplicative random effects),4,0.134647204720386,0.0723095335395958,0.0625897321239428,0.551651671354848
O95835,J10_PNEUMOBACT,Bacterial pneumoniae,LATS1,Inverse variance weighted (multiplicative random effects),11,0.0648675204681289,0.0725224916089586,0.371082808815907,0.910312384700098
O95841,J10_PNEUMOBACT,Bacterial pneumoniae,ANGPTL1,Inverse variance weighted (multiplicative random effects),23,-0.0183327463608997,0.0302951916074676,0.54508786197853,0.946761310566627
O95866,J10_PNEUMOBACT,Bacterial pneumoniae,MPIG6B,Inverse variance weighted (multiplicative random effects),8,-0.0655988127229875,0.0408281638424849,0.108119108447312,0.653956210928279
O95954,J10_PNEUMOBACT,Bacterial pneumoniae,FTCD,Inverse variance weighted (multiplicative random effects),11,-0.003089705080962,0.0636480198759787,0.961283004290089,0.996572679230728
O95965,J10_PNEUMOBACT,Bacterial pneumoniae,ITGBL1,Inverse variance weighted (multiplicative random effects),22,-0.0251809942274795,0.0246942887775061,0.307866382281175,0.855693558471614
O95971,J10_PNEUMOBACT,Bacterial pneumoniae,CD160,Inverse variance weighted (multiplicative random effects),49,0.0261446727154836,0.0234521244809074,0.26493167076563,0.83061838027226
O95980,J10_PNEUMOBACT,Bacterial pneumoniae,RECK,Inverse variance weighted (multiplicative random effects),20,-0.0198844417074869,0.0364366268680098,0.585253786103748,0.956766472595704
O95994,J10_PNEUMOBACT,Bacterial pneumoniae,AGR2,Inverse variance weighted (multiplicative random effects),4,-0.282529330482077,0.168810080001453,0.0941990095829756,0.613900010552166
O95998,J10_PNEUMOBACT,Bacterial pneumoniae,IL18BP,Inverse variance weighted (multiplicative random effects),23,-0.00941733795483682,0.0412924943483217,0.819596363622404,0.987360662705468
O96007,J10_PNEUMOBACT,Bacterial pneumoniae,MOCS2,Inverse variance weighted (multiplicative random effects),23,-0.0197914370050516,0.0232841564871114,0.395327378713725,0.914605207599282
O96013,J10_PNEUMOBACT,Bacterial pneumoniae,PAK4,Inverse variance weighted (multiplicative random effects),3,0.00259429419495857,0.188187626944703,0.989000968044622,0.998794021346944
P00325,J10_PNEUMOBACT,Bacterial pneumoniae,ADH1B,Inverse variance weighted (multiplicative random effects),10,0.0906631164194443,0.0657962734464159,0.168222755175282,0.758201542164763
P00352,J10_PNEUMOBACT,Bacterial pneumoniae,ALDH1A1,Inverse variance weighted (multiplicative random effects),6,-0.162456594389719,0.0689707073973603,0.0185006174942946,0.324698957420564
P00390,J10_PNEUMOBACT,Bacterial pneumoniae,GSR,Inverse variance weighted (multiplicative random effects),4,-0.0921430062386683,0.0854529705378891,0.280904762242666,0.83773367428949
P00441,J10_PNEUMOBACT,Bacterial pneumoniae,SOD1,Inverse variance weighted (multiplicative random effects),5,0.0289926633697451,0.0757918409028055,0.702068178571348,0.97754846764246
P00519,J10_PNEUMOBACT,Bacterial pneumoniae,ABL1,Inverse variance weighted (multiplicative random effects),8,0.130357016726729,0.066934399371782,0.0514707509133104,0.508503445406947
P00533,J10_PNEUMOBACT,Bacterial pneumoniae,EGFR,Inverse variance weighted (multiplicative random effects),20,0.0768537192576185,0.0417008227505341,0.0653321514135436,0.558224135436957
P00734,J10_PNEUMOBACT,Bacterial pneumoniae,F2,Inverse variance weighted (multiplicative random effects),8,0.177294642522659,0.0516004013690973,0.000590554134673295,0.0429558662258689
P00736,J10_PNEUMOBACT,Bacterial pneumoniae,C1R,Inverse variance weighted (multiplicative random effects),6,0.066498488271335,0.0542058611873252,0.219906525207969,0.797184514802987
P00740,J10_PNEUMOBACT,Bacterial pneumoniae,F9,Inverse variance weighted (multiplicative random effects),4,0.122239298635652,0.0860885233763057,0.155629340694199,0.740661787002714
P00742,J10_PNEUMOBACT,Bacterial pneumoniae,F10,Inverse variance weighted (multiplicative random effects),18,0.0103561740650963,0.0431273984060468,0.810229623707605,0.987360662705468
P00746,J10_PNEUMOBACT,Bacterial pneumoniae,CFD,Inverse variance weighted (multiplicative random effects),12,0.047234848200304,0.0295678452357986,0.110152674843525,0.657001115098402
P00747,J10_PNEUMOBACT,Bacterial pneumoniae,PLG,Inverse variance weighted (multiplicative random effects),32,0.0188492983244037,0.0182141966578867,0.300730328510892,0.851941715404605
P00748,J10_PNEUMOBACT,Bacterial pneumoniae,F12,Inverse variance weighted (multiplicative random effects),45,0.0293502465377698,0.01445725515455,0.0423423488641801,0.450095155435352
P00749,J10_PNEUMOBACT,Bacterial pneumoniae,PLAU,Inverse variance weighted (multiplicative random effects),40,0.03310704655602,0.0228403256239141,0.147198066750932,0.732777570732913
P00750,J10_PNEUMOBACT,Bacterial pneumoniae,PLAT,Inverse variance weighted (multiplicative random effects),6,0.244949162775378,0.143165090991877,0.0870892467826773,0.602987801005875
P00751,J10_PNEUMOBACT,Bacterial pneumoniae,CFB,Inverse variance weighted (multiplicative random effects),28,0.0135836304961325,0.0244553959346967,0.578590233298493,0.95635796126723
P00797,J10_PNEUMOBACT,Bacterial pneumoniae,REN,Inverse variance weighted (multiplicative random effects),13,0.00357259687508701,0.0581227291005353,0.950987745862707,0.994052641168189
P00813,J10_PNEUMOBACT,Bacterial pneumoniae,ADA,Inverse variance weighted (multiplicative random effects),19,0.0336049523777907,0.0225407210913757,0.135999502434294,0.708157409146101
P00915,J10_PNEUMOBACT,Bacterial pneumoniae,CA1,Inverse variance weighted (multiplicative random effects),6,-0.118381841422466,0.0549014962816529,0.0310634525826127,0.406380898212629
P00918,J10_PNEUMOBACT,Bacterial pneumoniae,CA2,Inverse variance weighted (multiplicative random effects),3,-0.041863062220711,0.125972126202646,0.739647608014045,0.979810469735302
P00966,J10_PNEUMOBACT,Bacterial pneumoniae,ASS1,Inverse variance weighted (multiplicative random effects),11,-0.0413113620590759,0.0516425416569387,0.423740767006356,0.914605207599282
P00995,J10_PNEUMOBACT,Bacterial pneumoniae,SPINK1,Inverse variance weighted (multiplicative random effects),28,-0.0373320220573598,0.0287318755233526,0.193832682228462,0.77548946743829
P01008,J10_PNEUMOBACT,Bacterial pneumoniae,SERPINC1,Inverse variance weighted (multiplicative random effects),15,0.103184740039462,0.0606756680484433,0.0890190564751197,0.606743196301947
P01009,J10_PNEUMOBACT,Bacterial pneumoniae,SERPINA1,Inverse variance weighted (multiplicative random effects),4,-0.117483223430199,0.0753764319088594,0.119086317821195,0.672879885227799
P01011,J10_PNEUMOBACT,Bacterial pneumoniae,SERPINA3,Inverse variance weighted (multiplicative random effects),14,-0.0237573434742954,0.0232308331185722,0.306466600693001,0.85416950545795
P01019,J10_PNEUMOBACT,Bacterial pneumoniae,AGT,Inverse variance weighted (multiplicative random effects),19,0.00866664458413441,0.0268849412659941,0.747179563189078,0.980728572560753
P01024,J10_PNEUMOBACT,Bacterial pneumoniae,C3,Inverse variance weighted (multiplicative random effects),7,0.0562191945320461,0.0950185250749073,0.554074523037981,0.950270413469016
P01031,J10_PNEUMOBACT,Bacterial pneumoniae,C5,Inverse variance weighted (multiplicative random effects),4,0.128320191398136,0.0437488695971582,0.00335586343116765,0.117881361478952
P01033,J10_PNEUMOBACT,Bacterial pneumoniae,TIMP1,Inverse variance weighted (multiplicative random effects),14,-0.00293059195265072,0.0461260606245854,0.949340961000927,0.994052641168189
P01034,J10_PNEUMOBACT,Bacterial pneumoniae,CST3,Inverse variance weighted (multiplicative random effects),14,0.0107362701317092,0.0360135426063335,0.765613425178968,0.986573751116061
P01037,J10_PNEUMOBACT,Bacterial pneumoniae,CST1,Inverse variance weighted (multiplicative random effects),36,0.051403471987413,0.0184907374759996,0.00543659437528297,0.154245940416682
P01127,J10_PNEUMOBACT,Bacterial pneumoniae,PDGFB,Inverse variance weighted (multiplicative random effects),33,0.00570675870966969,0.0273417195896451,0.834666969102911,0.987360662705468
P01130,J10_PNEUMOBACT,Bacterial pneumoniae,LDLR,Inverse variance weighted (multiplicative random effects),34,0.0253188034843524,0.0277138921121672,0.360938605052155,0.904594714587112
P01133,J10_PNEUMOBACT,Bacterial pneumoniae,EGF,Inverse variance weighted (multiplicative random effects),12,-0.0518016120644557,0.0393684702021106,0.188236241960538,0.773384318966224
P01135,J10_PNEUMOBACT,Bacterial pneumoniae,TGFA,Inverse variance weighted (multiplicative random effects),13,0.0451346395986286,0.0686219299473625,0.510712225816246,0.936790310748483
P01137,J10_PNEUMOBACT,Bacterial pneumoniae,TGFB1,Inverse variance weighted (multiplicative random effects),20,-0.018221006254237,0.0322632367577949,0.572236581784454,0.95635796126723
P01178,J10_PNEUMOBACT,Bacterial pneumoniae,OXT,Inverse variance weighted (multiplicative random effects),33,-0.0202359503749869,0.0266572567896034,0.447783163603423,0.915844862342307
P01189,J10_PNEUMOBACT,Bacterial pneumoniae,POMC,Inverse variance weighted (multiplicative random effects),18,0.0347186831328567,0.0359164538963154,0.333718431919012,0.877038669373025
P01210,J10_PNEUMOBACT,Bacterial pneumoniae,PENK,Inverse variance weighted (multiplicative random effects),19,0.0157492854994663,0.0272089798665215,0.562706076821716,0.95349812251643
P01215,J10_PNEUMOBACT,Bacterial pneumoniae,CGA,Inverse variance weighted (multiplicative random effects),3,0.0938826082435845,0.0683015438596365,0.16927680743055,0.759160332112159
P01222,J10_PNEUMOBACT,Bacterial pneumoniae,TSHB,Inverse variance weighted (multiplicative random effects),36,-0.00183834313046543,0.0279629703394068,0.947583189869008,0.994052641168189
P01225,J10_PNEUMOBACT,Bacterial pneumoniae,FSHB,Inverse variance weighted (multiplicative random effects),4,-0.127456674016132,0.0799703775059961,0.110981155976968,0.657001115098402
P01229,J10_PNEUMOBACT,Bacterial pneumoniae,LHB,Inverse variance weighted (multiplicative random effects),5,0.056217406412668,0.0549344688539108,0.306140517848087,0.85416950545795
P01236,J10_PNEUMOBACT,Bacterial pneumoniae,PRL,Inverse variance weighted (multiplicative random effects),6,0.0736476828323286,0.07160468436498,0.303699819440351,0.85416950545795
P01242,J10_PNEUMOBACT,Bacterial pneumoniae,GH2,Inverse variance weighted (multiplicative random effects),3,-0.0162851287184054,0.0808523682170494,0.840371679601476,0.987360662705468
P01258,J10_PNEUMOBACT,Bacterial pneumoniae,CALCA,Inverse variance weighted (multiplicative random effects),16,0.0248710364902217,0.0668003016783168,0.709655187086342,0.97754846764246
P01266,J10_PNEUMOBACT,Bacterial pneumoniae,TG,Inverse variance weighted (multiplicative random effects),38,0.0231998860757581,0.0311937150250734,0.457036259173644,0.923206570075967
P01270,J10_PNEUMOBACT,Bacterial pneumoniae,PTH,Inverse variance weighted (multiplicative random effects),14,-0.0357117642714722,0.0701741083107229,0.610820716206851,0.959365681309979
P01275,J10_PNEUMOBACT,Bacterial pneumoniae,GCG,Inverse variance weighted (multiplicative random effects),8,0.169816791198915,0.0936526823090896,0.0697915181060503,0.569201026702432
P01298,J10_PNEUMOBACT,Bacterial pneumoniae,PPY,Inverse variance weighted (multiplicative random effects),22,-0.0189362796119323,0.0355046313056362,0.59379357350586,0.957005067361193
P01303,J10_PNEUMOBACT,Bacterial pneumoniae,NPY,Inverse variance weighted (multiplicative random effects),31,0.00124224732296065,0.0307605603467976,0.967786652853537,0.996572679230728
P01350,J10_PNEUMOBACT,Bacterial pneumoniae,GAST,Inverse variance weighted (multiplicative random effects),12,-0.00524574318522993,0.0477153571425369,0.912458341907298,0.991408010221534
P01374,J10_PNEUMOBACT,Bacterial pneumoniae,LTA,Inverse variance weighted (multiplicative random effects),32,0.00922795218439147,0.0178323302146989,0.604818076300699,0.957005067361193
P01375,J10_PNEUMOBACT,Bacterial pneumoniae,TNF,Inverse variance weighted (multiplicative random effects),6,0.125541958780727,0.051627046864084,0.0150277720754353,0.292511177858923
P01579,J10_PNEUMOBACT,Bacterial pneumoniae,IFNG,Inverse variance weighted (multiplicative random effects),7,0.00845945987840229,0.0685718133159059,0.901816938133352,0.991408010221534
P01588,J10_PNEUMOBACT,Bacterial pneumoniae,EPO,Inverse variance weighted (multiplicative random effects),20,-0.0181843810219654,0.0377571642318826,0.630080138933854,0.964292771411217
P01589,J10_PNEUMOBACT,Bacterial pneumoniae,IL2RA,Inverse variance weighted (multiplicative random effects),31,0.046561363622673,0.0192458775882437,0.0155508271164638,0.296672244902883
P01591,J10_PNEUMOBACT,Bacterial pneumoniae,JCHAIN,Inverse variance weighted (multiplicative random effects),31,-0.0846634859257235,0.0467623996599411,0.0702177497920307,0.569201026702432
P01730,J10_PNEUMOBACT,Bacterial pneumoniae,CD4,Inverse variance weighted (multiplicative random effects),20,0.0407291188242929,0.0343233304217796,0.235373306911517,0.800859048079288
P01732,J10_PNEUMOBACT,Bacterial pneumoniae,CD8A,Inverse variance weighted (multiplicative random effects),27,0.0251223004491405,0.0255113472575926,0.32474686226195,0.871955895837522
P01833,J10_PNEUMOBACT,Bacterial pneumoniae,PIGR,Inverse variance weighted (multiplicative random effects),17,-0.0146969611254557,0.0470254292608384,0.75463609140822,0.98235862958023
P01903,J10_PNEUMOBACT,Bacterial pneumoniae,HLA-DRA,Inverse variance weighted (multiplicative random effects),30,0.029190659827984,0.0160527167238914,0.0689992152383275,0.569201026702432
P02008,J10_PNEUMOBACT,Bacterial pneumoniae,HBZ,Inverse variance weighted (multiplicative random effects),35,0.0252315506246007,0.0116366646290847,0.0301373666906007,0.403306184452942
P02144,J10_PNEUMOBACT,Bacterial pneumoniae,MB,Inverse variance weighted (multiplicative random effects),14,0.0139564819595137,0.062345545611321,0.822868636101959,0.987360662705468
P02452,J10_PNEUMOBACT,Bacterial pneumoniae,COL1A1,Inverse variance weighted (multiplicative random effects),24,-0.075840827365491,0.0522564079497232,0.146690469058409,0.732777570732913
P02458,J10_PNEUMOBACT,Bacterial pneumoniae,COL2A1,Inverse variance weighted (multiplicative random effects),65,0.0184418188216135,0.0138252269297006,0.182228366536321,0.769601860963507
P02461,J10_PNEUMOBACT,Bacterial pneumoniae,COL3A1,Inverse variance weighted (multiplicative random effects),8,-0.018938107400098,0.0366264480294253,0.605113585693938,0.957005067361193
P02462,J10_PNEUMOBACT,Bacterial pneumoniae,COL4A1,Inverse variance weighted (multiplicative random effects),22,0.00215912271359677,0.0245450222099295,0.929903851942877,0.991748059927511
P02647,J10_PNEUMOBACT,Bacterial pneumoniae,APOA1,Inverse variance weighted (multiplicative random effects),21,0.0136836631701603,0.0353202971268987,0.698447947523935,0.97754846764246
P02649,J10_PNEUMOBACT,Bacterial pneumoniae,APOE,Inverse variance weighted (multiplicative random effects),33,0.0475116700482563,0.0164759929640654,0.00393044408724232,0.133816504077958
P02652,J10_PNEUMOBACT,Bacterial pneumoniae,APOA2,Inverse variance weighted (multiplicative random effects),25,-0.104797710314017,0.0389202107552748,0.00708909841200857,0.176987640765952
P02654,J10_PNEUMOBACT,Bacterial pneumoniae,APOC1,Inverse variance weighted (multiplicative random effects),25,-0.0190395647130716,0.0307888585284019,0.536317378608064,0.941941539932927
P02671,J10_PNEUMOBACT,Bacterial pneumoniae,FGA,Inverse variance weighted (multiplicative random effects),10,-0.0129761656700597,0.0838393874309366,0.876999410941156,0.991408010221534
P02730,J10_PNEUMOBACT,Bacterial pneumoniae,SLC4A1,Inverse variance weighted (multiplicative random effects),3,-0.156148506423564,0.0115581955307982,1.36957768466316e-41,1.51543770807979e-38
P02743,J10_PNEUMOBACT,Bacterial pneumoniae,APCS,Inverse variance weighted (multiplicative random effects),11,0.00508725782177646,0.0447288082050672,0.909447391196669,0.991408010221534
P02745,J10_PNEUMOBACT,Bacterial pneumoniae,C1QA,Inverse variance weighted (multiplicative random effects),40,-0.00146826368477688,0.0227648364887461,0.948574494892171,0.994052641168189
P02748,J10_PNEUMOBACT,Bacterial pneumoniae,C9,Inverse variance weighted (multiplicative random effects),16,0.0433709617730136,0.0640077496351843,0.498032176826055,0.936479549622861
P02749,J10_PNEUMOBACT,Bacterial pneumoniae,APOH,Inverse variance weighted (multiplicative random effects),16,0.0192617505874669,0.0196295640526535,0.326463423461485,0.871955895837522
P02750,J10_PNEUMOBACT,Bacterial pneumoniae,LRG1,Inverse variance weighted (multiplicative random effects),19,-0.0156953476363763,0.0332493268328067,0.636891037752402,0.965352015813364
P02751,J10_PNEUMOBACT,Bacterial pneumoniae,FN1,Inverse variance weighted (multiplicative random effects),14,0.0172057031985927,0.0478701090265662,0.719277343031147,0.97754846764246
P02760,J10_PNEUMOBACT,Bacterial pneumoniae,AMBP,Inverse variance weighted (multiplicative random effects),19,-0.0348244683973309,0.0419739866816493,0.406726588512942,0.914605207599282
P02763,J10_PNEUMOBACT,Bacterial pneumoniae,ORM1,Inverse variance weighted (multiplicative random effects),20,0.00626101886581547,0.0254636125005879,0.805774341236224,0.987360662705468
P02765,J10_PNEUMOBACT,Bacterial pneumoniae,AHSG,Inverse variance weighted (multiplicative random effects),33,0.00456656493943474,0.0153332273221547,0.765839395255535,0.986573751116061
P02766,J10_PNEUMOBACT,Bacterial pneumoniae,TTR,Inverse variance weighted (multiplicative random effects),15,0.0692145003823573,0.052800639173816,0.189903438183535,0.773582269077839
P02771,J10_PNEUMOBACT,Bacterial pneumoniae,AFP,Inverse variance weighted (multiplicative random effects),75,0.00572672562595596,0.0210820167425112,0.785898599269826,0.987360662705468
P02774,J10_PNEUMOBACT,Bacterial pneumoniae,GC,Inverse variance weighted (multiplicative random effects),42,0.0124859569060407,0.0125822023386417,0.321026494393453,0.871955895837522
P02775,J10_PNEUMOBACT,Bacterial pneumoniae,PPBP,Inverse variance weighted (multiplicative random effects),31,-0.03110151870267,0.0268646934807117,0.246982486594283,0.810938045746511
P02776,J10_PNEUMOBACT,Bacterial pneumoniae,PF4,Inverse variance weighted (multiplicative random effects),24,-0.0319205566579759,0.0410153540641381,0.4364165101836,0.914605207599282
P02778,J10_PNEUMOBACT,Bacterial pneumoniae,CXCL10,Inverse variance weighted (multiplicative random effects),13,0.0572582289039482,0.105933855111621,0.588845881461974,0.956766472595704
P02786,J10_PNEUMOBACT,Bacterial pneumoniae,TFRC,Inverse variance weighted (multiplicative random effects),46,-0.0281326467741532,0.0227087709909854,0.215402915421748,0.794485830742842
P02787,J10_PNEUMOBACT,Bacterial pneumoniae,TF,Inverse variance weighted (multiplicative random effects),20,-0.0751102246300927,0.0264793430117265,0.00456025200651677,0.143577760015246
P02818,J10_PNEUMOBACT,Bacterial pneumoniae,BGLAP,Inverse variance weighted (multiplicative random effects),16,-0.0228180132127356,0.0455394557646633,0.616328688115456,0.959714546483167
P03950,J10_PNEUMOBACT,Bacterial pneumoniae,ANG,Inverse variance weighted (multiplicative random effects),25,0.0634408314159113,0.0266383037245942,0.0172392838946196,0.315293679824736
P03951,J10_PNEUMOBACT,Bacterial pneumoniae,F11,Inverse variance weighted (multiplicative random effects),30,0.0428852750099564,0.0239500419710338,0.073355295353658,0.572794035767329
P03952,J10_PNEUMOBACT,Bacterial pneumoniae,KLKB1,Inverse variance weighted (multiplicative random effects),28,0.00750930388222016,0.0269249552104232,0.78032345334501,0.987360662705468
P03956,J10_PNEUMOBACT,Bacterial pneumoniae,MMP1,Inverse variance weighted (multiplicative random effects),52,0.00225691377197459,0.0166043186244518,0.891881916141277,0.991408010221534
P04040,J10_PNEUMOBACT,Bacterial pneumoniae,CAT,Inverse variance weighted (multiplicative random effects),5,-0.0972328914568024,0.0544290632734891,0.0740320994176529,0.572794035767329
P04054,J10_PNEUMOBACT,Bacterial pneumoniae,PLA2G1B,Inverse variance weighted (multiplicative random effects),32,0.0444494186193951,0.0344345989061948,0.196760564671801,0.776214730944286
P04066,J10_PNEUMOBACT,Bacterial pneumoniae,FUCA1,Inverse variance weighted (multiplicative random effects),59,0.0276671308334084,0.0111433637716709,0.0130341536502656,0.267079463222572
P04070,J10_PNEUMOBACT,Bacterial pneumoniae,PROC,Inverse variance weighted (multiplicative random effects),30,-0.00664927133126632,0.0172174500110337,0.699353193089119,0.97754846764246
P04080,J10_PNEUMOBACT,Bacterial pneumoniae,CSTB,Inverse variance weighted (multiplicative random effects),22,0.00885898276836109,0.0178481114453001,0.619644623798937,0.961253269478951
P04083,J10_PNEUMOBACT,Bacterial pneumoniae,ANXA1,Inverse variance weighted (multiplicative random effects),6,-0.00775978413014805,0.0493244704482702,0.874991725098259,0.991408010221534
P04085,J10_PNEUMOBACT,Bacterial pneumoniae,PDGFA,Inverse variance weighted (multiplicative random effects),32,-0.0298692562311602,0.0254588068702851,0.240700116360201,0.804636491699584
P04090,J10_PNEUMOBACT,Bacterial pneumoniae,RLN2,Inverse variance weighted (multiplicative random effects),12,-0.0440822233300937,0.0633385000762447,0.486442402529873,0.932032066492303
P04118,J10_PNEUMOBACT,Bacterial pneumoniae,CLPS,Inverse variance weighted (multiplicative random effects),43,0.0211087777107606,0.0200499302808437,0.292427838254925,0.842633862054883
P04141,J10_PNEUMOBACT,Bacterial pneumoniae,CSF2,Inverse variance weighted (multiplicative random effects),13,-0.0188960451349045,0.0418694979442537,0.651767480742069,0.971941667710376
P04155,J10_PNEUMOBACT,Bacterial pneumoniae,TFF1,Inverse variance weighted (multiplicative random effects),12,0.0038474525724608,0.0303492108000927,0.899120272934331,0.991408010221534
P04179,J10_PNEUMOBACT,Bacterial pneumoniae,SOD2,Inverse variance weighted (multiplicative random effects),18,-0.00909608411363093,0.0428816407281138,0.832012862420143,0.987360662705468
P04180,J10_PNEUMOBACT,Bacterial pneumoniae,LCAT,Inverse variance weighted (multiplicative random effects),20,0.0449958280884133,0.0356982521972362,0.207507416525869,0.79038539203399
P04183,J10_PNEUMOBACT,Bacterial pneumoniae,TK1,Inverse variance weighted (multiplicative random effects),3,-0.0242225192533602,0.0213734138090509,0.257087714639584,0.818611672658129
P04196,J10_PNEUMOBACT,Bacterial pneumoniae,HRG,Inverse variance weighted (multiplicative random effects),21,-0.00654407746087067,0.0287840161254702,0.820150748425705,0.987360662705468
P04216,J10_PNEUMOBACT,Bacterial pneumoniae,THY1,Inverse variance weighted (multiplicative random effects),17,-0.0353089008032417,0.0208511872429203,0.0903839132936493,0.608445736771355
P04217,J10_PNEUMOBACT,Bacterial pneumoniae,A1BG,Inverse variance weighted (multiplicative random effects),16,0.0772076846864533,0.0494604998765513,0.118524493243051,0.672879885227799
P04233,J10_PNEUMOBACT,Bacterial pneumoniae,CD74,Inverse variance weighted (multiplicative random effects),22,0.0166558469673747,0.0357340857726095,0.641140125816286,0.967354014330479
P04275,J10_PNEUMOBACT,Bacterial pneumoniae,VWF,Inverse variance weighted (multiplicative random effects),13,0.00416056410638816,0.0424752026574856,0.921969790479143,0.991408010221534
P04278,J10_PNEUMOBACT,Bacterial pneumoniae,SHBG,Inverse variance weighted (multiplicative random effects),32,0.0506435761611479,0.0352528763223542,0.150837377144902,0.733301789789463
P04439,J10_PNEUMOBACT,Bacterial pneumoniae,HLA-A,Inverse variance weighted (multiplicative random effects),48,-0.00605042289969286,0.0103235413965635,0.557821641264419,0.950270413469016
P04626,J10_PNEUMOBACT,Bacterial pneumoniae,ERBB2,Inverse variance weighted (multiplicative random effects),25,-0.0156375411186445,0.0265498337355307,0.55586913029827,0.950270413469016
P04746,J10_PNEUMOBACT,Bacterial pneumoniae,AMY2A,Inverse variance weighted (multiplicative random effects),41,0.00377453912774889,0.0189361466151433,0.842004736373955,0.987360662705468
P04792,J10_PNEUMOBACT,Bacterial pneumoniae,HSPB1,Inverse variance weighted (multiplicative random effects),25,0.0150502017691784,0.0228725036608379,0.510535480223957,0.936790310748483
P05060,J10_PNEUMOBACT,Bacterial pneumoniae,CHGB,Inverse variance weighted (multiplicative random effects),30,-0.00863028958439785,0.0182673082423317,0.636609536816491,0.965352015813364
P05067,J10_PNEUMOBACT,Bacterial pneumoniae,APP,Inverse variance weighted (multiplicative random effects),34,-0.0496400774539464,0.0267570783548244,0.0635658274719775,0.551651671354848
P05089,J10_PNEUMOBACT,Bacterial pneumoniae,ARG1,Inverse variance weighted (multiplicative random effects),9,0.0104764693268261,0.0303445239343328,0.729905876525742,0.979810469735302
P05090,J10_PNEUMOBACT,Bacterial pneumoniae,APOD,Inverse variance weighted (multiplicative random effects),20,-0.0822198512959628,0.038303390677007,0.0318297315507826,0.407953134038982
P05107,J10_PNEUMOBACT,Bacterial pneumoniae,ITGB2,Inverse variance weighted (multiplicative random effects),30,0.0226952078056396,0.0450886721096158,0.614720951596018,0.959714546483167
P05121,J10_PNEUMOBACT,Bacterial pneumoniae,SERPINE1,Inverse variance weighted (multiplicative random effects),35,-0.0511544220542773,0.0286403223705639,0.0740833944935224,0.572794035767329
P05154,J10_PNEUMOBACT,Bacterial pneumoniae,SERPINA5,Inverse variance weighted (multiplicative random effects),18,0.0614304121918624,0.0249129985586315,0.0136708556210403,0.277555995315249
P05155,J10_PNEUMOBACT,Bacterial pneumoniae,SERPING1,Inverse variance weighted (multiplicative random effects),22,0.0220173012186334,0.0408306180599222,0.589724664089648,0.957005067361193
P05156,J10_PNEUMOBACT,Bacterial pneumoniae,CFI,Inverse variance weighted (multiplicative random effects),10,0.0328091551345104,0.0339950869610508,0.334487409376789,0.877038669373025
P05160,J10_PNEUMOBACT,Bacterial pneumoniae,F13B,Inverse variance weighted (multiplicative random effects),28,0.0269193583101095,0.0218633082456767,0.218226639301855,0.796923354414199
P05164,J10_PNEUMOBACT,Bacterial pneumoniae,MPO,Inverse variance weighted (multiplicative random effects),22,-0.0072722724966223,0.033146582510491,0.826340531032788,0.987360662705468
P05187,J10_PNEUMOBACT,Bacterial pneumoniae,ALPP,Inverse variance weighted (multiplicative random effects),39,-0.034368034824392,0.0196563851564304,0.0803876486616708,0.583271693404189
P05231,J10_PNEUMOBACT,Bacterial pneumoniae,IL6,Inverse variance weighted (multiplicative random effects),9,0.205121719394606,0.0383517684156727,8.8720852309387e-08,2.45424057700842e-05
P05305,J10_PNEUMOBACT,Bacterial pneumoniae,EDN1,Inverse variance weighted (multiplicative random effects),3,-0.061755752656916,0.044087023035313,0.161283042915257,0.749653637181318
P05362,J10_PNEUMOBACT,Bacterial pneumoniae,ICAM1,Inverse variance weighted (multiplicative random effects),27,0.00169224995468111,0.0277535650541739,0.951379798461014,0.994052641168189
P05413,J10_PNEUMOBACT,Bacterial pneumoniae,FABP3,Inverse variance weighted (multiplicative random effects),13,0.0233613450865115,0.061256038151137,0.702927146195127,0.97754846764246
P05451,J10_PNEUMOBACT,Bacterial pneumoniae,REG1A,Inverse variance weighted (multiplicative random effects),27,-0.0443260763034185,0.0271909033777333,0.103063386305909,0.642476827873175
P05452,J10_PNEUMOBACT,Bacterial pneumoniae,CLEC3B,Inverse variance weighted (multiplicative random effects),12,-0.00987477299905743,0.0448622349073573,0.825782944197044,0.987360662705468
P05543,J10_PNEUMOBACT,Bacterial pneumoniae,SERPINA7,Inverse variance weighted (multiplicative random effects),6,-0.0833284133368207,0.101831832913029,0.413189132566102,0.914605207599282
P05546,J10_PNEUMOBACT,Bacterial pneumoniae,SERPIND1,Inverse variance weighted (multiplicative random effects),26,0.0323370059115628,0.0266560067095999,0.225082925514924,0.7977811308706
P05783,J10_PNEUMOBACT,Bacterial pneumoniae,KRT18,Inverse variance weighted (multiplicative random effects),14,0.0426060939255825,0.0573951184352808,0.457887676580093,0.923618363691569
P05937,J10_PNEUMOBACT,Bacterial pneumoniae,CALB1,Inverse variance weighted (multiplicative random effects),10,0.0663476923256039,0.0774236301237662,0.391475998164763,0.914605207599282
P06127,J10_PNEUMOBACT,Bacterial pneumoniae,CD5,Inverse variance weighted (multiplicative random effects),19,0.0551663878913277,0.0441283579198657,0.211250375594668,0.792702088569202
P06132,J10_PNEUMOBACT,Bacterial pneumoniae,UROD,Inverse variance weighted (multiplicative random effects),20,0.0172124536141794,0.0252567075165175,0.495554980390046,0.936076251688947
P06213,J10_PNEUMOBACT,Bacterial pneumoniae,INSR,Inverse variance weighted (multiplicative random effects),9,0.130840084259207,0.0722387531976999,0.0701072111271562,0.569201026702432
P06276,J10_PNEUMOBACT,Bacterial pneumoniae,BCHE,Inverse variance weighted (multiplicative random effects),51,-0.0344036875636066,0.016844952250703,0.041114475868771,0.446011446556814
P06280,J10_PNEUMOBACT,Bacterial pneumoniae,GLA,Inverse variance weighted (multiplicative random effects),4,0.157555404080933,0.0941357006369163,0.0941885671562565,0.613900010552166
P06396,J10_PNEUMOBACT,Bacterial pneumoniae,GSN,Inverse variance weighted (multiplicative random effects),10,-0.0779532228769371,0.0611493580080331,0.202379917463805,0.778119668361404
P06401,J10_PNEUMOBACT,Bacterial pneumoniae,PGR,Inverse variance weighted (multiplicative random effects),6,-0.148383292088383,0.0627766116305454,0.0180948460270799,0.323502635315549
P06681,J10_PNEUMOBACT,Bacterial pneumoniae,C2,Inverse variance weighted (multiplicative random effects),18,-0.0448037716080427,0.0299320315233252,0.134432203899543,0.702721565268175
P06727,J10_PNEUMOBACT,Bacterial pneumoniae,APOA4,Inverse variance weighted (multiplicative random effects),5,0.0788042995039414,0.114541813153168,0.49145535405237,0.936076251688947
P06730,J10_PNEUMOBACT,Bacterial pneumoniae,EIF4E,Inverse variance weighted (multiplicative random effects),7,0.098213830852495,0.0806741166092638,0.223446588895486,0.7977811308706
P06731,J10_PNEUMOBACT,Bacterial pneumoniae,CEACAM5,Inverse variance weighted (multiplicative random effects),38,0.0152858144283009,0.0187198549089169,0.414182068663908,0.914605207599282
P06733,J10_PNEUMOBACT,Bacterial pneumoniae,ENO1,Inverse variance weighted (multiplicative random effects),11,0.0576423552618262,0.0615258859114429,0.348820427941493,0.890720868641857
P06734,J10_PNEUMOBACT,Bacterial pneumoniae,FCER2,Inverse variance weighted (multiplicative random effects),52,-0.0402925108980044,0.0254411547042012,0.11324988664477,0.6570292334507
P06744,J10_PNEUMOBACT,Bacterial pneumoniae,GPI,Inverse variance weighted (multiplicative random effects),7,-0.0286481321016519,0.0759034394380736,0.70585508456665,0.97754846764246
P06756,J10_PNEUMOBACT,Bacterial pneumoniae,ITGAV,Inverse variance weighted (multiplicative random effects),17,0.0267156077377065,0.0519941284531847,0.607378049912377,0.957853393638384
P06850,J10_PNEUMOBACT,Bacterial pneumoniae,CRH,Inverse variance weighted (multiplicative random effects),66,-0.0153902287991972,0.0178976458244464,0.389842839270454,0.914605207599282
P06858,J10_PNEUMOBACT,Bacterial pneumoniae,LPL,Inverse variance weighted (multiplicative random effects),20,-0.00270761933732688,0.0319429520150176,0.932448841292576,0.99210620757841
P06870,J10_PNEUMOBACT,Bacterial pneumoniae,KLK1,Inverse variance weighted (multiplicative random effects),58,0.0322882278357406,0.0117697289837518,0.00608198890998538,0.164139529973142
P07093,J10_PNEUMOBACT,Bacterial pneumoniae,SERPINE2,Inverse variance weighted (multiplicative random effects),47,-0.0197290009764989,0.0172003162832303,0.251375897438955,0.814593327157362
P07098,J10_PNEUMOBACT,Bacterial pneumoniae,LIPF,Inverse variance weighted (multiplicative random effects),18,-0.00664362716106021,0.0328297052256186,0.839630343841282,0.987360662705468
P07108,J10_PNEUMOBACT,Bacterial pneumoniae,DBI,Inverse variance weighted (multiplicative random effects),13,0.0233599335574819,0.0370945824005016,0.52886486190258,0.937802836050007
P07148,J10_PNEUMOBACT,Bacterial pneumoniae,FABP1,Inverse variance weighted (multiplicative random effects),8,-0.00192455642588572,0.0333904363484172,0.954037017191612,0.995419103745892
P07196,J10_PNEUMOBACT,Bacterial pneumoniae,NEFL,Inverse variance weighted (multiplicative random effects),6,-0.107123325111653,0.159511876973016,0.501857746103937,0.936479549622861
P07204,J10_PNEUMOBACT,Bacterial pneumoniae,THBD,Inverse variance weighted (multiplicative random effects),28,-0.00861134535115159,0.0311202367321206,0.782001197540906,0.987360662705468
P07225,J10_PNEUMOBACT,Bacterial pneumoniae,PROS1,Inverse variance weighted (multiplicative random effects),12,0.0139330849379174,0.0682314443442106,0.838194645960403,0.987360662705468
P07237,J10_PNEUMOBACT,Bacterial pneumoniae,P4HB,Inverse variance weighted (multiplicative random effects),12,0.0661856978584929,0.0611507253893905,0.279102773167526,0.83773367428949
P07288,J10_PNEUMOBACT,Bacterial pneumoniae,KLK3,Inverse variance weighted (multiplicative random effects),4,0.161321388168979,0.0500019504684594,0.00125401003807526,0.0693781053565136
P07306,J10_PNEUMOBACT,Bacterial pneumoniae,ASGR1,Inverse variance weighted (multiplicative random effects),12,0.0163256579135267,0.0533685024271087,0.759677461427264,0.984865976648234
P07307,J10_PNEUMOBACT,Bacterial pneumoniae,ASGR2,Inverse variance weighted (multiplicative random effects),28,0.0212183216561598,0.029281849914159,0.468682931473524,0.923618363691569
P07311,J10_PNEUMOBACT,Bacterial pneumoniae,ACYP1,Inverse variance weighted (multiplicative random effects),8,0.00372130788841327,0.0343623342913438,0.913760790831465,0.991408010221534
P07320,J10_PNEUMOBACT,Bacterial pneumoniae,CRYGD,Inverse variance weighted (multiplicative random effects),44,-0.0165244689557354,0.0123506633252332,0.180915403468238,0.768456406670269
P07332,J10_PNEUMOBACT,Bacterial pneumoniae,FES,Inverse variance weighted (multiplicative random effects),3,0.0688536460031458,0.0593765709335452,0.246207760906824,0.810938045746511
P07333,J10_PNEUMOBACT,Bacterial pneumoniae,CSF1R,Inverse variance weighted (multiplicative random effects),45,0.043721431381182,0.0231417731063983,0.058853496565556,0.531603215916634
P07339,J10_PNEUMOBACT,Bacterial pneumoniae,CTSD,Inverse variance weighted (multiplicative random effects),25,0.0721058012731286,0.0308338686144524,0.019359982165172,0.332121244430431
P07355,J10_PNEUMOBACT,Bacterial pneumoniae,ANXA2,Inverse variance weighted (multiplicative random effects),24,0.0347542001446605,0.0127747721149544,0.00651765957207751,0.173778079915753
P07358,J10_PNEUMOBACT,Bacterial pneumoniae,C8B,Inverse variance weighted (multiplicative random effects),22,0.0233864874599097,0.0192771906855725,0.225065266947432,0.7977811308706
P07359,J10_PNEUMOBACT,Bacterial pneumoniae,GP1BA,Inverse variance weighted (multiplicative random effects),36,0.0152232525815991,0.0273626035002267,0.57796991090432,0.95635796126723
P07451,J10_PNEUMOBACT,Bacterial pneumoniae,CA3,Inverse variance weighted (multiplicative random effects),18,-0.0402611080073588,0.0342413663650102,0.239673528971737,0.804254591013157
P07478,J10_PNEUMOBACT,Bacterial pneumoniae,PRSS2,Inverse variance weighted (multiplicative random effects),32,0.00535700774219369,0.0332490687947945,0.87200083597165,0.991408010221534
P07492,J10_PNEUMOBACT,Bacterial pneumoniae,GRP,Inverse variance weighted (multiplicative random effects),25,0.0221123914384513,0.0204587276062513,0.27977306983283,0.83773367428949
P07585,J10_PNEUMOBACT,Bacterial pneumoniae,DCN,Inverse variance weighted (multiplicative random effects),6,-0.146102395296574,0.117290955920889,0.212896311710303,0.79297242779119
P07602,J10_PNEUMOBACT,Bacterial pneumoniae,PSAP,Inverse variance weighted (multiplicative random effects),19,0.00491024117453064,0.0389378522015968,0.899649148675831,0.991408010221534
P07711,J10_PNEUMOBACT,Bacterial pneumoniae,CTSL,Inverse variance weighted (multiplicative random effects),29,-0.000440214060444079,0.0375547033908196,0.9906474575192,0.998794021346944
P07741,J10_PNEUMOBACT,Bacterial pneumoniae,APRT,Inverse variance weighted (multiplicative random effects),10,-0.024717330197458,0.0502354086397743,0.622698106459652,0.961253269478951
P07858,J10_PNEUMOBACT,Bacterial pneumoniae,CTSB,Inverse variance weighted (multiplicative random effects),36,-0.0237633232168156,0.0197890250882242,0.229815814578659,0.800859048079288
P07911,J10_PNEUMOBACT,Bacterial pneumoniae,UMOD,Inverse variance weighted (multiplicative random effects),61,-0.0346298080115394,0.0165586796260694,0.0364977103569647,0.418494471606025
P07942,J10_PNEUMOBACT,Bacterial pneumoniae,LAMB1,Inverse variance weighted (multiplicative random effects),53,-0.00831070987620671,0.0220753911682899,0.706567939842117,0.97754846764246
P07947,J10_PNEUMOBACT,Bacterial pneumoniae,YES1,Inverse variance weighted (multiplicative random effects),7,0.0859801947566107,0.0710189581047846,0.22602367122148,0.7977811308706
P07948,J10_PNEUMOBACT,Bacterial pneumoniae,LYN,Inverse variance weighted (multiplicative random effects),7,-0.0494637879592865,0.0665347919796395,0.45722295562732,0.923206570075967
P07949,J10_PNEUMOBACT,Bacterial pneumoniae,RET,Inverse variance weighted (multiplicative random effects),30,0.0349659240987079,0.0210711045719388,0.0970301209660173,0.624208307261036
P07998,J10_PNEUMOBACT,Bacterial pneumoniae,RNASE1,Inverse variance weighted (multiplicative random effects),9,0.0230898571911346,0.0507432181540606,0.649085237074288,0.971871197324356
P08069,J10_PNEUMOBACT,Bacterial pneumoniae,IGF1R,Inverse variance weighted (multiplicative random effects),26,-0.00594215902956869,0.0429681441852241,0.890009492716766,0.991408010221534
P08118,J10_PNEUMOBACT,Bacterial pneumoniae,MSMB,Inverse variance weighted (multiplicative random effects),45,-0.00984403354951573,0.0146155605018346,0.500609513256617,0.936479549622861
P08134,J10_PNEUMOBACT,Bacterial pneumoniae,RHOC,Inverse variance weighted (multiplicative random effects),4,0.198011416103711,0.137277668522809,0.149185236464683,0.733301789789463
P08174,J10_PNEUMOBACT,Bacterial pneumoniae,CD55,Inverse variance weighted (multiplicative random effects),31,-0.0050885894626356,0.0215267538805919,0.813134376343568,0.987360662705468
P08185,J10_PNEUMOBACT,Bacterial pneumoniae,SERPINA6,Inverse variance weighted (multiplicative random effects),8,-0.0538640739617161,0.0768875720764897,0.483579950644143,0.929767533254116
P08217,J10_PNEUMOBACT,Bacterial pneumoniae,CELA2A,Inverse variance weighted (multiplicative random effects),44,-0.0388155214290571,0.0324565152393013,0.231726267804594,0.800859048079288
P08236,J10_PNEUMOBACT,Bacterial pneumoniae,GUSB,Inverse variance weighted (multiplicative random effects),37,0.020708929177939,0.0235934867497886,0.380085243318071,0.910312384700098
P08254,J10_PNEUMOBACT,Bacterial pneumoniae,MMP3,Inverse variance weighted (multiplicative random effects),34,-0.00325435043572654,0.0234668692830642,0.889704201562868,0.991408010221534
P08263,J10_PNEUMOBACT,Bacterial pneumoniae,GSTA1,Inverse variance weighted (multiplicative random effects),15,0.0112161766009442,0.0378758474657259,0.767130766079513,0.986573751116061
P08294,J10_PNEUMOBACT,Bacterial pneumoniae,SOD3,Inverse variance weighted (multiplicative random effects),27,0.00990641200361281,0.035929207689538,0.782762900913454,0.987360662705468
P08319,J10_PNEUMOBACT,Bacterial pneumoniae,ADH4,Inverse variance weighted (multiplicative random effects),10,0.0526745625884985,0.0646199982024412,0.41499025335849,0.914605207599282
P08397,J10_PNEUMOBACT,Bacterial pneumoniae,HMBS,Inverse variance weighted (multiplicative random effects),6,0.0659521448746386,0.0817253550901932,0.419668010688951,0.914605207599282
P08473,J10_PNEUMOBACT,Bacterial pneumoniae,MME,Inverse variance weighted (multiplicative random effects),45,-0.012983399616878,0.0193114771231771,0.501383054738568,0.936479549622861
P08519,J10_PNEUMOBACT,Bacterial pneumoniae,LPA,Inverse variance weighted (multiplicative random effects),36,-0.0234578621263853,0.0122881323200706,0.056264007300232,0.523174074020396
P08571,J10_PNEUMOBACT,Bacterial pneumoniae,CD14,Inverse variance weighted (multiplicative random effects),20,0.00793706280741506,0.0357323918040973,0.824216461780229,0.987360662705468
P08575,J10_PNEUMOBACT,Bacterial pneumoniae,PTPRC,Inverse variance weighted (multiplicative random effects),19,0.0881335689029275,0.0281583270000305,0.00174848460051714,0.0823275834243498
P08581,J10_PNEUMOBACT,Bacterial pneumoniae,MET,Inverse variance weighted (multiplicative random effects),37,0.0109340303582604,0.0386876687678318,0.777465741418849,0.987360662705468
P08582,J10_PNEUMOBACT,Bacterial pneumoniae,MELTF,Inverse variance weighted (multiplicative random effects),42,-0.0378815694999477,0.0167865698842583,0.0240293701720435,0.362997379291286
P08590,J10_PNEUMOBACT,Bacterial pneumoniae,MYL3,Inverse variance weighted (multiplicative random effects),16,-0.00788375402869373,0.051306665108929,0.877878257852912,0.991408010221534
P08603,J10_PNEUMOBACT,Bacterial pneumoniae,CFH,Inverse variance weighted (multiplicative random effects),20,-0.000777492471734595,0.0334926947183601,0.981479736599095,0.996771625970461
P08648,J10_PNEUMOBACT,Bacterial pneumoniae,ITGA5,Inverse variance weighted (multiplicative random effects),31,0.0633079016924713,0.0369344834688605,0.086517801734808,0.602987801005875
P08697,J10_PNEUMOBACT,Bacterial pneumoniae,SERPINF2,Inverse variance weighted (multiplicative random effects),8,-0.0786001716981375,0.0686188926676021,0.252018807455802,0.814593327157362
P08709,J10_PNEUMOBACT,Bacterial pneumoniae,F7,Inverse variance weighted (multiplicative random effects),30,0.0552638981489364,0.0205344474639863,0.00711789427391312,0.176987640765952
P08727,J10_PNEUMOBACT,Bacterial pneumoniae,KRT19,Inverse variance weighted (multiplicative random effects),7,-0.00651358103108297,0.0695626211042437,0.925398135030541,0.991408010221534
P08833,J10_PNEUMOBACT,Bacterial pneumoniae,IGFBP1,Inverse variance weighted (multiplicative random effects),3,0.0197295875638935,0.186864830077354,0.915913900363336,0.991408010221534
P08887,J10_PNEUMOBACT,Bacterial pneumoniae,IL6R,Inverse variance weighted (multiplicative random effects),40,0.0378863808231536,0.0121286595541525,0.00178588092906154,0.0823365520002747
P08962,J10_PNEUMOBACT,Bacterial pneumoniae,CD63,Inverse variance weighted (multiplicative random effects),27,-0.0375535335556912,0.0303588322024307,0.216091263415215,0.795690459131232
P09038,J10_PNEUMOBACT,Bacterial pneumoniae,FGF2,Inverse variance weighted (multiplicative random effects),40,0.0222037743521234,0.0186858067938948,0.23472724877487,0.800859048079288
P09093,J10_PNEUMOBACT,Bacterial pneumoniae,CELA3A,Inverse variance weighted (multiplicative random effects),41,-0.00475819998880804,0.024550748512978,0.846324037232779,0.987824416875601
P09104,J10_PNEUMOBACT,Bacterial pneumoniae,ENO2,Inverse variance weighted (multiplicative random effects),15,-0.0445336182985578,0.0408319174494999,0.275423819758108,0.833383285321361
P09105,J10_PNEUMOBACT,Bacterial pneumoniae,HBQ1,Inverse variance weighted (multiplicative random effects),17,-0.00467389228892639,0.0216816903992335,0.829324010733186,0.987360662705468
P09110,J10_PNEUMOBACT,Bacterial pneumoniae,ACAA1,Inverse variance weighted (multiplicative random effects),7,-0.0115094494286801,0.0586149001297671,0.844330703558942,0.987360662705468
P09172,J10_PNEUMOBACT,Bacterial pneumoniae,DBH,Inverse variance weighted (multiplicative random effects),41,-0.00186955240047302,0.0172957919301342,0.91392199587178,0.991408010221534
P09211,J10_PNEUMOBACT,Bacterial pneumoniae,GSTP1,Inverse variance weighted (multiplicative random effects),4,0.0418577095748123,0.00878829233382589,1.9083558759494e-06,0.00046924350594178
P09237,J10_PNEUMOBACT,Bacterial pneumoniae,MMP7,Inverse variance weighted (multiplicative random effects),14,0.0494695673045838,0.0358216641128572,0.167280255342552,0.75559419692763
P09238,J10_PNEUMOBACT,Bacterial pneumoniae,MMP10,Inverse variance weighted (multiplicative random effects),20,0.0403266235813014,0.0278757604301059,0.147993419191332,0.732777570732913
P09326,J10_PNEUMOBACT,Bacterial pneumoniae,CD48,Inverse variance weighted (multiplicative random effects),40,0.0109469470023706,0.0198290597373793,0.580903228325894,0.95635796126723
P09341,J10_PNEUMOBACT,Bacterial pneumoniae,CXCL1,Inverse variance weighted (multiplicative random effects),33,-0.00892714567745367,0.0215282631154886,0.678382789021515,0.97303717632421
P09382,J10_PNEUMOBACT,Bacterial pneumoniae,LGALS1,Inverse variance weighted (multiplicative random effects),7,-0.0379750637232127,0.0249532264835014,0.128046710048588,0.690761603177656
P09417,J10_PNEUMOBACT,Bacterial pneumoniae,QDPR,Inverse variance weighted (multiplicative random effects),10,-0.00207908470886478,0.0262037246996674,0.93675972671911,0.993738294176829
P09466,J10_PNEUMOBACT,Bacterial pneumoniae,PAEP,Inverse variance weighted (multiplicative random effects),23,0.0108069177042237,0.0189186094970862,0.567842297467738,0.956343230057918
P09467,J10_PNEUMOBACT,Bacterial pneumoniae,FBP1,Inverse variance weighted (multiplicative random effects),10,0.0185085606071734,0.0401654708115839,0.644936534304201,0.96959548261902
P09486,J10_PNEUMOBACT,Bacterial pneumoniae,SPARC,Inverse variance weighted (multiplicative random effects),28,-0.0725755611226067,0.029986686894017,0.0155094385966152,0.296672244902883
P09525,J10_PNEUMOBACT,Bacterial pneumoniae,ANXA4,Inverse variance weighted (multiplicative random effects),5,-0.0107258466192146,0.0975637119653735,0.912459462040985,0.991408010221534
P09529,J10_PNEUMOBACT,Bacterial pneumoniae,INHBB,Inverse variance weighted (multiplicative random effects),19,-0.00173064692396912,0.0413098442660438,0.966582961985373,0.996572679230728
P09543,J10_PNEUMOBACT,Bacterial pneumoniae,CNP,Inverse variance weighted (multiplicative random effects),7,-0.0584168438038055,0.0835966625317274,0.484680796642455,0.930564806424277
P09564,J10_PNEUMOBACT,Bacterial pneumoniae,CD7,Inverse variance weighted (multiplicative random effects),16,-0.00501336718651996,0.0252718683686258,0.842749809193473,0.987360662705468
P09601,J10_PNEUMOBACT,Bacterial pneumoniae,HMOX1,Inverse variance weighted (multiplicative random effects),29,0.0215641791813099,0.0270018930189451,0.424512347081686,0.914605207599282
P09603,J10_PNEUMOBACT,Bacterial pneumoniae,CSF1,Inverse variance weighted (multiplicative random effects),18,-0.0237137958489211,0.0409252979739694,0.562291641693735,0.95349812251643
P09619,J10_PNEUMOBACT,Bacterial pneumoniae,PDGFRB,Inverse variance weighted (multiplicative random effects),38,-0.00674433390683588,0.0114109265692875,0.554492453500119,0.950270413469016
P09668,J10_PNEUMOBACT,Bacterial pneumoniae,CTSH,Inverse variance weighted (multiplicative random effects),30,-0.0226818173705589,0.0143090324188317,0.112934565298035,0.6570292334507
P09681,J10_PNEUMOBACT,Bacterial pneumoniae,GIP,Inverse variance weighted (multiplicative random effects),8,-0.00371331907325444,0.0418975345778325,0.929377092420711,0.991664178171182
P09683,J10_PNEUMOBACT,Bacterial pneumoniae,SCT,Inverse variance weighted (multiplicative random effects),5,0.0264430487928883,0.114677047158491,0.817635583149882,0.987360662705468
P09758,J10_PNEUMOBACT,Bacterial pneumoniae,TACSTD2,Inverse variance weighted (multiplicative random effects),43,-0.0001508308476898,0.0162613331278191,0.992599384188651,0.998794021346944
P09769,J10_PNEUMOBACT,Bacterial pneumoniae,FGR,Inverse variance weighted (multiplicative random effects),3,-0.09347931654421,0.0618503306890238,0.130691811224228,0.690761603177656
P09871,J10_PNEUMOBACT,Bacterial pneumoniae,C1S,Inverse variance weighted (multiplicative random effects),7,0.0200150654496394,0.0310950075453704,0.519786486878723,0.936801441783925
P09874,J10_PNEUMOBACT,Bacterial pneumoniae,PARP1,Inverse variance weighted (multiplicative random effects),3,-0.0432001397135452,0.123437849301123,0.726357591046935,0.978350181976182
P09919,J10_PNEUMOBACT,Bacterial pneumoniae,CSF3,Inverse variance weighted (multiplicative random effects),9,0.0015285230998824,0.0536952457984185,0.977289976624368,0.996771625970461
P09923,J10_PNEUMOBACT,Bacterial pneumoniae,ALPI,Inverse variance weighted (multiplicative random effects),37,-0.0326454128002133,0.018668027193055,0.0803370198797502,0.583271693404189
P09958,J10_PNEUMOBACT,Bacterial pneumoniae,FURIN,Inverse variance weighted (multiplicative random effects),7,0.0787347920903823,0.0761318898803651,0.301047637345866,0.851941715404605
P0C7L1,J10_PNEUMOBACT,Bacterial pneumoniae,SPINK8,Inverse variance weighted (multiplicative random effects),14,-0.0272064092625125,0.0249572691062485,0.275660445031738,0.833383285321361
P0C862,J10_PNEUMOBACT,Bacterial pneumoniae,C1QTNF9,Inverse variance weighted (multiplicative random effects),46,0.0248999498071655,0.0147074967347428,0.0904534245140294,0.608445736771355
P0CG30,J10_PNEUMOBACT,Bacterial pneumoniae,GSTT2B,Inverse variance weighted (multiplicative random effects),33,0.010347788110726,0.0133181514752479,0.437177180751538,0.914605207599282
P0CG37,J10_PNEUMOBACT,Bacterial pneumoniae,CFC1,Inverse variance weighted (multiplicative random effects),14,-0.0618424533303326,0.0493945129861464,0.21056600526765,0.792702088569202
P0DJD7,J10_PNEUMOBACT,Bacterial pneumoniae,PGA4,Inverse variance weighted (multiplicative random effects),11,-0.166301781682563,0.057135563790304,0.00360674704247529,0.124714550078091
P0DMV8,J10_PNEUMOBACT,Bacterial pneumoniae,HSPA1A,Inverse variance weighted (multiplicative random effects),6,0.0812949041229622,0.114224693688157,0.476644117079945,0.924915267899623
P0DN86,J10_PNEUMOBACT,Bacterial pneumoniae,CGB3,Inverse variance weighted (multiplicative random effects),3,-0.0816239010575214,0.0847316769260292,0.335385881680994,0.877315305453391
P0DOY2,J10_PNEUMOBACT,Bacterial pneumoniae,IGLC2,Inverse variance weighted (multiplicative random effects),18,0.00714043787019083,0.0339845497149791,0.833583103895639,0.987360662705468
P0DPI2,J10_PNEUMOBACT,Bacterial pneumoniae,GATD3,Inverse variance weighted (multiplicative random effects),7,-0.0420292747348293,0.0369673637347993,0.255567890287121,0.817015249817418
P0DUB6_P0DTE7_P0DTE8,J10_PNEUMOBACT,Bacterial pneumoniae,AMY1A,Inverse variance weighted (multiplicative random effects),32,-0.00454703210579805,0.0216258195283218,0.833465211420377,0.987360662705468
P10082,J10_PNEUMOBACT,Bacterial pneumoniae,PYY,Inverse variance weighted (multiplicative random effects),16,0.0417134548142882,0.031735453173244,0.188707654367277,0.773384318966224
P10092,J10_PNEUMOBACT,Bacterial pneumoniae,CALCB,Inverse variance weighted (multiplicative random effects),9,0.00836300645453659,0.0645041814232135,0.89684286032175,0.991408010221534
P10109,J10_PNEUMOBACT,Bacterial pneumoniae,FDX1,Inverse variance weighted (multiplicative random effects),3,-0.110536443322083,0.102750034543446,0.282025610343476,0.83773367428949
P10144,J10_PNEUMOBACT,Bacterial pneumoniae,GZMB,Inverse variance weighted (multiplicative random effects),34,-0.00417808888596825,0.0282368440624536,0.882369712209079,0.991408010221534
P10145,J10_PNEUMOBACT,Bacterial pneumoniae,CXCL8,Inverse variance weighted (multiplicative random effects),20,-0.0506416657439453,0.0385286942823633,0.18871555907897,0.773384318966224
P10147,J10_PNEUMOBACT,Bacterial pneumoniae,CCL3,Inverse variance weighted (multiplicative random effects),17,-0.0213590113448852,0.0346607835574456,0.537742794098541,0.942220746904253
P10301,J10_PNEUMOBACT,Bacterial pneumoniae,RRAS,Inverse variance weighted (multiplicative random effects),4,0.0341415046716509,0.0521460440862427,0.512642529810253,0.936801441783925
P10415,J10_PNEUMOBACT,Bacterial pneumoniae,BCL2,Inverse variance weighted (multiplicative random effects),5,0.220050839990975,0.128654672022566,0.0871920905205061,0.602987801005875
P10451,J10_PNEUMOBACT,Bacterial pneumoniae,SPP1,Inverse variance weighted (multiplicative random effects),28,-0.0449520024079271,0.0483979425469555,0.352992815478772,0.894814548286968
P10586,J10_PNEUMOBACT,Bacterial pneumoniae,PTPRF,Inverse variance weighted (multiplicative random effects),31,-0.00986092104554911,0.0330323068682183,0.765303615499228,0.986573751116061
P10599,J10_PNEUMOBACT,Bacterial pneumoniae,TXN,Inverse variance weighted (multiplicative random effects),3,0.0161446569972815,0.161479311450348,0.920360422648702,0.991408010221534
P10606,J10_PNEUMOBACT,Bacterial pneumoniae,COX5B,Inverse variance weighted (multiplicative random effects),7,0.100936038334396,0.0458389106277449,0.0276672237799423,0.380295442391381
P10643,J10_PNEUMOBACT,Bacterial pneumoniae,C7,Inverse variance weighted (multiplicative random effects),40,0.0251976465246978,0.0195997307001335,0.198578550480493,0.776214730944286
P10644,J10_PNEUMOBACT,Bacterial pneumoniae,PRKAR1A,Inverse variance weighted (multiplicative random effects),6,0.0833204448698871,0.05262482497948,0.113355009995146,0.6570292334507
P10645,J10_PNEUMOBACT,Bacterial pneumoniae,CHGA,Inverse variance weighted (multiplicative random effects),11,-0.0042036398197733,0.040629645779001,0.917596006235837,0.991408010221534
P10646,J10_PNEUMOBACT,Bacterial pneumoniae,TFPI,Inverse variance weighted (multiplicative random effects),22,0.0120553726726969,0.0317932163711947,0.704553714420168,0.97754846764246
P10721,J10_PNEUMOBACT,Bacterial pneumoniae,KIT,Inverse variance weighted (multiplicative random effects),62,-0.00468896830679537,0.0249474198114837,0.850912680836303,0.990818829610349
P10746,J10_PNEUMOBACT,Bacterial pneumoniae,UROS,Inverse variance weighted (multiplicative random effects),4,0.302140599940278,0.0393395950983594,1.58694170785178e-14,1.17063399982533e-11
P10747,J10_PNEUMOBACT,Bacterial pneumoniae,CD28,Inverse variance weighted (multiplicative random effects),24,0.0127380550358747,0.0332238390231314,0.701422418909884,0.97754846764246
P10909,J10_PNEUMOBACT,Bacterial pneumoniae,CLU,Inverse variance weighted (multiplicative random effects),9,-0.0120061164349088,0.0639765795117237,0.851139861277841,0.990818829610349
P10912,J10_PNEUMOBACT,Bacterial pneumoniae,GHR,Inverse variance weighted (multiplicative random effects),40,0.00815623639885285,0.0211122482404863,0.699254335704676,0.97754846764246
P11137,J10_PNEUMOBACT,Bacterial pneumoniae,MAP2,Inverse variance weighted (multiplicative random effects),15,0.0934938047103037,0.0482118036582126,0.0524732657009358,0.509912278993655
P11215,J10_PNEUMOBACT,Bacterial pneumoniae,ITGAM,Inverse variance weighted (multiplicative random effects),20,-0.0208933242408462,0.0401651787593732,0.602934626436832,0.957005067361193
P11226,J10_PNEUMOBACT,Bacterial pneumoniae,MBL2,Inverse variance weighted (multiplicative random effects),43,-0.00142335446441214,0.01165057639449,0.902764143920415,0.991408010221534
P11274,J10_PNEUMOBACT,Bacterial pneumoniae,BCR,Inverse variance weighted (multiplicative random effects),5,0.0272564700738696,0.061855348462331,0.659467443778819,0.972934302055018
P11279,J10_PNEUMOBACT,Bacterial pneumoniae,LAMP1,Inverse variance weighted (multiplicative random effects),13,-0.0848042105743354,0.0717139977498208,0.236994049083785,0.800859048079288
P11387,J10_PNEUMOBACT,Bacterial pneumoniae,TOP1,Inverse variance weighted (multiplicative random effects),32,-0.013196455879806,0.0135053317320115,0.32850512411492,0.872490268610545
P11464,J10_PNEUMOBACT,Bacterial pneumoniae,PSG1,Inverse variance weighted (multiplicative random effects),43,-0.0162778157084857,0.00912996930414446,0.0746027001512177,0.572794035767329
P11684,J10_PNEUMOBACT,Bacterial pneumoniae,SCGB1A1,Inverse variance weighted (multiplicative random effects),49,0.0162903062974229,0.0253193016068309,0.519967974557817,0.936801441783925
P11717,J10_PNEUMOBACT,Bacterial pneumoniae,IGF2R,Inverse variance weighted (multiplicative random effects),36,-0.00833099233836603,0.0179343396684546,0.642269926879289,0.968217539634786
P12034,J10_PNEUMOBACT,Bacterial pneumoniae,FGF5,Inverse variance weighted (multiplicative random effects),28,-0.0119619254645935,0.0266398476549763,0.653414492290704,0.971980185739813
P12081,J10_PNEUMOBACT,Bacterial pneumoniae,HARS1,Inverse variance weighted (multiplicative random effects),7,0.027647635290223,0.0649771967178281,0.670474037740857,0.97303717632421
P12104,J10_PNEUMOBACT,Bacterial pneumoniae,FABP2,Inverse variance weighted (multiplicative random effects),10,-0.0240885442287668,0.0359751355178799,0.503120019393992,0.936479549622861
P12111,J10_PNEUMOBACT,Bacterial pneumoniae,COL6A3,Inverse variance weighted (multiplicative random effects),9,-0.0202861134955786,0.0562495912409139,0.718365115230483,0.97754846764246
P12277,J10_PNEUMOBACT,Bacterial pneumoniae,CKB,Inverse variance weighted (multiplicative random effects),13,-0.015902151651912,0.0581530232166672,0.784504580404859,0.987360662705468
P12318,J10_PNEUMOBACT,Bacterial pneumoniae,FCGR2A,Inverse variance weighted (multiplicative random effects),39,-0.0359782052899511,0.0163389728688921,0.0276662291944313,0.380295442391381
P12319,J10_PNEUMOBACT,Bacterial pneumoniae,FCER1A,Inverse variance weighted (multiplicative random effects),8,0.00798628523690983,0.0522242309572585,0.878459010450728,0.991408010221534
P12429,J10_PNEUMOBACT,Bacterial pneumoniae,ANXA3,Inverse variance weighted (multiplicative random effects),11,0.00732323001551748,0.0519342306804606,0.887862283565606,0.991408010221534
P12532,J10_PNEUMOBACT,Bacterial pneumoniae,CKMT1A,Inverse variance weighted (multiplicative random effects),15,-0.0838690498608326,0.0395540249613433,0.0339751060989302,0.414122771207857
P12544,J10_PNEUMOBACT,Bacterial pneumoniae,GZMA,Inverse variance weighted (multiplicative random effects),29,0.0232217487473716,0.0276575962771699,0.401123960698752,0.914605207599282
P12644,J10_PNEUMOBACT,Bacterial pneumoniae,BMP4,Inverse variance weighted (multiplicative random effects),10,0.035581736952125,0.0334866192774342,0.287978895904074,0.83773367428949
P12724,J10_PNEUMOBACT,Bacterial pneumoniae,RNASE3,Inverse variance weighted (multiplicative random effects),19,0.026629048492173,0.0404916741922014,0.510767836342863,0.936790310748483
P12821,J10_PNEUMOBACT,Bacterial pneumoniae,ACE,Inverse variance weighted (multiplicative random effects),23,-0.0223735291750257,0.0203298037141425,0.27110190219019,0.832106115876407
P12830,J10_PNEUMOBACT,Bacterial pneumoniae,CDH1,Inverse variance weighted (multiplicative random effects),30,-0.0621435751810894,0.0197597367265844,0.00166109724935737,0.0799132220179969
P12872,J10_PNEUMOBACT,Bacterial pneumoniae,MLN,Inverse variance weighted (multiplicative random effects),59,-0.0119901844970253,0.02138772740159,0.575063093757786,0.95635796126723
P12955,J10_PNEUMOBACT,Bacterial pneumoniae,PEPD,Inverse variance weighted (multiplicative random effects),27,0.017803297630977,0.0230367798687883,0.43962857069563,0.914605207599282
P13224,J10_PNEUMOBACT,Bacterial pneumoniae,GP1BB,Inverse variance weighted (multiplicative random effects),23,-0.00378007678148428,0.0296107032286478,0.898418730407104,0.991408010221534
P13232,J10_PNEUMOBACT,Bacterial pneumoniae,IL7,Inverse variance weighted (multiplicative random effects),12,0.0040543530683042,0.0516744185768126,0.937462483247151,0.993738294176829
P13236,J10_PNEUMOBACT,Bacterial pneumoniae,CCL4,Inverse variance weighted (multiplicative random effects),33,0.0498218604421295,0.0226125517330445,0.0275747784384899,0.380295442391381
P13284,J10_PNEUMOBACT,Bacterial pneumoniae,IFI30,Inverse variance weighted (multiplicative random effects),19,0.0461887888281006,0.0280891558560587,0.100101094361711,0.638396892860132
P13385,J10_PNEUMOBACT,Bacterial pneumoniae,TDGF1,Inverse variance weighted (multiplicative random effects),45,0.00987158655014746,0.009513261778438,0.299425664725137,0.851708221126899
P13473,J10_PNEUMOBACT,Bacterial pneumoniae,LAMP2,Inverse variance weighted (multiplicative random effects),6,-0.0190319200197316,0.0577441486573765,0.741709438524576,0.979810469735302
P13500,J10_PNEUMOBACT,Bacterial pneumoniae,CCL2,Inverse variance weighted (multiplicative random effects),26,0.00129506305611172,0.0339298741512829,0.969553085577839,0.996572679230728
P13501,J10_PNEUMOBACT,Bacterial pneumoniae,CCL5,Inverse variance weighted (multiplicative random effects),25,0.0107450243899578,0.0418363502243641,0.797306419803062,0.987360662705468
P13521,J10_PNEUMOBACT,Bacterial pneumoniae,SCG2,Inverse variance weighted (multiplicative random effects),8,-0.0137051463798337,0.0982783464449676,0.889092707014184,0.991408010221534
P13591,J10_PNEUMOBACT,Bacterial pneumoniae,NCAM1,Inverse variance weighted (multiplicative random effects),32,-0.0415224862231332,0.023046062126822,0.0715899126248904,0.572794035767329
P13598,J10_PNEUMOBACT,Bacterial pneumoniae,ICAM2,Inverse variance weighted (multiplicative random effects),82,-0.00908347193983933,0.0131609012568998,0.490077123800356,0.936076251688947
P13611,J10_PNEUMOBACT,Bacterial pneumoniae,VCAN,Inverse variance weighted (multiplicative random effects),59,-0.00969148009968262,0.0133632687931689,0.468309257962571,0.923618363691569
P13647,J10_PNEUMOBACT,Bacterial pneumoniae,KRT5,Inverse variance weighted (multiplicative random effects),11,0.00960292350246898,0.0328570618596217,0.770085079982101,0.987360662705468
P13667,J10_PNEUMOBACT,Bacterial pneumoniae,PDIA4,Inverse variance weighted (multiplicative random effects),10,0.0602660113132103,0.0624148918773625,0.334258878402148,0.877038669373025
P13686,J10_PNEUMOBACT,Bacterial pneumoniae,ACP5,Inverse variance weighted (multiplicative random effects),34,0.00252976527241095,0.0212388214617031,0.905187863321929,0.991408010221534
P13688,J10_PNEUMOBACT,Bacterial pneumoniae,CEACAM1,Inverse variance weighted (multiplicative random effects),19,-0.00720632865477223,0.0230130369838961,0.75417343385687,0.98235862958023
P13725,J10_PNEUMOBACT,Bacterial pneumoniae,OSM,Inverse variance weighted (multiplicative random effects),10,0.0335106941915689,0.0374335003328782,0.37067697662648,0.910312384700098
P13726,J10_PNEUMOBACT,Bacterial pneumoniae,F3,Inverse variance weighted (multiplicative random effects),33,-0.0432770505439364,0.0245783786729433,0.0782761081479006,0.577416757771013
P13727,J10_PNEUMOBACT,Bacterial pneumoniae,PRG2,Inverse variance weighted (multiplicative random effects),49,0.0228180686194097,0.026403864222586,0.3874811699915,0.914605207599282
P13747,J10_PNEUMOBACT,Bacterial pneumoniae,HLA-E,Inverse variance weighted (multiplicative random effects),28,0.0278851349855791,0.0249730795615178,0.264162062696738,0.83061838027226
P13796,J10_PNEUMOBACT,Bacterial pneumoniae,LCP1,Inverse variance weighted (multiplicative random effects),19,-0.00442085915981459,0.0149291735665358,0.767136789418788,0.986573751116061
P13807,J10_PNEUMOBACT,Bacterial pneumoniae,GYS1,Inverse variance weighted (multiplicative random effects),25,-0.000769811403965931,0.0235447293807749,0.973917253113166,0.996771625970461
P13861,J10_PNEUMOBACT,Bacterial pneumoniae,PRKAR2A,Inverse variance weighted (multiplicative random effects),7,0.168329389666911,0.114875603856684,0.142833941421301,0.7300034927606
P13929,J10_PNEUMOBACT,Bacterial pneumoniae,ENO3,Inverse variance weighted (multiplicative random effects),9,0.0821650156096087,0.0856969685506711,0.337666787315157,0.878092362313093
P13987,J10_PNEUMOBACT,Bacterial pneumoniae,CD59,Inverse variance weighted (multiplicative random effects),10,-0.0176901511817142,0.0296070494021608,0.550174978455451,0.948614674909168
P13995,J10_PNEUMOBACT,Bacterial pneumoniae,MTHFD2,Inverse variance weighted (multiplicative random effects),5,-0.160161631379626,0.113824982090228,0.159401647683626,0.747364081194628
P14091,J10_PNEUMOBACT,Bacterial pneumoniae,CTSE,Inverse variance weighted (multiplicative random effects),25,-0.00622214331547815,0.027139484885514,0.818662688262678,0.987360662705468
P14136,J10_PNEUMOBACT,Bacterial pneumoniae,GFAP,Inverse variance weighted (multiplicative random effects),14,-0.0748083056419647,0.0573469932576957,0.192068192500389,0.77548946743829
P14151,J10_PNEUMOBACT,Bacterial pneumoniae,SELL,Inverse variance weighted (multiplicative random effects),32,0.0732165219376822,0.0205023238134112,0.00035544054901934,0.0335528461423674
P14174,J10_PNEUMOBACT,Bacterial pneumoniae,MIF,Inverse variance weighted (multiplicative random effects),11,0.0369688733707001,0.0515832154461238,0.473569002561208,0.923618363691569
P14207,J10_PNEUMOBACT,Bacterial pneumoniae,FOLR2,Inverse variance weighted (multiplicative random effects),25,0.0305864125387059,0.0323497279598611,0.34440769714413,0.886525053135059
P14209,J10_PNEUMOBACT,Bacterial pneumoniae,CD99,Inverse variance weighted (multiplicative random effects),9,-0.0905747978872692,0.0762456255960349,0.23485927422304,0.800859048079288
P14210,J10_PNEUMOBACT,Bacterial pneumoniae,HGF,Inverse variance weighted (multiplicative random effects),15,-0.0101599796403975,0.0482253367651199,0.833139155379532,0.987360662705468
P14317,J10_PNEUMOBACT,Bacterial pneumoniae,HCLS1,Inverse variance weighted (multiplicative random effects),6,0.0634740786182971,0.0794900902979838,0.424571333263051,0.914605207599282
P14384,J10_PNEUMOBACT,Bacterial pneumoniae,CPM,Inverse variance weighted (multiplicative random effects),33,-0.0185692372950997,0.0437920948509476,0.671542680378297,0.97303717632421
P14543,J10_PNEUMOBACT,Bacterial pneumoniae,NID1,Inverse variance weighted (multiplicative random effects),28,-0.0274110209796104,0.0283286275037247,0.333239926790757,0.876884611162836
P14555,J10_PNEUMOBACT,Bacterial pneumoniae,PLA2G2A,Inverse variance weighted (multiplicative random effects),23,0.00610319703349432,0.0221099473229196,0.782518484051583,0.987360662705468
P14778,J10_PNEUMOBACT,Bacterial pneumoniae,IL1R1,Inverse variance weighted (multiplicative random effects),40,0.0276224852333525,0.025369749273918,0.276243791569493,0.834007518067241
P14780,J10_PNEUMOBACT,Bacterial pneumoniae,MMP9,Inverse variance weighted (multiplicative random effects),16,-0.00684725341756286,0.0305160564604551,0.822460084811827,0.987360662705468
P14854,J10_PNEUMOBACT,Bacterial pneumoniae,COX6B1,Inverse variance weighted (multiplicative random effects),3,-0.105863489618511,0.0650890659609466,0.103855992144726,0.644112817462454
P14868,J10_PNEUMOBACT,Bacterial pneumoniae,DARS1,Inverse variance weighted (multiplicative random effects),12,0.016174432251971,0.0596898518968653,0.786410587101505,0.987360662705468
P14902,J10_PNEUMOBACT,Bacterial pneumoniae,IDO1,Inverse variance weighted (multiplicative random effects),25,0.0286684167261876,0.0323727781333164,0.375848357728936,0.910312384700098
P15085,J10_PNEUMOBACT,Bacterial pneumoniae,CPA1,Inverse variance weighted (multiplicative random effects),43,0.0111836895389044,0.029549981183569,0.705083784190334,0.97754846764246
P15086,J10_PNEUMOBACT,Bacterial pneumoniae,CPB1,Inverse variance weighted (multiplicative random effects),39,-0.0220606438749996,0.0288487831232947,0.444450631075481,0.914948136344223
P15121,J10_PNEUMOBACT,Bacterial pneumoniae,AKR1B1,Inverse variance weighted (multiplicative random effects),7,-0.00350448098986952,0.0586834882272298,0.952379957978859,0.994628054274288
P15144,J10_PNEUMOBACT,Bacterial pneumoniae,ANPEP,Inverse variance weighted (multiplicative random effects),23,0.0331475079750536,0.0220184726279465,0.132210775375525,0.696624871204848
P15151,J10_PNEUMOBACT,Bacterial pneumoniae,PVR,Inverse variance weighted (multiplicative random effects),25,0.00253320887571885,0.0196301055791955,0.897320352638928,0.991408010221534
P15260,J10_PNEUMOBACT,Bacterial pneumoniae,IFNGR1,Inverse variance weighted (multiplicative random effects),21,0.0123874940279964,0.0346043127373035,0.720361694392133,0.97754846764246
P15289,J10_PNEUMOBACT,Bacterial pneumoniae,ARSA,Inverse variance weighted (multiplicative random effects),35,-0.00837185595117987,0.0217414647775605,0.700189980172701,0.97754846764246
P15291,J10_PNEUMOBACT,Bacterial pneumoniae,B4GALT1,Inverse variance weighted (multiplicative random effects),19,0.019414104606298,0.0306236502615255,0.526108306137884,0.937020989143648
P15311,J10_PNEUMOBACT,Bacterial pneumoniae,EZR,Inverse variance weighted (multiplicative random effects),4,0.23117576164371,0.100957510762859,0.0220310442380194,0.350869971098069
P15328,J10_PNEUMOBACT,Bacterial pneumoniae,FOLR1,Inverse variance weighted (multiplicative random effects),14,0.122883065067867,0.0444248050152647,0.00567326549955447,0.156936706881426
P15336,J10_PNEUMOBACT,Bacterial pneumoniae,ATF2,Inverse variance weighted (multiplicative random effects),5,-0.0797815061131483,0.0427218093552929,0.0618366068985973,0.547414397258857
P15502,J10_PNEUMOBACT,Bacterial pneumoniae,ELN,Inverse variance weighted (multiplicative random effects),16,0.0312662672181444,0.048197191700831,0.516522258290178,0.936801441783925
P15514,J10_PNEUMOBACT,Bacterial pneumoniae,AREG,Inverse variance weighted (multiplicative random effects),9,-0.0656186008769769,0.0820021283554645,0.423591413432901,0.914605207599282
P15529,J10_PNEUMOBACT,Bacterial pneumoniae,CD46,Inverse variance weighted (multiplicative random effects),11,-0.0142259558067314,0.0714035004086008,0.842080243264771,0.987360662705468
P15692,J10_PNEUMOBACT,Bacterial pneumoniae,VEGFA,Inverse variance weighted (multiplicative random effects),54,0.0160090483116615,0.0135829661274418,0.238552668895957,0.803526721867202
P15848,J10_PNEUMOBACT,Bacterial pneumoniae,ARSB,Inverse variance weighted (multiplicative random effects),24,-0.029271282511036,0.0329229490781553,0.373957688180375,0.910312384700098
P15907,J10_PNEUMOBACT,Bacterial pneumoniae,ST6GAL1,Inverse variance weighted (multiplicative random effects),18,0.0571618376539065,0.0435305185453597,0.189134442095008,0.773582269077839
P16035,J10_PNEUMOBACT,Bacterial pneumoniae,TIMP2,Inverse variance weighted (multiplicative random effects),3,-0.0380093876220692,0.078296850091704,0.627355525891119,0.962474296992687
P16109,J10_PNEUMOBACT,Bacterial pneumoniae,SELP,Inverse variance weighted (multiplicative random effects),21,-0.0105446616871285,0.0273267110365798,0.699590139143009,0.97754846764246
P16112,J10_PNEUMOBACT,Bacterial pneumoniae,ACAN,Inverse variance weighted (multiplicative random effects),34,-0.0114527781150239,0.0256710771261185,0.655499390931432,0.972265517514249
P16233,J10_PNEUMOBACT,Bacterial pneumoniae,PNLIP,Inverse variance weighted (multiplicative random effects),34,0.00514104584107429,0.0252874517756696,0.838897251697592,0.987360662705468
P16234,J10_PNEUMOBACT,Bacterial pneumoniae,PDGFRA,Inverse variance weighted (multiplicative random effects),28,0.0196909622000471,0.028734754883632,0.493175826606646,0.936076251688947
P16278,J10_PNEUMOBACT,Bacterial pneumoniae,GLB1,Inverse variance weighted (multiplicative random effects),27,0.00778357059714625,0.0333507681701079,0.81546242337342,0.987360662705468
P16284,J10_PNEUMOBACT,Bacterial pneumoniae,PECAM1,Inverse variance weighted (multiplicative random effects),22,-0.00268205807947446,0.0258969996276334,0.917513482039095,0.991408010221534
P16422,J10_PNEUMOBACT,Bacterial pneumoniae,EPCAM,Inverse variance weighted (multiplicative random effects),31,-0.032647542353868,0.0206137743527861,0.113245351342004,0.6570292334507
P16442,J10_PNEUMOBACT,Bacterial pneumoniae,ABO,Inverse variance weighted (multiplicative random effects),21,0.0229772191732316,0.0139580867996045,0.09973119069074,0.637876083811005
P16444,J10_PNEUMOBACT,Bacterial pneumoniae,DPEP1,Inverse variance weighted (multiplicative random effects),54,-0.0177986946175808,0.0131922936448612,0.177281204821716,0.768456406670269
P16455,J10_PNEUMOBACT,Bacterial pneumoniae,MGMT,Inverse variance weighted (multiplicative random effects),18,-0.0151607144054811,0.0324857589341737,0.640723104557499,0.967354014330479
P16562,J10_PNEUMOBACT,Bacterial pneumoniae,CRISP2,Inverse variance weighted (multiplicative random effects),63,-0.00962684662211638,0.0164295207265104,0.557910385544763,0.950270413469016
P16581,J10_PNEUMOBACT,Bacterial pneumoniae,SELE,Inverse variance weighted (multiplicative random effects),38,-0.0107324510396042,0.0198285402005081,0.58832646236683,0.956766472595704
P16671,J10_PNEUMOBACT,Bacterial pneumoniae,CD36,Inverse variance weighted (multiplicative random effects),48,-0.0338790169825172,0.0243618327206173,0.164328668540028,0.751194604656791
P16860,J10_PNEUMOBACT,Bacterial pneumoniae,NPPB,Inverse variance weighted (multiplicative random effects),4,0.107130931319541,0.0482408311000694,0.026367750412365,0.378907997808855
P16870,J10_PNEUMOBACT,Bacterial pneumoniae,CPE,Inverse variance weighted (multiplicative random effects),16,-0.067367269210844,0.0543496536473941,0.215154440464583,0.794485830742842
P16871,J10_PNEUMOBACT,Bacterial pneumoniae,IL7R,Inverse variance weighted (multiplicative random effects),71,-0.0110446699283805,0.0115548754850749,0.339150550839058,0.879882964838025
P17050,J10_PNEUMOBACT,Bacterial pneumoniae,NAGA,Inverse variance weighted (multiplicative random effects),20,-0.0101262004989699,0.0308161743417588,0.742457910441258,0.979810469735302
P17174,J10_PNEUMOBACT,Bacterial pneumoniae,GOT1,Inverse variance weighted (multiplicative random effects),6,-0.0726682548997604,0.0659197050589572,0.270298543470642,0.831545310870993
P17181,J10_PNEUMOBACT,Bacterial pneumoniae,IFNAR1,Inverse variance weighted (multiplicative random effects),18,-0.0291819256867665,0.0262842179846662,0.266893399300014,0.83061838027226
P17301,J10_PNEUMOBACT,Bacterial pneumoniae,ITGA2,Inverse variance weighted (multiplicative random effects),36,-0.00919051642897806,0.0177471186943535,0.60455620602524,0.957005067361193
P17405,J10_PNEUMOBACT,Bacterial pneumoniae,SMPD1,Inverse variance weighted (multiplicative random effects),55,0.0341025311545977,0.0208205638268104,0.101437248437181,0.640739836162144
P17538,J10_PNEUMOBACT,Bacterial pneumoniae,CTRB1,Inverse variance weighted (multiplicative random effects),50,-0.000196041021047084,0.0192024530896786,0.991854405990579,0.998794021346944
P17568,J10_PNEUMOBACT,Bacterial pneumoniae,NDUFB7,Inverse variance weighted (multiplicative random effects),11,-0.061774210372393,0.0356307744118435,0.0829656629123177,0.591031079073028
P17643,J10_PNEUMOBACT,Bacterial pneumoniae,TYRP1,Inverse variance weighted (multiplicative random effects),6,0.0283607823797592,0.0849518216572097,0.738496156015867,0.979810469735302
P17676,J10_PNEUMOBACT,Bacterial pneumoniae,CEBPB,Inverse variance weighted (multiplicative random effects),4,-0.0681799047589279,0.224105321655012,0.760951505574273,0.985940094751678
P17813,J10_PNEUMOBACT,Bacterial pneumoniae,ENG,Inverse variance weighted (multiplicative random effects),24,0.00703170875330389,0.0196992697694469,0.721127169635336,0.97754846764246
P17900,J10_PNEUMOBACT,Bacterial pneumoniae,GM2A,Inverse variance weighted (multiplicative random effects),19,0.0327259790574686,0.0201669262392845,0.104641802990625,0.644693137886166
P17927,J10_PNEUMOBACT,Bacterial pneumoniae,CR1,Inverse variance weighted (multiplicative random effects),44,0.0169220353557446,0.017071428479045,0.32156403946741,0.871955895837522
P17931,J10_PNEUMOBACT,Bacterial pneumoniae,LGALS3,Inverse variance weighted (multiplicative random effects),37,-0.0168302141307228,0.0216014899158622,0.435907358080733,0.914605207599282
P17936,J10_PNEUMOBACT,Bacterial pneumoniae,IGFBP3,Inverse variance weighted (multiplicative random effects),39,0.028747306953097,0.0143665271436762,0.0453932439946893,0.460803894313062
P17948,J10_PNEUMOBACT,Bacterial pneumoniae,FLT1,Inverse variance weighted (multiplicative random effects),20,-0.0390498099415619,0.0271658240058529,0.150587073945446,0.733301789789463
P18031,J10_PNEUMOBACT,Bacterial pneumoniae,PTPN1,Inverse variance weighted (multiplicative random effects),6,0.0134314330568654,0.113797108178473,0.906044163332038,0.991408010221534
P18065,J10_PNEUMOBACT,Bacterial pneumoniae,IGFBP2,Inverse variance weighted (multiplicative random effects),13,-0.0342866751511421,0.0547576856498757,0.531214759249895,0.93890774885116
P18084,J10_PNEUMOBACT,Bacterial pneumoniae,ITGB5,Inverse variance weighted (multiplicative random effects),15,0.0668058099018803,0.0364204452478614,0.0666103410874509,0.56313329495582
P18428,J10_PNEUMOBACT,Bacterial pneumoniae,LBP,Inverse variance weighted (multiplicative random effects),21,-0.0211082523156964,0.01599765702018,0.187015712930175,0.773384318966224
P18510,J10_PNEUMOBACT,Bacterial pneumoniae,IL1RN,Inverse variance weighted (multiplicative random effects),14,0.00880246399665725,0.0412403398004588,0.830981403369755,0.987360662705468
P18564,J10_PNEUMOBACT,Bacterial pneumoniae,ITGB6,Inverse variance weighted (multiplicative random effects),30,-0.000612292222384005,0.0256578799595502,0.980961320766875,0.996771625970461
P18627,J10_PNEUMOBACT,Bacterial pneumoniae,LAG3,Inverse variance weighted (multiplicative random effects),31,0.0558642947959189,0.0348217638339437,0.108649591993475,0.653956210928279
P18754,J10_PNEUMOBACT,Bacterial pneumoniae,RCC1,Inverse variance weighted (multiplicative random effects),4,-0.0594963563623227,0.112851986903243,0.598049854897981,0.957005067361193
P18827,J10_PNEUMOBACT,Bacterial pneumoniae,SDC1,Inverse variance weighted (multiplicative random effects),24,0.0833881118449813,0.0382920008044429,0.0294291149355095,0.397627797228496
P19021,J10_PNEUMOBACT,Bacterial pneumoniae,PAM,Inverse variance weighted (multiplicative random effects),35,-0.0239957459453317,0.0150643150544425,0.111185627590087,0.657001115098402
P19022,J10_PNEUMOBACT,Bacterial pneumoniae,CDH2,Inverse variance weighted (multiplicative random effects),30,-0.0269092406687037,0.0423726698376951,0.525388468584126,0.937020989143648
P19075,J10_PNEUMOBACT,Bacterial pneumoniae,TSPAN8,Inverse variance weighted (multiplicative random effects),44,0.00577527542085658,0.0185615200267059,0.755692388343889,0.982466377663343
P19256,J10_PNEUMOBACT,Bacterial pneumoniae,CD58,Inverse variance weighted (multiplicative random effects),25,-0.00296649444656312,0.0279047283975586,0.915338024850649,0.991408010221534
P19320,J10_PNEUMOBACT,Bacterial pneumoniae,VCAM1,Inverse variance weighted (multiplicative random effects),26,0.0291635299371001,0.0327474497981583,0.373165904744136,0.910312384700098
P19438,J10_PNEUMOBACT,Bacterial pneumoniae,TNFRSF1A,Inverse variance weighted (multiplicative random effects),8,0.0382400408159757,0.103833092931799,0.712661668146567,0.97754846764246
P19440,J10_PNEUMOBACT,Bacterial pneumoniae,GGT1,Inverse variance weighted (multiplicative random effects),22,0.0567207701392552,0.0427440420249753,0.184513121998383,0.773131989356907
P19474,J10_PNEUMOBACT,Bacterial pneumoniae,TRIM21,Inverse variance weighted (multiplicative random effects),8,0.025605865965816,0.0672619964643051,0.703434431563596,0.97754846764246
P19525,J10_PNEUMOBACT,Bacterial pneumoniae,EIF2AK2,Inverse variance weighted (multiplicative random effects),11,0.0376375690973951,0.0429836368899253,0.381233651036718,0.912075751074873
P19526,J10_PNEUMOBACT,Bacterial pneumoniae,FUT1,Inverse variance weighted (multiplicative random effects),4,-0.0800549998641974,0.113178313299052,0.479358223266994,0.92648012933612
P19801,J10_PNEUMOBACT,Bacterial pneumoniae,AOC1,Inverse variance weighted (multiplicative random effects),5,0.029978615432525,0.030749740133482,0.329598673546505,0.872490268610545
P19838,J10_PNEUMOBACT,Bacterial pneumoniae,NFKB1,Inverse variance weighted (multiplicative random effects),7,0.182128999545633,0.0494637981421458,0.000231350941535669,0.0269462965062335
P19876,J10_PNEUMOBACT,Bacterial pneumoniae,CXCL3,Inverse variance weighted (multiplicative random effects),9,-0.108356365708157,0.0662767245484833,0.102068276556016,0.640739836162144
P19878,J10_PNEUMOBACT,Bacterial pneumoniae,NCF2,Inverse variance weighted (multiplicative random effects),7,0.0936298361023075,0.0671743058723193,0.163367717466727,0.751194604656791
P19883,J10_PNEUMOBACT,Bacterial pneumoniae,FST,Inverse variance weighted (multiplicative random effects),8,0.106570944569843,0.0591773312286759,0.0717226689471409,0.572794035767329
P19957,J10_PNEUMOBACT,Bacterial pneumoniae,PI3,Inverse variance weighted (multiplicative random effects),19,0.0160173905322188,0.024803578376634,0.518428744378342,0.936801441783925
P19961,J10_PNEUMOBACT,Bacterial pneumoniae,AMY2B,Inverse variance weighted (multiplicative random effects),37,-0.00208920153502542,0.0197699548739992,0.915839752680013,0.991408010221534
P19971,J10_PNEUMOBACT,Bacterial pneumoniae,TYMP,Inverse variance weighted (multiplicative random effects),6,-0.00214139696862263,0.0678689326029487,0.974829364979735,0.996771625970461
P20023,J10_PNEUMOBACT,Bacterial pneumoniae,CR2,Inverse variance weighted (multiplicative random effects),57,0.0284776389999584,0.0279738782294775,0.308674032412469,0.855693558471614
P20061,J10_PNEUMOBACT,Bacterial pneumoniae,TCN1,Inverse variance weighted (multiplicative random effects),62,0.0326517132976337,0.0128041910152032,0.0107698157443554,0.229169252329409
P20062,J10_PNEUMOBACT,Bacterial pneumoniae,TCN2,Inverse variance weighted (multiplicative random effects),44,0.0128622136059869,0.0120054229397083,0.284004458030572,0.83773367428949
P20138,J10_PNEUMOBACT,Bacterial pneumoniae,CD33,Inverse variance weighted (multiplicative random effects),40,0.0240923608680085,0.0107756234882749,0.0253635256265487,0.372457169513125
P20155,J10_PNEUMOBACT,Bacterial pneumoniae,SPINK2,Inverse variance weighted (multiplicative random effects),38,-0.00768090330514488,0.0237042531872802,0.745914870016647,0.979810469735302
P20160,J10_PNEUMOBACT,Bacterial pneumoniae,AZU1,Inverse variance weighted (multiplicative random effects),9,0.0161860640497154,0.0458196550377578,0.723896594247836,0.978344387960314
P20273,J10_PNEUMOBACT,Bacterial pneumoniae,CD22,Inverse variance weighted (multiplicative random effects),46,0.0390225281540426,0.022909194588566,0.0885013515138375,0.606743196301947
P20333,J10_PNEUMOBACT,Bacterial pneumoniae,TNFRSF1B,Inverse variance weighted (multiplicative random effects),17,0.0535076391044211,0.0441976760023428,0.226031978787106,0.7977811308706
P20340,J10_PNEUMOBACT,Bacterial pneumoniae,RAB6A,Inverse variance weighted (multiplicative random effects),25,0.0400171949634416,0.0236368778244171,0.0904557828277342,0.608445736771355
P20472,J10_PNEUMOBACT,Bacterial pneumoniae,PVALB,Inverse variance weighted (multiplicative random effects),33,-0.00372152037252248,0.0150640229423944,0.804871917332884,0.987360662705468
P20645,J10_PNEUMOBACT,Bacterial pneumoniae,M6PR,Inverse variance weighted (multiplicative random effects),3,-0.0409422938575971,0.100245522638156,0.682965224451799,0.97384152172154
P20700,J10_PNEUMOBACT,Bacterial pneumoniae,LMNB1,Inverse variance weighted (multiplicative random effects),6,0.0384382934694803,0.086678400178659,0.657433962192782,0.972690915562804
P20701,J10_PNEUMOBACT,Bacterial pneumoniae,ITGAL,Inverse variance weighted (multiplicative random effects),7,0.0122882263484543,0.0739686184151561,0.868056563055537,0.991408010221534
P20711,J10_PNEUMOBACT,Bacterial pneumoniae,DDC,Inverse variance weighted (multiplicative random effects),17,-0.0435485273382478,0.0285701954104739,0.127442715056979,0.690761603177656
P20718,J10_PNEUMOBACT,Bacterial pneumoniae,GZMH,Inverse variance weighted (multiplicative random effects),19,0.00282922445796686,0.0396577638651639,0.943126366542083,0.993903793863151
P20742,J10_PNEUMOBACT,Bacterial pneumoniae,PZP,Inverse variance weighted (multiplicative random effects),13,-0.0990501714809105,0.0611300789401658,0.105163969371964,0.644693137886166
P20774,J10_PNEUMOBACT,Bacterial pneumoniae,OGN,Inverse variance weighted (multiplicative random effects),34,0.00977596069073555,0.0195300334903595,0.616680562629491,0.959714546483167
P20783,J10_PNEUMOBACT,Bacterial pneumoniae,NTF3,Inverse variance weighted (multiplicative random effects),18,-0.0395015228524566,0.0295625079696695,0.181482809021878,0.769389763152139
P20827,J10_PNEUMOBACT,Bacterial pneumoniae,EFNA1,Inverse variance weighted (multiplicative random effects),17,-0.0538934396728191,0.0415482535247295,0.194586845198551,0.77548946743829
P20849,J10_PNEUMOBACT,Bacterial pneumoniae,COL9A1,Inverse variance weighted (multiplicative random effects),12,0.0786253191629773,0.0520349373540606,0.130785861604807,0.690761603177656
P20851,J10_PNEUMOBACT,Bacterial pneumoniae,C4BPB,Inverse variance weighted (multiplicative random effects),34,0.0234520239853519,0.0303019905753974,0.438964294757901,0.914605207599282
P20908,J10_PNEUMOBACT,Bacterial pneumoniae,COL5A1,Inverse variance weighted (multiplicative random effects),26,-0.0424208758045207,0.0233592197834627,0.0693668741535243,0.569201026702432
P21128,J10_PNEUMOBACT,Bacterial pneumoniae,ENDOU,Inverse variance weighted (multiplicative random effects),37,-0.0041793722294997,0.0249357138781005,0.866893346286687,0.991408010221534
P21217_Q11128,J10_PNEUMOBACT,Bacterial pneumoniae,FUT3,Inverse variance weighted (multiplicative random effects),54,0.0209175929883431,0.0204317112445862,0.305938837130777,0.85416950545795
P21246,J10_PNEUMOBACT,Bacterial pneumoniae,PTN,Inverse variance weighted (multiplicative random effects),9,0.00563900622530064,0.0593483745212382,0.924302639252882,0.991408010221534
P21549,J10_PNEUMOBACT,Bacterial pneumoniae,AGXT,Inverse variance weighted (multiplicative random effects),27,0.0279877607455087,0.0409439580708998,0.494251372406896,0.936076251688947
P21583,J10_PNEUMOBACT,Bacterial pneumoniae,KITLG,Inverse variance weighted (multiplicative random effects),33,-0.0324049216635866,0.0241253197034662,0.179210009477055,0.768456406670269
P21589,J10_PNEUMOBACT,Bacterial pneumoniae,NT5E,Inverse variance weighted (multiplicative random effects),44,0.0179220550699862,0.0222264846703747,0.42004809241671,0.914605207599282
P21709,J10_PNEUMOBACT,Bacterial pneumoniae,EPHA1,Inverse variance weighted (multiplicative random effects),15,0.025463937779685,0.041262764368892,0.537157805420404,0.941941539932927
P21741,J10_PNEUMOBACT,Bacterial pneumoniae,MDK,Inverse variance weighted (multiplicative random effects),24,-0.0248515259681722,0.0472927138921586,0.599247338852466,0.957005067361193
P21754,J10_PNEUMOBACT,Bacterial pneumoniae,ZP3,Inverse variance weighted (multiplicative random effects),54,0.0195650359254346,0.0134098920505582,0.144565037420405,0.732777570732913
P21757,J10_PNEUMOBACT,Bacterial pneumoniae,MSR1,Inverse variance weighted (multiplicative random effects),37,0.034119824457794,0.0251789061020831,0.175387105621273,0.768456406670269
P21802,J10_PNEUMOBACT,Bacterial pneumoniae,FGFR2,Inverse variance weighted (multiplicative random effects),18,0.0965395576915635,0.0420116579510724,0.0215661684363232,0.348364458026155
P21810,J10_PNEUMOBACT,Bacterial pneumoniae,BGN,Inverse variance weighted (multiplicative random effects),30,-0.0144173623310364,0.0311541105169808,0.643525219258829,0.968654580822906
P21854,J10_PNEUMOBACT,Bacterial pneumoniae,CD72,Inverse variance weighted (multiplicative random effects),25,-0.0304460845800243,0.0451500100940522,0.500100433278745,0.936479549622861
P21860,J10_PNEUMOBACT,Bacterial pneumoniae,ERBB3,Inverse variance weighted (multiplicative random effects),21,0.105481985018977,0.033123312350843,0.00144992258838261,0.0729245156384256
P21912,J10_PNEUMOBACT,Bacterial pneumoniae,SDHB,Inverse variance weighted (multiplicative random effects),13,0.0338817863339873,0.0614747764215766,0.581531261388076,0.95635796126723
P21964,J10_PNEUMOBACT,Bacterial pneumoniae,COMT,Inverse variance weighted (multiplicative random effects),17,-0.0631957905338429,0.0311771534779753,0.0426633953306178,0.450095155435352
P21980,J10_PNEUMOBACT,Bacterial pneumoniae,TGM2,Inverse variance weighted (multiplicative random effects),5,0.058688871340584,0.0423003850209741,0.165310335502873,0.751194604656791
P22004,J10_PNEUMOBACT,Bacterial pneumoniae,BMP6,Inverse variance weighted (multiplicative random effects),29,-0.0576573603313568,0.0219819806345235,0.00871752744219067,0.209694437277913
P22033,J10_PNEUMOBACT,Bacterial pneumoniae,MMUT,Inverse variance weighted (multiplicative random effects),3,-0.115957700588933,0.142530246189275,0.415893870235537,0.914605207599282
P22079,J10_PNEUMOBACT,Bacterial pneumoniae,LPO,Inverse variance weighted (multiplicative random effects),39,0.0268588819582507,0.0236739177052,0.256570311941728,0.818141354938103
P22102,J10_PNEUMOBACT,Bacterial pneumoniae,GART,Inverse variance weighted (multiplicative random effects),3,0.0442757747453267,0.155551922710675,0.775922546470667,0.987360662705468
P22105,J10_PNEUMOBACT,Bacterial pneumoniae,TNXB,Inverse variance weighted (multiplicative random effects),34,0.0234812102612786,0.0218343171016605,0.282183678390818,0.83773367428949
P22223,J10_PNEUMOBACT,Bacterial pneumoniae,CDH3,Inverse variance weighted (multiplicative random effects),17,0.0251418873230474,0.0401915697596631,0.531609312838004,0.93890774885116
P22301,J10_PNEUMOBACT,Bacterial pneumoniae,IL10,Inverse variance weighted (multiplicative random effects),8,0.0554082377607633,0.060610403615324,0.360627307705996,0.904594714587112
P22303,J10_PNEUMOBACT,Bacterial pneumoniae,ACHE,Inverse variance weighted (multiplicative random effects),27,-0.0251800771070583,0.0345738794643498,0.466431366202759,0.923618363691569
P22304,J10_PNEUMOBACT,Bacterial pneumoniae,IDS,Inverse variance weighted (multiplicative random effects),4,-0.00423428731221658,0.104086049098646,0.967550494175901,0.996572679230728
P22455,J10_PNEUMOBACT,Bacterial pneumoniae,FGFR4,Inverse variance weighted (multiplicative random effects),78,-0.00700488532550453,0.0112690489850108,0.53420232517226,0.939737476634508
P22466,J10_PNEUMOBACT,Bacterial pneumoniae,GAL,Inverse variance weighted (multiplicative random effects),63,-0.0342295133338086,0.0197607392793045,0.083238312541671,0.591031079073028
P22692,J10_PNEUMOBACT,Bacterial pneumoniae,IGFBP4,Inverse variance weighted (multiplicative random effects),8,0.118300502450285,0.0810430279631542,0.144365775214344,0.732777570732913
P22748,J10_PNEUMOBACT,Bacterial pneumoniae,CA4,Inverse variance weighted (multiplicative random effects),21,0.00452653438992754,0.0387373569730631,0.906977402351882,0.991408010221534
P22749,J10_PNEUMOBACT,Bacterial pneumoniae,GNLY,Inverse variance weighted (multiplicative random effects),46,0.00217547662645119,0.0160615267041659,0.892258907933428,0.991408010221534
P22894,J10_PNEUMOBACT,Bacterial pneumoniae,MMP8,Inverse variance weighted (multiplicative random effects),21,0.0124855833664054,0.0196570419801123,0.525316883062929,0.937020989143648
P22897,J10_PNEUMOBACT,Bacterial pneumoniae,MRC1,Inverse variance weighted (multiplicative random effects),35,-0.000861577678960028,0.0354530625343478,0.980611777382558,0.996771625970461
P23141,J10_PNEUMOBACT,Bacterial pneumoniae,CES1,Inverse variance weighted (multiplicative random effects),40,0.0164430509546062,0.0213487369920707,0.441174215157961,0.914605207599282
P23229,J10_PNEUMOBACT,Bacterial pneumoniae,ITGA6,Inverse variance weighted (multiplicative random effects),23,0.0134693628971356,0.0277979833945909,0.627999416045309,0.962474296992687
P23276,J10_PNEUMOBACT,Bacterial pneumoniae,KEL,Inverse variance weighted (multiplicative random effects),55,-0.0133530928111212,0.0188701066081226,0.479173765017431,0.92648012933612
P23280,J10_PNEUMOBACT,Bacterial pneumoniae,CA6,Inverse variance weighted (multiplicative random effects),45,0.0120163515910091,0.0229787445143563,0.601020643260672,0.957005067361193
P23284,J10_PNEUMOBACT,Bacterial pneumoniae,PPIB,Inverse variance weighted (multiplicative random effects),9,0.00082201856380938,0.0550908187431,0.988095083734934,0.998794021346944
P23327,J10_PNEUMOBACT,Bacterial pneumoniae,HRC,Inverse variance weighted (multiplicative random effects),11,-0.0243776104457692,0.0498261817413262,0.624662569194951,0.961320073455094
P23467,J10_PNEUMOBACT,Bacterial pneumoniae,PTPRB,Inverse variance weighted (multiplicative random effects),40,0.0160521592825989,0.0187634071369433,0.392272502877372,0.914605207599282
P23471,J10_PNEUMOBACT,Bacterial pneumoniae,PTPRZ1,Inverse variance weighted (multiplicative random effects),30,-0.0105138743081182,0.0323263408144643,0.744998144486047,0.979810469735302
P23515,J10_PNEUMOBACT,Bacterial pneumoniae,OMG,Inverse variance weighted (multiplicative random effects),17,0.0172605724352047,0.0501095394593675,0.730502766660756,0.979810469735302
P23526,J10_PNEUMOBACT,Bacterial pneumoniae,AHCY,Inverse variance weighted (multiplicative random effects),9,-0.0248161335360731,0.0314578896898557,0.430188955812014,0.914605207599282
P23560,J10_PNEUMOBACT,Bacterial pneumoniae,BDNF,Inverse variance weighted (multiplicative random effects),31,-0.0395641529956565,0.0314983702539054,0.209090648582154,0.792702088569202
P23582,J10_PNEUMOBACT,Bacterial pneumoniae,NPPC,Inverse variance weighted (multiplicative random effects),7,0.0821146166547989,0.0693699332157737,0.236523694871356,0.800859048079288
P23588,J10_PNEUMOBACT,Bacterial pneumoniae,EIF4B,Inverse variance weighted (multiplicative random effects),7,0.0323423885629691,0.0542117135553119,0.550778410016588,0.948614674909168
P23743,J10_PNEUMOBACT,Bacterial pneumoniae,DGKA,Inverse variance weighted (multiplicative random effects),7,0.191297990254717,0.084993751879397,0.024402641156374,0.362997379291286
P23919,J10_PNEUMOBACT,Bacterial pneumoniae,DTYMK,Inverse variance weighted (multiplicative random effects),10,0.11080398643517,0.072103920264425,0.124360362035677,0.681270872328235
P24001,J10_PNEUMOBACT,Bacterial pneumoniae,IL32,Inverse variance weighted (multiplicative random effects),28,-0.0801173866364092,0.038125030960786,0.0356025401575997,0.414675901940885
P24071,J10_PNEUMOBACT,Bacterial pneumoniae,FCAR,Inverse variance weighted (multiplicative random effects),46,0.00661481479898114,0.0160626063992661,0.680475366328729,0.97303717632421
P24158,J10_PNEUMOBACT,Bacterial pneumoniae,PRTN3,Inverse variance weighted (multiplicative random effects),45,-0.00618355579802214,0.020030636370095,0.757546008499609,0.983254731266648
P24386,J10_PNEUMOBACT,Bacterial pneumoniae,CHM,Inverse variance weighted (multiplicative random effects),3,0.0550607745995023,0.177278963899044,0.756113611795391,0.982466377663343
P24387,J10_PNEUMOBACT,Bacterial pneumoniae,CRHBP,Inverse variance weighted (multiplicative random effects),32,0.00789544379522482,0.019142195782738,0.680000236654159,0.97303717632421
P24394,J10_PNEUMOBACT,Bacterial pneumoniae,IL4R,Inverse variance weighted (multiplicative random effects),23,-0.0135632442488598,0.0314450272854541,0.666227038132569,0.97303717632421
P24592,J10_PNEUMOBACT,Bacterial pneumoniae,IGFBP6,Inverse variance weighted (multiplicative random effects),11,-0.065770202907132,0.0790568971735497,0.40544561221195,0.914605207599282
P24666,J10_PNEUMOBACT,Bacterial pneumoniae,ACP1,Inverse variance weighted (multiplicative random effects),10,0.05089027130401,0.0362927832530975,0.160851166935174,0.749397120900083
P24821,J10_PNEUMOBACT,Bacterial pneumoniae,TNC,Inverse variance weighted (multiplicative random effects),48,0.0084829173415017,0.0224828413255712,0.705946001859006,0.97754846764246
P24864,J10_PNEUMOBACT,Bacterial pneumoniae,CCNE1,Inverse variance weighted (multiplicative random effects),6,-0.0783397408582455,0.101011266046723,0.438012080715852,0.914605207599282
P25116,J10_PNEUMOBACT,Bacterial pneumoniae,F2R,Inverse variance weighted (multiplicative random effects),20,0.0362996468239061,0.0338595527977642,0.283690766954026,0.83773367428949
P25445,J10_PNEUMOBACT,Bacterial pneumoniae,FAS,Inverse variance weighted (multiplicative random effects),14,-0.0526004372659846,0.0324633000796304,0.105166842646591,0.644693137886166
P25685,J10_PNEUMOBACT,Bacterial pneumoniae,DNAJB1,Inverse variance weighted (multiplicative random effects),13,0.0460844560654643,0.0432354981324412,0.286471582298327,0.83773367428949
P25774,J10_PNEUMOBACT,Bacterial pneumoniae,CTSS,Inverse variance weighted (multiplicative random effects),32,0.0183108200468671,0.020268247942276,0.366300948557239,0.907244382125156
P25815,J10_PNEUMOBACT,Bacterial pneumoniae,S100P,Inverse variance weighted (multiplicative random effects),11,0.0134469044743192,0.0493557891006139,0.785277282028573,0.987360662705468
P25942,J10_PNEUMOBACT,Bacterial pneumoniae,CD40,Inverse variance weighted (multiplicative random effects),23,-0.0227838915779936,0.0271791911830862,0.401871003344295,0.914605207599282
P26010,J10_PNEUMOBACT,Bacterial pneumoniae,ITGB7,Inverse variance weighted (multiplicative random effects),66,0.0127895108449003,0.0199953543572066,0.522417000507261,0.937020989143648
P26022,J10_PNEUMOBACT,Bacterial pneumoniae,PTX3,Inverse variance weighted (multiplicative random effects),16,0.0143437853239921,0.0249103234355204,0.564738946360494,0.954548194934809
P26447,J10_PNEUMOBACT,Bacterial pneumoniae,S100A4,Inverse variance weighted (multiplicative random effects),9,0.0137175018019051,0.0533824520950311,0.797204635092105,0.987360662705468
P26718,J10_PNEUMOBACT,Bacterial pneumoniae,KLRK1,Inverse variance weighted (multiplicative random effects),34,0.014221644820853,0.0186238032209926,0.445089367661828,0.915411496873257
P26842,J10_PNEUMOBACT,Bacterial pneumoniae,CD27,Inverse variance weighted (multiplicative random effects),25,-0.0248053568418486,0.0278354700754623,0.372852988250657,0.910312384700098
P26927,J10_PNEUMOBACT,Bacterial pneumoniae,MST1,Inverse variance weighted (multiplicative random effects),54,0.00846962734041669,0.0124197772617676,0.495272592125556,0.936076251688947
P26951,J10_PNEUMOBACT,Bacterial pneumoniae,IL3RA,Inverse variance weighted (multiplicative random effects),20,0.00436823793246949,0.0240412318750566,0.855819925503186,0.990818829610349
P27169,J10_PNEUMOBACT,Bacterial pneumoniae,PON1,Inverse variance weighted (multiplicative random effects),43,0.00347809036199364,0.0135259209850486,0.7970687001335,0.987360662705468
P27348,J10_PNEUMOBACT,Bacterial pneumoniae,YWHAQ,Inverse variance weighted (multiplicative random effects),7,0.0320010019085958,0.073453421012278,0.663080620702699,0.97303717632421
P27352,J10_PNEUMOBACT,Bacterial pneumoniae,CBLIF,Inverse variance weighted (multiplicative random effects),52,0.00075977167901836,0.0165333257362162,0.963346951038859,0.996572679230728
P27487,J10_PNEUMOBACT,Bacterial pneumoniae,DPP4,Inverse variance weighted (multiplicative random effects),17,0.0402316352157421,0.0321881217248236,0.211339463287767,0.792702088569202
P27695,J10_PNEUMOBACT,Bacterial pneumoniae,APEX1,Inverse variance weighted (multiplicative random effects),15,0.0039492132748556,0.0331018413575056,0.905033768038915,0.991408010221534
P27918,J10_PNEUMOBACT,Bacterial pneumoniae,CFP,Inverse variance weighted (multiplicative random effects),19,0.027291139162933,0.038217860176313,0.475169144537825,0.924117897377147
P27930,J10_PNEUMOBACT,Bacterial pneumoniae,IL1R2,Inverse variance weighted (multiplicative random effects),47,0.0297613192342472,0.0205912659623463,0.148363240835048,0.732777570732913
P28325,J10_PNEUMOBACT,Bacterial pneumoniae,CST5,Inverse variance weighted (multiplicative random effects),46,-0.0191250924147037,0.0161331243904853,0.235837610473553,0.800859048079288
P28799,J10_PNEUMOBACT,Bacterial pneumoniae,GRN,Inverse variance weighted (multiplicative random effects),47,-0.0170512627437692,0.0172367742389131,0.322546975191845,0.871955895837522
P28827,J10_PNEUMOBACT,Bacterial pneumoniae,PTPRM,Inverse variance weighted (multiplicative random effects),41,-0.0143962020109581,0.0131205017230496,0.272541064995864,0.833057150325756
P28845,J10_PNEUMOBACT,Bacterial pneumoniae,HSD11B1,Inverse variance weighted (multiplicative random effects),25,0.0157626178693294,0.0352623347915675,0.654867807021266,0.971980185739813
P28906,J10_PNEUMOBACT,Bacterial pneumoniae,CD34,Inverse variance weighted (multiplicative random effects),10,-0.0141924729715335,0.054507582567041,0.794573659744215,0.987360662705468
P28907,J10_PNEUMOBACT,Bacterial pneumoniae,CD38,Inverse variance weighted (multiplicative random effects),26,0.0101650032644637,0.0290120425846555,0.726059643572912,0.978350181976182
P28908,J10_PNEUMOBACT,Bacterial pneumoniae,TNFRSF8,Inverse variance weighted (multiplicative random effects),21,0.019038335758429,0.041964117915667,0.650058224925366,0.971941667710376
P29017,J10_PNEUMOBACT,Bacterial pneumoniae,CD1C,Inverse variance weighted (multiplicative random effects),47,0.024620687716507,0.0271948604043455,0.365283484367503,0.907244382125156
P29218,J10_PNEUMOBACT,Bacterial pneumoniae,IMPA1,Inverse variance weighted (multiplicative random effects),7,0.0162938019450685,0.0389489277047825,0.675700283639603,0.97303717632421
P29279,J10_PNEUMOBACT,Bacterial pneumoniae,CCN2,Inverse variance weighted (multiplicative random effects),47,-0.0295366037267233,0.0218378277774581,0.17620163421907,0.768456406670269
P29317,J10_PNEUMOBACT,Bacterial pneumoniae,EPHA2,Inverse variance weighted (multiplicative random effects),13,-0.0160492391331289,0.0420579132491209,0.702759152490331,0.97754846764246
P29350,J10_PNEUMOBACT,Bacterial pneumoniae,PTPN6,Inverse variance weighted (multiplicative random effects),6,0.0262288167664101,0.0733795194076032,0.720762014423546,0.97754846764246
P29377,J10_PNEUMOBACT,Bacterial pneumoniae,S100G,Inverse variance weighted (multiplicative random effects),6,-0.0343682641411335,0.120457116284331,0.775402554760359,0.987360662705468
P29459_P29460,J10_PNEUMOBACT,Bacterial pneumoniae,IL12A,Inverse variance weighted (multiplicative random effects),59,0.0412368511953966,0.0188056126795262,0.02832216101645,0.386894705737061
P29460,J10_PNEUMOBACT,Bacterial pneumoniae,IL12B,Inverse variance weighted (multiplicative random effects),65,0.0329050462118842,0.0189678296023904,0.0827794551311366,0.591031079073028
P29466,J10_PNEUMOBACT,Bacterial pneumoniae,CASP1,Inverse variance weighted (multiplicative random effects),6,0.0188300257102286,0.0395489150406488,0.633988956223284,0.965352015813364
P29474,J10_PNEUMOBACT,Bacterial pneumoniae,NOS3,Inverse variance weighted (multiplicative random effects),10,0.0517923650439971,0.0616137036626475,0.400573097930845,0.914605207599282
P29475,J10_PNEUMOBACT,Bacterial pneumoniae,NOS1,Inverse variance weighted (multiplicative random effects),5,0.0243027153984788,0.0410144114135467,0.5534884550676,0.950270413469016
P29536,J10_PNEUMOBACT,Bacterial pneumoniae,LMOD1,Inverse variance weighted (multiplicative random effects),11,-0.0597716876224437,0.0538118961827743,0.266674982120517,0.83061838027226
P29622,J10_PNEUMOBACT,Bacterial pneumoniae,SERPINA4,Inverse variance weighted (multiplicative random effects),29,0.00809764919873718,0.019863156686784,0.68351463027839,0.973997345013571
P29692,J10_PNEUMOBACT,Bacterial pneumoniae,EEF1D,Inverse variance weighted (multiplicative random effects),8,0.0742086352527029,0.0517735570346641,0.151763316639663,0.733301789789463
P29965,J10_PNEUMOBACT,Bacterial pneumoniae,CD40LG,Inverse variance weighted (multiplicative random effects),18,-0.0825381199451349,0.0425034533778808,0.0521473163391507,0.509912278993655
P30039,J10_PNEUMOBACT,Bacterial pneumoniae,PBLD,Inverse variance weighted (multiplicative random effects),18,-0.0151349001108086,0.022991737089938,0.510361037541731,0.936790310748483
P30040,J10_PNEUMOBACT,Bacterial pneumoniae,ERP29,Inverse variance weighted (multiplicative random effects),8,0.0329536481646337,0.0556290196066215,0.553594597072682,0.950270413469016
P30041,J10_PNEUMOBACT,Bacterial pneumoniae,PRDX6,Inverse variance weighted (multiplicative random effects),3,-0.18375274643416,0.109433890942982,0.0931284606405603,0.613900010552166
P30043,J10_PNEUMOBACT,Bacterial pneumoniae,BLVRB,Inverse variance weighted (multiplicative random effects),7,-0.0915543845175775,0.0453857065880651,0.0436692745433641,0.455505090693088
P30044,J10_PNEUMOBACT,Bacterial pneumoniae,PRDX5,Inverse variance weighted (multiplicative random effects),7,-0.10646959917657,0.103642810203458,0.304291302789981,0.85416950545795
P30046,J10_PNEUMOBACT,Bacterial pneumoniae,DDT,Inverse variance weighted (multiplicative random effects),3,0.0367687311577083,0.0665566349675317,0.580645040768568,0.95635796126723
P30047,J10_PNEUMOBACT,Bacterial pneumoniae,GCHFR,Inverse variance weighted (multiplicative random effects),4,0.0909964491953279,0.115277343333545,0.429895923072185,0.914605207599282
P30048,J10_PNEUMOBACT,Bacterial pneumoniae,PRDX3,Inverse variance weighted (multiplicative random effects),5,0.0355736517390131,0.0721796621472692,0.622119506176514,0.961253269478951
P30084,J10_PNEUMOBACT,Bacterial pneumoniae,ECHS1,Inverse variance weighted (multiplicative random effects),9,-0.000373306139468456,0.0513349569440192,0.994197860527901,0.999486316695892
P30086,J10_PNEUMOBACT,Bacterial pneumoniae,PEBP1,Inverse variance weighted (multiplicative random effects),11,0.0436388093475781,0.0775860175440961,0.573804599056529,0.95635796126723
P30101,J10_PNEUMOBACT,Bacterial pneumoniae,PDIA3,Inverse variance weighted (multiplicative random effects),3,0.099703323608771,0.190981383207733,0.601630077021904,0.957005067361193
P30203,J10_PNEUMOBACT,Bacterial pneumoniae,CD6,Inverse variance weighted (multiplicative random effects),54,-0.00089573653282477,0.0194750470492212,0.963314982274041,0.996572679230728
P30260,J10_PNEUMOBACT,Bacterial pneumoniae,CDC27,Inverse variance weighted (multiplicative random effects),4,0.1954894117081,0.0474587127806165,3.80277595062743e-05,0.005610362119159
P30405,J10_PNEUMOBACT,Bacterial pneumoniae,PPIF,Inverse variance weighted (multiplicative random effects),4,0.0522890395795223,0.107461339705022,0.626552695704776,0.96222145426417
P30419,J10_PNEUMOBACT,Bacterial pneumoniae,NMT1,Inverse variance weighted (multiplicative random effects),6,0.0791761885159791,0.132817675097009,0.551090457017001,0.948614674909168
P30519,J10_PNEUMOBACT,Bacterial pneumoniae,HMOX2,Inverse variance weighted (multiplicative random effects),9,-0.0644142071402783,0.0897057804714757,0.472719780835123,0.923618363691569
P30530,J10_PNEUMOBACT,Bacterial pneumoniae,AXL,Inverse variance weighted (multiplicative random effects),33,-0.0198238597159531,0.0291524881690509,0.49650081718122,0.936076251688947
P30533,J10_PNEUMOBACT,Bacterial pneumoniae,LRPAP1,Inverse variance weighted (multiplicative random effects),51,0.00317531756066263,0.0149363951897855,0.831647330433448,0.987360662705468
P30613,J10_PNEUMOBACT,Bacterial pneumoniae,PKLR,Inverse variance weighted (multiplicative random effects),9,-0.0905709971131723,0.0335239724137273,0.00689904270001838,0.175489442472881
P30740,J10_PNEUMOBACT,Bacterial pneumoniae,SERPINB1,Inverse variance weighted (multiplicative random effects),8,0.0341340846656182,0.0658315135535242,0.604104746208822,0.957005067361193
P30838,J10_PNEUMOBACT,Bacterial pneumoniae,ALDH3A1,Inverse variance weighted (multiplicative random effects),16,0.00847100230137797,0.031248108781186,0.786322981851374,0.987360662705468
P31146,J10_PNEUMOBACT,Bacterial pneumoniae,CORO1A,Inverse variance weighted (multiplicative random effects),6,0.0587434087266515,0.0589930997747769,0.31936314739232,0.871955895837522
P31350,J10_PNEUMOBACT,Bacterial pneumoniae,RRM2,Inverse variance weighted (multiplicative random effects),3,0.219202273344525,0.240216778691826,0.361495794228223,0.904966281252328
P31371,J10_PNEUMOBACT,Bacterial pneumoniae,FGF9,Inverse variance weighted (multiplicative random effects),3,0.128952201762879,0.202060024979893,0.52335157011264,0.937020989143648
P31431,J10_PNEUMOBACT,Bacterial pneumoniae,SDC4,Inverse variance weighted (multiplicative random effects),48,-0.0102650759017921,0.0263452126907513,0.696804812362634,0.97754846764246
P31483,J10_PNEUMOBACT,Bacterial pneumoniae,TIA1,Inverse variance weighted (multiplicative random effects),7,0.0324386487778659,0.0618841586430491,0.600150984505095,0.957005067361193
P31751,J10_PNEUMOBACT,Bacterial pneumoniae,AKT2,Inverse variance weighted (multiplicative random effects),7,0.0471115317587798,0.0605128949901168,0.436252463644079,0.914605207599282
P31948,J10_PNEUMOBACT,Bacterial pneumoniae,STIP1,Inverse variance weighted (multiplicative random effects),8,0.0749573671125696,0.0725801259872479,0.301719347301178,0.852752127174338
P31949,J10_PNEUMOBACT,Bacterial pneumoniae,S100A11,Inverse variance weighted (multiplicative random effects),6,0.0492924154746604,0.0710088342418763,0.487573722958704,0.933391564798972
P31994,J10_PNEUMOBACT,Bacterial pneumoniae,FCGR2B,Inverse variance weighted (multiplicative random effects),19,0.0224348215260051,0.0283006152554252,0.427933607572316,0.914605207599282
P31997,J10_PNEUMOBACT,Bacterial pneumoniae,CEACAM8,Inverse variance weighted (multiplicative random effects),30,-0.0425166688357048,0.0283595257174745,0.13382113429733,0.701768175829361
P32004,J10_PNEUMOBACT,Bacterial pneumoniae,L1CAM,Inverse variance weighted (multiplicative random effects),35,0.0188565367599168,0.0335740229636216,0.574360864786024,0.95635796126723
P32119,J10_PNEUMOBACT,Bacterial pneumoniae,PRDX2,Inverse variance weighted (multiplicative random effects),6,-0.0972902113405506,0.0689780681978383,0.158406443773706,0.745858425683426
P32320,J10_PNEUMOBACT,Bacterial pneumoniae,CDA,Inverse variance weighted (multiplicative random effects),24,0.0188828352888316,0.0218814164336075,0.388158249636373,0.914605207599282
P32321,J10_PNEUMOBACT,Bacterial pneumoniae,DCTD,Inverse variance weighted (multiplicative random effects),8,0.105026911237538,0.0691904814900084,0.129029846505493,0.690761603177656
P32455,J10_PNEUMOBACT,Bacterial pneumoniae,GBP1,Inverse variance weighted (multiplicative random effects),13,-0.0479628772173279,0.0280330530750092,0.0870921540374922,0.602987801005875
P32456,J10_PNEUMOBACT,Bacterial pneumoniae,GBP2,Inverse variance weighted (multiplicative random effects),3,-0.0714064572417774,0.148770834454616,0.631244328668351,0.964369916698175
P32926,J10_PNEUMOBACT,Bacterial pneumoniae,DSG3,Inverse variance weighted (multiplicative random effects),38,0.0115859021560708,0.0235369223443895,0.62254706252972,0.961253269478951
P32927,J10_PNEUMOBACT,Bacterial pneumoniae,CSF2RB,Inverse variance weighted (multiplicative random effects),28,0.00278162701837426,0.011643246259799,0.811179430146571,0.987360662705468
P32942,J10_PNEUMOBACT,Bacterial pneumoniae,ICAM3,Inverse variance weighted (multiplicative random effects),51,0.0338531682026644,0.0222652722556445,0.128398649338221,0.690761603177656
P32970,J10_PNEUMOBACT,Bacterial pneumoniae,CD70,Inverse variance weighted (multiplicative random effects),29,-0.0150822543590176,0.0127935487303832,0.238439872899909,0.803526721867202
P32971,J10_PNEUMOBACT,Bacterial pneumoniae,TNFSF8,Inverse variance weighted (multiplicative random effects),29,0.0572204178930239,0.0268391831822516,0.0330090539640256,0.412706420465473
P33151,J10_PNEUMOBACT,Bacterial pneumoniae,CDH5,Inverse variance weighted (multiplicative random effects),36,0.00532682750181623,0.0227837293028759,0.815140536124348,0.987360662705468
P33241,J10_PNEUMOBACT,Bacterial pneumoniae,LSP1,Inverse variance weighted (multiplicative random effects),8,0.0380357005923423,0.0456159301273151,0.404379634362831,0.914605207599282
P33316,J10_PNEUMOBACT,Bacterial pneumoniae,DUT,Inverse variance weighted (multiplicative random effects),13,0.0118669943639059,0.0548953030702984,0.8288513083704,0.987360662705468
P33681,J10_PNEUMOBACT,Bacterial pneumoniae,CD80,Inverse variance weighted (multiplicative random effects),36,0.0195528525879778,0.0199258484393224,0.326454286006233,0.871955895837522
P33764,J10_PNEUMOBACT,Bacterial pneumoniae,S100A3,Inverse variance weighted (multiplicative random effects),3,-0.0665345853018626,0.0755815390991818,0.378695691693552,0.910312384700098
P34096,J10_PNEUMOBACT,Bacterial pneumoniae,RNASE4,Inverse variance weighted (multiplicative random effects),15,-0.042451136528008,0.043131961056455,0.325009658459468,0.871955895837522
P34130,J10_PNEUMOBACT,Bacterial pneumoniae,NTF4,Inverse variance weighted (multiplicative random effects),5,-0.125946242378207,0.0457495327805903,0.00590606549878577,0.161359542577937
P34896,J10_PNEUMOBACT,Bacterial pneumoniae,SHMT1,Inverse variance weighted (multiplicative random effects),31,-0.00921460361335328,0.0124906834303127,0.460685753044074,0.923618363691569
P34913,J10_PNEUMOBACT,Bacterial pneumoniae,EPHX2,Inverse variance weighted (multiplicative random effects),4,-0.016357146622704,0.0633705662062044,0.796315075201452,0.987360662705468
P34947,J10_PNEUMOBACT,Bacterial pneumoniae,GRK5,Inverse variance weighted (multiplicative random effects),4,-0.0358366432146949,0.0293637041757513,0.222298068903128,0.7977811308706
P34949,J10_PNEUMOBACT,Bacterial pneumoniae,MPI,Inverse variance weighted (multiplicative random effects),14,-0.00210088683972623,0.0297354778019763,0.943674299203348,0.993903793863151
P35052,J10_PNEUMOBACT,Bacterial pneumoniae,GPC1,Inverse variance weighted (multiplicative random effects),47,-0.0336954702333279,0.0211421650833284,0.110990507642448,0.657001115098402
P35070,J10_PNEUMOBACT,Bacterial pneumoniae,BTC,Inverse variance weighted (multiplicative random effects),21,-0.0368174802713048,0.0318560409717635,0.247785216359794,0.811103101020205
P35218,J10_PNEUMOBACT,Bacterial pneumoniae,CA5A,Inverse variance weighted (multiplicative random effects),24,0.0460687716696519,0.0213448065598646,0.0309035112621377,0.406380898212629
P35228,J10_PNEUMOBACT,Bacterial pneumoniae,NOS2,Inverse variance weighted (multiplicative random effects),5,0.0984568145307393,0.0922715305754457,0.28595670726329,0.83773367428949
P35237,J10_PNEUMOBACT,Bacterial pneumoniae,SERPINB6,Inverse variance weighted (multiplicative random effects),10,0.048231705234822,0.0333903652669039,0.148604082309049,0.732777570732913
P35247,J10_PNEUMOBACT,Bacterial pneumoniae,SFTPD,Inverse variance weighted (multiplicative random effects),56,0.00463619200294841,0.0171565983050952,0.78698490860287,0.987360662705468
P35318,J10_PNEUMOBACT,Bacterial pneumoniae,ADM,Inverse variance weighted (multiplicative random effects),8,0.0248821459594547,0.0386466188671577,0.519680755319473,0.936801441783925
P35442,J10_PNEUMOBACT,Bacterial pneumoniae,THBS2,Inverse variance weighted (multiplicative random effects),35,-0.00888939073392593,0.0241982971743231,0.713353454352741,0.97754846764246
P35443,J10_PNEUMOBACT,Bacterial pneumoniae,THBS4,Inverse variance weighted (multiplicative random effects),23,-0.00718920342965203,0.0311598729366467,0.817532396118302,0.987360662705468
P35475,J10_PNEUMOBACT,Bacterial pneumoniae,IDUA,Inverse variance weighted (multiplicative random effects),54,-0.012234676180698,0.017063062966267,0.473357461166118,0.923618363691569
P35520,J10_PNEUMOBACT,Bacterial pneumoniae,CBS,Inverse variance weighted (multiplicative random effects),5,-0.0823410677976655,0.0664663154908359,0.215405105488344,0.794485830742842
P35542,J10_PNEUMOBACT,Bacterial pneumoniae,SAA4,Inverse variance weighted (multiplicative random effects),11,-0.0232260516631465,0.0190822744198728,0.223545926807988,0.7977811308706
P35556,J10_PNEUMOBACT,Bacterial pneumoniae,FBN2,Inverse variance weighted (multiplicative random effects),6,-0.0577011012443056,0.0430223196322371,0.17985879962151,0.768456406670269
P35579,J10_PNEUMOBACT,Bacterial pneumoniae,MYH9,Inverse variance weighted (multiplicative random effects),14,0.0258951213652666,0.0485009437270325,0.593404052756909,0.957005067361193
P35590,J10_PNEUMOBACT,Bacterial pneumoniae,TIE1,Inverse variance weighted (multiplicative random effects),33,-0.00829056834610642,0.0197056720688912,0.673959629383433,0.97303717632421
P35609,J10_PNEUMOBACT,Bacterial pneumoniae,ACTN2,Inverse variance weighted (multiplicative random effects),5,0.0409801827372326,0.119315936835794,0.731252862531652,0.979810469735302
P35611,J10_PNEUMOBACT,Bacterial pneumoniae,ADD1,Inverse variance weighted (multiplicative random effects),5,0.0999261565012446,0.0463847985806183,0.0312176921356289,0.406380898212629
P35613,J10_PNEUMOBACT,Bacterial pneumoniae,BSG,Inverse variance weighted (multiplicative random effects),16,-0.04466154360534,0.0448673148002287,0.319535057300192,0.871955895837522
P35625,J10_PNEUMOBACT,Bacterial pneumoniae,TIMP3,Inverse variance weighted (multiplicative random effects),50,-0.0352332594632998,0.0154568781129837,0.0226400268225923,0.355336023818417
P35637,J10_PNEUMOBACT,Bacterial pneumoniae,FUS,Inverse variance weighted (multiplicative random effects),7,0.125197871305235,0.0748727697591209,0.0944964076760714,0.613900010552166
P35754,J10_PNEUMOBACT,Bacterial pneumoniae,GLRX,Inverse variance weighted (multiplicative random effects),20,-0.012810491511048,0.0202168661288891,0.526306863762112,0.937020989143648
P35916,J10_PNEUMOBACT,Bacterial pneumoniae,FLT4,Inverse variance weighted (multiplicative random effects),67,-0.0205959134457654,0.0142234900505209,0.147611154807483,0.732777570732913
P35968,J10_PNEUMOBACT,Bacterial pneumoniae,KDR,Inverse variance weighted (multiplicative random effects),44,0.0128713197127578,0.0170682444938286,0.450783670725654,0.920669171607999
P36222,J10_PNEUMOBACT,Bacterial pneumoniae,CHI3L1,Inverse variance weighted (multiplicative random effects),26,0.000172163694097846,0.0185145694880869,0.992580720068852,0.998794021346944
P36269,J10_PNEUMOBACT,Bacterial pneumoniae,GGT5,Inverse variance weighted (multiplicative random effects),18,0.0295814203774057,0.0239812817102864,0.217381356882096,0.79632307427287
P36551,J10_PNEUMOBACT,Bacterial pneumoniae,CPOX,Inverse variance weighted (multiplicative random effects),12,0.115219863850759,0.0641556886935928,0.0725038211999904,0.572794035767329
P36776,J10_PNEUMOBACT,Bacterial pneumoniae,LONP1,Inverse variance weighted (multiplicative random effects),11,-0.0707559551132622,0.0446964560879655,0.11341399330238,0.6570292334507
P36888,J10_PNEUMOBACT,Bacterial pneumoniae,FLT3,Inverse variance weighted (multiplicative random effects),8,-0.0746486106329866,0.0938129248198332,0.426196100260574,0.914605207599282
P36941,J10_PNEUMOBACT,Bacterial pneumoniae,LTBR,Inverse variance weighted (multiplicative random effects),24,-0.0317005636585416,0.0272355424318708,0.244447935052071,0.809020547201274
P36955,J10_PNEUMOBACT,Bacterial pneumoniae,SERPINF1,Inverse variance weighted (multiplicative random effects),14,0.00100178614355349,0.0394103181224385,0.97972044720204,0.996771625970461
P36959,J10_PNEUMOBACT,Bacterial pneumoniae,GMPR,Inverse variance weighted (multiplicative random effects),9,0.0623374414571423,0.0479925220929474,0.193978575014953,0.77548946743829
P36980,J10_PNEUMOBACT,Bacterial pneumoniae,CFHR2,Inverse variance weighted (multiplicative random effects),35,0.0259435958499594,0.0109789979255153,0.018126672742489,0.323502635315549
P37023,J10_PNEUMOBACT,Bacterial pneumoniae,ACVRL1,Inverse variance weighted (multiplicative random effects),20,0.0240377581423477,0.0186426083399504,0.197259453791286,0.776214730944286
P37108,J10_PNEUMOBACT,Bacterial pneumoniae,SRP14,Inverse variance weighted (multiplicative random effects),6,0.0523945022151113,0.0985528906014401,0.594976455556723,0.957005067361193
P37173,J10_PNEUMOBACT,Bacterial pneumoniae,TGFBR2,Inverse variance weighted (multiplicative random effects),25,-0.0620612125590589,0.0368681326964309,0.0923113374683247,0.613900010552166
P37235,J10_PNEUMOBACT,Bacterial pneumoniae,HPCAL1,Inverse variance weighted (multiplicative random effects),7,-0.00374379567187355,0.0910530746691264,0.967202916200513,0.996572679230728
P37837,J10_PNEUMOBACT,Bacterial pneumoniae,TALDO1,Inverse variance weighted (multiplicative random effects),7,0.0531890930818983,0.0987375582876371,0.590099671959077,0.957005067361193
P37840,J10_PNEUMOBACT,Bacterial pneumoniae,SNCA,Inverse variance weighted (multiplicative random effects),8,0.0403057713462328,0.0560101455334193,0.471761738860297,0.923618363691569
P38484,J10_PNEUMOBACT,Bacterial pneumoniae,IFNGR2,Inverse variance weighted (multiplicative random effects),42,0.00246285208709823,0.0154431784818987,0.873292041549656,0.991408010221534
P38936,J10_PNEUMOBACT,Bacterial pneumoniae,CDKN1A,Inverse variance weighted (multiplicative random effects),13,-0.0158244990302794,0.0556388998630835,0.776092897736478,0.987360662705468
P39059,J10_PNEUMOBACT,Bacterial pneumoniae,COL15A1,Inverse variance weighted (multiplicative random effects),11,0.00764226532401132,0.022501900916885,0.73413703339236,0.979810469735302
P39060,J10_PNEUMOBACT,Bacterial pneumoniae,COL18A1,Inverse variance weighted (multiplicative random effects),15,0.022692310092088,0.0398681895128,0.569231711443997,0.95635796126723
P39900,J10_PNEUMOBACT,Bacterial pneumoniae,MMP12,Inverse variance weighted (multiplicative random effects),19,0.00180212097726947,0.0196642590490584,0.926980502837231,0.991408010221534
P39905,J10_PNEUMOBACT,Bacterial pneumoniae,GDNF,Inverse variance weighted (multiplicative random effects),12,-0.00760867197863959,0.0254687703002251,0.76513449332466,0.986573751116061
P40121,J10_PNEUMOBACT,Bacterial pneumoniae,CAPG,Inverse variance weighted (multiplicative random effects),28,-0.0107988445982514,0.012702866208019,0.395263450765523,0.914605207599282
P40189,J10_PNEUMOBACT,Bacterial pneumoniae,IL6ST,Inverse variance weighted (multiplicative random effects),21,-0.00775346004304957,0.0285497053074866,0.785946835838483,0.987360662705468
P40197,J10_PNEUMOBACT,Bacterial pneumoniae,GP5,Inverse variance weighted (multiplicative random effects),13,0.0405169510524049,0.048594788221396,0.404409739877954,0.914605207599282
P40199,J10_PNEUMOBACT,Bacterial pneumoniae,CEACAM6,Inverse variance weighted (multiplicative random effects),37,0.0448313001444761,0.0248846306877938,0.0716137426088836,0.572794035767329
P40222,J10_PNEUMOBACT,Bacterial pneumoniae,TXLNA,Inverse variance weighted (multiplicative random effects),5,0.136032097322183,0.0749883290808518,0.0696710158579714,0.569201026702432
P40225,J10_PNEUMOBACT,Bacterial pneumoniae,THPO,Inverse variance weighted (multiplicative random effects),37,-0.0603876692886578,0.0327480532008885,0.065181986753492,0.558224135436957
P40259,J10_PNEUMOBACT,Bacterial pneumoniae,CD79B,Inverse variance weighted (multiplicative random effects),34,-0.00685293053691409,0.0291096940062472,0.81388472738744,0.987360662705468
P40313,J10_PNEUMOBACT,Bacterial pneumoniae,CTRL,Inverse variance weighted (multiplicative random effects),52,-0.00972174046006199,0.02173713424503,0.654700968200966,0.971980185739813
P40818,J10_PNEUMOBACT,Bacterial pneumoniae,USP8,Inverse variance weighted (multiplicative random effects),8,-0.0489873488407145,0.0557120755382006,0.379241352246547,0.910312384700098
P40933,J10_PNEUMOBACT,Bacterial pneumoniae,IL15,Inverse variance weighted (multiplicative random effects),41,0.0060740840401858,0.0312595386618561,0.845932076892034,0.987824416875601
P41159,J10_PNEUMOBACT,Bacterial pneumoniae,LEP,Inverse variance weighted (multiplicative random effects),4,-0.150322766281827,0.117278588005387,0.199927558130583,0.776214730944286
P41208,J10_PNEUMOBACT,Bacterial pneumoniae,CETN2,Inverse variance weighted (multiplicative random effects),5,0.0733411536920781,0.113354611989655,0.517627834130117,0.936801441783925
P41217,J10_PNEUMOBACT,Bacterial pneumoniae,CD200,Inverse variance weighted (multiplicative random effects),21,-0.024602486228954,0.0284188020356184,0.386648343871758,0.914605207599282
P41222,J10_PNEUMOBACT,Bacterial pneumoniae,PTGDS,Inverse variance weighted (multiplicative random effects),11,-0.0462802931183021,0.0489592458092076,0.344514932533281,0.886525053135059
P41227,J10_PNEUMOBACT,Bacterial pneumoniae,NAA10,Inverse variance weighted (multiplicative random effects),4,0.0336650622531753,0.149684257547222,0.822051493959453,0.987360662705468
P41236,J10_PNEUMOBACT,Bacterial pneumoniae,PPP1R2,Inverse variance weighted (multiplicative random effects),7,0.0399463928086992,0.0636572622619473,0.530316499262658,0.938872330294609
P41271,J10_PNEUMOBACT,Bacterial pneumoniae,NBL1,Inverse variance weighted (multiplicative random effects),11,-0.0211818617884579,0.0667682796711948,0.751058173967628,0.981712770269605
P41439,J10_PNEUMOBACT,Bacterial pneumoniae,FOLR3,Inverse variance weighted (multiplicative random effects),34,-0.00235101803888281,0.0132054822967765,0.858696678305914,0.990818829610349
P42081,J10_PNEUMOBACT,Bacterial pneumoniae,CD86,Inverse variance weighted (multiplicative random effects),37,0.0466818555464252,0.021830009536796,0.0324822005901387,0.411137289882605
P42331,J10_PNEUMOBACT,Bacterial pneumoniae,ARHGAP25,Inverse variance weighted (multiplicative random effects),3,-0.143759295165355,0.106449574728434,0.176858229857187,0.768456406670269
P42574,J10_PNEUMOBACT,Bacterial pneumoniae,CASP3,Inverse variance weighted (multiplicative random effects),10,0.0489551767585088,0.0597867269322258,0.4128833057865,0.914605207599282
P42575,J10_PNEUMOBACT,Bacterial pneumoniae,CASP2,Inverse variance weighted (multiplicative random effects),3,0.114595310345875,0.0867591603004396,0.186553408198589,0.773384318966224
P42658,J10_PNEUMOBACT,Bacterial pneumoniae,DPP6,Inverse variance weighted (multiplicative random effects),19,-0.00769151824534254,0.0375243128393431,0.837592235811012,0.987360662705468
P42701,J10_PNEUMOBACT,Bacterial pneumoniae,IL12RB1,Inverse variance weighted (multiplicative random effects),25,-0.0504009334944517,0.0289549373203021,0.0817417865653501,0.591031079073028
P42702,J10_PNEUMOBACT,Bacterial pneumoniae,LIFR,Inverse variance weighted (multiplicative random effects),24,-0.0113984395794689,0.0268221342843919,0.670862969847777,0.97303717632421
P42768,J10_PNEUMOBACT,Bacterial pneumoniae,WAS,Inverse variance weighted (multiplicative random effects),4,0.0816601980795035,0.0290390914188924,0.00492225234382402,0.149218416943597
P42785,J10_PNEUMOBACT,Bacterial pneumoniae,PRCP,Inverse variance weighted (multiplicative random effects),34,0.0274775506543351,0.0299975516890911,0.359670508858251,0.904489586481033
P42830,J10_PNEUMOBACT,Bacterial pneumoniae,CXCL5,Inverse variance weighted (multiplicative random effects),27,-0.0294845586330251,0.0197081392397023,0.13463802244632,0.702721565268175
P42892,J10_PNEUMOBACT,Bacterial pneumoniae,ECE1,Inverse variance weighted (multiplicative random effects),13,-0.0184608349517508,0.0443340524810205,0.677115092377412,0.97303717632421
P43121,J10_PNEUMOBACT,Bacterial pneumoniae,MCAM,Inverse variance weighted (multiplicative random effects),24,-0.00928896556905391,0.034649409943082,0.788634369149747,0.987360662705468
P43146,J10_PNEUMOBACT,Bacterial pneumoniae,DCC,Inverse variance weighted (multiplicative random effects),6,-0.0644483887281433,0.0548338620003831,0.239859028499179,0.804254591013157
P43234,J10_PNEUMOBACT,Bacterial pneumoniae,CTSO,Inverse variance weighted (multiplicative random effects),34,0.0308342776554145,0.0303059074722948,0.308946747952472,0.855693558471614
P43251,J10_PNEUMOBACT,Bacterial pneumoniae,BTD,Inverse variance weighted (multiplicative random effects),28,-0.000424855240431182,0.0230067676141445,0.985266675563114,0.998184686086768
P43320,J10_PNEUMOBACT,Bacterial pneumoniae,CRYBB2,Inverse variance weighted (multiplicative random effects),26,0.0452862514347811,0.0233788718779469,0.0527381460257326,0.509912278993655
P43487,J10_PNEUMOBACT,Bacterial pneumoniae,RANBP1,Inverse variance weighted (multiplicative random effects),4,0.024522240300761,0.177408464292086,0.890062796615919,0.991408010221534
P43489,J10_PNEUMOBACT,Bacterial pneumoniae,TNFRSF4,Inverse variance weighted (multiplicative random effects),20,0.0464423190164055,0.042257032649682,0.27174907219993,0.83293725315574
P43627,J10_PNEUMOBACT,Bacterial pneumoniae,KIR2DL2,Inverse variance weighted (multiplicative random effects),40,-0.0119919552719566,0.0128489916111211,0.350665440589034,0.893710829316166
P43628,J10_PNEUMOBACT,Bacterial pneumoniae,KIR2DL3,Inverse variance weighted (multiplicative random effects),42,-0.00829712240257183,0.0108151058221411,0.442975078520988,0.914605207599282
P43629,J10_PNEUMOBACT,Bacterial pneumoniae,KIR3DL1,Inverse variance weighted (multiplicative random effects),30,0.00422625090056327,0.010744160353375,0.694058558655675,0.97754846764246
P43630,J10_PNEUMOBACT,Bacterial pneumoniae,KIR3DL2,Inverse variance weighted (multiplicative random effects),3,0.161120319475489,0.0541607940134664,0.00293130409437729,0.110872269655835
P43652,J10_PNEUMOBACT,Bacterial pneumoniae,AFM,Inverse variance weighted (multiplicative random effects),14,0.0849714119227214,0.0746946423598984,0.255294332087563,0.817015249817418
P45452,J10_PNEUMOBACT,Bacterial pneumoniae,MMP13,Inverse variance weighted (multiplicative random effects),3,-0.327810914552604,0.227659037708769,0.149889893552671,0.733301789789463
P45954,J10_PNEUMOBACT,Bacterial pneumoniae,ACADSB,Inverse variance weighted (multiplicative random effects),9,0.0380288849019216,0.033733021333691,0.259594989932665,0.820691018172839
P45984,J10_PNEUMOBACT,Bacterial pneumoniae,MAPK9,Inverse variance weighted (multiplicative random effects),4,-0.112362876891688,0.0469702768443047,0.0167471492911704,0.311440683876975
P46109,J10_PNEUMOBACT,Bacterial pneumoniae,CRKL,Inverse variance weighted (multiplicative random effects),3,-0.0139796414836692,0.0587201754126763,0.811825094250266,0.987360662705468
P46531,J10_PNEUMOBACT,Bacterial pneumoniae,NOTCH1,Inverse variance weighted (multiplicative random effects),19,-0.00429523672214368,0.0331691752734213,0.896966115360399,0.991408010221534
P46926,J10_PNEUMOBACT,Bacterial pneumoniae,GNPDA1,Inverse variance weighted (multiplicative random effects),4,-0.0136006033391203,0.0543937082091357,0.802556407683385,0.987360662705468
P46937,J10_PNEUMOBACT,Bacterial pneumoniae,YAP1,Inverse variance weighted (multiplicative random effects),10,-0.065642776647541,0.0710114278106781,0.355279466901702,0.898552526003961
P47712,J10_PNEUMOBACT,Bacterial pneumoniae,PLA2G4A,Inverse variance weighted (multiplicative random effects),8,0.0126072023857674,0.0601089369020846,0.833871202188609,0.987360662705468
P47874,J10_PNEUMOBACT,Bacterial pneumoniae,OMP,Inverse variance weighted (multiplicative random effects),3,0.0134459547844126,0.0222562833722656,0.545749260882596,0.946761310566627
P47929,J10_PNEUMOBACT,Bacterial pneumoniae,LGALS7,Inverse variance weighted (multiplicative random effects),24,0.0664675289248779,0.0408730092610384,0.103907942084996,0.644112817462454
P47972,J10_PNEUMOBACT,Bacterial pneumoniae,NPTX2,Inverse variance weighted (multiplicative random effects),28,0.0301375986546812,0.0271650885861449,0.267247354668486,0.83061838027226
P47992,J10_PNEUMOBACT,Bacterial pneumoniae,XCL1,Inverse variance weighted (multiplicative random effects),43,0.0102592220689176,0.0164688179696777,0.533318500128283,0.93892906983603
P48023,J10_PNEUMOBACT,Bacterial pneumoniae,FASLG,Inverse variance weighted (multiplicative random effects),59,0.0874289646050202,0.0242685173258295,0.000315089903034329,0.0332044740673795
P48052,J10_PNEUMOBACT,Bacterial pneumoniae,CPA2,Inverse variance weighted (multiplicative random effects),28,-0.0218980081199178,0.0287039684270172,0.445528218256347,0.915463274838715
P48061,J10_PNEUMOBACT,Bacterial pneumoniae,CXCL12,Inverse variance weighted (multiplicative random effects),24,0.0589770012270602,0.0486453654721422,0.225364333691743,0.7977811308706
P48304,J10_PNEUMOBACT,Bacterial pneumoniae,REG1B,Inverse variance weighted (multiplicative random effects),23,-0.0808816296180759,0.0244303022509974,0.00093059818880436,0.0588403940521157
P48307,J10_PNEUMOBACT,Bacterial pneumoniae,TFPI2,Inverse variance weighted (multiplicative random effects),33,0.0713016626782409,0.0322002022443235,0.0268065371316614,0.380295442391381
P48357,J10_PNEUMOBACT,Bacterial pneumoniae,LEPR,Inverse variance weighted (multiplicative random effects),18,0.0364542095073513,0.0404029339976431,0.366915373701769,0.907244382125156
P48643,J10_PNEUMOBACT,Bacterial pneumoniae,CCT5,Inverse variance weighted (multiplicative random effects),3,0.0606224134763013,0.183945493950191,0.741726960089651,0.979810469735302
P48730,J10_PNEUMOBACT,Bacterial pneumoniae,CSNK1D,Inverse variance weighted (multiplicative random effects),4,0.115724723487873,0.0509558872796196,0.0231423409671111,0.358139864057461
P48740,J10_PNEUMOBACT,Bacterial pneumoniae,MASP1,Inverse variance weighted (multiplicative random effects),34,-0.00487820374855125,0.0196473202482134,0.803911193194788,0.987360662705468
P48745,J10_PNEUMOBACT,Bacterial pneumoniae,CCN3,Inverse variance weighted (multiplicative random effects),24,0.0230561345316318,0.0255818278623076,0.367444769345733,0.907539368930923
P48960,J10_PNEUMOBACT,Bacterial pneumoniae,ADGRE5,Inverse variance weighted (multiplicative random effects),30,0.000365756176362237,0.0277559302181404,0.989486111326786,0.998794021346944
P49023,J10_PNEUMOBACT,Bacterial pneumoniae,PXN,Inverse variance weighted (multiplicative random effects),28,0.00929404389232083,0.0162686721332733,0.567806654061583,0.956343230057918
P49137,J10_PNEUMOBACT,Bacterial pneumoniae,MAPKAPK2,Inverse variance weighted (multiplicative random effects),5,0.0724435712361889,0.0374394144100351,0.0529958536685678,0.509912278993655
P49354,J10_PNEUMOBACT,Bacterial pneumoniae,FNTA,Inverse variance weighted (multiplicative random effects),4,-0.0237706998795103,0.081207451396583,0.769739431706849,0.987360662705468
P49441,J10_PNEUMOBACT,Bacterial pneumoniae,INPP1,Inverse variance weighted (multiplicative random effects),8,0.0735579944816539,0.0539538008865569,0.172771763702651,0.767606859018238
P49593,J10_PNEUMOBACT,Bacterial pneumoniae,PPM1F,Inverse variance weighted (multiplicative random effects),9,-0.0569459031571171,0.0712552604514078,0.424185037317534,0.914605207599282
P49662,J10_PNEUMOBACT,Bacterial pneumoniae,CASP4,Inverse variance weighted (multiplicative random effects),4,0.118848114196201,0.0455898149398504,0.00913658891107442,0.212834434317976
P49747,J10_PNEUMOBACT,Bacterial pneumoniae,COMP,Inverse variance weighted (multiplicative random effects),22,0.0210657531850135,0.0381739433827186,0.581060774535074,0.95635796126723
P49757,J10_PNEUMOBACT,Bacterial pneumoniae,NUMB,Inverse variance weighted (multiplicative random effects),7,0.0170954186437566,0.0827872164718308,0.836401700261802,0.987360662705468
P49763,J10_PNEUMOBACT,Bacterial pneumoniae,PGF,Inverse variance weighted (multiplicative random effects),10,0.132346263088115,0.0770904360717379,0.086021879785323,0.602987801005875
P49765,J10_PNEUMOBACT,Bacterial pneumoniae,VEGFB,Inverse variance weighted (multiplicative random effects),15,0.0623385102206256,0.0525133558038647,0.235188887752025,0.800859048079288
P49767,J10_PNEUMOBACT,Bacterial pneumoniae,VEGFC,Inverse variance weighted (multiplicative random effects),31,-0.0681690063380643,0.0302823326375339,0.0243782690330524,0.362997379291286
P49771,J10_PNEUMOBACT,Bacterial pneumoniae,FLT3LG,Inverse variance weighted (multiplicative random effects),54,0.0020717184822525,0.0208605847280561,0.920890090683226,0.991408010221534
P49788,J10_PNEUMOBACT,Bacterial pneumoniae,RARRES1,Inverse variance weighted (multiplicative random effects),21,0.0132828924963861,0.0250421201314259,0.595819346838323,0.957005067361193
P49789,J10_PNEUMOBACT,Bacterial pneumoniae,FHIT,Inverse variance weighted (multiplicative random effects),6,-0.0194570152176356,0.070878565433843,0.783691199691392,0.987360662705468
P49862,J10_PNEUMOBACT,Bacterial pneumoniae,KLK7,Inverse variance weighted (multiplicative random effects),20,0.00368818098700325,0.0381218078104876,0.922927096636513,0.991408010221534
P49908,J10_PNEUMOBACT,Bacterial pneumoniae,SELENOP,Inverse variance weighted (multiplicative random effects),5,0.0622426739612473,0.0594638559123964,0.295223564149759,0.846544692382246
P50053,J10_PNEUMOBACT,Bacterial pneumoniae,KHK,Inverse variance weighted (multiplicative random effects),15,0.0184708343009899,0.0336444730003378,0.583005069946212,0.956590807205224
P50120,J10_PNEUMOBACT,Bacterial pneumoniae,RBP2,Inverse variance weighted (multiplicative random effects),7,0.0268556169618059,0.0388676439810766,0.489596666300839,0.936076251688947
P50135,J10_PNEUMOBACT,Bacterial pneumoniae,HNMT,Inverse variance weighted (multiplicative random effects),25,-0.000663699010969906,0.0229095910487221,0.976888233065549,0.996771625970461
P50225,J10_PNEUMOBACT,Bacterial pneumoniae,SULT1A1,Inverse variance weighted (multiplicative random effects),13,-0.116682602802052,0.0652853965692709,0.0738939294188432,0.572794035767329
P50452,J10_PNEUMOBACT,Bacterial pneumoniae,SERPINB8,Inverse variance weighted (multiplicative random effects),22,-0.0217092009333191,0.0135511802607548,0.109152180149066,0.654617275528138
P50453,J10_PNEUMOBACT,Bacterial pneumoniae,SERPINB9,Inverse variance weighted (multiplicative random effects),8,-0.0106082713272211,0.0430761506796431,0.805474890016222,0.987360662705468
P50454,J10_PNEUMOBACT,Bacterial pneumoniae,SERPINH1,Inverse variance weighted (multiplicative random effects),14,0.0126924120378299,0.0426181791494237,0.765842950301937,0.986573751116061
P50461,J10_PNEUMOBACT,Bacterial pneumoniae,CSRP3,Inverse variance weighted (multiplicative random effects),4,0.011100463526984,0.100784419710158,0.912297814235716,0.991408010221534
P50502,J10_PNEUMOBACT,Bacterial pneumoniae,ST13,Inverse variance weighted (multiplicative random effects),3,0.0807254252569396,0.118603128266835,0.496102554520544,0.936076251688947
P50552,J10_PNEUMOBACT,Bacterial pneumoniae,VASP,Inverse variance weighted (multiplicative random effects),6,0.0264993995674279,0.0892294604042984,0.766481483887205,0.986573751116061
P50579,J10_PNEUMOBACT,Bacterial pneumoniae,METAP2,Inverse variance weighted (multiplicative random effects),10,0.0219687484488107,0.0635343443328918,0.72950991560291,0.979810469735302
P50583,J10_PNEUMOBACT,Bacterial pneumoniae,NUDT2,Inverse variance weighted (multiplicative random effects),10,-0.00219651943952658,0.0312717114214166,0.944002779316892,0.993903793863151
P50591,J10_PNEUMOBACT,Bacterial pneumoniae,TNFSF10,Inverse variance weighted (multiplicative random effects),29,0.0286360933312408,0.0230389527763563,0.213889026625161,0.794188617317923
P50895,J10_PNEUMOBACT,Bacterial pneumoniae,BCAM,Inverse variance weighted (multiplicative random effects),48,0.000353210049842461,0.0224437756118429,0.987443769814949,0.998794021346944
P50995,J10_PNEUMOBACT,Bacterial pneumoniae,ANXA11,Inverse variance weighted (multiplicative random effects),8,-0.00834863210614924,0.0533733706826084,0.87570242442567,0.991408010221534
P51161,J10_PNEUMOBACT,Bacterial pneumoniae,FABP6,Inverse variance weighted (multiplicative random effects),8,-0.00914421495446523,0.0795604660398145,0.908497312510891,0.991408010221534
P51452,J10_PNEUMOBACT,Bacterial pneumoniae,DUSP3,Inverse variance weighted (multiplicative random effects),3,0.0274799747464665,0.110184710125753,0.803052030662673,0.987360662705468
P51511,J10_PNEUMOBACT,Bacterial pneumoniae,MMP15,Inverse variance weighted (multiplicative random effects),3,0.0787796510978199,0.0586575839305912,0.179258085972842,0.768456406670269
P51580,J10_PNEUMOBACT,Bacterial pneumoniae,TPMT,Inverse variance weighted (multiplicative random effects),13,0.00314713574531937,0.0504270157159642,0.950236557546672,0.994052641168189
P51617,J10_PNEUMOBACT,Bacterial pneumoniae,IRAK1,Inverse variance weighted (multiplicative random effects),5,0.04616164503729,0.113508636642908,0.684243337789332,0.97440830535894
P51649,J10_PNEUMOBACT,Bacterial pneumoniae,ALDH5A1,Inverse variance weighted (multiplicative random effects),3,0.0426830505618573,0.0729650471779488,0.558561558650835,0.950270413469016
P51671,J10_PNEUMOBACT,Bacterial pneumoniae,CCL11,Inverse variance weighted (multiplicative random effects),24,0.00879764378381563,0.0265358212635268,0.740237838777756,0.979810469735302
P51687,J10_PNEUMOBACT,Bacterial pneumoniae,SUOX,Inverse variance weighted (multiplicative random effects),10,0.000651353381141581,0.0582338834356249,0.991075745948487,0.998794021346944
P51688,J10_PNEUMOBACT,Bacterial pneumoniae,SGSH,Inverse variance weighted (multiplicative random effects),61,0.00141746398955776,0.0130989104722207,0.913827242247905,0.991408010221534
P51692,J10_PNEUMOBACT,Bacterial pneumoniae,STAT5B,Inverse variance weighted (multiplicative random effects),6,0.0223958612602287,0.0845763199797369,0.791163065694767,0.987360662705468
P51693,J10_PNEUMOBACT,Bacterial pneumoniae,APLP1,Inverse variance weighted (multiplicative random effects),11,0.0590608064718138,0.0515891769696887,0.252279834400277,0.814593327157362
P51808,J10_PNEUMOBACT,Bacterial pneumoniae,DYNLT3,Inverse variance weighted (multiplicative random effects),8,0.0390717844224748,0.0328180833674769,0.233827713790956,0.800859048079288
P51858,J10_PNEUMOBACT,Bacterial pneumoniae,HDGF,Inverse variance weighted (multiplicative random effects),36,-0.00426054585179435,0.0116908168968997,0.715533012242302,0.97754846764246
P51888,J10_PNEUMOBACT,Bacterial pneumoniae,PRELP,Inverse variance weighted (multiplicative random effects),14,0.0315536832635689,0.0549810066654691,0.566034444836846,0.95547995913344
P52209,J10_PNEUMOBACT,Bacterial pneumoniae,PGD,Inverse variance weighted (multiplicative random effects),8,0.0325737206723187,0.030624694579385,0.287490770959089,0.83773367428949
P52564,J10_PNEUMOBACT,Bacterial pneumoniae,MAP2K6,Inverse variance weighted (multiplicative random effects),8,-0.0509026839644083,0.0680697505901156,0.454579698973476,0.923206570075967
P52630,J10_PNEUMOBACT,Bacterial pneumoniae,STAT2,Inverse variance weighted (multiplicative random effects),7,-0.00434333822132404,0.0357634929572001,0.903337671797326,0.991408010221534
P52758,J10_PNEUMOBACT,Bacterial pneumoniae,RIDA,Inverse variance weighted (multiplicative random effects),12,-0.0256333287482811,0.0377943335238504,0.497624566907078,0.936479549622861
P52788,J10_PNEUMOBACT,Bacterial pneumoniae,SMS,Inverse variance weighted (multiplicative random effects),4,0.083358594479812,0.132288445441327,0.528611133684364,0.937802836050007
P52798,J10_PNEUMOBACT,Bacterial pneumoniae,EFNA4,Inverse variance weighted (multiplicative random effects),8,0.0178261621335563,0.0754745191860038,0.813286930609352,0.987360662705468
P52823,J10_PNEUMOBACT,Bacterial pneumoniae,STC1,Inverse variance weighted (multiplicative random effects),10,-0.0783750209961756,0.0540350672625561,0.146933806617583,0.732777570732913
P52888,J10_PNEUMOBACT,Bacterial pneumoniae,THOP1,Inverse variance weighted (multiplicative random effects),5,0.0680391600027147,0.0440649405784501,0.122572435428845,0.676730961762256
P52943,J10_PNEUMOBACT,Bacterial pneumoniae,CRIP2,Inverse variance weighted (multiplicative random effects),12,0.0305034956709815,0.0646875567660848,0.637247158851493,0.965352015813364
P53367,J10_PNEUMOBACT,Bacterial pneumoniae,ARFIP1,Inverse variance weighted (multiplicative random effects),4,0.0573990471138745,0.0749381468030243,0.443704675272909,0.914605207599282
P53634,J10_PNEUMOBACT,Bacterial pneumoniae,CTSC,Inverse variance weighted (multiplicative random effects),41,0.0088546097998307,0.0159218140673794,0.578121500976983,0.95635796126723
P53674,J10_PNEUMOBACT,Bacterial pneumoniae,CRYBB1,Inverse variance weighted (multiplicative random effects),17,0.0535405103562899,0.0303708893987149,0.0779191931304496,0.577416757771013
P53814,J10_PNEUMOBACT,Bacterial pneumoniae,SMTN,Inverse variance weighted (multiplicative random effects),3,0.0695767250435163,0.0948982443261415,0.463453598414889,0.923618363691569
P53985,J10_PNEUMOBACT,Bacterial pneumoniae,SLC16A1,Inverse variance weighted (multiplicative random effects),11,0.0892658080213571,0.0650297226911905,0.169847983729188,0.759340581803418
P53990,J10_PNEUMOBACT,Bacterial pneumoniae,IST1,Inverse variance weighted (multiplicative random effects),10,-0.0268598806067662,0.0454817879941102,0.554812975632072,0.950270413469016
P54108,J10_PNEUMOBACT,Bacterial pneumoniae,CRISP3,Inverse variance weighted (multiplicative random effects),75,0.0139619496343566,0.0129598114664886,0.281334382401284,0.83773367428949
P54252,J10_PNEUMOBACT,Bacterial pneumoniae,ATXN3,Inverse variance weighted (multiplicative random effects),14,-0.0311669070555641,0.0399299332148948,0.43507313712463,0.914605207599282
P54284,J10_PNEUMOBACT,Bacterial pneumoniae,CACNB3,Inverse variance weighted (multiplicative random effects),6,0.0105840145331258,0.058581047927353,0.856624241326086,0.990818829610349
P54296,J10_PNEUMOBACT,Bacterial pneumoniae,MYOM2,Inverse variance weighted (multiplicative random effects),3,0.050767546795995,0.154723376556236,0.742822337554575,0.979810469735302
P54315,J10_PNEUMOBACT,Bacterial pneumoniae,PNLIPRP1,Inverse variance weighted (multiplicative random effects),53,-0.00231446257224688,0.0203639174754477,0.909511226461429,0.991408010221534
P54317,J10_PNEUMOBACT,Bacterial pneumoniae,PNLIPRP2,Inverse variance weighted (multiplicative random effects),50,-0.0104478866160744,0.0132881482527741,0.431717510049175,0.914605207599282
P54577,J10_PNEUMOBACT,Bacterial pneumoniae,YARS1,Inverse variance weighted (multiplicative random effects),9,0.0207779070844697,0.0500492258473223,0.678032523282404,0.97303717632421
P54687,J10_PNEUMOBACT,Bacterial pneumoniae,BCAT1,Inverse variance weighted (multiplicative random effects),17,0.0244854212862046,0.0253916979552808,0.334891455934589,0.877058925423959
P54727,J10_PNEUMOBACT,Bacterial pneumoniae,RAD23B,Inverse variance weighted (multiplicative random effects),8,0.00442743752137069,0.06739428837113,0.947621010634368,0.994052641168189
P54760,J10_PNEUMOBACT,Bacterial pneumoniae,EPHB4,Inverse variance weighted (multiplicative random effects),19,-0.0461583234829478,0.0257591720700921,0.0731461060009004,0.572794035767329
P54764,J10_PNEUMOBACT,Bacterial pneumoniae,EPHA4,Inverse variance weighted (multiplicative random effects),18,-0.00834351966774416,0.0222931032216247,0.70820745622895,0.97754846764246
P54819,J10_PNEUMOBACT,Bacterial pneumoniae,AK2,Inverse variance weighted (multiplicative random effects),5,0.0663911522625236,0.0944539446553792,0.482121538170831,0.928867634429105
P55000,J10_PNEUMOBACT,Bacterial pneumoniae,SLURP1,Inverse variance weighted (multiplicative random effects),23,-0.0280344062198291,0.0198448605253996,0.157750299413334,0.745858425683426
P55008,J10_PNEUMOBACT,Bacterial pneumoniae,AIF1,Inverse variance weighted (multiplicative random effects),9,0.0505622089787837,0.0426031206577059,0.235298875245974,0.800859048079288
P55010,J10_PNEUMOBACT,Bacterial pneumoniae,EIF5,Inverse variance weighted (multiplicative random effects),4,0.187555088748378,0.0573575762941094,0.00107575232827867,0.0626484184863341
P55039,J10_PNEUMOBACT,Bacterial pneumoniae,DRG2,Inverse variance weighted (multiplicative random effects),8,0.0214728858453936,0.0772053281466442,0.780914874625729,0.987360662705468
P55058,J10_PNEUMOBACT,Bacterial pneumoniae,PLTP,Inverse variance weighted (multiplicative random effects),31,-0.000634009437463118,0.0227848153925591,0.977800958239088,0.996771625970461
P55083,J10_PNEUMOBACT,Bacterial pneumoniae,MFAP4,Inverse variance weighted (multiplicative random effects),20,-0.00165774616400204,0.0401680274437927,0.967080417578512,0.996572679230728
P55103,J10_PNEUMOBACT,Bacterial pneumoniae,INHBC,Inverse variance weighted (multiplicative random effects),33,0.0245365257407171,0.0227445521355065,0.280682719315686,0.83773367428949
P55145,J10_PNEUMOBACT,Bacterial pneumoniae,MANF,Inverse variance weighted (multiplicative random effects),10,0.0372896705506184,0.0587943096333132,0.525924566142465,0.937020989143648
P55210,J10_PNEUMOBACT,Bacterial pneumoniae,CASP7,Inverse variance weighted (multiplicative random effects),11,-0.024512929034854,0.0448693563720198,0.584847487801441,0.956766472595704
P55259,J10_PNEUMOBACT,Bacterial pneumoniae,GP2,Inverse variance weighted (multiplicative random effects),38,0.00513615086620126,0.017298543507792,0.766533442118526,0.986573751116061
P55273,J10_PNEUMOBACT,Bacterial pneumoniae,CDKN2D,Inverse variance weighted (multiplicative random effects),7,0.0382260434090096,0.055760849760017,0.493006051355813,0.936076251688947
P55285,J10_PNEUMOBACT,Bacterial pneumoniae,CDH6,Inverse variance weighted (multiplicative random effects),40,-0.00614244457172845,0.0171608430544176,0.720392907524744,0.97754846764246
P55291,J10_PNEUMOBACT,Bacterial pneumoniae,CDH15,Inverse variance weighted (multiplicative random effects),24,0.0124014149906336,0.0145482830116809,0.393974632387644,0.914605207599282
P55773,J10_PNEUMOBACT,Bacterial pneumoniae,CCL23,Inverse variance weighted (multiplicative random effects),29,0.00987785918881714,0.019279271102073,0.608401553874701,0.957853393638384
P55774,J10_PNEUMOBACT,Bacterial pneumoniae,CCL18,Inverse variance weighted (multiplicative random effects),19,0.00172177418381727,0.0319641566423352,0.957042101810426,0.995737739213198
P55808,J10_PNEUMOBACT,Bacterial pneumoniae,XG,Inverse variance weighted (multiplicative random effects),5,-0.163930675072978,0.107708789223266,0.128013970995324,0.690761603177656
P55809,J10_PNEUMOBACT,Bacterial pneumoniae,OXCT1,Inverse variance weighted (multiplicative random effects),7,-0.019102230542604,0.0794824388695494,0.810072333093164,0.987360662705468
P55957,J10_PNEUMOBACT,Bacterial pneumoniae,BID,Inverse variance weighted (multiplicative random effects),7,0.118726045716477,0.0584715754694913,0.0423065891392403,0.450095155435352
P56159,J10_PNEUMOBACT,Bacterial pneumoniae,GFRA1,Inverse variance weighted (multiplicative random effects),15,0.0773884634997028,0.0332766306920924,0.0200393681950568,0.335208384251199
P56192,J10_PNEUMOBACT,Bacterial pneumoniae,MARS1,Inverse variance weighted (multiplicative random effects),8,0.0176193429334642,0.0622844001632074,0.777264742407669,0.987360662705468
P56279,J10_PNEUMOBACT,Bacterial pneumoniae,TCL1A,Inverse variance weighted (multiplicative random effects),40,0.0208655004010594,0.0280480071210588,0.456924293778378,0.923206570075967
P56470,J10_PNEUMOBACT,Bacterial pneumoniae,LGALS4,Inverse variance weighted (multiplicative random effects),25,0.0197487718556607,0.0269383237372307,0.463490948880604,0.923618363691569
P56645,J10_PNEUMOBACT,Bacterial pneumoniae,PER3,Inverse variance weighted (multiplicative random effects),25,-0.00291712734360812,0.0217269827225749,0.893194702362153,0.991408010221534
P56851,J10_PNEUMOBACT,Bacterial pneumoniae,EDDM3B,Inverse variance weighted (multiplicative random effects),3,-0.0943482221952641,0.0660502031262678,0.153167560854453,0.735270742236234
P57087,J10_PNEUMOBACT,Bacterial pneumoniae,JAM2,Inverse variance weighted (multiplicative random effects),16,-0.013332812395089,0.0483679148398242,0.782813779036901,0.987360662705468
P58107,J10_PNEUMOBACT,Bacterial pneumoniae,EPPK1,Inverse variance weighted (multiplicative random effects),34,-0.00602732567405811,0.015049836161199,0.688794825886793,0.97754846764246
P58294,J10_PNEUMOBACT,Bacterial pneumoniae,PROK1,Inverse variance weighted (multiplicative random effects),20,-0.00195071608324406,0.0286584796206623,0.945731762090161,0.994052641168189
P58499,J10_PNEUMOBACT,Bacterial pneumoniae,FAM3B,Inverse variance weighted (multiplicative random effects),28,0.0284055538277453,0.016345240814976,0.0822374949809856,0.591031079073028
P59665,J10_PNEUMOBACT,Bacterial pneumoniae,DEFA1,Inverse variance weighted (multiplicative random effects),34,0.0257387076055818,0.0240688971187188,0.284900152266218,0.83773367428949
P60880,J10_PNEUMOBACT,Bacterial pneumoniae,SNAP25,Inverse variance weighted (multiplicative random effects),22,-0.0767670871327293,0.0261248988224809,0.00329842455633284,0.117881361478952
P61026,J10_PNEUMOBACT,Bacterial pneumoniae,RAB10,Inverse variance weighted (multiplicative random effects),6,0.0165136805879013,0.0937339933455334,0.860155670264298,0.990831401770835
P61244,J10_PNEUMOBACT,Bacterial pneumoniae,MAX,Inverse variance weighted (multiplicative random effects),7,-0.0934776083673109,0.0455379982452435,0.0400979328533656,0.443566381174274
P61457,J10_PNEUMOBACT,Bacterial pneumoniae,PCBD1,Inverse variance weighted (multiplicative random effects),11,0.016590427358937,0.0370270909465741,0.654108550437115,0.971980185739813
P61764,J10_PNEUMOBACT,Bacterial pneumoniae,STXBP1,Inverse variance weighted (multiplicative random effects),7,-0.0514993791013843,0.0786608969988529,0.512660189807084,0.936801441783925
P61769,J10_PNEUMOBACT,Bacterial pneumoniae,B2M,Inverse variance weighted (multiplicative random effects),17,-0.00673567248490367,0.0408549484519674,0.869047902265003,0.991408010221534
P61916,J10_PNEUMOBACT,Bacterial pneumoniae,NPC2,Inverse variance weighted (multiplicative random effects),16,0.0768893134679651,0.0470496522266858,0.102213419330625,0.640739836162144
P61978,J10_PNEUMOBACT,Bacterial pneumoniae,HNRNPK,Inverse variance weighted (multiplicative random effects),6,0.15934749881508,0.127228840627133,0.210406688498504,0.792702088569202
P62072,J10_PNEUMOBACT,Bacterial pneumoniae,TIMM10,Inverse variance weighted (multiplicative random effects),12,0.030904997017929,0.0384457156542149,0.421477472350618,0.914605207599282
P62166,J10_PNEUMOBACT,Bacterial pneumoniae,NCS1,Inverse variance weighted (multiplicative random effects),20,0.0729756706616778,0.0421786420657924,0.0836022377352154,0.591031079073028
P62330,J10_PNEUMOBACT,Bacterial pneumoniae,ARF6,Inverse variance weighted (multiplicative random effects),6,0.247828784504381,0.109865524274454,0.0240865043918233,0.362997379291286
P62760,J10_PNEUMOBACT,Bacterial pneumoniae,VSNL1,Inverse variance weighted (multiplicative random effects),29,-0.0219320208597063,0.0393679468210843,0.577456718139375,0.95635796126723
P62834,J10_PNEUMOBACT,Bacterial pneumoniae,RAP1A,Inverse variance weighted (multiplicative random effects),3,0.0386283554737943,0.0929033282911121,0.677563042040766,0.97303717632421
P63098,J10_PNEUMOBACT,Bacterial pneumoniae,PPP3R1,Inverse variance weighted (multiplicative random effects),7,0.190428772814513,0.0537808480422662,0.000398872380862332,0.0342239652714334
P63172,J10_PNEUMOBACT,Bacterial pneumoniae,DYNLT1,Inverse variance weighted (multiplicative random effects),36,0.0088638161694086,0.0139115161786169,0.524022758764319,0.937020989143648
P63313,J10_PNEUMOBACT,Bacterial pneumoniae,TMSB10,Inverse variance weighted (multiplicative random effects),8,0.053851087395052,0.0604503385993092,0.373019381780898,0.910312384700098
P68106,J10_PNEUMOBACT,Bacterial pneumoniae,FKBP1B,Inverse variance weighted (multiplicative random effects),9,0.0132820692346353,0.0400409045437927,0.740106348050673,0.979810469735302
P68400,J10_PNEUMOBACT,Bacterial pneumoniae,CSNK2A1,Inverse variance weighted (multiplicative random effects),10,-0.124798410196498,0.0583699667420652,0.0325119863214894,0.411137289882605
P78310,J10_PNEUMOBACT,Bacterial pneumoniae,CXADR,Inverse variance weighted (multiplicative random effects),19,-0.052244266956235,0.0328386512970838,0.111623469671996,0.657001115098402
P78324,J10_PNEUMOBACT,Bacterial pneumoniae,SIRPA,Inverse variance weighted (multiplicative random effects),45,-0.024717034718557,0.0118159458812064,0.0364530846458396,0.418494471606025
P78325,J10_PNEUMOBACT,Bacterial pneumoniae,ADAM8,Inverse variance weighted (multiplicative random effects),23,-0.0089342091867051,0.0239342997891213,0.708939632287487,0.97754846764246
P78333,J10_PNEUMOBACT,Bacterial pneumoniae,GPC5,Inverse variance weighted (multiplicative random effects),54,-0.0064625990093387,0.015313343553441,0.673007475398566,0.97303717632421
P78352,J10_PNEUMOBACT,Bacterial pneumoniae,DLG4,Inverse variance weighted (multiplicative random effects),3,0.198233642537853,0.0643501506228412,0.0020662096707518,0.0896572941445832
P78362,J10_PNEUMOBACT,Bacterial pneumoniae,SRPK2,Inverse variance weighted (multiplicative random effects),5,0.0410660946426618,0.0699433801763411,0.557114116995804,0.950270413469016
P78380,J10_PNEUMOBACT,Bacterial pneumoniae,OLR1,Inverse variance weighted (multiplicative random effects),15,0.000932521328015335,0.0523832160731198,0.985796880586058,0.998184686086768
P78410,J10_PNEUMOBACT,Bacterial pneumoniae,BTN3A2,Inverse variance weighted (multiplicative random effects),45,-0.0173172148294693,0.0171444501280482,0.312458398442925,0.863258970979017
P78423,J10_PNEUMOBACT,Bacterial pneumoniae,CX3CL1,Inverse variance weighted (multiplicative random effects),25,0.017852055060511,0.0341192293909715,0.600817252368759,0.957005067361193
P78539,J10_PNEUMOBACT,Bacterial pneumoniae,SRPX,Inverse variance weighted (multiplicative random effects),5,-0.00512240235790442,0.0812474894126323,0.949729157606816,0.994052641168189
P78540,J10_PNEUMOBACT,Bacterial pneumoniae,ARG2,Inverse variance weighted (multiplicative random effects),4,-0.0853047181163333,0.0543919546510182,0.116803349565421,0.669915464179219
P78552,J10_PNEUMOBACT,Bacterial pneumoniae,IL13RA1,Inverse variance weighted (multiplicative random effects),3,-0.00057431086892074,0.109234583161511,0.995805067854377,0.999486316695892
P78556,J10_PNEUMOBACT,Bacterial pneumoniae,CCL20,Inverse variance weighted (multiplicative random effects),11,-0.0462589427105985,0.0360991290507364,0.200038434736214,0.776214730944286
P78560,J10_PNEUMOBACT,Bacterial pneumoniae,CRADD,Inverse variance weighted (multiplicative random effects),9,0.029662769229224,0.0690199794097984,0.667362402468565,0.97303717632421
P80075,J10_PNEUMOBACT,Bacterial pneumoniae,CCL8,Inverse variance weighted (multiplicative random effects),45,0.0199616697838401,0.0241904377621598,0.40926461106712,0.914605207599282
P80098,J10_PNEUMOBACT,Bacterial pneumoniae,CCL7,Inverse variance weighted (multiplicative random effects),17,0.0059252082516621,0.0311918886800525,0.849340548535137,0.990300650109725
P80162,J10_PNEUMOBACT,Bacterial pneumoniae,CXCL6,Inverse variance weighted (multiplicative random effects),39,0.023924869219039,0.0186347692347645,0.199182787600984,0.776214730944286
P80188,J10_PNEUMOBACT,Bacterial pneumoniae,LCN2,Inverse variance weighted (multiplicative random effects),32,0.0403063269713803,0.0349273939205898,0.248498826250203,0.811103101020205
P80303,J10_PNEUMOBACT,Bacterial pneumoniae,NUCB2,Inverse variance weighted (multiplicative random effects),21,0.0740589248619665,0.0310397207068523,0.0170355098069246,0.314163193356035
P80370,J10_PNEUMOBACT,Bacterial pneumoniae,DLK1,Inverse variance weighted (multiplicative random effects),29,0.00616121810666524,0.0188489336974345,0.74376351774749,0.979810469735302
P80511,J10_PNEUMOBACT,Bacterial pneumoniae,S100A12,Inverse variance weighted (multiplicative random effects),11,-0.0557196523980753,0.0422802921061665,0.187549356812313,0.773384318966224
P82980,J10_PNEUMOBACT,Bacterial pneumoniae,RBP5,Inverse variance weighted (multiplicative random effects),8,0.0730146475465271,0.0908217630240584,0.421435446967704,0.914605207599282
P84022,J10_PNEUMOBACT,Bacterial pneumoniae,SMAD3,Inverse variance weighted (multiplicative random effects),9,-0.0358523736446192,0.0255123956938416,0.159934372193249,0.74766670474033
P98073,J10_PNEUMOBACT,Bacterial pneumoniae,TMPRSS15,Inverse variance weighted (multiplicative random effects),17,-0.0521462755457066,0.0375480052187202,0.164896767821586,0.751194604656791
P98082,J10_PNEUMOBACT,Bacterial pneumoniae,DAB2,Inverse variance weighted (multiplicative random effects),4,-0.000271663686518488,0.0751110542632802,0.997114195896326,0.999486316695892
P98095,J10_PNEUMOBACT,Bacterial pneumoniae,FBLN2,Inverse variance weighted (multiplicative random effects),18,0.045267814106746,0.0227505961782582,0.0466193762720154,0.468948544045318
P98160,J10_PNEUMOBACT,Bacterial pneumoniae,HSPG2,Inverse variance weighted (multiplicative random effects),11,0.0351467445713059,0.036614614870902,0.337100380757599,0.878092362313093
P98161,J10_PNEUMOBACT,Bacterial pneumoniae,PKD1,Inverse variance weighted (multiplicative random effects),28,-0.0171533196571957,0.0293298554892538,0.558654228614184,0.950270413469016
P98170,J10_PNEUMOBACT,Bacterial pneumoniae,XIAP,Inverse variance weighted (multiplicative random effects),4,0.126098829416743,0.0708384311247086,0.0750611253377883,0.572794035767329
Q00722,J10_PNEUMOBACT,Bacterial pneumoniae,PLCB2,Inverse variance weighted (multiplicative random effects),12,0.032459140089535,0.0473083376446101,0.492638193483433,0.936076251688947
Q00796,J10_PNEUMOBACT,Bacterial pneumoniae,SORD,Inverse variance weighted (multiplicative random effects),9,0.00183456841404449,0.0691896629560444,0.978846517651841,0.996771625970461
Q00872,J10_PNEUMOBACT,Bacterial pneumoniae,MYBPC1,Inverse variance weighted (multiplicative random effects),15,-0.0337815410296787,0.0512148078820112,0.509507373904617,0.936790310748483
Q01151,J10_PNEUMOBACT,Bacterial pneumoniae,CD83,Inverse variance weighted (multiplicative random effects),27,0.0448048214907472,0.0345608246640305,0.194836034295386,0.77548946743829
Q01344,J10_PNEUMOBACT,Bacterial pneumoniae,IL5RA,Inverse variance weighted (multiplicative random effects),64,-0.0141795177970505,0.019307786882394,0.462708801671391,0.923618363691569
Q01432,J10_PNEUMOBACT,Bacterial pneumoniae,AMPD3,Inverse variance weighted (multiplicative random effects),12,0.101278301560061,0.0394243525368372,0.0102013811424338,0.221329965374569
Q01459,J10_PNEUMOBACT,Bacterial pneumoniae,CTBS,Inverse variance weighted (multiplicative random effects),44,0.0246065524716879,0.0134339418116554,0.0670005534105863,0.563772717481473
Q01469,J10_PNEUMOBACT,Bacterial pneumoniae,FABP5,Inverse variance weighted (multiplicative random effects),7,-0.00730013982947985,0.0492880881114808,0.882254659101449,0.991408010221534
Q01484,J10_PNEUMOBACT,Bacterial pneumoniae,ANK2,Inverse variance weighted (multiplicative random effects),4,-0.0789193846881315,0.159567472249588,0.62089439156338,0.961253269478951
Q01543,J10_PNEUMOBACT,Bacterial pneumoniae,FLI1,Inverse variance weighted (multiplicative random effects),8,0.0629247377953848,0.0696835183366118,0.366521928837562,0.907244382125156
Q01638,J10_PNEUMOBACT,Bacterial pneumoniae,IL1RL1,Inverse variance weighted (multiplicative random effects),61,0.00227922590641236,0.0150547554846546,0.879663546611794,0.991408010221534
Q01780,J10_PNEUMOBACT,Bacterial pneumoniae,EXOSC10,Inverse variance weighted (multiplicative random effects),3,-0.179363134765884,0.11856488005231,0.130334360150834,0.690761603177656
Q01973,J10_PNEUMOBACT,Bacterial pneumoniae,ROR1,Inverse variance weighted (multiplicative random effects),32,-0.0046778266929278,0.0290538914439566,0.872089329731963,0.991408010221534
Q02083,J10_PNEUMOBACT,Bacterial pneumoniae,NAAA,Inverse variance weighted (multiplicative random effects),66,0.00326640985764184,0.0143726264563543,0.820216880611596,0.987360662705468
Q02223,J10_PNEUMOBACT,Bacterial pneumoniae,TNFRSF17,Inverse variance weighted (multiplicative random effects),36,-0.0678022046235586,0.0306741919636309,0.027077480027082,0.380295442391381
Q02246,J10_PNEUMOBACT,Bacterial pneumoniae,CNTN2,Inverse variance weighted (multiplicative random effects),36,-0.00230125884060672,0.0149257494833562,0.87746745287763,0.991408010221534
Q02487,J10_PNEUMOBACT,Bacterial pneumoniae,DSC2,Inverse variance weighted (multiplicative random effects),23,0.0282174295196612,0.0272667846184643,0.300732159755297,0.851941715404605
Q02742,J10_PNEUMOBACT,Bacterial pneumoniae,GCNT1,Inverse variance weighted (multiplicative random effects),25,0.026972221046374,0.0242942496525851,0.266899640142346,0.83061838027226
Q02747,J10_PNEUMOBACT,Bacterial pneumoniae,GUCA2A,Inverse variance weighted (multiplicative random effects),13,-0.00704579771316578,0.0491192153802112,0.885940484139737,0.991408010221534
Q02750,J10_PNEUMOBACT,Bacterial pneumoniae,MAP2K1,Inverse variance weighted (multiplicative random effects),8,0.0228392714240455,0.0827127407178038,0.782450054910189,0.987360662705468
Q02763,J10_PNEUMOBACT,Bacterial pneumoniae,TEK,Inverse variance weighted (multiplicative random effects),54,-0.0037342293317608,0.0160477319469815,0.81599813853259,0.987360662705468
Q02790,J10_PNEUMOBACT,Bacterial pneumoniae,FKBP4,Inverse variance weighted (multiplicative random effects),9,0.0309982823426378,0.0754163735317876,0.681051603263448,0.97303717632421
Q02817,J10_PNEUMOBACT,Bacterial pneumoniae,MUC2,Inverse variance weighted (multiplicative random effects),64,-0.0145935891838466,0.0184751476386101,0.429583956460983,0.914605207599282
Q02880,J10_PNEUMOBACT,Bacterial pneumoniae,TOP2B,Inverse variance weighted (multiplicative random effects),7,-0.022451793132434,0.0680058086570344,0.741290231074835,0.979810469735302
Q03013,J10_PNEUMOBACT,Bacterial pneumoniae,GSTM4,Inverse variance weighted (multiplicative random effects),9,0.00983886924652382,0.0497864291134855,0.843341204977699,0.987360662705468
Q03014,J10_PNEUMOBACT,Bacterial pneumoniae,HHEX,Inverse variance weighted (multiplicative random effects),12,0.114846658538668,0.0445258990281744,0.00989942844836061,0.221287223800223
Q03154,J10_PNEUMOBACT,Bacterial pneumoniae,ACY1,Inverse variance weighted (multiplicative random effects),12,0.00111191273631911,0.0541054148199515,0.983603941231327,0.997578149378977
Q03167,J10_PNEUMOBACT,Bacterial pneumoniae,TGFBR3,Inverse variance weighted (multiplicative random effects),29,-0.0138860924954144,0.0336693627050195,0.680027820771361,0.97303717632421
Q03169,J10_PNEUMOBACT,Bacterial pneumoniae,TNFAIP2,Inverse variance weighted (multiplicative random effects),6,0.0635649042913797,0.0886510786167959,0.47335961309639,0.923618363691569
Q03252,J10_PNEUMOBACT,Bacterial pneumoniae,LMNB2,Inverse variance weighted (multiplicative random effects),9,0.0457287438589942,0.0881517195135368,0.603934777941787,0.957005067361193
Q03393,J10_PNEUMOBACT,Bacterial pneumoniae,PTS,Inverse variance weighted (multiplicative random effects),7,0.0169187981330883,0.037394297522845,0.650949683298047,0.971941667710376
Q03403,J10_PNEUMOBACT,Bacterial pneumoniae,TFF2,Inverse variance weighted (multiplicative random effects),18,-0.0864419241314913,0.0476722451942426,0.0697925418908174,0.569201026702432
Q03405,J10_PNEUMOBACT,Bacterial pneumoniae,PLAUR,Inverse variance weighted (multiplicative random effects),20,0.0257669860476707,0.0428057007632132,0.547205951180852,0.947548333304558
Q03426,J10_PNEUMOBACT,Bacterial pneumoniae,MVK,Inverse variance weighted (multiplicative random effects),4,0.124676273836567,0.114310781145782,0.275414518603843,0.833383285321361
Q03431,J10_PNEUMOBACT,Bacterial pneumoniae,PTH1R,Inverse variance weighted (multiplicative random effects),10,0.0154498431537578,0.0299059763831911,0.605425709130443,0.957005067361193
Q04323,J10_PNEUMOBACT,Bacterial pneumoniae,UBXN1,Inverse variance weighted (multiplicative random effects),6,0.142531625993389,0.0739015408461788,0.0537719416627293,0.512919426291466
Q04609,J10_PNEUMOBACT,Bacterial pneumoniae,FOLH1,Inverse variance weighted (multiplicative random effects),14,-0.0280889959534901,0.0627255151360929,0.654291671818171,0.971980185739813
Q04637,J10_PNEUMOBACT,Bacterial pneumoniae,EIF4G1,Inverse variance weighted (multiplicative random effects),5,0.0787865320681918,0.0650617132427471,0.225914271078287,0.7977811308706
Q04721,J10_PNEUMOBACT,Bacterial pneumoniae,NOTCH2,Inverse variance weighted (multiplicative random effects),18,-0.0242583050979649,0.0420491165211805,0.564004282927177,0.954548194934809
Q04756,J10_PNEUMOBACT,Bacterial pneumoniae,HGFAC,Inverse variance weighted (multiplicative random effects),45,0.0191036623348257,0.0202853973628983,0.346323442386928,0.889111111371544
Q04760,J10_PNEUMOBACT,Bacterial pneumoniae,GLO1,Inverse variance weighted (multiplicative random effects),12,0.0238326627341243,0.0364250829969902,0.512923304110095,0.936801441783925
Q04900,J10_PNEUMOBACT,Bacterial pneumoniae,CD164,Inverse variance weighted (multiplicative random effects),16,-0.00518410475141763,0.0342625009748102,0.879734732928938,0.991408010221534
Q05084,J10_PNEUMOBACT,Bacterial pneumoniae,ICA1,Inverse variance weighted (multiplicative random effects),5,-0.0276612595834211,0.0624742011449446,0.65793722792969,0.972690915562804
Q05193,J10_PNEUMOBACT,Bacterial pneumoniae,DNM1,Inverse variance weighted (multiplicative random effects),9,-0.0263495435882986,0.0292909877780181,0.368344589664521,0.908747577399761
Q05315,J10_PNEUMOBACT,Bacterial pneumoniae,CLC,Inverse variance weighted (multiplicative random effects),20,0.0929803430282594,0.0519471626703095,0.0734696280630796,0.572794035767329
Q05516,J10_PNEUMOBACT,Bacterial pneumoniae,ZBTB16,Inverse variance weighted (multiplicative random effects),19,0.0384230047870027,0.0217734695471303,0.0776191176062156,0.577416757771013
Q06033,J10_PNEUMOBACT,Bacterial pneumoniae,ITIH3,Inverse variance weighted (multiplicative random effects),30,0.0346789223317544,0.0187574592705349,0.064485683685172,0.555279447452473
Q06141,J10_PNEUMOBACT,Bacterial pneumoniae,REG3A,Inverse variance weighted (multiplicative random effects),28,-0.0769585573812006,0.0243179800899508,0.00155255086192379,0.0763510012763854
Q06323,J10_PNEUMOBACT,Bacterial pneumoniae,PSME1,Inverse variance weighted (multiplicative random effects),3,0.099241165467929,0.0838794076921437,0.23675327501119,0.800859048079288
Q06418,J10_PNEUMOBACT,Bacterial pneumoniae,TYRO3,Inverse variance weighted (multiplicative random effects),45,0.00873443620577669,0.0132571639483456,0.509994337110034,0.936790310748483
Q06520,J10_PNEUMOBACT,Bacterial pneumoniae,SULT2A1,Inverse variance weighted (multiplicative random effects),10,-0.0463503624024234,0.0197386460795399,0.0188641998337238,0.326144329937741
Q06643,J10_PNEUMOBACT,Bacterial pneumoniae,LTB,Inverse variance weighted (multiplicative random effects),10,0.0162620782426833,0.0491305113690511,0.740646346168809,0.979810469735302
Q06830,J10_PNEUMOBACT,Bacterial pneumoniae,PRDX1,Inverse variance weighted (multiplicative random effects),3,0.0158850424533894,0.0374103127200586,0.671116138005097,0.97303717632421
Q07011,J10_PNEUMOBACT,Bacterial pneumoniae,TNFRSF9,Inverse variance weighted (multiplicative random effects),16,0.0173387218090122,0.0491282909845608,0.724142841156346,0.978344387960314
Q07065,J10_PNEUMOBACT,Bacterial pneumoniae,CKAP4,Inverse variance weighted (multiplicative random effects),25,-0.0103429527152118,0.025105664253387,0.680356384372311,0.97303717632421
Q07108,J10_PNEUMOBACT,Bacterial pneumoniae,CD69,Inverse variance weighted (multiplicative random effects),9,0.0291812613622751,0.0586647302655765,0.618889885427467,0.961253269478951
Q07325,J10_PNEUMOBACT,Bacterial pneumoniae,CXCL9,Inverse variance weighted (multiplicative random effects),17,0.0703263860237334,0.0509044863726972,0.167114183326238,0.75559419692763
Q07507,J10_PNEUMOBACT,Bacterial pneumoniae,DPT,Inverse variance weighted (multiplicative random effects),21,-0.00640375078333729,0.0316948738760225,0.839882531476529,0.987360662705468
Q07617,J10_PNEUMOBACT,Bacterial pneumoniae,SPAG1,Inverse variance weighted (multiplicative random effects),27,0.000464622388555507,0.011203158877514,0.966919259782265,0.996572679230728
Q07654,J10_PNEUMOBACT,Bacterial pneumoniae,TFF3,Inverse variance weighted (multiplicative random effects),18,-0.038345388408985,0.0373211378072112,0.304211324604203,0.85416950545795
Q07812,J10_PNEUMOBACT,Bacterial pneumoniae,BAX,Inverse variance weighted (multiplicative random effects),6,0.0168509552702087,0.094679480279587,0.858739500764867,0.990818829610349
Q07817,J10_PNEUMOBACT,Bacterial pneumoniae,BCL2L1,Inverse variance weighted (multiplicative random effects),9,0.0223986889692362,0.0877198794089899,0.798457911184584,0.987360662705468
Q07954,J10_PNEUMOBACT,Bacterial pneumoniae,LRP1,Inverse variance weighted (multiplicative random effects),40,0.0240868240730631,0.0183854894390626,0.190162112236035,0.773582269077839
Q07960,J10_PNEUMOBACT,Bacterial pneumoniae,ARHGAP1,Inverse variance weighted (multiplicative random effects),7,0.0438486511516395,0.0717214974320016,0.540952081547123,0.945891996520717
Q08174,J10_PNEUMOBACT,Bacterial pneumoniae,PCDH1,Inverse variance weighted (multiplicative random effects),11,-0.00808741825680205,0.0484632019040694,0.867466432717304,0.991408010221534
Q08334,J10_PNEUMOBACT,Bacterial pneumoniae,IL10RB,Inverse variance weighted (multiplicative random effects),35,-0.0285345410099285,0.016258188374497,0.0792443650185627,0.580688012536686
Q08345,J10_PNEUMOBACT,Bacterial pneumoniae,DDR1,Inverse variance weighted (multiplicative random effects),34,0.0324743281753752,0.0253947705884111,0.200974490975173,0.776214730944286
Q08378,J10_PNEUMOBACT,Bacterial pneumoniae,GOLGA3,Inverse variance weighted (multiplicative random effects),5,0.0562740907721518,0.0262256187583324,0.0318915012149769,0.407953134038982
Q08380,J10_PNEUMOBACT,Bacterial pneumoniae,LGALS3BP,Inverse variance weighted (multiplicative random effects),35,-0.0167667221336142,0.0194724857564215,0.389212251360176,0.914605207599282
Q08431,J10_PNEUMOBACT,Bacterial pneumoniae,MFGE8,Inverse variance weighted (multiplicative random effects),37,-0.0313782005104451,0.0226052451593286,0.165108486199494,0.751194604656791
Q08629,J10_PNEUMOBACT,Bacterial pneumoniae,SPOCK1,Inverse variance weighted (multiplicative random effects),30,-0.00613637999684183,0.0287732970328488,0.83111911121507,0.987360662705468
Q08708,J10_PNEUMOBACT,Bacterial pneumoniae,CD300C,Inverse variance weighted (multiplicative random effects),45,-0.00149850197770681,0.0129621238801536,0.907964643343027,0.991408010221534
Q08830,J10_PNEUMOBACT,Bacterial pneumoniae,FGL1,Inverse variance weighted (multiplicative random effects),38,0.00997136232038582,0.0178590824873535,0.576615209647852,0.95635796126723
Q09666,J10_PNEUMOBACT,Bacterial pneumoniae,AHNAK,Inverse variance weighted (multiplicative random effects),7,0.00326391654006391,0.0688879932441753,0.962210329235158,0.996572679230728
Q0VD83,J10_PNEUMOBACT,Bacterial pneumoniae,APOBR,Inverse variance weighted (multiplicative random effects),36,-0.0304441416509545,0.0108905646228579,0.00518258577619795,0.152920830969681
Q0Z7S8,J10_PNEUMOBACT,Bacterial pneumoniae,FABP9,Inverse variance weighted (multiplicative random effects),53,0.000392734478708449,0.0170640302218626,0.981638035640472,0.996771625970461
Q0ZGT2,J10_PNEUMOBACT,Bacterial pneumoniae,NEXN,Inverse variance weighted (multiplicative random effects),5,0.0043988766843346,0.066719801466755,0.947433076608129,0.994052641168189
Q10471,J10_PNEUMOBACT,Bacterial pneumoniae,GALNT2,Inverse variance weighted (multiplicative random effects),31,-0.00445530786754768,0.0244991818330429,0.855696227053515,0.990818829610349
Q10588,J10_PNEUMOBACT,Bacterial pneumoniae,BST1,Inverse variance weighted (multiplicative random effects),44,0.0234243906290009,0.0103832756941452,0.024072316010491,0.362997379291286
Q10589,J10_PNEUMOBACT,Bacterial pneumoniae,BST2,Inverse variance weighted (multiplicative random effects),30,-0.0832771005913969,0.0417808237466187,0.0462406967787601,0.467263296673042
Q11201,J10_PNEUMOBACT,Bacterial pneumoniae,ST3GAL1,Inverse variance weighted (multiplicative random effects),14,-0.0622500591634284,0.0460818399848283,0.17674066744025,0.768456406670269
Q12765,J10_PNEUMOBACT,Bacterial pneumoniae,SCRN1,Inverse variance weighted (multiplicative random effects),5,-0.0810676977336595,0.0565436397592957,0.151652432170325,0.733301789789463
Q12774,J10_PNEUMOBACT,Bacterial pneumoniae,ARHGEF5,Inverse variance weighted (multiplicative random effects),14,0.00750176238343301,0.0403526100382398,0.852519058731767,0.990818829610349
Q12778,J10_PNEUMOBACT,Bacterial pneumoniae,FOXO1,Inverse variance weighted (multiplicative random effects),6,-0.0471840438731841,0.0565706731228093,0.404240119466954,0.914605207599282
Q12794,J10_PNEUMOBACT,Bacterial pneumoniae,HYAL1,Inverse variance weighted (multiplicative random effects),17,0.013878822129515,0.0264947565302702,0.600394847469517,0.957005067361193
Q12805,J10_PNEUMOBACT,Bacterial pneumoniae,EFEMP1,Inverse variance weighted (multiplicative random effects),14,0.00813858478342719,0.0502324147650044,0.871291218172215,0.991408010221534
Q12841,J10_PNEUMOBACT,Bacterial pneumoniae,FSTL1,Inverse variance weighted (multiplicative random effects),21,0.00241922782387851,0.0319120677059363,0.939570909095809,0.993903793863151
Q12846,J10_PNEUMOBACT,Bacterial pneumoniae,STX4,Inverse variance weighted (multiplicative random effects),5,0.130250689709972,0.0899209403574925,0.147476620771832,0.732777570732913
Q12849,J10_PNEUMOBACT,Bacterial pneumoniae,GRSF1,Inverse variance weighted (multiplicative random effects),4,0.089469953396304,0.121104541273585,0.460038891218269,0.923618363691569
Q12860,J10_PNEUMOBACT,Bacterial pneumoniae,CNTN1,Inverse variance weighted (multiplicative random effects),39,-0.00843854554619567,0.0237366041385366,0.722209277331365,0.97754846764246
Q12864,J10_PNEUMOBACT,Bacterial pneumoniae,CDH17,Inverse variance weighted (multiplicative random effects),61,-0.0369618060815254,0.0167103196256811,0.0269725409057192,0.380295442391381
Q12866,J10_PNEUMOBACT,Bacterial pneumoniae,MERTK,Inverse variance weighted (multiplicative random effects),38,-0.0537437653133931,0.0348400016851914,0.122930793776967,0.676730961762256
Q12884,J10_PNEUMOBACT,Bacterial pneumoniae,FAP,Inverse variance weighted (multiplicative random effects),17,-0.0288221753455456,0.0283540910149228,0.309387288136647,0.855842585808
Q12888,J10_PNEUMOBACT,Bacterial pneumoniae,TP53BP1,Inverse variance weighted (multiplicative random effects),11,0.132876844311827,0.0623219315627551,0.0329982916297188,0.412706420465473
Q12912,J10_PNEUMOBACT,Bacterial pneumoniae,IRAG2,Inverse variance weighted (multiplicative random effects),3,0.0246588242513312,0.207992075361969,0.905626685345934,0.991408010221534
Q12918,J10_PNEUMOBACT,Bacterial pneumoniae,KLRB1,Inverse variance weighted (multiplicative random effects),27,0.0649441634606324,0.0307075277308149,0.0344362141003237,0.414122771207857
Q12933,J10_PNEUMOBACT,Bacterial pneumoniae,TRAF2,Inverse variance weighted (multiplicative random effects),6,0.102143328261636,0.0551349480573859,0.0639388708853628,0.552721567458233
Q12968,J10_PNEUMOBACT,Bacterial pneumoniae,NFATC3,Inverse variance weighted (multiplicative random effects),10,-0.00903509542724057,0.0613811624071207,0.882976882533783,0.991408010221534
Q13002,J10_PNEUMOBACT,Bacterial pneumoniae,GRIK2,Inverse variance weighted (multiplicative random effects),5,0.0118723005679265,0.0381768374156584,0.755814478519763,0.982466377663343
Q13017,J10_PNEUMOBACT,Bacterial pneumoniae,ARHGAP5,Inverse variance weighted (multiplicative random effects),3,-0.0463012262177498,0.0260090021197673,0.0750432313606437,0.572794035767329
Q13043,J10_PNEUMOBACT,Bacterial pneumoniae,STK4,Inverse variance weighted (multiplicative random effects),6,0.106616988734911,0.127510251718959,0.403073647159142,0.914605207599282
Q13093,J10_PNEUMOBACT,Bacterial pneumoniae,PLA2G7,Inverse variance weighted (multiplicative random effects),26,-0.0757812951072249,0.0252910159260781,0.00273212801126854,0.106655025954253
Q13105,J10_PNEUMOBACT,Bacterial pneumoniae,ZBTB17,Inverse variance weighted (multiplicative random effects),3,-0.35315904338374,0.00835136208088824,0,0
Q13114-2,J10_PNEUMOBACT,Bacterial pneumoniae,TRAF3,Inverse variance weighted (multiplicative random effects),5,-0.0736413919313337,0.114803685805341,0.521227144728349,0.937020989143648
Q13137,J10_PNEUMOBACT,Bacterial pneumoniae,CALCOCO2,Inverse variance weighted (multiplicative random effects),13,0.0382846245854848,0.0368170631442844,0.298404528231346,0.851708221126899
Q13145,J10_PNEUMOBACT,Bacterial pneumoniae,BAMBI,Inverse variance weighted (multiplicative random effects),3,-0.0178716385254025,0.198132365762934,0.928127886735468,0.991408010221534
Q13158,J10_PNEUMOBACT,Bacterial pneumoniae,FADD,Inverse variance weighted (multiplicative random effects),7,-0.0481814497011036,0.0361068313150216,0.182068318675614,0.769601860963507
Q13219,J10_PNEUMOBACT,Bacterial pneumoniae,PAPPA,Inverse variance weighted (multiplicative random effects),22,-0.052280661725216,0.0270103272339039,0.0529191049503951,0.509912278993655
Q13231,J10_PNEUMOBACT,Bacterial pneumoniae,CHIT1,Inverse variance weighted (multiplicative random effects),36,-0.00941602588936097,0.0145655398420968,0.517982071643857,0.936801441783925
Q13232,J10_PNEUMOBACT,Bacterial pneumoniae,NME3,Inverse variance weighted (multiplicative random effects),26,-0.0428285838198858,0.034741840235128,0.217662817693251,0.79632307427287
Q13241,J10_PNEUMOBACT,Bacterial pneumoniae,KLRD1,Inverse variance weighted (multiplicative random effects),42,0.0282933072421578,0.0214140589744112,0.186418302558354,0.773384318966224
Q13261,J10_PNEUMOBACT,Bacterial pneumoniae,IL15RA,Inverse variance weighted (multiplicative random effects),19,-0.0505612802860257,0.0308562907437416,0.10129549637718,0.640739836162144
Q13275,J10_PNEUMOBACT,Bacterial pneumoniae,SEMA3F,Inverse variance weighted (multiplicative random effects),21,0.0215344397434829,0.0388339176933713,0.57921851703763,0.95635796126723
Q13277,J10_PNEUMOBACT,Bacterial pneumoniae,STX3,Inverse variance weighted (multiplicative random effects),5,0.00465637619177652,0.0541277127960216,0.931445960737387,0.99210620757841
Q13287,J10_PNEUMOBACT,Bacterial pneumoniae,NMI,Inverse variance weighted (multiplicative random effects),23,-0.0525630707960763,0.0260204837844178,0.0433766368639474,0.454940745876377
Q13291,J10_PNEUMOBACT,Bacterial pneumoniae,SLAMF1,Inverse variance weighted (multiplicative random effects),8,0.0687351019011516,0.0654771856425226,0.293830074951909,0.845573414653543
Q13316,J10_PNEUMOBACT,Bacterial pneumoniae,DMP1,Inverse variance weighted (multiplicative random effects),21,0.0136312284712147,0.0375700053858514,0.716737777434759,0.97754846764246
Q13332,J10_PNEUMOBACT,Bacterial pneumoniae,PTPRS,Inverse variance weighted (multiplicative random effects),28,-0.0396494223829837,0.0161811707333585,0.014272009098125,0.284540145352709
Q13361,J10_PNEUMOBACT,Bacterial pneumoniae,MFAP5,Inverse variance weighted (multiplicative random effects),4,-0.134379320053649,0.141893651513376,0.343617117103426,0.886525053135059
Q13410,J10_PNEUMOBACT,Bacterial pneumoniae,BTN1A1,Inverse variance weighted (multiplicative random effects),6,-0.0475386012491456,0.0463477765196969,0.305036199891916,0.85416950545795
Q13421,J10_PNEUMOBACT,Bacterial pneumoniae,MSLN,Inverse variance weighted (multiplicative random effects),42,0.0068150636806551,0.0191797647120705,0.72234559021027,0.97754846764246
Q13428,J10_PNEUMOBACT,Bacterial pneumoniae,TCOF1,Inverse variance weighted (multiplicative random effects),4,-0.069753228509029,0.183136997780387,0.70329225798183,0.97754846764246
Q13442,J10_PNEUMOBACT,Bacterial pneumoniae,PDAP1,Inverse variance weighted (multiplicative random effects),6,0.0476091190128004,0.071876628101372,0.507732370382333,0.936790310748483
Q13443,J10_PNEUMOBACT,Bacterial pneumoniae,ADAM9,Inverse variance weighted (multiplicative random effects),13,0.0486285718526643,0.0349352302228174,0.163933394588238,0.751194604656791
Q13444,J10_PNEUMOBACT,Bacterial pneumoniae,ADAM15,Inverse variance weighted (multiplicative random effects),47,-0.00596698911940435,0.0130031114749682,0.646313641010649,0.969689550885808
Q13451,J10_PNEUMOBACT,Bacterial pneumoniae,FKBP5,Inverse variance weighted (multiplicative random effects),9,-0.0330387341879923,0.0420367701996838,0.431897691078207,0.914605207599282
Q13478,J10_PNEUMOBACT,Bacterial pneumoniae,IL18R1,Inverse variance weighted (multiplicative random effects),48,0.0176120998800764,0.0216036019724375,0.414935491176896,0.914605207599282
Q13490,J10_PNEUMOBACT,Bacterial pneumoniae,BIRC2,Inverse variance weighted (multiplicative random effects),5,0.0754889034524681,0.0821823016630519,0.35832876470368,0.902291626783069
Q13508,J10_PNEUMOBACT,Bacterial pneumoniae,ART3,Inverse variance weighted (multiplicative random effects),22,-0.0089439841625709,0.0380139475438772,0.813990139409581,0.987360662705468
Q13510,J10_PNEUMOBACT,Bacterial pneumoniae,ASAH1,Inverse variance weighted (multiplicative random effects),27,0.0195126921587288,0.0230287170811066,0.396816791487714,0.914605207599282
Q13541,J10_PNEUMOBACT,Bacterial pneumoniae,EIF4EBP1,Inverse variance weighted (multiplicative random effects),3,0.147365989709117,0.196746095113295,0.453847511217996,0.923206570075967
Q13563,J10_PNEUMOBACT,Bacterial pneumoniae,PKD2,Inverse variance weighted (multiplicative random effects),8,-0.00502341364918004,0.0604058431281822,0.933723478956626,0.992950532883716
Q13740,J10_PNEUMOBACT,Bacterial pneumoniae,ALCAM,Inverse variance weighted (multiplicative random effects),24,-0.0387860788893949,0.043966009521242,0.377677697237705,0.910312384700098
Q13790,J10_PNEUMOBACT,Bacterial pneumoniae,APOF,Inverse variance weighted (multiplicative random effects),19,-0.0413901399867758,0.0441917776987934,0.348962943114546,0.890720868641857
Q13822,J10_PNEUMOBACT,Bacterial pneumoniae,ENPP2,Inverse variance weighted (multiplicative random effects),35,0.0245556389307041,0.0295292476470194,0.40565165431821,0.914605207599282
Q13867,J10_PNEUMOBACT,Bacterial pneumoniae,BLMH,Inverse variance weighted (multiplicative random effects),32,0.0271691127441814,0.0228110136535499,0.233633011482926,0.800859048079288
Q13938,J10_PNEUMOBACT,Bacterial pneumoniae,CAPS,Inverse variance weighted (multiplicative random effects),15,0.0735617278437321,0.038808442955606,0.0580250859818959,0.530617831727006
Q13976,J10_PNEUMOBACT,Bacterial pneumoniae,PRKG1,Inverse variance weighted (multiplicative random effects),9,0.0597995210488378,0.0454138811305339,0.187916582226204,0.773384318966224
Q14005,J10_PNEUMOBACT,Bacterial pneumoniae,IL16,Inverse variance weighted (multiplicative random effects),19,0.0287682798490883,0.0241355851475186,0.233282977350886,0.800859048079288
Q14011,J10_PNEUMOBACT,Bacterial pneumoniae,CIRBP,Inverse variance weighted (multiplicative random effects),8,0.0685109820918555,0.0642860829788018,0.286550109148105,0.83773367428949
Q14108,J10_PNEUMOBACT,Bacterial pneumoniae,SCARB2,Inverse variance weighted (multiplicative random effects),17,-0.0259662756512338,0.0338014161232041,0.442367885224577,0.914605207599282
Q14112,J10_PNEUMOBACT,Bacterial pneumoniae,NID2,Inverse variance weighted (multiplicative random effects),42,-0.00584996606599051,0.0166703496319064,0.725648052834269,0.978350181976182
Q14116,J10_PNEUMOBACT,Bacterial pneumoniae,IL18,Inverse variance weighted (multiplicative random effects),31,0.0272833067736938,0.0258932668354403,0.292027867799377,0.842633862054883
Q14118,J10_PNEUMOBACT,Bacterial pneumoniae,DAG1,Inverse variance weighted (multiplicative random effects),11,0.0636112492881568,0.0604187323527578,0.292414396242721,0.842633862054883
Q14126,J10_PNEUMOBACT,Bacterial pneumoniae,DSG2,Inverse variance weighted (multiplicative random effects),28,-0.016767645854946,0.025132063349714,0.504656254077846,0.936479549622861
Q14160,J10_PNEUMOBACT,Bacterial pneumoniae,SCRIB,Inverse variance weighted (multiplicative random effects),3,0.0879185655297796,0.17724639914332,0.619877089555071,0.961253269478951
Q14162,J10_PNEUMOBACT,Bacterial pneumoniae,SCARF1,Inverse variance weighted (multiplicative random effects),19,0.0122841358150199,0.0315862673332607,0.697344584374785,0.97754846764246
Q14197,J10_PNEUMOBACT,Bacterial pneumoniae,MRPL58,Inverse variance weighted (multiplicative random effects),4,0.161522404787734,0.0614347051759724,0.00855930648132691,0.209694437277913
Q14203,J10_PNEUMOBACT,Bacterial pneumoniae,DCTN1,Inverse variance weighted (multiplicative random effects),7,0.0601554590881562,0.0734479562921622,0.412774117924525,0.914605207599282
Q14204,J10_PNEUMOBACT,Bacterial pneumoniae,DYNC1H1,Inverse variance weighted (multiplicative random effects),5,0.0267010178887569,0.0452686761137377,0.555301744572123,0.950270413469016
Q14210,J10_PNEUMOBACT,Bacterial pneumoniae,LY6D,Inverse variance weighted (multiplicative random effects),31,-0.0245965196736475,0.018312545928432,0.179222990700023,0.768456406670269
Q14213_Q8NEV9,J10_PNEUMOBACT,Bacterial pneumoniae,EBI3,Inverse variance weighted (multiplicative random effects),50,0.0110185428805482,0.024082745014426,0.647291201965416,0.97049825877335
Q14241,J10_PNEUMOBACT,Bacterial pneumoniae,ELOA,Inverse variance weighted (multiplicative random effects),6,0.015142462160848,0.0952851646352301,0.873734021655908,0.991408010221534
Q14242,J10_PNEUMOBACT,Bacterial pneumoniae,SELPLG,Inverse variance weighted (multiplicative random effects),31,0.0172760204383758,0.0221810100099094,0.43605902872857,0.914605207599282
Q14246,J10_PNEUMOBACT,Bacterial pneumoniae,ADGRE1,Inverse variance weighted (multiplicative random effects),42,-0.00954439190976608,0.0216189052221399,0.65886293828678,0.972690915562804
Q14324,J10_PNEUMOBACT,Bacterial pneumoniae,MYBPC2,Inverse variance weighted (multiplicative random effects),5,-0.0786542971212707,0.177179286681444,0.657096881398574,0.972690915562804
Q14393,J10_PNEUMOBACT,Bacterial pneumoniae,GAS6,Inverse variance weighted (multiplicative random effects),38,0.000876527032988028,0.0259552603085009,0.973060009115088,0.996771625970461
Q14435,J10_PNEUMOBACT,Bacterial pneumoniae,GALNT3,Inverse variance weighted (multiplicative random effects),29,-0.0431803598894078,0.0268200355565931,0.107397020803679,0.653936278391184
Q14457,J10_PNEUMOBACT,Bacterial pneumoniae,BECN1,Inverse variance weighted (multiplicative random effects),6,0.0630063163664205,0.080982198452951,0.436553245720342,0.914605207599282
Q14508,J10_PNEUMOBACT,Bacterial pneumoniae,WFDC2,Inverse variance weighted (multiplicative random effects),7,0.0315515006483863,0.117558897396925,0.788399999142243,0.987360662705468
Q14512,J10_PNEUMOBACT,Bacterial pneumoniae,FGFBP1,Inverse variance weighted (multiplicative random effects),28,-0.103141007358908,0.0364588999162341,0.00466985833965814,0.143577760015246
Q14515,J10_PNEUMOBACT,Bacterial pneumoniae,SPARCL1,Inverse variance weighted (multiplicative random effects),38,0.00470052135353474,0.0130139905778762,0.717957526445597,0.97754846764246
Q14554,J10_PNEUMOBACT,Bacterial pneumoniae,PDIA5,Inverse variance weighted (multiplicative random effects),12,0.00162945281772573,0.0376132922489464,0.965445494862677,0.996572679230728
Q14624,J10_PNEUMOBACT,Bacterial pneumoniae,ITIH4,Inverse variance weighted (multiplicative random effects),16,0.0225469850227018,0.0281393987816057,0.422980929463857,0.914605207599282
Q14641,J10_PNEUMOBACT,Bacterial pneumoniae,INSL4,Inverse variance weighted (multiplicative random effects),8,-0.0110984199687623,0.0498990555061746,0.823988940011509,0.987360662705468
Q14643,J10_PNEUMOBACT,Bacterial pneumoniae,ITPR1,Inverse variance weighted (multiplicative random effects),13,-0.0879062065265111,0.0416498233317398,0.0348065230206333,0.414122771207857
Q14696,J10_PNEUMOBACT,Bacterial pneumoniae,MESD,Inverse variance weighted (multiplicative random effects),10,0.0267296904958525,0.077961923104763,0.731707012699784,0.979810469735302
Q14739,J10_PNEUMOBACT,Bacterial pneumoniae,LBR,Inverse variance weighted (multiplicative random effects),11,-0.00252040985413525,0.0560814414867141,0.964153572024077,0.996572679230728
Q14767,J10_PNEUMOBACT,Bacterial pneumoniae,LTBP2,Inverse variance weighted (multiplicative random effects),27,0.0428922417824018,0.0333187715385105,0.197979420800322,0.776214730944286
Q14773,J10_PNEUMOBACT,Bacterial pneumoniae,ICAM4,Inverse variance weighted (multiplicative random effects),56,0.0185051418040645,0.0167434545858184,0.269065801111794,0.83061838027226
Q14790,J10_PNEUMOBACT,Bacterial pneumoniae,CASP8,Inverse variance weighted (multiplicative random effects),13,0.105912313809426,0.0455807221663827,0.0201458269793988,0.335208384251199
Q14807,J10_PNEUMOBACT,Bacterial pneumoniae,KIF22,Inverse variance weighted (multiplicative random effects),7,0.11484956252244,0.0758851539983603,0.130161458204302,0.690761603177656
Q14894,J10_PNEUMOBACT,Bacterial pneumoniae,CRYM,Inverse variance weighted (multiplicative random effects),16,0.0162666816290406,0.0226290638953289,0.472239363287366,0.923618363691569
Q14914,J10_PNEUMOBACT,Bacterial pneumoniae,PTGR1,Inverse variance weighted (multiplicative random effects),23,-0.00084461971233103,0.0252557924817967,0.973321627813204,0.996771625970461
Q14956,J10_PNEUMOBACT,Bacterial pneumoniae,GPNMB,Inverse variance weighted (multiplicative random effects),26,0.0067428946789543,0.0112278982052192,0.548140911233082,0.94768424731157
Q14BN4,J10_PNEUMOBACT,Bacterial pneumoniae,SLMAP,Inverse variance weighted (multiplicative random effects),4,0.0956004087564246,0.119801826312147,0.424877507236115,0.914605207599282
Q15018,J10_PNEUMOBACT,Bacterial pneumoniae,ABRAXAS2,Inverse variance weighted (multiplicative random effects),4,0.0841954448249653,0.108918371715753,0.439513993995747,0.914605207599282
Q15025,J10_PNEUMOBACT,Bacterial pneumoniae,TNIP1,Inverse variance weighted (multiplicative random effects),5,0.0919596084900732,0.0946666536009341,0.331346913880282,0.876070155814891
Q15043,J10_PNEUMOBACT,Bacterial pneumoniae,SLC39A14,Inverse variance weighted (multiplicative random effects),10,0.0303808077705768,0.0889969060083701,0.73282561517736,0.979810469735302
Q15063,J10_PNEUMOBACT,Bacterial pneumoniae,POSTN,Inverse variance weighted (multiplicative random effects),21,-0.013657725033577,0.0187368253735282,0.466048044154101,0.923618363691569
Q15067,J10_PNEUMOBACT,Bacterial pneumoniae,ACOX1,Inverse variance weighted (multiplicative random effects),3,-0.0183553283323695,0.0829677245459426,0.824909798099235,0.987360662705468
Q15102,J10_PNEUMOBACT,Bacterial pneumoniae,PAFAH1B3,Inverse variance weighted (multiplicative random effects),6,0.0661128366752283,0.0814544806161072,0.416990325565563,0.914605207599282
Q15109,J10_PNEUMOBACT,Bacterial pneumoniae,AGER,Inverse variance weighted (multiplicative random effects),49,-0.0502486357971536,0.029306018512092,0.0864152303729834,0.602987801005875
Q15116,J10_PNEUMOBACT,Bacterial pneumoniae,PDCD1,Inverse variance weighted (multiplicative random effects),34,0.00217749112526193,0.0311135088082111,0.944205286242333,0.993903793863151
Q15126,J10_PNEUMOBACT,Bacterial pneumoniae,PMVK,Inverse variance weighted (multiplicative random effects),11,0.0696579345390756,0.0481498330124674,0.147983460263251,0.732777570732913
Q15155,J10_PNEUMOBACT,Bacterial pneumoniae,NOMO1,Inverse variance weighted (multiplicative random effects),21,0.0032286832751906,0.02730949551691,0.90588885463297,0.991408010221534
Q15165,J10_PNEUMOBACT,Bacterial pneumoniae,PON2,Inverse variance weighted (multiplicative random effects),40,0.00566760255191837,0.0153312048478823,0.711622746303797,0.97754846764246
Q15166,J10_PNEUMOBACT,Bacterial pneumoniae,PON3,Inverse variance weighted (multiplicative random effects),26,-0.00469269315170152,0.0222757087280894,0.833149354196913,0.987360662705468
Q15172,J10_PNEUMOBACT,Bacterial pneumoniae,PPP2R5A,Inverse variance weighted (multiplicative random effects),5,0.00928944621814538,0.129446678299709,0.942790738422635,0.993903793863151
Q15256,J10_PNEUMOBACT,Bacterial pneumoniae,PTPRR,Inverse variance weighted (multiplicative random effects),4,-0.107456849479247,0.107419660820241,0.317142996458685,0.871847765419961
Q15262,J10_PNEUMOBACT,Bacterial pneumoniae,PTPRK,Inverse variance weighted (multiplicative random effects),7,-0.0414571245338395,0.0827512497790493,0.616381767545432,0.959714546483167
Q15276,J10_PNEUMOBACT,Bacterial pneumoniae,RABEP1,Inverse variance weighted (multiplicative random effects),6,0.0119340935938887,0.0806974943027704,0.882432111661412,0.991408010221534
Q15303,J10_PNEUMOBACT,Bacterial pneumoniae,ERBB4,Inverse variance weighted (multiplicative random effects),35,-0.0180963304678321,0.0265906940455077,0.496155473210356,0.936076251688947
Q15366,J10_PNEUMOBACT,Bacterial pneumoniae,PCBP2,Inverse variance weighted (multiplicative random effects),10,0.110193988763433,0.086536130477995,0.202880726906701,0.778119668361404
Q15388,J10_PNEUMOBACT,Bacterial pneumoniae,TOMM20,Inverse variance weighted (multiplicative random effects),10,0.0206634590928404,0.0698108332532114,0.76723607124751,0.986573751116061
Q15389,J10_PNEUMOBACT,Bacterial pneumoniae,ANGPT1,Inverse variance weighted (multiplicative random effects),39,-0.0347256185191786,0.0259093150735497,0.180155814895002,0.768456406670269
Q15399,J10_PNEUMOBACT,Bacterial pneumoniae,TLR1,Inverse variance weighted (multiplicative random effects),16,0.0026638892754591,0.0360265999872237,0.941056306006632,0.993903793863151
Q15427,J10_PNEUMOBACT,Bacterial pneumoniae,SF3B4,Inverse variance weighted (multiplicative random effects),6,0.0831225748828841,0.071732844160423,0.246545930199713,0.810938045746511
Q15485,J10_PNEUMOBACT,Bacterial pneumoniae,FCN2,Inverse variance weighted (multiplicative random effects),45,0.00194732511257008,0.0172402950914031,0.91006864216445,0.991408010221534
Q15517,J10_PNEUMOBACT,Bacterial pneumoniae,CDSN,Inverse variance weighted (multiplicative random effects),64,0.0191474344466754,0.0144936252289495,0.186470181710366,0.773384318966224
Q15582,J10_PNEUMOBACT,Bacterial pneumoniae,TGFBI,Inverse variance weighted (multiplicative random effects),43,-0.0041984798521946,0.0191674491723003,0.826617190587329,0.987360662705468
Q15599,J10_PNEUMOBACT,Bacterial pneumoniae,SLC9A3R2,Inverse variance weighted (multiplicative random effects),6,0.00999287581929187,0.0676381783884286,0.882547830209911,0.991408010221534
Q15633,J10_PNEUMOBACT,Bacterial pneumoniae,TARBP2,Inverse variance weighted (multiplicative random effects),4,-0.0038558929148409,0.11917622855934,0.974189309554232,0.996771625970461
Q15661,J10_PNEUMOBACT,Bacterial pneumoniae,TPSAB1,Inverse variance weighted (multiplicative random effects),52,-0.0308128514777811,0.010782040196891,0.00426597027804421,0.138832238607527
Q15714,J10_PNEUMOBACT,Bacterial pneumoniae,TSC22D1,Inverse variance weighted (multiplicative random effects),5,-0.0158121314114372,0.124170664711871,0.898669779426765,0.991408010221534
Q15735,J10_PNEUMOBACT,Bacterial pneumoniae,INPP5J,Inverse variance weighted (multiplicative random effects),4,-0.226845143524075,0.0520748514486291,1.32378446227263e-05,0.00209252501072095
Q15762,J10_PNEUMOBACT,Bacterial pneumoniae,CD226,Inverse variance weighted (multiplicative random effects),34,-0.00222065696424176,0.024813368467942,0.928689021775526,0.991408010221534
Q15796,J10_PNEUMOBACT,Bacterial pneumoniae,SMAD2,Inverse variance weighted (multiplicative random effects),7,0.143846931090243,0.113137906658396,0.203575707974005,0.779434328281093
Q15797,J10_PNEUMOBACT,Bacterial pneumoniae,SMAD1,Inverse variance weighted (multiplicative random effects),6,0.133995840109981,0.0675244127186794,0.0472106135912975,0.472747003970775
Q15814,J10_PNEUMOBACT,Bacterial pneumoniae,TBCC,Inverse variance weighted (multiplicative random effects),7,-0.0314501144448466,0.0448020642081975,0.482692173336408,0.928867634429105
Q15818,J10_PNEUMOBACT,Bacterial pneumoniae,NPTX1,Inverse variance weighted (multiplicative random effects),48,-0.0341316893623428,0.0172325690722976,0.0476305282756836,0.474803419252648
Q15828,J10_PNEUMOBACT,Bacterial pneumoniae,CST6,Inverse variance weighted (multiplicative random effects),30,-0.0380295824591176,0.029862557187809,0.202845234120176,0.778119668361404
Q15831,J10_PNEUMOBACT,Bacterial pneumoniae,STK11,Inverse variance weighted (multiplicative random effects),8,0.000198316550274492,0.0539912315980471,0.997069276748796,0.999486316695892
Q15846,J10_PNEUMOBACT,Bacterial pneumoniae,CLUL1,Inverse variance weighted (multiplicative random effects),28,0.0205900902522542,0.0188685787944326,0.275168635838639,0.833383285321361
Q15848,J10_PNEUMOBACT,Bacterial pneumoniae,ADIPOQ,Inverse variance weighted (multiplicative random effects),39,-0.00992920493715314,0.0232031425194488,0.668705719659005,0.97303717632421
Q16270,J10_PNEUMOBACT,Bacterial pneumoniae,IGFBP7,Inverse variance weighted (multiplicative random effects),21,0.0318446925384644,0.0376969332489944,0.398247352507248,0.914605207599282
Q16288,J10_PNEUMOBACT,Bacterial pneumoniae,NTRK3,Inverse variance weighted (multiplicative random effects),22,-0.0587889379824864,0.0321807984873662,0.0677249136463202,0.565566920374742
Q16363,J10_PNEUMOBACT,Bacterial pneumoniae,LAMA4,Inverse variance weighted (multiplicative random effects),31,0.00470636555192882,0.0271060004132451,0.862157682993771,0.990831401770835
Q16378,J10_PNEUMOBACT,Bacterial pneumoniae,PRR4,Inverse variance weighted (multiplicative random effects),44,-0.0201522424708794,0.0132202717451629,0.127422790663766,0.690761603177656
Q16543,J10_PNEUMOBACT,Bacterial pneumoniae,CDC37,Inverse variance weighted (multiplicative random effects),7,0.0752159892228782,0.0849821642779509,0.376113642440498,0.910312384700098
Q16549,J10_PNEUMOBACT,Bacterial pneumoniae,PCSK7,Inverse variance weighted (multiplicative random effects),8,0.0583650264338186,0.0740184158025843,0.430392405581934,0.914605207599282
Q16595,J10_PNEUMOBACT,Bacterial pneumoniae,FXN,Inverse variance weighted (multiplicative random effects),10,0.0593167959686582,0.0624182273878101,0.341953698799566,0.885080158413381
Q16610,J10_PNEUMOBACT,Bacterial pneumoniae,ECM1,Inverse variance weighted (multiplicative random effects),24,0.0120486266166388,0.0148936300120284,0.418527507458661,0.914605207599282
Q16619,J10_PNEUMOBACT,Bacterial pneumoniae,CTF1,Inverse variance weighted (multiplicative random effects),6,-0.121797183426422,0.0650206091423291,0.0610395444557774,0.546884663484354
Q16620,J10_PNEUMOBACT,Bacterial pneumoniae,NTRK2,Inverse variance weighted (multiplicative random effects),14,-0.0482245198046428,0.0633312021805155,0.446379131834531,0.915598482802494
Q16621,J10_PNEUMOBACT,Bacterial pneumoniae,NFE2,Inverse variance weighted (multiplicative random effects),6,0.0671346167545067,0.0882634043379144,0.446886059536339,0.915598482802494
Q16625,J10_PNEUMOBACT,Bacterial pneumoniae,OCLN,Inverse variance weighted (multiplicative random effects),3,-0.00903376432288182,0.14466442338546,0.950207389907277,0.994052641168189
Q16627,J10_PNEUMOBACT,Bacterial pneumoniae,CCL14,Inverse variance weighted (multiplicative random effects),22,-0.00904610384255769,0.0166469830129905,0.586848914755005,0.956766472595704
Q16643,J10_PNEUMOBACT,Bacterial pneumoniae,DBN1,Inverse variance weighted (multiplicative random effects),3,0.0196680291972669,0.163312030804672,0.904140775213135,0.991408010221534
Q16651,J10_PNEUMOBACT,Bacterial pneumoniae,PRSS8,Inverse variance weighted (multiplicative random effects),23,0.0315200769474958,0.0498528472269539,0.52721547951945,0.937802836050007
Q16653,J10_PNEUMOBACT,Bacterial pneumoniae,MOG,Inverse variance weighted (multiplicative random effects),12,-0.0233813801079975,0.0429331630794581,0.586028983305858,0.956766472595704
Q16663,J10_PNEUMOBACT,Bacterial pneumoniae,CCL15,Inverse variance weighted (multiplicative random effects),24,-0.0116661253693049,0.0191857786232854,0.543146960728605,0.946278134441443
Q16674,J10_PNEUMOBACT,Bacterial pneumoniae,MIA,Inverse variance weighted (multiplicative random effects),27,-0.0112038008026435,0.016844688579358,0.505971407158654,0.936479549622861
Q16698,J10_PNEUMOBACT,Bacterial pneumoniae,DECR1,Inverse variance weighted (multiplicative random effects),7,-0.0461998986718749,0.040334424929997,0.252034789641606,0.814593327157362
Q16719,J10_PNEUMOBACT,Bacterial pneumoniae,KYNU,Inverse variance weighted (multiplicative random effects),15,0.0285535391291632,0.0306958656676986,0.352263412098313,0.893989599740328
Q16740,J10_PNEUMOBACT,Bacterial pneumoniae,CLPP,Inverse variance weighted (multiplicative random effects),7,0.0409729860820522,0.067470859860068,0.543672166828552,0.946278134441443
Q16762,J10_PNEUMOBACT,Bacterial pneumoniae,TST,Inverse variance weighted (multiplicative random effects),7,0.0078515271746643,0.0654194189958109,0.904468654831926,0.991408010221534
Q16769,J10_PNEUMOBACT,Bacterial pneumoniae,QPCT,Inverse variance weighted (multiplicative random effects),31,-0.0306021076690099,0.0125896676832665,0.0150683571061533,0.292511177858923
Q16772,J10_PNEUMOBACT,Bacterial pneumoniae,GSTA3,Inverse variance weighted (multiplicative random effects),13,-0.00730374820953802,0.0366074446712212,0.841859614227416,0.987360662705468
Q16773,J10_PNEUMOBACT,Bacterial pneumoniae,KYAT1,Inverse variance weighted (multiplicative random effects),13,0.0549716479665962,0.065329500297733,0.400094685094463,0.914605207599282
Q16775,J10_PNEUMOBACT,Bacterial pneumoniae,HAGH,Inverse variance weighted (multiplicative random effects),3,-0.114388782302623,0.140981834010301,0.417151789995906,0.914605207599282
Q16790,J10_PNEUMOBACT,Bacterial pneumoniae,CA9,Inverse variance weighted (multiplicative random effects),17,-0.103703269645147,0.0445456671692481,0.0199109635497054,0.335208384251199
Q16819,J10_PNEUMOBACT,Bacterial pneumoniae,MEP1A,Inverse variance weighted (multiplicative random effects),45,0.00866867783314318,0.017180418179987,0.613862756648721,0.959714546483167
Q16820,J10_PNEUMOBACT,Bacterial pneumoniae,MEP1B,Inverse variance weighted (multiplicative random effects),64,0.0184895562316095,0.0110745295313692,0.0950070809938761,0.613900010552166
Q16836,J10_PNEUMOBACT,Bacterial pneumoniae,HADH,Inverse variance weighted (multiplicative random effects),5,0.0448126382283118,0.106435238256729,0.673731735654836,0.97303717632421
Q16853,J10_PNEUMOBACT,Bacterial pneumoniae,AOC3,Inverse variance weighted (multiplicative random effects),38,0.0119308812376103,0.0178292458864497,0.503384008421926,0.936479549622861
Q16881,J10_PNEUMOBACT,Bacterial pneumoniae,TXNRD1,Inverse variance weighted (multiplicative random effects),8,0.0933746855625573,0.0821772539200495,0.255847974750778,0.817015249817418
Q16891,J10_PNEUMOBACT,Bacterial pneumoniae,IMMT,Inverse variance weighted (multiplicative random effects),3,-0.0097694748938044,0.115310086234797,0.932481207303702,0.99210620757841
Q17R60,J10_PNEUMOBACT,Bacterial pneumoniae,IMPG1,Inverse variance weighted (multiplicative random effects),3,-0.0485106736427473,0.0421138040391582,0.249364288117395,0.811534072946758
Q17RW2,J10_PNEUMOBACT,Bacterial pneumoniae,COL24A1,Inverse variance weighted (multiplicative random effects),10,-0.0467718806507847,0.0260533271195937,0.0726160465707291,0.572794035767329
Q24JP5,J10_PNEUMOBACT,Bacterial pneumoniae,TMEM132A,Inverse variance weighted (multiplicative random effects),20,-0.0324397513109942,0.0133272730993145,0.0149293780259833,0.292511177858923
Q29980_Q29983,J10_PNEUMOBACT,Bacterial pneumoniae,MICB,Inverse variance weighted (multiplicative random effects),55,-0.00763753618096847,0.0126465704040329,0.545895812147771,0.946761310566627
Q2L4Q9,J10_PNEUMOBACT,Bacterial pneumoniae,PRSS53,Inverse variance weighted (multiplicative random effects),68,0.0371733092049948,0.0122893562882967,0.00248766514902157,0.101948203236754
Q2M296,J10_PNEUMOBACT,Bacterial pneumoniae,MTHFSD,Inverse variance weighted (multiplicative random effects),17,0.0559178476001494,0.0402123947864821,0.164358139189281,0.751194604656791
Q2MKA7,J10_PNEUMOBACT,Bacterial pneumoniae,RSPO1,Inverse variance weighted (multiplicative random effects),20,0.011671118001762,0.0405878613182303,0.773689742844467,0.987360662705468
Q2TAL6,J10_PNEUMOBACT,Bacterial pneumoniae,VWC2,Inverse variance weighted (multiplicative random effects),29,0.00684458618097826,0.0195011228819041,0.725600195440045,0.978350181976182
Q2UY09,J10_PNEUMOBACT,Bacterial pneumoniae,COL28A1,Inverse variance weighted (multiplicative random effects),45,0.00770286184031612,0.0145714971567497,0.597065416294105,0.957005067361193
Q2VWP7,J10_PNEUMOBACT,Bacterial pneumoniae,PRTG,Inverse variance weighted (multiplicative random effects),37,-0.0012461010907015,0.0197020274578035,0.949569537777754,0.994052641168189
Q2WEN9,J10_PNEUMOBACT,Bacterial pneumoniae,CEACAM16,Inverse variance weighted (multiplicative random effects),36,0.0223207111210351,0.0288499795045638,0.439118840856207,0.914605207599282
Q32MZ4,J10_PNEUMOBACT,Bacterial pneumoniae,LRRFIP1,Inverse variance weighted (multiplicative random effects),6,0.174329551588763,0.0545174942879802,0.00138537475404635,0.0712984728070833
Q3KPI0,J10_PNEUMOBACT,Bacterial pneumoniae,CEACAM21,Inverse variance weighted (multiplicative random effects),37,0.00818664646678188,0.0113246194788384,0.469737034957147,0.923618363691569
Q495A1,J10_PNEUMOBACT,Bacterial pneumoniae,TIGIT,Inverse variance weighted (multiplicative random effects),3,0.267553549789713,0.0797189524345269,0.000790185275644585,0.051431765147102
Q496F6,J10_PNEUMOBACT,Bacterial pneumoniae,CD300E,Inverse variance weighted (multiplicative random effects),33,0.0275731725254066,0.0265690724651341,0.299366872778141,0.851708221126899
Q49AH0,J10_PNEUMOBACT,Bacterial pneumoniae,CDNF,Inverse variance weighted (multiplicative random effects),10,-0.0312915045356129,0.0201497110231804,0.120434952160494,0.673290628483465
Q4KMG0,J10_PNEUMOBACT,Bacterial pneumoniae,CDON,Inverse variance weighted (multiplicative random effects),15,-0.0530073204735224,0.0454225966635242,0.243217925263288,0.809020547201274
Q4VCS5,J10_PNEUMOBACT,Bacterial pneumoniae,AMOT,Inverse variance weighted (multiplicative random effects),11,0.0913712232501893,0.0721818948994196,0.205567923308443,0.785702615339522
Q4ZHG4,J10_PNEUMOBACT,Bacterial pneumoniae,FNDC1,Inverse variance weighted (multiplicative random effects),24,0.00390140822457621,0.0223103439478586,0.861181840661577,0.990831401770835
Q53FA7,J10_PNEUMOBACT,Bacterial pneumoniae,TP53I3,Inverse variance weighted (multiplicative random effects),16,0.0229345884654905,0.0243240976732995,0.345744741212122,0.888656344137544
Q53GL0,J10_PNEUMOBACT,Bacterial pneumoniae,PLEKHO1,Inverse variance weighted (multiplicative random effects),6,0.113676800779848,0.0772712150416592,0.141253170259546,0.728655631199012
Q53H47,J10_PNEUMOBACT,Bacterial pneumoniae,SETMAR,Inverse variance weighted (multiplicative random effects),9,0.113535356912857,0.0401345634332948,0.00467130534166185,0.143577760015246
Q53H82,J10_PNEUMOBACT,Bacterial pneumoniae,LACTB2,Inverse variance weighted (multiplicative random effects),9,0.069414699568034,0.0491896658056332,0.158196178473542,0.745858425683426
Q53T59,J10_PNEUMOBACT,Bacterial pneumoniae,HS1BP3,Inverse variance weighted (multiplicative random effects),10,0.00725622484683277,0.0558628620459252,0.896650656154781,0.991408010221534
Q58EX2,J10_PNEUMOBACT,Bacterial pneumoniae,SDK2,Inverse variance weighted (multiplicative random effects),20,0.0541567237582499,0.0240682151322477,0.0244404019495714,0.362997379291286
Q58F21,J10_PNEUMOBACT,Bacterial pneumoniae,BRDT,Inverse variance weighted (multiplicative random effects),10,3.17630782034655e-05,0.0449583874544994,0.999436295004587,0.999908392499789
Q5F1R6,J10_PNEUMOBACT,Bacterial pneumoniae,DNAJC21,Inverse variance weighted (multiplicative random effects),6,0.0535647171285134,0.0738719134822283,0.468389084535947,0.923618363691569
Q5FWE3,J10_PNEUMOBACT,Bacterial pneumoniae,PRRT3,Inverse variance weighted (multiplicative random effects),15,-0.0729680595119422,0.0422095027152799,0.0838607134337689,0.591031079073028
Q5GAN6,J10_PNEUMOBACT,Bacterial pneumoniae,RNASE10,Inverse variance weighted (multiplicative random effects),19,-0.00102987263719636,0.0132523137802629,0.938056618407319,0.993738294176829
Q5JS37,J10_PNEUMOBACT,Bacterial pneumoniae,NHLRC3,Inverse variance weighted (multiplicative random effects),22,-0.0332549547814755,0.0320788129188377,0.299892413129754,0.851940834731895
Q5JSP0,J10_PNEUMOBACT,Bacterial pneumoniae,FGD3,Inverse variance weighted (multiplicative random effects),4,0.152000452540069,0.0794614988613869,0.0557631899396653,0.52289804803593
Q5JTD0,J10_PNEUMOBACT,Bacterial pneumoniae,TJAP1,Inverse variance weighted (multiplicative random effects),7,0.0899427234306915,0.0484474500318526,0.06338222765128,0.551651671354848
Q5JTV8,J10_PNEUMOBACT,Bacterial pneumoniae,TOR1AIP1,Inverse variance weighted (multiplicative random effects),36,-0.00524283496551919,0.0153130287431288,0.732066894191791,0.979810469735302
Q5KU26,J10_PNEUMOBACT,Bacterial pneumoniae,COLEC12,Inverse variance weighted (multiplicative random effects),18,0.0407686560852086,0.0295227715939309,0.167302827155237,0.75559419692763
Q5QGZ9,J10_PNEUMOBACT,Bacterial pneumoniae,CLEC12A,Inverse variance weighted (multiplicative random effects),12,0.0101533022363527,0.020276209259286,0.616547410043325,0.959714546483167
Q5R372,J10_PNEUMOBACT,Bacterial pneumoniae,RABGAP1L,Inverse variance weighted (multiplicative random effects),5,-0.0607493834828267,0.155147245367755,0.695383690401359,0.97754846764246
Q5SW96,J10_PNEUMOBACT,Bacterial pneumoniae,LDLRAP1,Inverse variance weighted (multiplicative random effects),8,0.00634235549139824,0.0604099088253477,0.916384805511295,0.991408010221534
Q5T2D2,J10_PNEUMOBACT,Bacterial pneumoniae,TREML2,Inverse variance weighted (multiplicative random effects),27,0.022998461464119,0.0247025864552321,0.351846162359474,0.893989599740328
Q5T2W1,J10_PNEUMOBACT,Bacterial pneumoniae,PDZK1,Inverse variance weighted (multiplicative random effects),6,-0.00940774768939422,0.0438008487723473,0.829935261789642,0.987360662705468
Q5T5Y3,J10_PNEUMOBACT,Bacterial pneumoniae,CAMSAP1,Inverse variance weighted (multiplicative random effects),4,0.119319756992304,0.0748083245834175,0.110710803099769,0.657001115098402
Q5TBC7,J10_PNEUMOBACT,Bacterial pneumoniae,BCL2L15,Inverse variance weighted (multiplicative random effects),9,0.0489676373177698,0.0485758406697854,0.313422937600694,0.86376707460814
Q5TDH0,J10_PNEUMOBACT,Bacterial pneumoniae,DDI2,Inverse variance weighted (multiplicative random effects),3,-0.0205768493844303,0.219481478404275,0.925306083139,0.991408010221534
Q5VIR6,J10_PNEUMOBACT,Bacterial pneumoniae,VPS53,Inverse variance weighted (multiplicative random effects),6,0.0101903014042481,0.105126594750079,0.922779109488023,0.991408010221534
Q5VT99,J10_PNEUMOBACT,Bacterial pneumoniae,LRRC38,Inverse variance weighted (multiplicative random effects),6,0.0388061146635357,0.0164937594774266,0.0186338760019935,0.324698957420564
Q5VTT5,J10_PNEUMOBACT,Bacterial pneumoniae,MYOM3,Inverse variance weighted (multiplicative random effects),25,0.033141617458263,0.0360846999955613,0.358388766354414,0.902291626783069
Q5VUJ9,J10_PNEUMOBACT,Bacterial pneumoniae,EFCAB2,Inverse variance weighted (multiplicative random effects),17,0.0109301057232103,0.0285913150089487,0.702248037573625,0.97754846764246
Q5VV43,J10_PNEUMOBACT,Bacterial pneumoniae,KIAA0319,Inverse variance weighted (multiplicative random effects),16,0.00850697729950799,0.0262378699342348,0.745767583144722,0.979810469735302
Q5VVQ6,J10_PNEUMOBACT,Bacterial pneumoniae,YOD1,Inverse variance weighted (multiplicative random effects),5,-0.0744476933619664,0.0455930040249077,0.102495211026389,0.640739836162144
Q5VX71,J10_PNEUMOBACT,Bacterial pneumoniae,SUSD4,Inverse variance weighted (multiplicative random effects),12,-0.0468760850601165,0.0317815390352154,0.140226798034246,0.726749189812144
Q5VY43,J10_PNEUMOBACT,Bacterial pneumoniae,PEAR1,Inverse variance weighted (multiplicative random effects),18,-0.0200301414579616,0.0279089581784178,0.472944886990398,0.923618363691569
Q5ZPR3,J10_PNEUMOBACT,Bacterial pneumoniae,CD276,Inverse variance weighted (multiplicative random effects),33,-0.0269071159835515,0.0188119234163027,0.152624500522333,0.734256564469397
Q63HQ2,J10_PNEUMOBACT,Bacterial pneumoniae,EGFLAM,Inverse variance weighted (multiplicative random effects),18,0.0260592442673459,0.0203713180110482,0.200822241678502,0.776214730944286
Q674X7,J10_PNEUMOBACT,Bacterial pneumoniae,KAZN,Inverse variance weighted (multiplicative random effects),4,0.0492278394789863,0.0944747492954485,0.602318879757904,0.957005067361193
Q676U5,J10_PNEUMOBACT,Bacterial pneumoniae,ATG16L1,Inverse variance weighted (multiplicative random effects),4,-0.0231144489758729,0.138619693393501,0.867568946801563,0.991408010221534
Q68D85,J10_PNEUMOBACT,Bacterial pneumoniae,NCR3LG1,Inverse variance weighted (multiplicative random effects),46,0.0350917715316443,0.0252656352762437,0.164859179938687,0.751194604656791
Q68DV7,J10_PNEUMOBACT,Bacterial pneumoniae,RNF43,Inverse variance weighted (multiplicative random effects),4,0.0931944902016334,0.0669381731548226,0.163847526850259,0.751194604656791
Q68J44,J10_PNEUMOBACT,Bacterial pneumoniae,DUSP29,Inverse variance weighted (multiplicative random effects),5,-0.0115053715692126,0.0747988811559632,0.877753691264348,0.991408010221534
Q6B8I1,J10_PNEUMOBACT,Bacterial pneumoniae,DUSP13,Inverse variance weighted (multiplicative random effects),6,-0.0128147114773284,0.101090024204258,0.899126127573867,0.991408010221534
Q6BAA4,J10_PNEUMOBACT,Bacterial pneumoniae,FCRLB,Inverse variance weighted (multiplicative random effects),35,0.0187861087484284,0.0157316681658785,0.232415886509409,0.800859048079288
Q6BCY4,J10_PNEUMOBACT,Bacterial pneumoniae,CYB5R2,Inverse variance weighted (multiplicative random effects),18,-0.0201262750330623,0.0247169167428056,0.415489568131981,0.914605207599282
Q6DN72,J10_PNEUMOBACT,Bacterial pneumoniae,FCRL6,Inverse variance weighted (multiplicative random effects),40,0.0110662884538886,0.0131288873423144,0.399286532931874,0.914605207599282
Q6EIG7,J10_PNEUMOBACT,Bacterial pneumoniae,CLEC6A,Inverse variance weighted (multiplicative random effects),20,0.0744468315683837,0.0459297456667309,0.105042324180931,0.644693137886166
Q6EMK4,J10_PNEUMOBACT,Bacterial pneumoniae,VASN,Inverse variance weighted (multiplicative random effects),26,0.0160992249564457,0.0170144942329078,0.344043273914258,0.886525053135059
Q6FHJ7,J10_PNEUMOBACT,Bacterial pneumoniae,SFRP4,Inverse variance weighted (multiplicative random effects),15,0.028743490311085,0.0280879138780652,0.30614704132589,0.85416950545795
Q6FI81,J10_PNEUMOBACT,Bacterial pneumoniae,CIAPIN1,Inverse variance weighted (multiplicative random effects),9,0.0313801241397746,0.0551060983159937,0.569051329435728,0.95635796126723
Q6GMV3,J10_PNEUMOBACT,Bacterial pneumoniae,PTRHD1,Inverse variance weighted (multiplicative random effects),5,0.0194308583845148,0.0921811824082911,0.833051252594416,0.987360662705468
Q6GQQ9,J10_PNEUMOBACT,Bacterial pneumoniae,OTUD7B,Inverse variance weighted (multiplicative random effects),5,0.0731191043283095,0.0661005309838645,0.268648493503972,0.83061838027226
Q6GTS8,J10_PNEUMOBACT,Bacterial pneumoniae,PM20D1,Inverse variance weighted (multiplicative random effects),40,-0.0129537706812539,0.0116406967891459,0.265794213845123,0.83061838027226
Q6GTX8,J10_PNEUMOBACT,Bacterial pneumoniae,LAIR1,Inverse variance weighted (multiplicative random effects),21,0.0505013894945642,0.0292109841826802,0.083836070432348,0.591031079073028
Q6IBS0,J10_PNEUMOBACT,Bacterial pneumoniae,TWF2,Inverse variance weighted (multiplicative random effects),5,0.0241183668974872,0.113106111889628,0.831142393330173,0.987360662705468
Q6ISS4,J10_PNEUMOBACT,Bacterial pneumoniae,LAIR2,Inverse variance weighted (multiplicative random effects),29,0.0027161508583074,0.015353662625033,0.859582439593311,0.990831401770835
Q6NUJ1,J10_PNEUMOBACT,Bacterial pneumoniae,PSAPL1,Inverse variance weighted (multiplicative random effects),72,0.00409029259240892,0.0149264872612796,0.784062221550303,0.987360662705468
Q6NUS6,J10_PNEUMOBACT,Bacterial pneumoniae,TCTN3,Inverse variance weighted (multiplicative random effects),51,0.041288088541331,0.024711537517246,0.0947607755153408,0.613900010552166
Q6NW40,J10_PNEUMOBACT,Bacterial pneumoniae,RGMB,Inverse variance weighted (multiplicative random effects),16,-0.0280514190645084,0.0382378048760371,0.463189923763061,0.923618363691569
Q6P1J6,J10_PNEUMOBACT,Bacterial pneumoniae,PLB1,Inverse variance weighted (multiplicative random effects),61,0.00378724366522011,0.010179209899731,0.709850603335284,0.97754846764246
Q6P1M0,J10_PNEUMOBACT,Bacterial pneumoniae,SLC27A4,Inverse variance weighted (multiplicative random effects),5,0.0153445760730604,0.0994568124315783,0.877385961262519,0.991408010221534
Q6P1N0,J10_PNEUMOBACT,Bacterial pneumoniae,CC2D1A,Inverse variance weighted (multiplicative random effects),5,-0.000999984812755742,0.108978810319099,0.992678748791871,0.998794021346944
Q6P2H3,J10_PNEUMOBACT,Bacterial pneumoniae,CEP85,Inverse variance weighted (multiplicative random effects),5,0.0807315267029554,0.0489651529301111,0.099197896056786,0.63630418543092
Q6P4E1,J10_PNEUMOBACT,Bacterial pneumoniae,GOLM2,Inverse variance weighted (multiplicative random effects),19,0.0423681332427608,0.0326323614743048,0.19416807401343,0.77548946743829
Q6P589,J10_PNEUMOBACT,Bacterial pneumoniae,TNFAIP8L2,Inverse variance weighted (multiplicative random effects),8,0.0327649794244935,0.080736112496104,0.684868944095481,0.974672008542314
Q6P5Z2,J10_PNEUMOBACT,Bacterial pneumoniae,PKN3,Inverse variance weighted (multiplicative random effects),3,0.00855951128255656,0.0871183064675461,0.921732525409474,0.991408010221534
Q6P995,J10_PNEUMOBACT,Bacterial pneumoniae,FAM171B,Inverse variance weighted (multiplicative random effects),13,-0.0246810000765324,0.0257710062301364,0.338211954508753,0.87847776446933
Q6P9F5,J10_PNEUMOBACT,Bacterial pneumoniae,TRIM40,Inverse variance weighted (multiplicative random effects),11,0.0349175703569416,0.0386226485438337,0.365958387919057,0.907244382125156
Q6PCB0,J10_PNEUMOBACT,Bacterial pneumoniae,VWA1,Inverse variance weighted (multiplicative random effects),16,0.0486158970977559,0.0341481779717154,0.154540660177373,0.738657626290554
Q6PGN9,J10_PNEUMOBACT,Bacterial pneumoniae,PSRC1,Inverse variance weighted (multiplicative random effects),14,-0.0199097489568856,0.0367191259930251,0.587668751274086,0.956766472595704
Q6PI73,J10_PNEUMOBACT,Bacterial pneumoniae,LILRA6,Inverse variance weighted (multiplicative random effects),33,-0.00715135034996618,0.0104184764995887,0.492454364533546,0.936076251688947
Q6PJW8,J10_PNEUMOBACT,Bacterial pneumoniae,CNST,Inverse variance weighted (multiplicative random effects),8,0.00695615087573801,0.0722269856820532,0.923274700298954,0.991408010221534
Q6PKG0,J10_PNEUMOBACT,Bacterial pneumoniae,LARP1,Inverse variance weighted (multiplicative random effects),3,0.122324896988164,0.124767431661533,0.326877213452054,0.871955895837522
Q6PKH6,J10_PNEUMOBACT,Bacterial pneumoniae,DHRS4L2,Inverse variance weighted (multiplicative random effects),9,0.0328260450451426,0.0255705339864267,0.199231194972398,0.776214730944286
Q6PL24,J10_PNEUMOBACT,Bacterial pneumoniae,TMED8,Inverse variance weighted (multiplicative random effects),7,0.0573795854464682,0.0761212172378115,0.450973963860403,0.920669171607999
Q6QNK2,J10_PNEUMOBACT,Bacterial pneumoniae,ADGRD1,Inverse variance weighted (multiplicative random effects),36,0.00398185456353501,0.0202129714574771,0.843831440812572,0.987360662705468
Q6QNY0,J10_PNEUMOBACT,Bacterial pneumoniae,BLOC1S3,Inverse variance weighted (multiplicative random effects),7,0.0521904811551829,0.0714727900727176,0.465258965368256,0.923618363691569
Q6UB28,J10_PNEUMOBACT,Bacterial pneumoniae,METAP1D,Inverse variance weighted (multiplicative random effects),6,-0.0792312233080153,0.0385642987945319,0.0399251386026573,0.443566381174274
Q6UVK1,J10_PNEUMOBACT,Bacterial pneumoniae,CSPG4,Inverse variance weighted (multiplicative random effects),27,-0.000766817669071697,0.0393581408583312,0.984455737481822,0.99798467569733
Q6UW15,J10_PNEUMOBACT,Bacterial pneumoniae,REG3G,Inverse variance weighted (multiplicative random effects),11,-0.0065137816720893,0.0312278192525772,0.8347690463702,0.987360662705468
Q6UW49,J10_PNEUMOBACT,Bacterial pneumoniae,SPESP1,Inverse variance weighted (multiplicative random effects),19,0.0128588810951278,0.0348692849920864,0.712296284389946,0.97754846764246
Q6UW56,J10_PNEUMOBACT,Bacterial pneumoniae,ATRAID,Inverse variance weighted (multiplicative random effects),19,-0.0128053768837082,0.0271296766916449,0.63692232946295,0.965352015813364
Q6UWJ8,J10_PNEUMOBACT,Bacterial pneumoniae,CD164L2,Inverse variance weighted (multiplicative random effects),7,0.0378837534504721,0.0280562281028989,0.176926302127239,0.768456406670269
Q6UWL2,J10_PNEUMOBACT,Bacterial pneumoniae,SUSD1,Inverse variance weighted (multiplicative random effects),12,-0.00102733749496595,0.0404683091752708,0.979746900537318,0.996771625970461
Q6UWL6,J10_PNEUMOBACT,Bacterial pneumoniae,KIRREL2,Inverse variance weighted (multiplicative random effects),28,0.00121308200664408,0.0153733330167246,0.937105642461794,0.993738294176829
Q6UWN8,J10_PNEUMOBACT,Bacterial pneumoniae,SPINK6,Inverse variance weighted (multiplicative random effects),9,-0.0905971631946459,0.0487850342041866,0.0633013714600487,0.551651671354848
Q6UWP8,J10_PNEUMOBACT,Bacterial pneumoniae,SBSN,Inverse variance weighted (multiplicative random effects),30,0.0257967129245206,0.021969392642111,0.240310331169801,0.804548809196324
Q6UWR7,J10_PNEUMOBACT,Bacterial pneumoniae,ENPP6,Inverse variance weighted (multiplicative random effects),25,-0.00583170537893157,0.0240991356348442,0.80878934114799,0.987360662705468
Q6UWV6,J10_PNEUMOBACT,Bacterial pneumoniae,ENPP7,Inverse variance weighted (multiplicative random effects),35,0.00403590292485884,0.0143605955068571,0.778679657960012,0.987360662705468
Q6UWW0,J10_PNEUMOBACT,Bacterial pneumoniae,LCN15,Inverse variance weighted (multiplicative random effects),24,-0.0399633567828136,0.0190047823662303,0.0354827939396601,0.414675901940885
Q6UWW8,J10_PNEUMOBACT,Bacterial pneumoniae,CES3,Inverse variance weighted (multiplicative random effects),24,-0.00892836041916743,0.0249671053912841,0.720638975085976,0.97754846764246
Q6UX06,J10_PNEUMOBACT,Bacterial pneumoniae,OLFM4,Inverse variance weighted (multiplicative random effects),50,-0.00978595566737776,0.0120407351381096,0.416368638298091,0.914605207599282
Q6UX15,J10_PNEUMOBACT,Bacterial pneumoniae,LAYN,Inverse variance weighted (multiplicative random effects),24,-0.00945449444427529,0.0304897959889599,0.756494671278055,0.982466377663343
Q6UX27,J10_PNEUMOBACT,Bacterial pneumoniae,VSTM1,Inverse variance weighted (multiplicative random effects),23,0.00137600350819637,0.0116433670258597,0.905925690334047,0.991408010221534
Q6UX71,J10_PNEUMOBACT,Bacterial pneumoniae,PLXDC2,Inverse variance weighted (multiplicative random effects),22,-0.00548505632752671,0.0347573223123685,0.874606443874324,0.991408010221534
Q6UX82,J10_PNEUMOBACT,Bacterial pneumoniae,LYPD8,Inverse variance weighted (multiplicative random effects),25,0.0224498142085283,0.0192595581384542,0.243757867993628,0.809020547201274
Q6UXB2,J10_PNEUMOBACT,Bacterial pneumoniae,CXCL17,Inverse variance weighted (multiplicative random effects),11,-0.054893627054005,0.0628914813207656,0.382755264807125,0.91374045417278
Q6UXB4,J10_PNEUMOBACT,Bacterial pneumoniae,CLEC4G,Inverse variance weighted (multiplicative random effects),33,0.0216056893527464,0.0314795381804296,0.492498267668094,0.936076251688947
Q6UXB8,J10_PNEUMOBACT,Bacterial pneumoniae,PI16,Inverse variance weighted (multiplicative random effects),30,-0.0327110094584167,0.024667326460094,0.184811035865253,0.773131989356907
Q6UXC1,J10_PNEUMOBACT,Bacterial pneumoniae,MAMDC4,Inverse variance weighted (multiplicative random effects),11,0.00936851787129621,0.0411386044724414,0.819855704889271,0.987360662705468
Q6UXD5,J10_PNEUMOBACT,Bacterial pneumoniae,SEZ6L2,Inverse variance weighted (multiplicative random effects),20,-0.0160610385812634,0.038075350206245,0.673154597348469,0.97303717632421
Q6UXG3,J10_PNEUMOBACT,Bacterial pneumoniae,CD300LG,Inverse variance weighted (multiplicative random effects),33,0.0185725190629351,0.0288045703054955,0.51907182959435,0.936801441783925
Q6UXH1,J10_PNEUMOBACT,Bacterial pneumoniae,CRELD2,Inverse variance weighted (multiplicative random effects),31,0.00672692253169964,0.0201084876120486,0.737978524834445,0.979810469735302
Q6UXH9,J10_PNEUMOBACT,Bacterial pneumoniae,PAMR1,Inverse variance weighted (multiplicative random effects),39,0.0414401802438688,0.0231487328649244,0.0734264951551443,0.572794035767329
Q6UXI7,J10_PNEUMOBACT,Bacterial pneumoniae,VIT,Inverse variance weighted (multiplicative random effects),37,0.0258464348545729,0.0145705145455753,0.0760819738539611,0.577416757771013
Q6UXK2,J10_PNEUMOBACT,Bacterial pneumoniae,ISLR2,Inverse variance weighted (multiplicative random effects),33,0.0293382490989017,0.0191038216238364,0.124605421732938,0.681270872328235
Q6UXK5,J10_PNEUMOBACT,Bacterial pneumoniae,LRRN1,Inverse variance weighted (multiplicative random effects),36,-0.00422702684000072,0.0225386843874438,0.85123302198473,0.990818829610349
Q6UXV0,J10_PNEUMOBACT,Bacterial pneumoniae,GFRAL,Inverse variance weighted (multiplicative random effects),43,0.0183613872620929,0.0168359177207603,0.275445389350222,0.833383285321361
Q6UXZ4,J10_PNEUMOBACT,Bacterial pneumoniae,UNC5D,Inverse variance weighted (multiplicative random effects),3,-0.00181453551218591,0.0687600510167141,0.978946760127704,0.996771625970461
Q6UY09,J10_PNEUMOBACT,Bacterial pneumoniae,CEACAM20,Inverse variance weighted (multiplicative random effects),8,-0.0716071231868047,0.0558020825143611,0.199410147526022,0.776214730944286
Q6UY14,J10_PNEUMOBACT,Bacterial pneumoniae,ADAMTSL4,Inverse variance weighted (multiplicative random effects),14,-0.0622172727442922,0.0191949249265129,0.00118969310689095,0.0675074575781967
Q6WN34,J10_PNEUMOBACT,Bacterial pneumoniae,CHRDL2,Inverse variance weighted (multiplicative random effects),16,-0.0119439218003984,0.0220144427571314,0.58744011439085,0.956766472595704
Q6XQN6,J10_PNEUMOBACT,Bacterial pneumoniae,NAPRT,Inverse variance weighted (multiplicative random effects),8,0.110626480382312,0.0242932556500866,5.26869661207094e-06,0.0011659625602513
Q6XZF7,J10_PNEUMOBACT,Bacterial pneumoniae,DNMBP,Inverse variance weighted (multiplicative random effects),9,-0.010818822560597,0.0450611602998753,0.810258962395988,0.987360662705468
Q6Y7W6,J10_PNEUMOBACT,Bacterial pneumoniae,GIGYF2,Inverse variance weighted (multiplicative random effects),4,0.118462086784767,0.0696781446450241,0.0891059822856451,0.606743196301947
Q6YHK3,J10_PNEUMOBACT,Bacterial pneumoniae,CD109,Inverse variance weighted (multiplicative random effects),45,-0.0289254688326096,0.0136583330413078,0.0341929329139042,0.414122771207857
Q6YN16,J10_PNEUMOBACT,Bacterial pneumoniae,HSDL2,Inverse variance weighted (multiplicative random effects),15,0.0254397326639549,0.0174668243140763,0.14526547226024,0.732777570732913
Q6ZMH5,J10_PNEUMOBACT,Bacterial pneumoniae,SLC39A5,Inverse variance weighted (multiplicative random effects),20,0.0920615535852393,0.0589697674252928,0.118484758281136,0.672879885227799
Q6ZMJ2,J10_PNEUMOBACT,Bacterial pneumoniae,SCARA5,Inverse variance weighted (multiplicative random effects),15,-0.041061920876447,0.0423874786401602,0.332681113057789,0.876884611162836
Q6ZMJ4,J10_PNEUMOBACT,Bacterial pneumoniae,IL34,Inverse variance weighted (multiplicative random effects),31,-0.0164903050640296,0.0128563544301869,0.199611942200622,0.776214730944286
Q6ZMM2,J10_PNEUMOBACT,Bacterial pneumoniae,ADAMTSL5,Inverse variance weighted (multiplicative random effects),16,-0.0257094239146253,0.0241380337410471,0.286830600981544,0.83773367428949
Q6ZRY4,J10_PNEUMOBACT,Bacterial pneumoniae,RBPMS2,Inverse variance weighted (multiplicative random effects),10,0.0253796919243723,0.0586117608128034,0.66500486023641,0.97303717632421
Q6ZUJ8,J10_PNEUMOBACT,Bacterial pneumoniae,PIK3AP1,Inverse variance weighted (multiplicative random effects),14,0.093554229313496,0.0305790249135292,0.00221762402317476,0.0925962634582217
Q6ZVN8,J10_PNEUMOBACT,Bacterial pneumoniae,HJV,Inverse variance weighted (multiplicative random effects),7,-0.0971187027664084,0.0459924500426928,0.0347188216551004,0.414122771207857
Q765P7,J10_PNEUMOBACT,Bacterial pneumoniae,MTSS2,Inverse variance weighted (multiplicative random effects),7,0.15533887663945,0.0598004787266113,0.00938725098941484,0.216004530744225
Q76LX8,J10_PNEUMOBACT,Bacterial pneumoniae,ADAMTS13,Inverse variance weighted (multiplicative random effects),32,-0.0094745477616816,0.0224574232496243,0.673105781843984,0.97303717632421
Q76M96,J10_PNEUMOBACT,Bacterial pneumoniae,CCDC80,Inverse variance weighted (multiplicative random effects),17,0.0530425476630129,0.0388281242642003,0.171912047139072,0.765475574082025
Q7KYR7,J10_PNEUMOBACT,Bacterial pneumoniae,BTN2A1,Inverse variance weighted (multiplicative random effects),31,-0.040469715684429,0.0381955741558664,0.289354195976583,0.838142455099709
Q7L0J3,J10_PNEUMOBACT,Bacterial pneumoniae,SV2A,Inverse variance weighted (multiplicative random effects),3,0.0810081877368757,0.073236155261465,0.268673332306293,0.83061838027226
Q7L266,J10_PNEUMOBACT,Bacterial pneumoniae,ASRGL1,Inverse variance weighted (multiplicative random effects),17,0.0292305484180621,0.0227341070391149,0.198527710143842,0.776214730944286
Q7L8A9,J10_PNEUMOBACT,Bacterial pneumoniae,VASH1,Inverse variance weighted (multiplicative random effects),13,-0.00623274541020943,0.0295116346940671,0.832734167724961,0.987360662705468
Q7LG56,J10_PNEUMOBACT,Bacterial pneumoniae,RRM2B,Inverse variance weighted (multiplicative random effects),5,0.116809386846632,0.047450396822755,0.0138274224361138,0.278182598646544
Q7Z304,J10_PNEUMOBACT,Bacterial pneumoniae,MAMDC2,Inverse variance weighted (multiplicative random effects),28,0.00905365838769649,0.0311664856002991,0.771438798761546,0.987360662705468
Q7Z3D4,J10_PNEUMOBACT,Bacterial pneumoniae,LYSMD3,Inverse variance weighted (multiplicative random effects),4,0.143121430963175,0.0756205517244684,0.0584076084231843,0.531603215916634
Q7Z434,J10_PNEUMOBACT,Bacterial pneumoniae,MAVS,Inverse variance weighted (multiplicative random effects),6,0.0317881426985278,0.0678092379596913,0.639221329457281,0.96625464623563
Q7Z4H3,J10_PNEUMOBACT,Bacterial pneumoniae,HDDC2,Inverse variance weighted (multiplicative random effects),19,0.0109216217986017,0.0248687125286304,0.660537506795586,0.97303717632421
Q7Z4V5,J10_PNEUMOBACT,Bacterial pneumoniae,HDGFL2,Inverse variance weighted (multiplicative random effects),4,0.160009700936005,0.0699654666569575,0.02219692541967,0.350869971098069
Q7Z4W1,J10_PNEUMOBACT,Bacterial pneumoniae,DCXR,Inverse variance weighted (multiplicative random effects),12,0.0240743037656473,0.0605107105946158,0.690739326167253,0.97754846764246
Q7Z4W2,J10_PNEUMOBACT,Bacterial pneumoniae,LYZL2,Inverse variance weighted (multiplicative random effects),6,-0.0712687557113864,0.0353586291841327,0.0438421076898454,0.455505090693088
Q7Z569,J10_PNEUMOBACT,Bacterial pneumoniae,BRAP,Inverse variance weighted (multiplicative random effects),7,0.0794966951264351,0.073679145469229,0.280606501457577,0.83773367428949
Q7Z5A7,J10_PNEUMOBACT,Bacterial pneumoniae,TAFA5,Inverse variance weighted (multiplicative random effects),20,-0.00298863679181849,0.0331703628003963,0.928208058178619,0.991408010221534
Q7Z5L0,J10_PNEUMOBACT,Bacterial pneumoniae,VMO1,Inverse variance weighted (multiplicative random effects),42,-0.00439031919970764,0.0127863317085207,0.731327392161411,0.979810469735302
Q7Z5L3,J10_PNEUMOBACT,Bacterial pneumoniae,C1QL2,Inverse variance weighted (multiplicative random effects),33,-0.000888294247143828,0.0144792482446431,0.95108089133171,0.994052641168189
Q7Z5R6,J10_PNEUMOBACT,Bacterial pneumoniae,APBB1IP,Inverse variance weighted (multiplicative random effects),7,-0.00403049440293291,0.0532811438502487,0.939700902900002,0.993903793863151
Q7Z692,J10_PNEUMOBACT,Bacterial pneumoniae,CEACAM19,Inverse variance weighted (multiplicative random effects),11,0.0652017656251288,0.0500507243483296,0.192672514050524,0.77548946743829
Q7Z6M1,J10_PNEUMOBACT,Bacterial pneumoniae,RABEPK,Inverse variance weighted (multiplicative random effects),3,-0.0491212755833084,0.05739943508693,0.392119604914011,0.914605207599282
Q7Z6M3,J10_PNEUMOBACT,Bacterial pneumoniae,MILR1,Inverse variance weighted (multiplicative random effects),41,-0.0100998105366513,0.0127448158510048,0.428090047281413,0.914605207599282
Q7Z6P3,J10_PNEUMOBACT,Bacterial pneumoniae,RAB44,Inverse variance weighted (multiplicative random effects),5,0.0475223660174408,0.0506104643969998,0.347739469316299,0.889650226123663
Q7Z739,J10_PNEUMOBACT,Bacterial pneumoniae,YTHDF3,Inverse variance weighted (multiplicative random effects),5,0.0360989601091333,0.0857742590777867,0.673857269164796,0.97303717632421
Q7Z7K0,J10_PNEUMOBACT,Bacterial pneumoniae,CMC1,Inverse variance weighted (multiplicative random effects),12,0.001490731407966,0.0849926906749149,0.986006201439528,0.998184686086768
Q7Z7M9,J10_PNEUMOBACT,Bacterial pneumoniae,GALNT5,Inverse variance weighted (multiplicative random effects),19,-0.0247530464205622,0.0276632938895741,0.370895343002956,0.910312384700098
Q86SF2,J10_PNEUMOBACT,Bacterial pneumoniae,GALNT7,Inverse variance weighted (multiplicative random effects),15,0.0318298001782538,0.0405429092547999,0.432401271635884,0.914605207599282
Q86SJ2,J10_PNEUMOBACT,Bacterial pneumoniae,AMIGO2,Inverse variance weighted (multiplicative random effects),36,-0.0196500438562972,0.0323768883526487,0.543906817446686,0.946278134441443
Q86SJ6,J10_PNEUMOBACT,Bacterial pneumoniae,DSG4,Inverse variance weighted (multiplicative random effects),64,0.00561974606625448,0.0230522451465044,0.807398867467559,0.987360662705468
Q86SQ7,J10_PNEUMOBACT,Bacterial pneumoniae,SDCCAG8,Inverse variance weighted (multiplicative random effects),5,-0.00664299067975864,0.0385198942998609,0.863078972640694,0.990831401770835
Q86SR1,J10_PNEUMOBACT,Bacterial pneumoniae,GALNT10,Inverse variance weighted (multiplicative random effects),25,0.0103746050011681,0.0276841339981714,0.707847053481678,0.97754846764246
Q86SX6,J10_PNEUMOBACT,Bacterial pneumoniae,GLRX5,Inverse variance weighted (multiplicative random effects),8,-0.0424131096305445,0.0477994289652495,0.374909790057354,0.910312384700098
Q86T13,J10_PNEUMOBACT,Bacterial pneumoniae,CLEC14A,Inverse variance weighted (multiplicative random effects),15,-0.0217829175276889,0.0334180526999755,0.514510301062327,0.936801441783925
Q86TE4,J10_PNEUMOBACT,Bacterial pneumoniae,LUZP2,Inverse variance weighted (multiplicative random effects),9,0.0220531134061963,0.04133506167204,0.593673146106703,0.957005067361193
Q86TH1,J10_PNEUMOBACT,Bacterial pneumoniae,ADAMTSL2,Inverse variance weighted (multiplicative random effects),18,-0.0112652200011013,0.0402900157386168,0.779781900849482,0.987360662705468
Q86U17,J10_PNEUMOBACT,Bacterial pneumoniae,SERPINA11,Inverse variance weighted (multiplicative random effects),40,-0.00614415684850759,0.0196271587699485,0.754247521760509,0.98235862958023
Q86UE4,J10_PNEUMOBACT,Bacterial pneumoniae,MTDH,Inverse variance weighted (multiplicative random effects),5,0.050619258678848,0.0571012189329679,0.375357322054262,0.910312384700098
Q86UP6,J10_PNEUMOBACT,Bacterial pneumoniae,CUZD1,Inverse variance weighted (multiplicative random effects),13,-0.0103437835092648,0.0137814000182038,0.452916806588399,0.923206570075967
Q86UU1,J10_PNEUMOBACT,Bacterial pneumoniae,PHLDB1,Inverse variance weighted (multiplicative random effects),4,0.112006992731341,0.093556824046482,0.231225431958453,0.800859048079288
Q86UW2,J10_PNEUMOBACT,Bacterial pneumoniae,SLC51B,Inverse variance weighted (multiplicative random effects),21,-0.0460411363682801,0.0191423160537252,0.0161635297261207,0.303134671897502
Q86VB7,J10_PNEUMOBACT,Bacterial pneumoniae,CD163,Inverse variance weighted (multiplicative random effects),45,0.061733273591816,0.0207696377849425,0.00295592585164674,0.110872269655835
Q86VP1,J10_PNEUMOBACT,Bacterial pneumoniae,TAX1BP1,Inverse variance weighted (multiplicative random effects),3,0.106196916837274,0.0685473970684479,0.12132211817888,0.674587556607694
Q86VP3,J10_PNEUMOBACT,Bacterial pneumoniae,PACS2,Inverse variance weighted (multiplicative random effects),4,0.0405585604689439,0.0570736887753386,0.477310452242119,0.92494573626253
Q86VR7,J10_PNEUMOBACT,Bacterial pneumoniae,VSIG10L,Inverse variance weighted (multiplicative random effects),5,-0.0188172255854461,0.0420778997365005,0.654730853165369,0.971980185739813
Q86VW0,J10_PNEUMOBACT,Bacterial pneumoniae,SESTD1,Inverse variance weighted (multiplicative random effects),4,0.0468188202543752,0.0828080216864655,0.571808583340398,0.95635796126723
Q86VZ4,J10_PNEUMOBACT,Bacterial pneumoniae,LRP11,Inverse variance weighted (multiplicative random effects),35,0.00287683531228745,0.0149915741868676,0.84782303370131,0.989052384597259
Q86WD7,J10_PNEUMOBACT,Bacterial pneumoniae,SERPINA9,Inverse variance weighted (multiplicative random effects),22,-0.00558232297867944,0.0181280669060962,0.758129412966414,0.98343516465104
Q86WV1,J10_PNEUMOBACT,Bacterial pneumoniae,SKAP1,Inverse variance weighted (multiplicative random effects),11,-0.0815059316592058,0.0850094068054685,0.337665955601324,0.878092362313093
Q86X76,J10_PNEUMOBACT,Bacterial pneumoniae,NIT1,Inverse variance weighted (multiplicative random effects),7,0.0183722375097924,0.0809262429845921,0.820404713756278,0.987360662705468
Q86YD3,J10_PNEUMOBACT,Bacterial pneumoniae,TMEM25,Inverse variance weighted (multiplicative random effects),12,-0.0171850866524562,0.0240441375455428,0.474775376664603,0.924117897377147
Q86YW5,J10_PNEUMOBACT,Bacterial pneumoniae,TREML1,Inverse variance weighted (multiplicative random effects),17,-0.0825784706954113,0.0428709883824783,0.0540783202491515,0.513091337279396
Q86Z14,J10_PNEUMOBACT,Bacterial pneumoniae,KLB,Inverse variance weighted (multiplicative random effects),58,-0.0109892174705199,0.0169924385268023,0.517818219352093,0.936801441783925
Q8IU54,J10_PNEUMOBACT,Bacterial pneumoniae,IFNL1,Inverse variance weighted (multiplicative random effects),12,-0.0113074396589008,0.0609263462248031,0.852764763557094,0.990818829610349
Q8IU57,J10_PNEUMOBACT,Bacterial pneumoniae,IFNLR1,Inverse variance weighted (multiplicative random effects),9,-0.00349822918155843,0.0259326685801754,0.892693616775942,0.991408010221534
Q8IUK5,J10_PNEUMOBACT,Bacterial pneumoniae,PLXDC1,Inverse variance weighted (multiplicative random effects),21,0.0195314197939082,0.0176012488878149,0.267145125987941,0.83061838027226
Q8IUN9,J10_PNEUMOBACT,Bacterial pneumoniae,CLEC10A,Inverse variance weighted (multiplicative random effects),35,-0.0142181564862469,0.0164639685948972,0.387811896209625,0.914605207599282
Q8IUZ5,J10_PNEUMOBACT,Bacterial pneumoniae,PHYKPL,Inverse variance weighted (multiplicative random effects),11,-0.0131464151258637,0.0286225193922054,0.646016440678046,0.969689550885808
Q8IV16,J10_PNEUMOBACT,Bacterial pneumoniae,GPIHBP1,Inverse variance weighted (multiplicative random effects),15,0.0274495706633216,0.02835675784014,0.333040335239195,0.876884611162836
Q8IV38,J10_PNEUMOBACT,Bacterial pneumoniae,ANKMY2,Inverse variance weighted (multiplicative random effects),4,0.00864553992278504,0.0907947944564101,0.924139563125433,0.991408010221534
Q8IV48,J10_PNEUMOBACT,Bacterial pneumoniae,ERI1,Inverse variance weighted (multiplicative random effects),4,0.0358739589138802,0.118307445773553,0.761717215053754,0.986354708551175
Q8IVF2,J10_PNEUMOBACT,Bacterial pneumoniae,AHNAK2,Inverse variance weighted (multiplicative random effects),5,-0.0854818361665233,0.0483752304189189,0.0772185214393471,0.577416757771013
Q8IVG5,J10_PNEUMOBACT,Bacterial pneumoniae,SAMD9L,Inverse variance weighted (multiplicative random effects),12,-0.0292863082486607,0.0338362591988413,0.386747781834336,0.914605207599282
Q8IVM0,J10_PNEUMOBACT,Bacterial pneumoniae,CCDC50,Inverse variance weighted (multiplicative random effects),10,-0.00201567365468778,0.028684649990675,0.943978668434355,0.993903793863151
Q8IW75,J10_PNEUMOBACT,Bacterial pneumoniae,SERPINA12,Inverse variance weighted (multiplicative random effects),41,-0.0312730683420166,0.0167465295897718,0.0618407588408108,0.547414397258857
Q8IWL1,J10_PNEUMOBACT,Bacterial pneumoniae,SFTPA2,Inverse variance weighted (multiplicative random effects),23,-0.00330184653857463,0.0214128872121695,0.877452803274251,0.991408010221534
Q8IWL2,J10_PNEUMOBACT,Bacterial pneumoniae,SFTPA1,Inverse variance weighted (multiplicative random effects),5,0.0132482024489561,0.0334699456222354,0.692234987353426,0.97754846764246
Q8IWQ3,J10_PNEUMOBACT,Bacterial pneumoniae,BRSK2,Inverse variance weighted (multiplicative random effects),20,0.0435006531671696,0.0228093094070708,0.0565018543564729,0.523174074020396
Q8IWT1,J10_PNEUMOBACT,Bacterial pneumoniae,SCN4B,Inverse variance weighted (multiplicative random effects),25,0.00589355445854805,0.0222376806817904,0.79098974795643,0.987360662705468
Q8IWV2,J10_PNEUMOBACT,Bacterial pneumoniae,CNTN4,Inverse variance weighted (multiplicative random effects),36,0.000732585039732076,0.0186770474047828,0.968711947149812,0.996572679230728
Q8IX05,J10_PNEUMOBACT,Bacterial pneumoniae,CD302,Inverse variance weighted (multiplicative random effects),23,-0.064848189505263,0.0268927695334965,0.0158930861889492,0.300610254155082
Q8IX19,J10_PNEUMOBACT,Bacterial pneumoniae,MCEMP1,Inverse variance weighted (multiplicative random effects),36,-0.0175795606928409,0.0209486146345882,0.401370926405031,0.914605207599282
Q8IXJ6,J10_PNEUMOBACT,Bacterial pneumoniae,SIRT2,Inverse variance weighted (multiplicative random effects),9,-0.00194842755649995,0.0497705431539445,0.96877222628606,0.996572679230728
Q8IXQ3,J10_PNEUMOBACT,Bacterial pneumoniae,C9orf40,Inverse variance weighted (multiplicative random effects),4,-0.0143944620460632,0.160141279480789,0.928377791615602,0.991408010221534
Q8IY22,J10_PNEUMOBACT,Bacterial pneumoniae,CMIP,Inverse variance weighted (multiplicative random effects),5,0.151358667522477,0.0980547072368115,0.122681751084214,0.676730961762256
Q8IY33,J10_PNEUMOBACT,Bacterial pneumoniae,MICALL2,Inverse variance weighted (multiplicative random effects),3,-0.0249641920522353,0.0410897937362059,0.543484552553927,0.946278134441443
Q8IYS5,J10_PNEUMOBACT,Bacterial pneumoniae,OSCAR,Inverse variance weighted (multiplicative random effects),39,-0.00837941977925947,0.0158046601377339,0.595982527602725,0.957005067361193
Q8IZF2,J10_PNEUMOBACT,Bacterial pneumoniae,ADGRF5,Inverse variance weighted (multiplicative random effects),27,-0.0281505191612498,0.0327450960711885,0.389961842613044,0.914605207599282
Q8IZP9,J10_PNEUMOBACT,Bacterial pneumoniae,ADGRG2,Inverse variance weighted (multiplicative random effects),15,-0.0206085951178712,0.047605259260501,0.665083171520543,0.97303717632421
Q8N0X7,J10_PNEUMOBACT,Bacterial pneumoniae,SPART,Inverse variance weighted (multiplicative random effects),5,0.0951349853922304,0.0710623665228302,0.180650963037464,0.768456406670269
Q8N0Z9,J10_PNEUMOBACT,Bacterial pneumoniae,VSIG10,Inverse variance weighted (multiplicative random effects),19,-0.0318309316153415,0.0258229491040142,0.217702422022181,0.79632307427287
Q8N114,J10_PNEUMOBACT,Bacterial pneumoniae,SHISA5,Inverse variance weighted (multiplicative random effects),11,0.131660349545372,0.0656719372707498,0.0449823974061879,0.458737536681538
Q8N129,J10_PNEUMOBACT,Bacterial pneumoniae,CNPY4,Inverse variance weighted (multiplicative random effects),14,-0.0252291971450527,0.0430402847394107,0.557757010782311,0.950270413469016
Q8N149,J10_PNEUMOBACT,Bacterial pneumoniae,LILRA2,Inverse variance weighted (multiplicative random effects),37,0.00900360772727496,0.0174851736001818,0.606603243724257,0.957853393638384
Q8N1Q1,J10_PNEUMOBACT,Bacterial pneumoniae,CA13,Inverse variance weighted (multiplicative random effects),14,0.00250757146891078,0.0229611175165239,0.91303634946054,0.991408010221534
Q8N386,J10_PNEUMOBACT,Bacterial pneumoniae,LRRC25,Inverse variance weighted (multiplicative random effects),49,0.0200086414059336,0.0177249477020586,0.25896506298049,0.819870793098461
Q8N423,J10_PNEUMOBACT,Bacterial pneumoniae,LILRB2,Inverse variance weighted (multiplicative random effects),41,0.00111520635233522,0.0147966166992479,0.939921115475937,0.993903793863151
Q8N436,J10_PNEUMOBACT,Bacterial pneumoniae,CPXM2,Inverse variance weighted (multiplicative random effects),13,-0.0242442248602025,0.0274434625165643,0.377007003423921,0.910312384700098
Q8N474,J10_PNEUMOBACT,Bacterial pneumoniae,SFRP1,Inverse variance weighted (multiplicative random effects),20,-0.0209376006452597,0.03358514179434,0.533009506296541,0.93892906983603
Q8N4C8,J10_PNEUMOBACT,Bacterial pneumoniae,MINK1,Inverse variance weighted (multiplicative random effects),9,0.0906275694984169,0.0765294261298536,0.23632654307962,0.800859048079288
Q8N4F0,J10_PNEUMOBACT,Bacterial pneumoniae,BPIFB2,Inverse variance weighted (multiplicative random effects),35,0.0198127978211925,0.0292491015353871,0.498163986185197,0.936479549622861
Q8N556,J10_PNEUMOBACT,Bacterial pneumoniae,AFAP1,Inverse variance weighted (multiplicative random effects),28,-0.0165695118104124,0.0116858637985611,0.156216825776768,0.741862307819715
Q8N5J2,J10_PNEUMOBACT,Bacterial pneumoniae,MINDY1,Inverse variance weighted (multiplicative random effects),5,0.0126723487822846,0.0591241178270188,0.830286076861311,0.987360662705468
Q8N5S9,J10_PNEUMOBACT,Bacterial pneumoniae,CAMKK1,Inverse variance weighted (multiplicative random effects),5,-0.0213668663576382,0.0239927663631625,0.373168211274247,0.910312384700098
Q8N608,J10_PNEUMOBACT,Bacterial pneumoniae,DPP10,Inverse variance weighted (multiplicative random effects),18,-0.0449037741797129,0.0320795110042873,0.161583725682553,0.749653637181318
Q8N668,J10_PNEUMOBACT,Bacterial pneumoniae,COMMD1,Inverse variance weighted (multiplicative random effects),7,-0.0147905457403075,0.0265946938093391,0.578110712757381,0.95635796126723
Q8N6C8,J10_PNEUMOBACT,Bacterial pneumoniae,LILRA3,Inverse variance weighted (multiplicative random effects),28,-0.00683923975353274,0.0134691037264269,0.611612934979431,0.959714546483167
Q8N6M0,J10_PNEUMOBACT,Bacterial pneumoniae,OTUD6B,Inverse variance weighted (multiplicative random effects),7,0.00387937378980649,0.0797246969467829,0.961190552987602,0.996572679230728
Q8N6P7,J10_PNEUMOBACT,Bacterial pneumoniae,IL22RA1,Inverse variance weighted (multiplicative random effects),11,-0.0590134904780318,0.0420146106466597,0.160141896993636,0.74766670474033
Q8N6Q3,J10_PNEUMOBACT,Bacterial pneumoniae,CD177,Inverse variance weighted (multiplicative random effects),39,-0.00206483093560669,0.0103454817402655,0.841803045969718,0.987360662705468
Q8N8E3,J10_PNEUMOBACT,Bacterial pneumoniae,CEP112,Inverse variance weighted (multiplicative random effects),3,-0.0527868182844876,0.0989099208592149,0.593558948908182,0.957005067361193
Q8N8R5,J10_PNEUMOBACT,Bacterial pneumoniae,C2orf69,Inverse variance weighted (multiplicative random effects),3,0.104841973818028,0.160345504970834,0.513208186926127,0.936801441783925
Q8N8S7,J10_PNEUMOBACT,Bacterial pneumoniae,ENAH,Inverse variance weighted (multiplicative random effects),3,-0.0288367916953427,0.0701647265371006,0.681082054282061,0.97303717632421
Q8N8U9,J10_PNEUMOBACT,Bacterial pneumoniae,BMPER,Inverse variance weighted (multiplicative random effects),18,-0.00434276414950712,0.0253577981146153,0.864019714224325,0.990831401770835
Q8N967,J10_PNEUMOBACT,Bacterial pneumoniae,LRTM2,Inverse variance weighted (multiplicative random effects),7,0.0767002648977142,0.0519272065047224,0.139656120737585,0.725490599042903
Q8N9I9,J10_PNEUMOBACT,Bacterial pneumoniae,DTX3,Inverse variance weighted (multiplicative random effects),11,-0.0232910220878125,0.0499873999658797,0.641259981483422,0.967354014330479
Q8NBI3,J10_PNEUMOBACT,Bacterial pneumoniae,DRAXIN,Inverse variance weighted (multiplicative random effects),40,0.0062649934818787,0.0183343796352618,0.732571090848863,0.979810469735302
Q8NBJ7,J10_PNEUMOBACT,Bacterial pneumoniae,SUMF2,Inverse variance weighted (multiplicative random effects),40,0.0306312398344099,0.0262081757154848,0.242497689647841,0.808203896371493
Q8NBP7,J10_PNEUMOBACT,Bacterial pneumoniae,PCSK9,Inverse variance weighted (multiplicative random effects),21,-0.0232985343395187,0.0238817340479982,0.329272800739944,0.872490268610545
Q8NBS9,J10_PNEUMOBACT,Bacterial pneumoniae,TXNDC5,Inverse variance weighted (multiplicative random effects),10,0.0148227951682105,0.0559980705064379,0.791239120460416,0.987360662705468
Q8NBZ7,J10_PNEUMOBACT,Bacterial pneumoniae,UXS1,Inverse variance weighted (multiplicative random effects),11,-0.0383122975793116,0.0391217177833553,0.327426728170348,0.871955895837522
Q8NC01,J10_PNEUMOBACT,Bacterial pneumoniae,CLEC1A,Inverse variance weighted (multiplicative random effects),27,-0.0536224765795271,0.0163199337477371,0.00101727739039048,0.062534301803726
Q8NC42,J10_PNEUMOBACT,Bacterial pneumoniae,RNF149,Inverse variance weighted (multiplicative random effects),15,-0.0270413054373549,0.05180497834068,0.601682336009888,0.957005067361193
Q8NCC3,J10_PNEUMOBACT,Bacterial pneumoniae,PLA2G15,Inverse variance weighted (multiplicative random effects),37,0.00984726496154442,0.023680215120126,0.677524481430161,0.97303717632421
Q8ND71,J10_PNEUMOBACT,Bacterial pneumoniae,GIMAP8,Inverse variance weighted (multiplicative random effects),4,0.00338312682724986,0.0337695751461539,0.920199289449911,0.991408010221534
Q8ND90,J10_PNEUMOBACT,Bacterial pneumoniae,PNMA1,Inverse variance weighted (multiplicative random effects),11,-0.0259576895521525,0.0462125378184435,0.57431885566915,0.95635796126723
Q8NDA2,J10_PNEUMOBACT,Bacterial pneumoniae,HMCN2,Inverse variance weighted (multiplicative random effects),41,0.00956259202515983,0.0143612289745445,0.50549951702377,0.936479549622861
Q8NDB2,J10_PNEUMOBACT,Bacterial pneumoniae,BANK1,Inverse variance weighted (multiplicative random effects),7,0.0136997054487995,0.0753789140389112,0.855783216497602,0.990818829610349
Q8NDI1,J10_PNEUMOBACT,Bacterial pneumoniae,EHBP1,Inverse variance weighted (multiplicative random effects),6,0.0583776492288166,0.0562237441492555,0.29912597441947,0.851708221126899
Q8NEB7,J10_PNEUMOBACT,Bacterial pneumoniae,ACRBP,Inverse variance weighted (multiplicative random effects),13,0.0296278339343577,0.0542248918719457,0.584799209974178,0.956766472595704
Q8NEU8,J10_PNEUMOBACT,Bacterial pneumoniae,APPL2,Inverse variance weighted (multiplicative random effects),9,0.0343827855856802,0.0556715487952255,0.536838605797272,0.941941539932927
Q8NEZ2,J10_PNEUMOBACT,Bacterial pneumoniae,VPS37A,Inverse variance weighted (multiplicative random effects),3,0.108657657815364,0.147489144672571,0.461294888731409,0.923618363691569
Q8NFL0,J10_PNEUMOBACT,Bacterial pneumoniae,B3GNT7,Inverse variance weighted (multiplicative random effects),42,-0.013410824998564,0.0219446769044645,0.541120319744793,0.945891996520717
Q8NFP4,J10_PNEUMOBACT,Bacterial pneumoniae,MDGA1,Inverse variance weighted (multiplicative random effects),49,-0.00363237845716232,0.0114175772942848,0.750379379644203,0.981435914392802
Q8NFT8,J10_PNEUMOBACT,Bacterial pneumoniae,DNER,Inverse variance weighted (multiplicative random effects),27,-0.0154014135833433,0.0309992045149934,0.619307144926112,0.961253269478951
Q8NG06,J10_PNEUMOBACT,Bacterial pneumoniae,TRIM58,Inverse variance weighted (multiplicative random effects),10,0.0569915012032253,0.046472964090618,0.220071997772819,0.797184514802987
Q8NHJ6,J10_PNEUMOBACT,Bacterial pneumoniae,LILRB4,Inverse variance weighted (multiplicative random effects),40,0.0127420076652696,0.020026842987509,0.524615804954918,0.937020989143648
Q8NHL6,J10_PNEUMOBACT,Bacterial pneumoniae,LILRB1,Inverse variance weighted (multiplicative random effects),57,0.0106720036425271,0.0164423082811199,0.516301205620838,0.936801441783925
Q8NHP1,J10_PNEUMOBACT,Bacterial pneumoniae,AKR7L,Inverse variance weighted (multiplicative random effects),8,-0.057511751168606,0.0533033182669874,0.280608880825429,0.83773367428949
Q8NHS0,J10_PNEUMOBACT,Bacterial pneumoniae,DNAJB8,Inverse variance weighted (multiplicative random effects),3,-0.0629620485744573,0.136915471924749,0.645616190541155,0.969689550885808
Q8NHV1,J10_PNEUMOBACT,Bacterial pneumoniae,GIMAP7,Inverse variance weighted (multiplicative random effects),13,-0.0519069029671058,0.0244193945288936,0.033533037564889,0.414122771207857
Q8NHZ8,J10_PNEUMOBACT,Bacterial pneumoniae,CDC26,Inverse variance weighted (multiplicative random effects),6,0.028794180586819,0.124173844210382,0.816626530123792,0.987360662705468
Q8NI17,J10_PNEUMOBACT,Bacterial pneumoniae,IL31RA,Inverse variance weighted (multiplicative random effects),30,0.012331247526129,0.015628209318097,0.430089927858738,0.914605207599282
Q8NI22,J10_PNEUMOBACT,Bacterial pneumoniae,MCFD2,Inverse variance weighted (multiplicative random effects),10,-0.0477981927715843,0.0543076646187278,0.378785019930453,0.910312384700098
Q8TAD2,J10_PNEUMOBACT,Bacterial pneumoniae,IL17D,Inverse variance weighted (multiplicative random effects),23,-0.0534359004054472,0.0398774657439829,0.180244559753139,0.768456406670269
Q8TAE8,J10_PNEUMOBACT,Bacterial pneumoniae,GADD45GIP1,Inverse variance weighted (multiplicative random effects),9,0.0989479467483963,0.060594975168994,0.102481658019852,0.640739836162144
Q8TAT2,J10_PNEUMOBACT,Bacterial pneumoniae,FGFBP3,Inverse variance weighted (multiplicative random effects),30,-0.023550789654267,0.021846593339768,0.281030446214519,0.83773367428949
Q8TBM8,J10_PNEUMOBACT,Bacterial pneumoniae,DNAJB14,Inverse variance weighted (multiplicative random effects),8,0.125131979425876,0.0604578770318118,0.0384768645757608,0.436663083621326
Q8TCD5,J10_PNEUMOBACT,Bacterial pneumoniae,NT5C,Inverse variance weighted (multiplicative random effects),16,0.02549162496728,0.0292670475009733,0.383753656947553,0.914605207599282
Q8TCS8,J10_PNEUMOBACT,Bacterial pneumoniae,PNPT1,Inverse variance weighted (multiplicative random effects),3,0.199917392020908,0.0320683167924514,4.54355772059173e-10,2.0109786471339e-07
Q8TCT1,J10_PNEUMOBACT,Bacterial pneumoniae,PHOSPHO1,Inverse variance weighted (multiplicative random effects),3,0.0261285619215038,0.132820293745775,0.844045752343758,0.987360662705468
Q8TCZ2,J10_PNEUMOBACT,Bacterial pneumoniae,CD99L2,Inverse variance weighted (multiplicative random effects),13,0.042346142240263,0.068563427204164,0.536825873804936,0.941941539932927
Q8TD06,J10_PNEUMOBACT,Bacterial pneumoniae,AGR3,Inverse variance weighted (multiplicative random effects),8,-0.178325805911423,0.0843132068534437,0.0344265373684145,0.414122771207857
Q8TD46,J10_PNEUMOBACT,Bacterial pneumoniae,CD200R1,Inverse variance weighted (multiplicative random effects),55,-0.0136275079786565,0.0138184831618044,0.324044924780416,0.871955895837522
Q8TDL5,J10_PNEUMOBACT,Bacterial pneumoniae,BPIFB1,Inverse variance weighted (multiplicative random effects),53,0.030989985092186,0.0182268767235397,0.0890866142361973,0.606743196301947
Q8TDQ0,J10_PNEUMOBACT,Bacterial pneumoniae,HAVCR2,Inverse variance weighted (multiplicative random effects),19,0.0415715921304587,0.0321177546025205,0.195544806055716,0.775530767291612
Q8TDQ1,J10_PNEUMOBACT,Bacterial pneumoniae,CD300LF,Inverse variance weighted (multiplicative random effects),45,0.00745350489295264,0.0134482637776604,0.579417701520488,0.95635796126723
Q8TDQ7,J10_PNEUMOBACT,Bacterial pneumoniae,GNPDA2,Inverse variance weighted (multiplicative random effects),17,-0.0107671888463228,0.026138057509524,0.680386838427416,0.97303717632421
Q8TDX7,J10_PNEUMOBACT,Bacterial pneumoniae,NEK7,Inverse variance weighted (multiplicative random effects),3,0.0120729985461818,0.19163286981868,0.949765973485932,0.994052641168189
Q8TDY8,J10_PNEUMOBACT,Bacterial pneumoniae,IGDCC4,Inverse variance weighted (multiplicative random effects),28,-0.0143353433091604,0.0264582647713818,0.587949639417106,0.956766472595704
Q8TE57,J10_PNEUMOBACT,Bacterial pneumoniae,ADAMTS16,Inverse variance weighted (multiplicative random effects),13,0.0572230434281241,0.0397207930511867,0.149688690015872,0.733301789789463
Q8TE58,J10_PNEUMOBACT,Bacterial pneumoniae,ADAMTS15,Inverse variance weighted (multiplicative random effects),11,-0.00746601974386873,0.0476170709873855,0.875408050509458,0.991408010221534
Q8TEA8,J10_PNEUMOBACT,Bacterial pneumoniae,DTD1,Inverse variance weighted (multiplicative random effects),9,-0.00361900889336962,0.0370842155167359,0.922258715528167,0.991408010221534
Q8TER0,J10_PNEUMOBACT,Bacterial pneumoniae,SNED1,Inverse variance weighted (multiplicative random effects),6,-0.0785568208733331,0.0972577989988546,0.419253258953255,0.914605207599282
Q8TEU8,J10_PNEUMOBACT,Bacterial pneumoniae,WFIKKN2,Inverse variance weighted (multiplicative random effects),34,-0.0404098976864181,0.0148868901824315,0.00663835159283226,0.174888953273069
Q8TF64,J10_PNEUMOBACT,Bacterial pneumoniae,GIPC3,Inverse variance weighted (multiplicative random effects),10,0.0303423507510922,0.0618446102227287,0.623693544305732,0.961320073455094
Q8TF65,J10_PNEUMOBACT,Bacterial pneumoniae,GIPC2,Inverse variance weighted (multiplicative random effects),14,0.0415703858377552,0.0380390092769303,0.274465961257549,0.833383285321361
Q8WTQ1,J10_PNEUMOBACT,Bacterial pneumoniae,DEFB104A,Inverse variance weighted (multiplicative random effects),11,0.0151891110218254,0.0391147194245892,0.697777664992726,0.97754846764246
Q8WTT0,J10_PNEUMOBACT,Bacterial pneumoniae,CLEC4C,Inverse variance weighted (multiplicative random effects),50,-0.0150113451878194,0.0222923469472042,0.500702014112171,0.936479549622861
Q8WTU2,J10_PNEUMOBACT,Bacterial pneumoniae,SSC4D,Inverse variance weighted (multiplicative random effects),22,0.00977417717159397,0.0311147446284922,0.753419804757057,0.98235862958023
Q8WU39,J10_PNEUMOBACT,Bacterial pneumoniae,MZB1,Inverse variance weighted (multiplicative random effects),24,0.00615394580764908,0.0334858445392905,0.854187984156404,0.990818829610349
Q8WUF8,J10_PNEUMOBACT,Bacterial pneumoniae,FAM172A,Inverse variance weighted (multiplicative random effects),9,-0.0274775687435718,0.0763128181101985,0.718798585620024,0.97754846764246
Q8WUW1,J10_PNEUMOBACT,Bacterial pneumoniae,BRK1,Inverse variance weighted (multiplicative random effects),14,-0.0731714317983542,0.0471257837873636,0.120498741343729,0.673290628483465
Q8WUX2,J10_PNEUMOBACT,Bacterial pneumoniae,CHAC2,Inverse variance weighted (multiplicative random effects),6,0.00910495828907795,0.0851015085588185,0.914797398854801,0.991408010221534
Q8WV28,J10_PNEUMOBACT,Bacterial pneumoniae,BLNK,Inverse variance weighted (multiplicative random effects),5,0.056167212566493,0.0916947408056753,0.540176819427698,0.945736789077133
Q8WV92,J10_PNEUMOBACT,Bacterial pneumoniae,MITD1,Inverse variance weighted (multiplicative random effects),7,-0.00461740665384882,0.0663282754407606,0.944500532532402,0.993903793863151
Q8WVQ1,J10_PNEUMOBACT,Bacterial pneumoniae,CANT1,Inverse variance weighted (multiplicative random effects),15,-0.0316921409258251,0.0620695895726089,0.609637850259113,0.958868914444503
Q8WVV4,J10_PNEUMOBACT,Bacterial pneumoniae,POF1B,Inverse variance weighted (multiplicative random effects),3,0.022859456405861,0.0315407429692338,0.468599521549046,0.923618363691569
Q8WW22,J10_PNEUMOBACT,Bacterial pneumoniae,DNAJA4,Inverse variance weighted (multiplicative random effects),5,-0.0625500244762827,0.0699816583600175,0.371425711039023,0.910312384700098
Q8WWF5,J10_PNEUMOBACT,Bacterial pneumoniae,ZNRF4,Inverse variance weighted (multiplicative random effects),8,0.00218246862929899,0.0391825090236721,0.95558074101633,0.995488950338321
Q8WWM7,J10_PNEUMOBACT,Bacterial pneumoniae,ATXN2L,Inverse variance weighted (multiplicative random effects),5,0.093775771679032,0.130030365689518,0.470796539638067,0.923618363691569
Q8WWN9,J10_PNEUMOBACT,Bacterial pneumoniae,IPCEF1,Inverse variance weighted (multiplicative random effects),3,0.104168656898797,0.0724189871303778,0.150315949400653,0.733301789789463
Q8WWQ8,J10_PNEUMOBACT,Bacterial pneumoniae,STAB2,Inverse variance weighted (multiplicative random effects),43,0.0011721516166342,0.0211980820042558,0.955903307487091,0.995488950338321
Q8WWV3,J10_PNEUMOBACT,Bacterial pneumoniae,RTN4IP1,Inverse variance weighted (multiplicative random effects),10,-0.0197172883701821,0.0523730205968646,0.706561591773643,0.97754846764246
Q8WWV6,J10_PNEUMOBACT,Bacterial pneumoniae,FCAMR,Inverse variance weighted (multiplicative random effects),37,-0.000965838466520111,0.0278388492924955,0.972323818993098,0.996771625970461
Q8WWY7,J10_PNEUMOBACT,Bacterial pneumoniae,WFDC12,Inverse variance weighted (multiplicative random effects),53,0.0114185527421651,0.019846094255454,0.56505112307483,0.954548194934809
Q8WX77,J10_PNEUMOBACT,Bacterial pneumoniae,IGFBPL1,Inverse variance weighted (multiplicative random effects),24,-0.00850393717726941,0.0181201315004811,0.638848925763994,0.96625464623563
Q8WXC3,J10_PNEUMOBACT,Bacterial pneumoniae,PYDC1,Inverse variance weighted (multiplicative random effects),55,-0.00924538704573657,0.0209182733340137,0.658506148682303,0.972690915562804
Q8WXD2,J10_PNEUMOBACT,Bacterial pneumoniae,SCG3,Inverse variance weighted (multiplicative random effects),42,-0.00521263150511086,0.015750755248231,0.740686135323351,0.979810469735302
Q8WXI7,J10_PNEUMOBACT,Bacterial pneumoniae,MUC16,Inverse variance weighted (multiplicative random effects),10,-0.0111451951835526,0.0387445673073766,0.773608336490344,0.987360662705468
Q8WXI8,J10_PNEUMOBACT,Bacterial pneumoniae,CLEC4D,Inverse variance weighted (multiplicative random effects),15,0.0753005554656801,0.0494076101220126,0.127491735915529,0.690761603177656
Q8WXW3-4,J10_PNEUMOBACT,Bacterial pneumoniae,PIBF1,Inverse variance weighted (multiplicative random effects),8,0.0753207280935246,0.0480319920987249,0.116849240475905,0.669915464179219
Q8WXX5,J10_PNEUMOBACT,Bacterial pneumoniae,DNAJC9,Inverse variance weighted (multiplicative random effects),5,0.0217876376557742,0.137027371623009,0.873667231910972,0.991408010221534
Q8WYN0,J10_PNEUMOBACT,Bacterial pneumoniae,ATG4A,Inverse variance weighted (multiplicative random effects),4,0.187141093557452,0.0985940855353706,0.0576833646294625,0.529681684336101
Q8WYQ3,J10_PNEUMOBACT,Bacterial pneumoniae,CHCHD10,Inverse variance weighted (multiplicative random effects),5,-0.0307466448338148,0.0363637452463486,0.397814877768039,0.914605207599282
Q8WZ42,J10_PNEUMOBACT,Bacterial pneumoniae,TTN,Inverse variance weighted (multiplicative random effects),3,0.0699403213819495,0.243088539866097,0.77356458534114,0.987360662705468
Q8WZ75,J10_PNEUMOBACT,Bacterial pneumoniae,ROBO4,Inverse variance weighted (multiplicative random effects),7,-0.0281082885407372,0.019961660320897,0.159097387624542,0.747364081194628
Q92484,J10_PNEUMOBACT,Bacterial pneumoniae,SMPDL3A,Inverse variance weighted (multiplicative random effects),83,0.0031781226447755,0.0132581913088603,0.810554988141751,0.987360662705468
Q92496,J10_PNEUMOBACT,Bacterial pneumoniae,CFHR4,Inverse variance weighted (multiplicative random effects),44,0.0160805379980802,0.0109416789088232,0.141654104647231,0.729024496707724
Q92520,J10_PNEUMOBACT,Bacterial pneumoniae,FAM3C,Inverse variance weighted (multiplicative random effects),7,-0.0982007728473599,0.0599151175552567,0.101213624065502,0.640739836162144
Q92558,J10_PNEUMOBACT,Bacterial pneumoniae,WASF1,Inverse variance weighted (multiplicative random effects),7,0.014443116974282,0.0393941344621801,0.713894166607118,0.97754846764246
Q92583,J10_PNEUMOBACT,Bacterial pneumoniae,CCL17,Inverse variance weighted (multiplicative random effects),43,-0.0167456536611388,0.014637986453012,0.252629383847482,0.814593327157362
Q92599,J10_PNEUMOBACT,Bacterial pneumoniae,SEPTIN8,Inverse variance weighted (multiplicative random effects),7,-0.0543957915982831,0.0964472065547827,0.572757186806594,0.95635796126723
Q92609,J10_PNEUMOBACT,Bacterial pneumoniae,TBC1D5,Inverse variance weighted (multiplicative random effects),5,0.150032968434988,0.0445135195384367,0.000750309832583368,0.0503162321062725
Q92619,J10_PNEUMOBACT,Bacterial pneumoniae,ARHGAP45,Inverse variance weighted (multiplicative random effects),3,0.152494104908002,0.046628743431647,0.00107399883659628,0.0626484184863341
Q92686,J10_PNEUMOBACT,Bacterial pneumoniae,NRGN,Inverse variance weighted (multiplicative random effects),11,-0.00719965791825499,0.0663689505241174,0.91361549235964,0.991408010221534
Q92692,J10_PNEUMOBACT,Bacterial pneumoniae,NECTIN2,Inverse variance weighted (multiplicative random effects),12,-0.052120221128997,0.0284205582138332,0.0666700963752484,0.56313329495582
Q92752,J10_PNEUMOBACT,Bacterial pneumoniae,TNR,Inverse variance weighted (multiplicative random effects),43,-0.0281588631019913,0.022808316300362,0.216984048759034,0.79632307427287
Q92765,J10_PNEUMOBACT,Bacterial pneumoniae,FRZB,Inverse variance weighted (multiplicative random effects),26,-0.0063196055485408,0.024878442025532,0.799480613000569,0.987360662705468
Q92820,J10_PNEUMOBACT,Bacterial pneumoniae,GGH,Inverse variance weighted (multiplicative random effects),44,0.0204731008248828,0.0158173805637136,0.195547296949263,0.775530767291612
Q92823,J10_PNEUMOBACT,Bacterial pneumoniae,NRCAM,Inverse variance weighted (multiplicative random effects),30,0.0547333323528507,0.0287272597160094,0.0567443216869428,0.523229932888352
Q92832,J10_PNEUMOBACT,Bacterial pneumoniae,NELL1,Inverse variance weighted (multiplicative random effects),57,-0.0164590590620739,0.0190795531785348,0.388327552320014,0.914605207599282
Q92835,J10_PNEUMOBACT,Bacterial pneumoniae,INPP5D,Inverse variance weighted (multiplicative random effects),5,0.0884894057720489,0.0644062330179645,0.169464620001539,0.759160332112159
Q92844,J10_PNEUMOBACT,Bacterial pneumoniae,TANK,Inverse variance weighted (multiplicative random effects),3,0.118416744064326,0.255785808679571,0.643398234212032,0.968654580822906
Q92851,J10_PNEUMOBACT,Bacterial pneumoniae,CASP10,Inverse variance weighted (multiplicative random effects),6,0.0431561330763481,0.0441821323359083,0.328679089831746,0.872490268610545
Q92854,J10_PNEUMOBACT,Bacterial pneumoniae,SEMA4D,Inverse variance weighted (multiplicative random effects),10,0.113092107326739,0.0439894774012245,0.0101437542283759,0.221329965374569
Q92876,J10_PNEUMOBACT,Bacterial pneumoniae,KLK6,Inverse variance weighted (multiplicative random effects),5,0.01058782588434,0.0444188178917167,0.81159915718129,0.987360662705468
Q92888,J10_PNEUMOBACT,Bacterial pneumoniae,ARHGEF1,Inverse variance weighted (multiplicative random effects),7,0.0787261256852842,0.0587653173983099,0.180352694139436,0.768456406670269
Q92890,J10_PNEUMOBACT,Bacterial pneumoniae,UFD1,Inverse variance weighted (multiplicative random effects),6,0.124650343955923,0.0786141998906493,0.112831033102844,0.6570292334507
Q92932,J10_PNEUMOBACT,Bacterial pneumoniae,PTPRN2,Inverse variance weighted (multiplicative random effects),8,0.031421295499549,0.0564174581032595,0.577566530076495,0.95635796126723
Q92935,J10_PNEUMOBACT,Bacterial pneumoniae,EXTL1,Inverse variance weighted (multiplicative random effects),11,-0.00942591629321325,0.0317593117604854,0.766625153951871,0.986573751116061
Q92956,J10_PNEUMOBACT,Bacterial pneumoniae,TNFRSF14,Inverse variance weighted (multiplicative random effects),9,0.0483128333303252,0.0627564417366702,0.441390893034643,0.914605207599282
Q92982,J10_PNEUMOBACT,Bacterial pneumoniae,NINJ1,Inverse variance weighted (multiplicative random effects),8,0.0272444084226256,0.0447377211416421,0.542537236315985,0.946278134441443
Q93015,J10_PNEUMOBACT,Bacterial pneumoniae,NAA80,Inverse variance weighted (multiplicative random effects),9,0.00597860548320882,0.0621129668492555,0.923319049006216,0.991408010221534
Q93033,J10_PNEUMOBACT,Bacterial pneumoniae,CD101,Inverse variance weighted (multiplicative random effects),38,0.00956169699611049,0.0119590515165543,0.423979449021794,0.914605207599282
Q93052,J10_PNEUMOBACT,Bacterial pneumoniae,LPP,Inverse variance weighted (multiplicative random effects),4,0.0284381970226978,0.0302776465624381,0.347603802055639,0.889650226123663
Q93091,J10_PNEUMOBACT,Bacterial pneumoniae,RNASE6,Inverse variance weighted (multiplicative random effects),20,0.0275323345781386,0.032083461685838,0.390811156633266,0.914605207599282
Q969H8,J10_PNEUMOBACT,Bacterial pneumoniae,MYDGF,Inverse variance weighted (multiplicative random effects),11,0.0419651634576213,0.0645073084562035,0.515337676772774,0.936801441783925
Q969P0,J10_PNEUMOBACT,Bacterial pneumoniae,IGSF8,Inverse variance weighted (multiplicative random effects),11,0.0141549638355913,0.0422630625640144,0.737681527126314,0.979810469735302
Q969X0,J10_PNEUMOBACT,Bacterial pneumoniae,RILPL2,Inverse variance weighted (multiplicative random effects),8,-0.0591870496992118,0.073708759459951,0.421983236019169,0.914605207599282
Q969Z4,J10_PNEUMOBACT,Bacterial pneumoniae,RELT,Inverse variance weighted (multiplicative random effects),20,0.0623113262175937,0.0217191019082503,0.0041181838465995,0.13808395231098
Q96A00,J10_PNEUMOBACT,Bacterial pneumoniae,PPP1R14A,Inverse variance weighted (multiplicative random effects),10,0.06255744412406,0.0318807346757974,0.0497353107224939,0.493561626138471
Q96A25,J10_PNEUMOBACT,Bacterial pneumoniae,TMEM106A,Inverse variance weighted (multiplicative random effects),22,-0.00944020993013326,0.0361598811594611,0.794039597656925,0.987360662705468
Q96A49,J10_PNEUMOBACT,Bacterial pneumoniae,SYAP1,Inverse variance weighted (multiplicative random effects),7,0.0601880657487058,0.0731783970577761,0.410801450140165,0.914605207599282
Q96AG4,J10_PNEUMOBACT,Bacterial pneumoniae,LRRC59,Inverse variance weighted (multiplicative random effects),6,0.148302383496751,0.0671983200569006,0.0273185394063485,0.380295442391381
Q96AJ9,J10_PNEUMOBACT,Bacterial pneumoniae,VTI1A,Inverse variance weighted (multiplicative random effects),11,0.0474554491114192,0.054020745991861,0.379690273894912,0.910312384700098
Q96AP7,J10_PNEUMOBACT,Bacterial pneumoniae,ESAM,Inverse variance weighted (multiplicative random effects),18,-0.0104387161270971,0.0365317917418521,0.775074708762331,0.987360662705468
Q96AQ6,J10_PNEUMOBACT,Bacterial pneumoniae,PBXIP1,Inverse variance weighted (multiplicative random effects),3,0.0148787361745705,0.0554554292898027,0.788467788649607,0.987360662705468
Q96AT9,J10_PNEUMOBACT,Bacterial pneumoniae,RPE,Inverse variance weighted (multiplicative random effects),6,-0.0449234105695351,0.0949279665549687,0.63604421996571,0.965352015813364
Q96B36,J10_PNEUMOBACT,Bacterial pneumoniae,AKT1S1,Inverse variance weighted (multiplicative random effects),3,0.0883961934703679,0.105018974012481,0.399946712275406,0.914605207599282
Q96B86,J10_PNEUMOBACT,Bacterial pneumoniae,RGMA,Inverse variance weighted (multiplicative random effects),49,-0.0699026301160009,0.0203750554680826,0.000601816117749862,0.0429558662258689
Q96BQ1,J10_PNEUMOBACT,Bacterial pneumoniae,FAM3D,Inverse variance weighted (multiplicative random effects),46,0.00207221674611978,0.015503776145714,0.893672353408625,0.991408010221534
Q96C24,J10_PNEUMOBACT,Bacterial pneumoniae,SYTL4,Inverse variance weighted (multiplicative random effects),7,-0.0278530649471568,0.0777055399996537,0.720011257907246,0.97754846764246
Q96C92,J10_PNEUMOBACT,Bacterial pneumoniae,ENTR1,Inverse variance weighted (multiplicative random effects),8,-0.117530601529397,0.0383260045055941,0.00216506935424439,0.0921403554027467
Q96CD2,J10_PNEUMOBACT,Bacterial pneumoniae,PPCDC,Inverse variance weighted (multiplicative random effects),13,0.00813220454801143,0.0202045141582921,0.687320181741899,0.977531852310298
Q96CG8,J10_PNEUMOBACT,Bacterial pneumoniae,CTHRC1,Inverse variance weighted (multiplicative random effects),12,-0.0696811349850417,0.0793739641027798,0.380006660063009,0.910312384700098
Q96CN9,J10_PNEUMOBACT,Bacterial pneumoniae,GCC1,Inverse variance weighted (multiplicative random effects),8,0.11155458731223,0.05818883369507,0.05522353862234,0.520041238175483
Q96D42,J10_PNEUMOBACT,Bacterial pneumoniae,HAVCR1,Inverse variance weighted (multiplicative random effects),45,0.00245203334981031,0.0178529349430391,0.890757128579333,0.991408010221534
Q96DB9,J10_PNEUMOBACT,Bacterial pneumoniae,FXYD5,Inverse variance weighted (multiplicative random effects),8,-0.0151329059344523,0.0294789003206641,0.60770859133976,0.957853393638384
Q96DC8,J10_PNEUMOBACT,Bacterial pneumoniae,ECHDC3,Inverse variance weighted (multiplicative random effects),25,0.0148382250616745,0.0169695377234271,0.381898491608446,0.91267965651133
Q96DE0,J10_PNEUMOBACT,Bacterial pneumoniae,NUDT16,Inverse variance weighted (multiplicative random effects),11,0.111212817298718,0.0546453181531414,0.0418332088427968,0.450095155435352
Q96DR5,J10_PNEUMOBACT,Bacterial pneumoniae,BPIFA2,Inverse variance weighted (multiplicative random effects),48,0.0219910628742818,0.0206533369920539,0.286979821507572,0.83773367428949
Q96DU3,J10_PNEUMOBACT,Bacterial pneumoniae,SLAMF6,Inverse variance weighted (multiplicative random effects),6,0.0745628919601335,0.042340472553311,0.0782331273171012,0.577416757771013
Q96EB6,J10_PNEUMOBACT,Bacterial pneumoniae,SIRT1,Inverse variance weighted (multiplicative random effects),3,-0.197557978702093,0.0569332942165261,0.000520477160284295,0.0411362841324695
Q96EK5,J10_PNEUMOBACT,Bacterial pneumoniae,KIFBP,Inverse variance weighted (multiplicative random effects),6,0.0928432588306224,0.0428958946037382,0.030434764032373,0.403306184452942
Q96EM0,J10_PNEUMOBACT,Bacterial pneumoniae,L3HYPDH,Inverse variance weighted (multiplicative random effects),7,-0.0193410115181989,0.0697063435777025,0.781423728071902,0.987360662705468
Q96F10,J10_PNEUMOBACT,Bacterial pneumoniae,SAT2,Inverse variance weighted (multiplicative random effects),14,0.0229066389582792,0.0183036485715451,0.210759628259847,0.792702088569202
Q96F46,J10_PNEUMOBACT,Bacterial pneumoniae,IL17RA,Inverse variance weighted (multiplicative random effects),23,-0.00714670596691809,0.0139402089518792,0.608183230132949,0.957853393638384
Q96FE7,J10_PNEUMOBACT,Bacterial pneumoniae,PIK3IP1,Inverse variance weighted (multiplicative random effects),17,0.00796669606242516,0.0300586443299896,0.790979853090412,0.987360662705468
Q96FQ6,J10_PNEUMOBACT,Bacterial pneumoniae,S100A16,Inverse variance weighted (multiplicative random effects),4,-0.181444096369113,0.086739697598245,0.0364543501242483,0.418494471606025
Q96FZ7,J10_PNEUMOBACT,Bacterial pneumoniae,CHMP6,Inverse variance weighted (multiplicative random effects),9,-0.0180155762302616,0.0502195728811401,0.719792482189934,0.97754846764246
Q96GP6,J10_PNEUMOBACT,Bacterial pneumoniae,SCARF2,Inverse variance weighted (multiplicative random effects),25,-0.0243109819376511,0.0294879758071152,0.409691228793033,0.914605207599282
Q96GW7,J10_PNEUMOBACT,Bacterial pneumoniae,BCAN,Inverse variance weighted (multiplicative random effects),21,-0.020288324586173,0.0313410273474013,0.517411424463659,0.936801441783925
Q96H15,J10_PNEUMOBACT,Bacterial pneumoniae,TIMD4,Inverse variance weighted (multiplicative random effects),58,0.0188618635548145,0.0200759584188729,0.347461295485145,0.889650226123663
Q96HC4,J10_PNEUMOBACT,Bacterial pneumoniae,PDLIM5,Inverse variance weighted (multiplicative random effects),5,0.0834101051893136,0.0569092592001595,0.142738635914164,0.7300034927606
Q96HD1,J10_PNEUMOBACT,Bacterial pneumoniae,CRELD1,Inverse variance weighted (multiplicative random effects),36,0.0178014287075085,0.0153099342511514,0.244936180128718,0.809020547201274
Q96HD9,J10_PNEUMOBACT,Bacterial pneumoniae,ACY3,Inverse variance weighted (multiplicative random effects),23,0.00285586865678963,0.0309219144969992,0.926414058103681,0.991408010221534
Q96I15,J10_PNEUMOBACT,Bacterial pneumoniae,SCLY,Inverse variance weighted (multiplicative random effects),15,0.0978437792986268,0.0437769580124419,0.025413932488243,0.372457169513125
Q96I25,J10_PNEUMOBACT,Bacterial pneumoniae,RBM17,Inverse variance weighted (multiplicative random effects),7,-0.0323264545858168,0.0417652676382034,0.438928845313293,0.914605207599282
Q96I82,J10_PNEUMOBACT,Bacterial pneumoniae,KAZALD1,Inverse variance weighted (multiplicative random effects),36,-0.00944363659075421,0.0178135601968617,0.596016588112686,0.957005067361193
Q96ID5,J10_PNEUMOBACT,Bacterial pneumoniae,IGSF21,Inverse variance weighted (multiplicative random effects),9,0.0014031614100312,0.0423290762981809,0.973555864687568,0.996771625970461
Q96IQ7,J10_PNEUMOBACT,Bacterial pneumoniae,VSIG2,Inverse variance weighted (multiplicative random effects),11,-0.00850948251952272,0.0329812938338188,0.796399683371321,0.987360662705468
Q96IU4,J10_PNEUMOBACT,Bacterial pneumoniae,ABHD14B,Inverse variance weighted (multiplicative random effects),12,0.0141086946593366,0.036451449444643,0.698715919548514,0.97754846764246
Q96IW2,J10_PNEUMOBACT,Bacterial pneumoniae,SHD,Inverse variance weighted (multiplicative random effects),4,0.00559053949804219,0.100311673926048,0.95555555071254,0.995488950338321
Q96IY4,J10_PNEUMOBACT,Bacterial pneumoniae,CPB2,Inverse variance weighted (multiplicative random effects),31,0.017090058362771,0.022940367495712,0.456285302509822,0.923206570075967
Q96J42,J10_PNEUMOBACT,Bacterial pneumoniae,TXNDC15,Inverse variance weighted (multiplicative random effects),47,0.0131142224841201,0.0201305059226569,0.514749490764396,0.936801441783925
Q96JA1,J10_PNEUMOBACT,Bacterial pneumoniae,LRIG1,Inverse variance weighted (multiplicative random effects),48,0.0122365506937571,0.0167366391229567,0.464703702523659,0.923618363691569
Q96JB5,J10_PNEUMOBACT,Bacterial pneumoniae,CDK5RAP3,Inverse variance weighted (multiplicative random effects),6,0.0258030232058458,0.0909819752841409,0.776712430129628,0.987360662705468
Q96JP9,J10_PNEUMOBACT,Bacterial pneumoniae,CDHR1,Inverse variance weighted (multiplicative random effects),18,0.0432367261812853,0.0279512234538887,0.121896174140978,0.676080785398457
Q96K21,J10_PNEUMOBACT,Bacterial pneumoniae,ZFYVE19,Inverse variance weighted (multiplicative random effects),21,0.0581823437344061,0.0284089564498067,0.0405572370219571,0.444322601631639
Q96KG7,J10_PNEUMOBACT,Bacterial pneumoniae,MEGF10,Inverse variance weighted (multiplicative random effects),53,0.00746232549268191,0.0165238033672721,0.651549500117553,0.971941667710376
Q96KN2,J10_PNEUMOBACT,Bacterial pneumoniae,CNDP1,Inverse variance weighted (multiplicative random effects),33,0.0210694940722282,0.0184416803301607,0.253249077760626,0.814593327157362
Q96L15,J10_PNEUMOBACT,Bacterial pneumoniae,ART5,Inverse variance weighted (multiplicative random effects),4,0.0597131997084132,0.0490911380516674,0.223842361517437,0.7977811308706
Q96LA5,J10_PNEUMOBACT,Bacterial pneumoniae,FCRL2,Inverse variance weighted (multiplicative random effects),67,-0.0189537546787726,0.0197012196120979,0.33601948232663,0.877315305453391
Q96LA6,J10_PNEUMOBACT,Bacterial pneumoniae,FCRL1,Inverse variance weighted (multiplicative random effects),57,0.0562828529391788,0.0241857276375951,0.0199594019644345,0.335208384251199
Q96LB8,J10_PNEUMOBACT,Bacterial pneumoniae,PGLYRP4,Inverse variance weighted (multiplicative random effects),13,0.0531489535288087,0.0477173918875348,0.265353105063029,0.83061838027226
Q96LC7,J10_PNEUMOBACT,Bacterial pneumoniae,SIGLEC10,Inverse variance weighted (multiplicative random effects),29,0.0661821677832935,0.0291369581194362,0.0231217757659456,0.358139864057461
Q96MK3,J10_PNEUMOBACT,Bacterial pneumoniae,FAM20A,Inverse variance weighted (multiplicative random effects),25,0.00643447275395332,0.0367113039621137,0.860865717485467,0.990831401770835
Q96MM7,J10_PNEUMOBACT,Bacterial pneumoniae,HS6ST2,Inverse variance weighted (multiplicative random effects),16,0.00761388252505813,0.0663214931416022,0.908601556194224,0.991408010221534
Q96N03,J10_PNEUMOBACT,Bacterial pneumoniae,VSTM2L,Inverse variance weighted (multiplicative random effects),4,-0.0742854630293309,0.0686225668544039,0.279020485277821,0.83773367428949
Q96NA2,J10_PNEUMOBACT,Bacterial pneumoniae,RILP,Inverse variance weighted (multiplicative random effects),7,0.0598462654118455,0.075487753384816,0.427897640880192,0.914605207599282
Q96NB1,J10_PNEUMOBACT,Bacterial pneumoniae,CEP20,Inverse variance weighted (multiplicative random effects),7,0.0147460133131777,0.0599189990265187,0.805605499343992,0.987360662705468
Q96NB3,J10_PNEUMOBACT,Bacterial pneumoniae,ZNF830,Inverse variance weighted (multiplicative random effects),6,-0.0627567870211649,0.0807368867911212,0.436981759117881,0.914605207599282
Q96NY8,J10_PNEUMOBACT,Bacterial pneumoniae,NECTIN4,Inverse variance weighted (multiplicative random effects),21,-0.0230218036293874,0.0278544258851634,0.408518062304168,0.914605207599282
Q96NZ8,J10_PNEUMOBACT,Bacterial pneumoniae,WFIKKN1,Inverse variance weighted (multiplicative random effects),44,-0.017084236801397,0.0263434088223056,0.516648450879546,0.936801441783925
Q96NZ9,J10_PNEUMOBACT,Bacterial pneumoniae,PRAP1,Inverse variance weighted (multiplicative random effects),13,-0.0174097380284332,0.0383475319972554,0.649829605683675,0.971941667710376
Q96P31,J10_PNEUMOBACT,Bacterial pneumoniae,FCRL3,Inverse variance weighted (multiplicative random effects),39,0.00473387485337032,0.0143145780226095,0.74086878548814,0.979810469735302
Q96PD2,J10_PNEUMOBACT,Bacterial pneumoniae,DCBLD2,Inverse variance weighted (multiplicative random effects),37,-0.0159628089304504,0.0319629570019125,0.61748642036804,0.960293357887894
Q96PD4,J10_PNEUMOBACT,Bacterial pneumoniae,IL17F,Inverse variance weighted (multiplicative random effects),4,0.0908654456276376,0.0591792770226974,0.124679034474892,0.681270872328235
Q96PD5,J10_PNEUMOBACT,Bacterial pneumoniae,PGLYRP2,Inverse variance weighted (multiplicative random effects),34,-0.00204666430517135,0.0156425220346003,0.89590204531588,0.991408010221534
Q96PL1,J10_PNEUMOBACT,Bacterial pneumoniae,SCGB3A2,Inverse variance weighted (multiplicative random effects),34,0.053270688811078,0.0301461194422058,0.0772143644888212,0.577416757771013
Q96PL5,J10_PNEUMOBACT,Bacterial pneumoniae,ERMAP,Inverse variance weighted (multiplicative random effects),34,0.049607576586439,0.0216699295569167,0.0220656607808432,0.350869971098069
Q96PP9,J10_PNEUMOBACT,Bacterial pneumoniae,GBP4,Inverse variance weighted (multiplicative random effects),30,0.012148977995622,0.0194615483520709,0.532459823735586,0.93892906983603
Q96PQ0,J10_PNEUMOBACT,Bacterial pneumoniae,SORCS2,Inverse variance weighted (multiplicative random effects),34,-0.0374741117558461,0.0198989250738363,0.059670164357446,0.536788917573285
Q96PU5,J10_PNEUMOBACT,Bacterial pneumoniae,NEDD4L,Inverse variance weighted (multiplicative random effects),4,0.0213895157126808,0.0944332894705606,0.820809465693877,0.987360662705468
Q96PX8,J10_PNEUMOBACT,Bacterial pneumoniae,SLITRK1,Inverse variance weighted (multiplicative random effects),9,0.00507684673932087,0.0436867833520232,0.907486009175191,0.991408010221534
Q96QR1,J10_PNEUMOBACT,Bacterial pneumoniae,SCGB3A1,Inverse variance weighted (multiplicative random effects),29,0.0454143503833729,0.0344907163917243,0.187935080327304,0.773384318966224
Q96R05,J10_PNEUMOBACT,Bacterial pneumoniae,RBP7,Inverse variance weighted (multiplicative random effects),11,0.00695213214925864,0.0145546360914783,0.632893946331031,0.965261408153392
Q96RD9,J10_PNEUMOBACT,Bacterial pneumoniae,FCRL5,Inverse variance weighted (multiplicative random effects),49,0.0140241416326076,0.0222180349625732,0.527906290854918,0.937802836050007
Q96RJ3,J10_PNEUMOBACT,Bacterial pneumoniae,TNFRSF13C,Inverse variance weighted (multiplicative random effects),33,-0.0205413316667318,0.0273867263362027,0.453226404085875,0.923206570075967
Q96RT1,J10_PNEUMOBACT,Bacterial pneumoniae,ERBIN,Inverse variance weighted (multiplicative random effects),5,-0.0114685647275916,0.0626109871453957,0.854663251511751,0.990818829610349
Q96SB3,J10_PNEUMOBACT,Bacterial pneumoniae,PPP1R9B,Inverse variance weighted (multiplicative random effects),3,0.172640461772256,0.0572677568338872,0.00257302341589088,0.103529105806664
Q96SM3,J10_PNEUMOBACT,Bacterial pneumoniae,CPXM1,Inverse variance weighted (multiplicative random effects),50,-0.0190269711344183,0.0206101939246765,0.355912087266519,0.899124941918729
Q96T91,J10_PNEUMOBACT,Bacterial pneumoniae,GPHA2,Inverse variance weighted (multiplicative random effects),9,0.0525703885464225,0.040237075097576,0.191377089703521,0.77548946743829
Q99062,J10_PNEUMOBACT,Bacterial pneumoniae,CSF3R,Inverse variance weighted (multiplicative random effects),23,0.015847137731063,0.0179302669373065,0.376793110961864,0.910312384700098
Q99075,J10_PNEUMOBACT,Bacterial pneumoniae,HBEGF,Inverse variance weighted (multiplicative random effects),51,-0.0130475820393623,0.0265318595081174,0.622881693824137,0.961253269478951
Q99426,J10_PNEUMOBACT,Bacterial pneumoniae,TBCB,Inverse variance weighted (multiplicative random effects),8,0.0783683968975451,0.076811024143838,0.307597875979044,0.855693558471614
Q99435,J10_PNEUMOBACT,Bacterial pneumoniae,NELL2,Inverse variance weighted (multiplicative random effects),36,0.0278249169510815,0.0328889045689754,0.397537416208826,0.914605207599282
Q99447,J10_PNEUMOBACT,Bacterial pneumoniae,PCYT2,Inverse variance weighted (multiplicative random effects),7,0.0359234240932463,0.0501397807605803,0.473703950650669,0.923618363691569
Q99487,J10_PNEUMOBACT,Bacterial pneumoniae,PAFAH2,Inverse variance weighted (multiplicative random effects),5,-0.0218483170300148,0.126606875452401,0.862990871752917,0.990831401770835
Q99497,J10_PNEUMOBACT,Bacterial pneumoniae,PARK7,Inverse variance weighted (multiplicative random effects),9,0.0119094092572867,0.0490388897277612,0.808116625861007,0.987360662705468
Q99523,J10_PNEUMOBACT,Bacterial pneumoniae,SORT1,Inverse variance weighted (multiplicative random effects),29,0.0288919950175219,0.0291182011573272,0.321084633047254,0.871955895837522
Q99536,J10_PNEUMOBACT,Bacterial pneumoniae,VAT1,Inverse variance weighted (multiplicative random effects),19,-0.0149342391153208,0.0384656532436157,0.697832011252675,0.97754846764246
Q99538,J10_PNEUMOBACT,Bacterial pneumoniae,LGMN,Inverse variance weighted (multiplicative random effects),41,0.0165114782569885,0.0223315157284849,0.459676224677859,0.923618363691569
Q99549,J10_PNEUMOBACT,Bacterial pneumoniae,MPHOSPH8,Inverse variance weighted (multiplicative random effects),7,0.0276738387375006,0.0670134264852472,0.679636203085991,0.97303717632421
Q99574,J10_PNEUMOBACT,Bacterial pneumoniae,SERPINI1,Inverse variance weighted (multiplicative random effects),26,0.0225545997957691,0.0178704538823718,0.206906766393042,0.789456334530694
Q99584,J10_PNEUMOBACT,Bacterial pneumoniae,S100A13,Inverse variance weighted (multiplicative random effects),10,0.00897846019931004,0.0609984517024471,0.882980784198551,0.991408010221534
Q99616,J10_PNEUMOBACT,Bacterial pneumoniae,CCL13,Inverse variance weighted (multiplicative random effects),38,-0.0537373838020908,0.0306780176964195,0.0798326964082088,0.583068505450053
Q99650,J10_PNEUMOBACT,Bacterial pneumoniae,OSMR,Inverse variance weighted (multiplicative random effects),37,0.00497431471769719,0.0236454933110447,0.833378499642661,0.987360662705468
Q99665,J10_PNEUMOBACT,Bacterial pneumoniae,IL12RB2,Inverse variance weighted (multiplicative random effects),3,0.0731769646997372,0.202239310319936,0.717476429917066,0.97754846764246
Q99674,J10_PNEUMOBACT,Bacterial pneumoniae,CGREF1,Inverse variance weighted (multiplicative random effects),33,-0.0459188703703724,0.0160456997170641,0.004213016969568,0.138832238607527
Q99683,J10_PNEUMOBACT,Bacterial pneumoniae,MAP3K5,Inverse variance weighted (multiplicative random effects),3,0.17393659068295,0.0847876793859107,0.0402243997075009,0.443566381174274
Q99685,J10_PNEUMOBACT,Bacterial pneumoniae,MGLL,Inverse variance weighted (multiplicative random effects),10,-0.0730646323328992,0.0742584384146612,0.325153063878229,0.871955895837522
Q99704,J10_PNEUMOBACT,Bacterial pneumoniae,DOK1,Inverse variance weighted (multiplicative random effects),4,0.0211383094188262,0.118708265715363,0.858668474734344,0.990818829610349
Q99717,J10_PNEUMOBACT,Bacterial pneumoniae,SMAD5,Inverse variance weighted (multiplicative random effects),8,0.00762643844205336,0.0441693716472942,0.862915933090259,0.990831401770835
Q99727,J10_PNEUMOBACT,Bacterial pneumoniae,TIMP4,Inverse variance weighted (multiplicative random effects),18,-0.0427648469880032,0.0293622816275733,0.145266832816269,0.732777570732913
Q99731,J10_PNEUMOBACT,Bacterial pneumoniae,CCL19,Inverse variance weighted (multiplicative random effects),17,-0.0500869801050355,0.0278929504756283,0.0725444728930285,0.572794035767329
Q99733,J10_PNEUMOBACT,Bacterial pneumoniae,NAP1L4,Inverse variance weighted (multiplicative random effects),14,0.0292726637781323,0.0394957955753118,0.458597048439556,0.923618363691569
Q99795,J10_PNEUMOBACT,Bacterial pneumoniae,GPA33,Inverse variance weighted (multiplicative random effects),38,-0.0449571328356179,0.0166252494511041,0.00684798083720832,0.175489442472881
Q99807,J10_PNEUMOBACT,Bacterial pneumoniae,COQ7,Inverse variance weighted (multiplicative random effects),14,0.074099348937926,0.0615308965420638,0.228488150700768,0.800859048079288
Q99895,J10_PNEUMOBACT,Bacterial pneumoniae,CTRC,Inverse variance weighted (multiplicative random effects),57,-0.00455036966155487,0.0176703978157032,0.796782234663917,0.987360662705468
Q99942,J10_PNEUMOBACT,Bacterial pneumoniae,RNF5,Inverse variance weighted (multiplicative random effects),10,0.0124019498013513,0.0564311834997653,0.826049338115946,0.987360662705468
Q99969,J10_PNEUMOBACT,Bacterial pneumoniae,RARRES2,Inverse variance weighted (multiplicative random effects),5,-0.0302184003193847,0.0549123782674702,0.582112143618146,0.95635796126723
Q99972,J10_PNEUMOBACT,Bacterial pneumoniae,MYOC,Inverse variance weighted (multiplicative random effects),32,-0.0105133536252807,0.0281486235555915,0.708780502944079,0.97754846764246
Q99983,J10_PNEUMOBACT,Bacterial pneumoniae,OMD,Inverse variance weighted (multiplicative random effects),25,0.0262041612908783,0.0350707884659822,0.454955438728242,0.923206570075967
Q99988,J10_PNEUMOBACT,Bacterial pneumoniae,GDF15,Inverse variance weighted (multiplicative random effects),19,-0.0185259312178762,0.0255400226779305,0.468225913677302,0.923618363691569
Q9BPX1,J10_PNEUMOBACT,Bacterial pneumoniae,HSD17B14,Inverse variance weighted (multiplicative random effects),34,-0.0176975028140816,0.0135982646482673,0.193103429857782,0.77548946743829
Q9BQ51,J10_PNEUMOBACT,Bacterial pneumoniae,PDCD1LG2,Inverse variance weighted (multiplicative random effects),56,0.00692995792158274,0.0143559113986488,0.629290980552353,0.963751515544884
Q9BQB4,J10_PNEUMOBACT,Bacterial pneumoniae,SOST,Inverse variance weighted (multiplicative random effects),39,0.0269577408088105,0.0270928620204055,0.319730105211056,0.871955895837522
Q9BQI0,J10_PNEUMOBACT,Bacterial pneumoniae,AIF1L,Inverse variance weighted (multiplicative random effects),13,0.0089019881719832,0.0180496377375378,0.621874924434851,0.961253269478951
Q9BQR3,J10_PNEUMOBACT,Bacterial pneumoniae,PRSS27,Inverse variance weighted (multiplicative random effects),60,0.00392406888473694,0.0159264201663551,0.80538237704849,0.987360662705468
Q9BQS7,J10_PNEUMOBACT,Bacterial pneumoniae,HEPH,Inverse variance weighted (multiplicative random effects),10,-0.0456066386874448,0.0461108904575876,0.322631650121587,0.871955895837522
Q9BQT9,J10_PNEUMOBACT,Bacterial pneumoniae,CLSTN3,Inverse variance weighted (multiplicative random effects),12,-0.00260945665027893,0.0678029917074247,0.969300302820692,0.996572679230728
Q9BRF8,J10_PNEUMOBACT,Bacterial pneumoniae,CPPED1,Inverse variance weighted (multiplicative random effects),24,-0.00350894888366834,0.0196556285266954,0.858313573844305,0.990818829610349
Q9BRJ6,J10_PNEUMOBACT,Bacterial pneumoniae,C7orf50,Inverse variance weighted (multiplicative random effects),9,-0.0277321466944081,0.0342905182233702,0.418664161397126,0.914605207599282
Q9BRK3,J10_PNEUMOBACT,Bacterial pneumoniae,MXRA8,Inverse variance weighted (multiplicative random effects),22,-0.0409663251296895,0.0397651628641229,0.302913127803957,0.85416950545795
Q9BRQ6,J10_PNEUMOBACT,Bacterial pneumoniae,CHCHD6,Inverse variance weighted (multiplicative random effects),4,-0.0103862848966777,0.0286606746925272,0.717062097352702,0.97754846764246
Q9BS26,J10_PNEUMOBACT,Bacterial pneumoniae,ERP44,Inverse variance weighted (multiplicative random effects),20,0.0283904544665021,0.0206251256985499,0.168667353196683,0.758660269561504
Q9BS40,J10_PNEUMOBACT,Bacterial pneumoniae,LXN,Inverse variance weighted (multiplicative random effects),3,-0.0605686775675748,0.0171265674107267,0.000405415243989265,0.0342239652714334
Q9BSG5,J10_PNEUMOBACT,Bacterial pneumoniae,RTBDN,Inverse variance weighted (multiplicative random effects),8,0.0941277925465355,0.0528745893126618,0.0750418472649227,0.572794035767329
Q9BSL1,J10_PNEUMOBACT,Bacterial pneumoniae,UBAC1,Inverse variance weighted (multiplicative random effects),6,-0.0252168955300729,0.0386997045586932,0.51465644588021,0.936801441783925
Q9BSW2,J10_PNEUMOBACT,Bacterial pneumoniae,CRACR2A,Inverse variance weighted (multiplicative random effects),8,-0.0331794212853938,0.0413524105018499,0.422346125994298,0.914605207599282
Q9BT73,J10_PNEUMOBACT,Bacterial pneumoniae,PSMG3,Inverse variance weighted (multiplicative random effects),4,0.120477226192868,0.115467461563727,0.296769180664491,0.849612156287862
Q9BTE6,J10_PNEUMOBACT,Bacterial pneumoniae,AARSD1,Inverse variance weighted (multiplicative random effects),3,0.0103138141804021,0.10382150002391,0.920866894844437,0.991408010221534
Q9BU02,J10_PNEUMOBACT,Bacterial pneumoniae,THTPA,Inverse variance weighted (multiplicative random effects),12,0.0212910244789945,0.0170917708024396,0.212878731111296,0.79297242779119
Q9BU40,J10_PNEUMOBACT,Bacterial pneumoniae,CHRDL1,Inverse variance weighted (multiplicative random effects),7,-0.00650463843597052,0.0796364314220848,0.934901834790022,0.993726109697559
Q9BUD6,J10_PNEUMOBACT,Bacterial pneumoniae,SPON2,Inverse variance weighted (multiplicative random effects),11,0.056755690853695,0.054627016393659,0.298819883895037,0.851708221126899
Q9BUE0,J10_PNEUMOBACT,Bacterial pneumoniae,MED18,Inverse variance weighted (multiplicative random effects),5,-0.0557411991953366,0.0507988513273566,0.272513543029083,0.833057150325756
Q9BUH6,J10_PNEUMOBACT,Bacterial pneumoniae,PAXX,Inverse variance weighted (multiplicative random effects),6,0.174769229140418,0.0860077113496218,0.0421518201547594,0.450095155435352
Q9BUJ2,J10_PNEUMOBACT,Bacterial pneumoniae,HNRNPUL1,Inverse variance weighted (multiplicative random effects),6,0.0900362279081763,0.0629341232194521,0.152532716234787,0.734256564469397
Q9BUP0,J10_PNEUMOBACT,Bacterial pneumoniae,EFHD1,Inverse variance weighted (multiplicative random effects),11,0.0135403057589765,0.042549643433887,0.750315242349205,0.981435914392802
Q9BV20,J10_PNEUMOBACT,Bacterial pneumoniae,MRI1,Inverse variance weighted (multiplicative random effects),14,0.0149750768364369,0.0236317478049627,0.526286616912724,0.937020989143648
Q9BV40,J10_PNEUMOBACT,Bacterial pneumoniae,VAMP8,Inverse variance weighted (multiplicative random effects),7,0.0740978186232289,0.0639672204553776,0.246712378294888,0.810938045746511
Q9BV79,J10_PNEUMOBACT,Bacterial pneumoniae,MECR,Inverse variance weighted (multiplicative random effects),11,0.0501458370179072,0.0619967748743158,0.418603792030389,0.914605207599282
Q9BVM4,J10_PNEUMOBACT,Bacterial pneumoniae,GGACT,Inverse variance weighted (multiplicative random effects),21,-0.00784401841570424,0.0339815232086666,0.817445424094839,0.987360662705468
Q9BW85,J10_PNEUMOBACT,Bacterial pneumoniae,YJU2,Inverse variance weighted (multiplicative random effects),3,0.155310670027017,0.131934155690351,0.239122397336408,0.80422167979555
Q9BWV1,J10_PNEUMOBACT,Bacterial pneumoniae,BOC,Inverse variance weighted (multiplicative random effects),19,-0.0245559768073766,0.0293313495067928,0.402484545269025,0.914605207599282
Q9BX10,J10_PNEUMOBACT,Bacterial pneumoniae,GTPBP2,Inverse variance weighted (multiplicative random effects),5,-0.0215442261243837,0.0557972395859634,0.69941050631666,0.97754846764246
Q9BX67,J10_PNEUMOBACT,Bacterial pneumoniae,JAM3,Inverse variance weighted (multiplicative random effects),21,0.00792889617580654,0.0242101975450851,0.743287978775152,0.979810469735302
Q9BXD5,J10_PNEUMOBACT,Bacterial pneumoniae,NPL,Inverse variance weighted (multiplicative random effects),14,0.0841070342890667,0.0326001660218243,0.0098812550122433,0.221287223800223
Q9BXI3,J10_PNEUMOBACT,Bacterial pneumoniae,NT5C1A,Inverse variance weighted (multiplicative random effects),4,0.0745257780223448,0.050989727762841,0.143855199787977,0.732777570732913
Q9BXJ0,J10_PNEUMOBACT,Bacterial pneumoniae,C1QTNF5,Inverse variance weighted (multiplicative random effects),21,-0.00469527700115876,0.0261391134240771,0.857445812771903,0.990818829610349
Q9BXJ1,J10_PNEUMOBACT,Bacterial pneumoniae,C1QTNF1,Inverse variance weighted (multiplicative random effects),10,-0.0304399745744972,0.0397558298399484,0.443870760488761,0.914605207599282
Q9BXJ7,J10_PNEUMOBACT,Bacterial pneumoniae,AMN,Inverse variance weighted (multiplicative random effects),29,-0.00533451214307761,0.0211287088207332,0.800672421686613,0.987360662705468
Q9BXN1,J10_PNEUMOBACT,Bacterial pneumoniae,ASPN,Inverse variance weighted (multiplicative random effects),17,0.010146403578408,0.026010407152475,0.696469887598966,0.97754846764246
Q9BXN2,J10_PNEUMOBACT,Bacterial pneumoniae,CLEC7A,Inverse variance weighted (multiplicative random effects),26,0.0151235028452842,0.0185740694343954,0.415515105219071,0.914605207599282
Q9BXR6,J10_PNEUMOBACT,Bacterial pneumoniae,CFHR5,Inverse variance weighted (multiplicative random effects),28,-0.000887169294351425,0.0251677915523033,0.971880245670876,0.996771625970461
Q9BXS1,J10_PNEUMOBACT,Bacterial pneumoniae,IDI2,Inverse variance weighted (multiplicative random effects),13,0.00223390578996868,0.02634549235559,0.932426186323198,0.99210620757841
Q9BXY4,J10_PNEUMOBACT,Bacterial pneumoniae,RSPO3,Inverse variance weighted (multiplicative random effects),15,-0.0453230204163808,0.0368477843026146,0.218694607654934,0.797184514802987
Q9BY14,J10_PNEUMOBACT,Bacterial pneumoniae,TEX101,Inverse variance weighted (multiplicative random effects),6,-0.0283384748036361,0.0405677835325969,0.484835617626386,0.930564806424277
Q9BY32,J10_PNEUMOBACT,Bacterial pneumoniae,ITPA,Inverse variance weighted (multiplicative random effects),23,-0.00804238964355634,0.0143785448120194,0.575934713190142,0.95635796126723
Q9BY49,J10_PNEUMOBACT,Bacterial pneumoniae,PECR,Inverse variance weighted (multiplicative random effects),6,-0.00670464997918929,0.0330190749731662,0.839092950111606,0.987360662705468
Q9BY76,J10_PNEUMOBACT,Bacterial pneumoniae,ANGPTL4,Inverse variance weighted (multiplicative random effects),7,0.00176201123977028,0.0425505796708943,0.966969195626062,0.996572679230728
Q9BYC5,J10_PNEUMOBACT,Bacterial pneumoniae,FUT8,Inverse variance weighted (multiplicative random effects),52,-0.0153542238498891,0.0205405687076559,0.454757433381156,0.923206570075967
Q9BYE9,J10_PNEUMOBACT,Bacterial pneumoniae,CDHR2,Inverse variance weighted (multiplicative random effects),24,0.188367361293319,0.0607534821166631,0.00193181436442171,0.0857611829843849
Q9BYF1,J10_PNEUMOBACT,Bacterial pneumoniae,ACE2,Inverse variance weighted (multiplicative random effects),19,0.101295194246177,0.0361517256828422,0.00507953269699768,0.151905484573728
Q9BYH1,J10_PNEUMOBACT,Bacterial pneumoniae,SEZ6L,Inverse variance weighted (multiplicative random effects),23,-0.0521455663298979,0.0325126831929658,0.108746446281792,0.653956210928279
Q9BYJ0,J10_PNEUMOBACT,Bacterial pneumoniae,FGFBP2,Inverse variance weighted (multiplicative random effects),47,0.00648811354464635,0.0201664213321029,0.747658345198968,0.980775292190467
Q9BYZ8,J10_PNEUMOBACT,Bacterial pneumoniae,REG4,Inverse variance weighted (multiplicative random effects),23,-0.00415738748446861,0.0360770943209896,0.908257901331951,0.991408010221534
Q9BZ29,J10_PNEUMOBACT,Bacterial pneumoniae,DOCK9,Inverse variance weighted (multiplicative random effects),3,0.0179371129241564,0.0887930200361866,0.839908598793852,0.987360662705468
Q9BZE9,J10_PNEUMOBACT,Bacterial pneumoniae,ASPSCR1,Inverse variance weighted (multiplicative random effects),12,0.0246697896789942,0.050337163520301,0.624069522273119,0.961320073455094
Q9BZJ3,J10_PNEUMOBACT,Bacterial pneumoniae,TPSD1,Inverse variance weighted (multiplicative random effects),12,-0.0536084226975096,0.0120750300639654,9.01220955978503e-06,0.00166200164631702
Q9BZM5,J10_PNEUMOBACT,Bacterial pneumoniae,ULBP2,Inverse variance weighted (multiplicative random effects),31,0.0310348604310301,0.0149325184102151,0.0376779923691344,0.429801016045847
Q9BZR6,J10_PNEUMOBACT,Bacterial pneumoniae,RTN4R,Inverse variance weighted (multiplicative random effects),26,0.0598604618921846,0.0233013227371766,0.0102000493873708,0.221329965374569
Q9BZW8,J10_PNEUMOBACT,Bacterial pneumoniae,CD244,Inverse variance weighted (multiplicative random effects),32,0.0179960696639381,0.0217363288224749,0.407712464437782,0.914605207599282
Q9BZZ2,J10_PNEUMOBACT,Bacterial pneumoniae,SIGLEC1,Inverse variance weighted (multiplicative random effects),39,-0.00526633425158541,0.0269016725035761,0.844796191140111,0.987360662705468
Q9C005,J10_PNEUMOBACT,Bacterial pneumoniae,DPY30,Inverse variance weighted (multiplicative random effects),6,0.150913203671818,0.0859455549944439,0.079102695868283,0.580688012536686
Q9C035,J10_PNEUMOBACT,Bacterial pneumoniae,TRIM5,Inverse variance weighted (multiplicative random effects),13,-0.0045070188528211,0.0325904383097425,0.89000911537174,0.991408010221534
Q9C0A0,J10_PNEUMOBACT,Bacterial pneumoniae,CNTNAP4,Inverse variance weighted (multiplicative random effects),7,0.147293601519303,0.109762695599777,0.179619439691017,0.768456406670269
Q9C0C4,J10_PNEUMOBACT,Bacterial pneumoniae,SEMA4C,Inverse variance weighted (multiplicative random effects),7,-0.0337912871710991,0.0392234176845339,0.388958330331613,0.914605207599282
Q9GZM7,J10_PNEUMOBACT,Bacterial pneumoniae,TINAGL1,Inverse variance weighted (multiplicative random effects),17,0.0156556207614117,0.0483393872423302,0.746037343652953,0.979810469735302
Q9GZN4,J10_PNEUMOBACT,Bacterial pneumoniae,PRSS22,Inverse variance weighted (multiplicative random effects),13,-0.0437730942580629,0.044567226009677,0.326010557481192,0.871955895837522
Q9GZT9,J10_PNEUMOBACT,Bacterial pneumoniae,EGLN1,Inverse variance weighted (multiplicative random effects),10,0.0575336424976908,0.0442708137074291,0.193743576043087,0.77548946743829
Q9GZV9,J10_PNEUMOBACT,Bacterial pneumoniae,FGF23,Inverse variance weighted (multiplicative random effects),17,0.00841774478035022,0.0357398156301961,0.813798569495402,0.987360662705468
Q9GZX6,J10_PNEUMOBACT,Bacterial pneumoniae,IL22,Inverse variance weighted (multiplicative random effects),9,0.059941579930334,0.0550968014562326,0.276625075746978,0.834020834643138
Q9GZY6,J10_PNEUMOBACT,Bacterial pneumoniae,LAT2,Inverse variance weighted (multiplicative random effects),9,0.0880756489783691,0.0840952825892111,0.2949466550152,0.846544692382246
Q9GZZ8,J10_PNEUMOBACT,Bacterial pneumoniae,LACRT,Inverse variance weighted (multiplicative random effects),11,0.0324815118710086,0.0551842816641319,0.556129102763133,0.950270413469016
Q9H008,J10_PNEUMOBACT,Bacterial pneumoniae,LHPP,Inverse variance weighted (multiplicative random effects),16,0.00530942767187507,0.0233562592018842,0.820172164975792,0.987360662705468
Q9H0C8,J10_PNEUMOBACT,Bacterial pneumoniae,ILKAP,Inverse variance weighted (multiplicative random effects),5,0.07189610753156,0.0987577120390314,0.466610529416511,0.923618363691569
Q9H0P0,J10_PNEUMOBACT,Bacterial pneumoniae,NT5C3A,Inverse variance weighted (multiplicative random effects),7,-0.0194269706526836,0.057066279256874,0.733534085980169,0.979810469735302
Q9H0U9,J10_PNEUMOBACT,Bacterial pneumoniae,TSPYL1,Inverse variance weighted (multiplicative random effects),5,-0.0488970421243677,0.0811635903256492,0.546874331643777,0.947548333304558
Q9H156,J10_PNEUMOBACT,Bacterial pneumoniae,SLITRK2,Inverse variance weighted (multiplicative random effects),20,0.0443877436086722,0.0648769152759892,0.493859021221888,0.936076251688947
Q9H171,J10_PNEUMOBACT,Bacterial pneumoniae,ZBP1,Inverse variance weighted (multiplicative random effects),7,-0.0553994786269605,0.0329923442856487,0.0931205475958803,0.613900010552166
Q9H173,J10_PNEUMOBACT,Bacterial pneumoniae,SIL1,Inverse variance weighted (multiplicative random effects),5,0.103293673800256,0.0256625082823233,5.6955714077586e-05,0.00787768720335612
Q9H1C3,J10_PNEUMOBACT,Bacterial pneumoniae,GLT8D2,Inverse variance weighted (multiplicative random effects),3,-0.0512140068924998,0.0330095918729695,0.12078462698054,0.673290628483465
Q9H1U4,J10_PNEUMOBACT,Bacterial pneumoniae,MEGF9,Inverse variance weighted (multiplicative random effects),28,-0.0299307516245552,0.0301478812372827,0.320808478722696,0.871955895837522
Q9H251,J10_PNEUMOBACT,Bacterial pneumoniae,CDH23,Inverse variance weighted (multiplicative random effects),4,-0.0868269308653348,0.0243555017405045,0.000363880843839502,0.0335528461423674
Q9H2A7,J10_PNEUMOBACT,Bacterial pneumoniae,CXCL16,Inverse variance weighted (multiplicative random effects),31,-0.0615964000140672,0.0276927914778356,0.0261299082066027,0.377944358570012
Q9H2K0,J10_PNEUMOBACT,Bacterial pneumoniae,MTIF3,Inverse variance weighted (multiplicative random effects),10,0.0422890614611031,0.062830403405249,0.500904764946438,0.936479549622861
Q9H2R5,J10_PNEUMOBACT,Bacterial pneumoniae,KLK15,Inverse variance weighted (multiplicative random effects),30,-0.0101071295406525,0.0119880767635755,0.399173357438761,0.914605207599282
Q9H2X3,J10_PNEUMOBACT,Bacterial pneumoniae,CLEC4M,Inverse variance weighted (multiplicative random effects),53,-0.0161399891488183,0.0126215784482068,0.200981039688692,0.776214730944286
Q9H3G5,J10_PNEUMOBACT,Bacterial pneumoniae,CPVL,Inverse variance weighted (multiplicative random effects),63,-0.0206396949195967,0.0140064964282639,0.140594672753669,0.726953296270724
Q9H3K6,J10_PNEUMOBACT,Bacterial pneumoniae,BOLA2,Inverse variance weighted (multiplicative random effects),5,-0.0299240877832362,0.0807383663991608,0.710912884728364,0.97754846764246
Q9H3R2,J10_PNEUMOBACT,Bacterial pneumoniae,MUC13,Inverse variance weighted (multiplicative random effects),15,0.00373747285105566,0.0330335220903013,0.909918119292471,0.991408010221534
Q9H3S3,J10_PNEUMOBACT,Bacterial pneumoniae,TMPRSS5,Inverse variance weighted (multiplicative random effects),63,0.0302619024450061,0.0158560108225037,0.0563208757563586,0.523174074020396
Q9H3S4,J10_PNEUMOBACT,Bacterial pneumoniae,TPK1,Inverse variance weighted (multiplicative random effects),31,-0.0373038505653202,0.0205806492200587,0.069898294296938,0.569201026702432
Q9H3U7,J10_PNEUMOBACT,Bacterial pneumoniae,SMOC2,Inverse variance weighted (multiplicative random effects),26,-0.06292953122955,0.0250940399392512,0.0121503247263522,0.253666685088844
Q9H446,J10_PNEUMOBACT,Bacterial pneumoniae,RWDD1,Inverse variance weighted (multiplicative random effects),7,0.103844214386955,0.091102483448305,0.254344002594354,0.815743880784501
Q9H477,J10_PNEUMOBACT,Bacterial pneumoniae,RBKS,Inverse variance weighted (multiplicative random effects),12,0.00351292595476862,0.0227116687407823,0.877077588746666,0.991408010221534
Q9H4A9,J10_PNEUMOBACT,Bacterial pneumoniae,DPEP2,Inverse variance weighted (multiplicative random effects),17,-0.00381479817178581,0.0327568365213135,0.907289510106137,0.991408010221534
Q9H4D0,J10_PNEUMOBACT,Bacterial pneumoniae,CLSTN2,Inverse variance weighted (multiplicative random effects),34,-0.00358816595849185,0.0201510171056855,0.858672899180566,0.990818829610349
Q9H4F8,J10_PNEUMOBACT,Bacterial pneumoniae,SMOC1,Inverse variance weighted (multiplicative random effects),38,-0.0286339494333761,0.033021952939287,0.385877033162383,0.914605207599282
Q9H4X1,J10_PNEUMOBACT,Bacterial pneumoniae,RGCC,Inverse variance weighted (multiplicative random effects),7,-0.0440029829725807,0.0566778939788336,0.437530902380826,0.914605207599282
Q9H5V8,J10_PNEUMOBACT,Bacterial pneumoniae,CDCP1,Inverse variance weighted (multiplicative random effects),19,0.0306577245522108,0.0245536421035147,0.211810711564259,0.79297242779119
Q9H5Y7,J10_PNEUMOBACT,Bacterial pneumoniae,SLITRK6,Inverse variance weighted (multiplicative random effects),27,0.00420698460374798,0.019153358853105,0.826145808242083,0.987360662705468
Q9H6B4,J10_PNEUMOBACT,Bacterial pneumoniae,CLMP,Inverse variance weighted (multiplicative random effects),19,0.0141481426625386,0.0328735986600022,0.66691916906942,0.97303717632421
Q9H6H4,J10_PNEUMOBACT,Bacterial pneumoniae,REEP4,Inverse variance weighted (multiplicative random effects),5,0.0321043653397503,0.0724356846739939,0.657612393323453,0.972690915562804
Q9H6Q3,J10_PNEUMOBACT,Bacterial pneumoniae,SLA2,Inverse variance weighted (multiplicative random effects),6,-0.0221297282235567,0.0328655406331437,0.500730137907956,0.936479549622861
Q9H6S1,J10_PNEUMOBACT,Bacterial pneumoniae,AZI2,Inverse variance weighted (multiplicative random effects),6,0.0626876975352517,0.0686169613106474,0.360932875618743,0.904594714587112
Q9H6S3,J10_PNEUMOBACT,Bacterial pneumoniae,EPS8L2,Inverse variance weighted (multiplicative random effects),11,0.00257020335489298,0.0330421290674569,0.93799856467929,0.993738294176829
Q9H773,J10_PNEUMOBACT,Bacterial pneumoniae,DCTPP1,Inverse variance weighted (multiplicative random effects),13,-0.0232259284218323,0.0697549914145752,0.739161160762308,0.979810469735302
Q9H777,J10_PNEUMOBACT,Bacterial pneumoniae,ELAC1,Inverse variance weighted (multiplicative random effects),6,0.0301612810509468,0.0575541693002979,0.600243538633313,0.957005067361193
Q9H7C9,J10_PNEUMOBACT,Bacterial pneumoniae,AAMDC,Inverse variance weighted (multiplicative random effects),24,-0.0180039321571562,0.022015041838724,0.413470595405242,0.914605207599282
Q9H7M9,J10_PNEUMOBACT,Bacterial pneumoniae,VSIR,Inverse variance weighted (multiplicative random effects),27,-0.00921305722712443,0.0279041676211761,0.741273186748085,0.979810469735302
Q9H7Y0,J10_PNEUMOBACT,Bacterial pneumoniae,DIPK2B,Inverse variance weighted (multiplicative random effects),14,-0.0509688568658784,0.0657218512729715,0.43803023431256,0.914605207599282
Q9H7Z7,J10_PNEUMOBACT,Bacterial pneumoniae,PTGES2,Inverse variance weighted (multiplicative random effects),6,0.1308911194224,0.086563665661139,0.130513712354062,0.690761603177656
Q9H867,J10_PNEUMOBACT,Bacterial pneumoniae,VCPKMT,Inverse variance weighted (multiplicative random effects),4,-0.17085230449802,0.0299919306190812,1.22213706321271e-08,3.86369902984247e-06
Q9H8J5,J10_PNEUMOBACT,Bacterial pneumoniae,MANSC1,Inverse variance weighted (multiplicative random effects),37,-0.0132274625257598,0.03022940251078,0.661698433213298,0.97303717632421
Q9H8Y8,J10_PNEUMOBACT,Bacterial pneumoniae,GORASP2,Inverse variance weighted (multiplicative random effects),7,0.0189102522091383,0.0829126041136588,0.819588309837146,0.987360662705468
Q9H910,J10_PNEUMOBACT,Bacterial pneumoniae,JPT2,Inverse variance weighted (multiplicative random effects),8,0.0400554696596087,0.0838141971245086,0.632715735228716,0.965261408153392
Q9H939,J10_PNEUMOBACT,Bacterial pneumoniae,PSTPIP2,Inverse variance weighted (multiplicative random effects),7,-0.0342240234428687,0.0479766222645148,0.475630494854302,0.924117897377147
Q9HA65,J10_PNEUMOBACT,Bacterial pneumoniae,TBC1D17,Inverse variance weighted (multiplicative random effects),12,0.0273947959748677,0.0350433030608746,0.434366646803901,0.914605207599282
Q9HAN9,J10_PNEUMOBACT,Bacterial pneumoniae,NMNAT1,Inverse variance weighted (multiplicative random effects),13,-0.00464025945757493,0.0296318367309156,0.875562394652501,0.991408010221534
Q9HAT2,J10_PNEUMOBACT,Bacterial pneumoniae,SIAE,Inverse variance weighted (multiplicative random effects),19,-0.0412801835667996,0.0364830293816412,0.25784890250586,0.819455502190164
Q9HAV5,J10_PNEUMOBACT,Bacterial pneumoniae,EDA2R,Inverse variance weighted (multiplicative random effects),13,0.0898662619213425,0.0771842425196806,0.244299053591339,0.809020547201274
Q9HAV7,J10_PNEUMOBACT,Bacterial pneumoniae,GRPEL1,Inverse variance weighted (multiplicative random effects),7,0.0554822727086628,0.107089057210914,0.604392199617118,0.957005067361193
Q9HB29,J10_PNEUMOBACT,Bacterial pneumoniae,IL1RL2,Inverse variance weighted (multiplicative random effects),53,-0.0184162772007823,0.016714537607272,0.270543435981525,0.831545310870993
Q9HB40,J10_PNEUMOBACT,Bacterial pneumoniae,SCPEP1,Inverse variance weighted (multiplicative random effects),15,-0.00395705624742746,0.0258292993868651,0.87824032621112,0.991408010221534
Q9HB71,J10_PNEUMOBACT,Bacterial pneumoniae,CACYBP,Inverse variance weighted (multiplicative random effects),9,0.0695033139364748,0.0629424991104068,0.269491187092401,0.83061838027226
Q9HBB8,J10_PNEUMOBACT,Bacterial pneumoniae,CDHR5,Inverse variance weighted (multiplicative random effects),39,0.0036499221477726,0.0181333018506944,0.840477434648601,0.987360662705468
Q9HBG7,J10_PNEUMOBACT,Bacterial pneumoniae,LY9,Inverse variance weighted (multiplicative random effects),34,0.0635167184425075,0.0215696822436516,0.00323244928250328,0.117881361478952
Q9HC38,J10_PNEUMOBACT,Bacterial pneumoniae,GLOD4,Inverse variance weighted (multiplicative random effects),8,0.0726677255114594,0.0841276647953043,0.387709205884266,0.914605207599282
Q9HC56,J10_PNEUMOBACT,Bacterial pneumoniae,PCDH9,Inverse variance weighted (multiplicative random effects),32,0.0255515550197265,0.0258787270123193,0.32346741498814,0.871955895837522
Q9HC57,J10_PNEUMOBACT,Bacterial pneumoniae,WFDC1,Inverse variance weighted (multiplicative random effects),10,-0.0350485336818803,0.0224912748294855,0.119158144574826,0.672879885227799
Q9HCB6,J10_PNEUMOBACT,Bacterial pneumoniae,SPON1,Inverse variance weighted (multiplicative random effects),25,-0.00736768272240789,0.0230246052749672,0.748974617903789,0.981338560936107
Q9HCK4,J10_PNEUMOBACT,Bacterial pneumoniae,ROBO2,Inverse variance weighted (multiplicative random effects),19,-0.111289491634807,0.0481801528163555,0.0208958098338186,0.342536497498078
Q9HCM2,J10_PNEUMOBACT,Bacterial pneumoniae,PLXNA4,Inverse variance weighted (multiplicative random effects),10,0.0594037224948426,0.0447464195187283,0.184322281401515,0.773131989356907
Q9HCN6,J10_PNEUMOBACT,Bacterial pneumoniae,GP6,Inverse variance weighted (multiplicative random effects),13,-0.0424233668093569,0.0494433425322466,0.390881530956723,0.914605207599282
Q9HCU0,J10_PNEUMOBACT,Bacterial pneumoniae,CD248,Inverse variance weighted (multiplicative random effects),28,0.000394623965437231,0.0356765845245041,0.991174661108864,0.998794021346944
Q9HCU4,J10_PNEUMOBACT,Bacterial pneumoniae,CELSR2,Inverse variance weighted (multiplicative random effects),23,0.0188041654989151,0.0262254243937385,0.473361480849878,0.923618363691569
Q9HCY8,J10_PNEUMOBACT,Bacterial pneumoniae,S100A14,Inverse variance weighted (multiplicative random effects),20,-0.051849441087531,0.0323118467796454,0.108569241956585,0.653956210928279
Q9HD26,J10_PNEUMOBACT,Bacterial pneumoniae,GOPC,Inverse variance weighted (multiplicative random effects),7,0.031402544009906,0.0661657678440063,0.63506919079348,0.965352015813364
Q9HD42,J10_PNEUMOBACT,Bacterial pneumoniae,CHMP1A,Inverse variance weighted (multiplicative random effects),7,0.00512073182974013,0.0644302899606919,0.936653155024972,0.993738294176829
Q9HD43,J10_PNEUMOBACT,Bacterial pneumoniae,PTPRH,Inverse variance weighted (multiplicative random effects),40,0.00648131330431505,0.0180525654643728,0.719576760535918,0.97754846764246
Q9HD89,J10_PNEUMOBACT,Bacterial pneumoniae,RETN,Inverse variance weighted (multiplicative random effects),34,0.0352927916511742,0.0260222999980178,0.17501906035061,0.768456406670269
Q9NNX6,J10_PNEUMOBACT,Bacterial pneumoniae,CD209,Inverse variance weighted (multiplicative random effects),52,-0.0181089818973468,0.0142149202761716,0.202684023715236,0.778119668361404
Q9NP79,J10_PNEUMOBACT,Bacterial pneumoniae,VTA1,Inverse variance weighted (multiplicative random effects),8,0.0285170471781782,0.0605868400147975,0.637868875997285,0.965529290411759
Q9NP84,J10_PNEUMOBACT,Bacterial pneumoniae,TNFRSF12A,Inverse variance weighted (multiplicative random effects),13,0.0541325766973182,0.0452648088495206,0.231732207041332,0.800859048079288
Q9NPB3,J10_PNEUMOBACT,Bacterial pneumoniae,CABP2,Inverse variance weighted (multiplicative random effects),5,0.147644718280851,0.0431430858465103,0.000621142213839948,0.0429558662258689
Q9NPE2,J10_PNEUMOBACT,Bacterial pneumoniae,NGRN,Inverse variance weighted (multiplicative random effects),5,0.161314422091822,0.166338227800396,0.332147365458164,0.876884611162836
Q9NPG4,J10_PNEUMOBACT,Bacterial pneumoniae,PCDH12,Inverse variance weighted (multiplicative random effects),17,-0.0262509700462685,0.0217588419838372,0.227643758937142,0.800291007889684
Q9NPH0,J10_PNEUMOBACT,Bacterial pneumoniae,ACP6,Inverse variance weighted (multiplicative random effects),35,-0.00860807515964737,0.0125466153709392,0.492657973774031,0.936076251688947
Q9NPH3,J10_PNEUMOBACT,Bacterial pneumoniae,IL1RAP,Inverse variance weighted (multiplicative random effects),31,0.00163096184801281,0.0166314315166686,0.921880654831557,0.991408010221534
Q9NPH6,J10_PNEUMOBACT,Bacterial pneumoniae,OBP2B,Inverse variance weighted (multiplicative random effects),37,-0.0504490568345553,0.02489439451997,0.0427112438506208,0.450095155435352
Q9NPJ3,J10_PNEUMOBACT,Bacterial pneumoniae,ACOT13,Inverse variance weighted (multiplicative random effects),11,0.0157828354831159,0.0544525911852311,0.771934479897754,0.987360662705468
Q9NPY3,J10_PNEUMOBACT,Bacterial pneumoniae,CD93,Inverse variance weighted (multiplicative random effects),14,0.00258652090031843,0.0472613535570456,0.956355136003534,0.995491023506971
Q9NQ25,J10_PNEUMOBACT,Bacterial pneumoniae,SLAMF7,Inverse variance weighted (multiplicative random effects),44,0.0359525251388824,0.0193638301257856,0.0633560401435761,0.551651671354848
Q9NQ30,J10_PNEUMOBACT,Bacterial pneumoniae,ESM1,Inverse variance weighted (multiplicative random effects),33,-0.0249596220265349,0.0340444270352286,0.463467836663976,0.923618363691569
Q9NQ38,J10_PNEUMOBACT,Bacterial pneumoniae,SPINK5,Inverse variance weighted (multiplicative random effects),22,0.0157604438192244,0.0252719058360057,0.532867350108816,0.93892906983603
Q9NQ48,J10_PNEUMOBACT,Bacterial pneumoniae,LZTFL1,Inverse variance weighted (multiplicative random effects),13,-0.0194339347667727,0.047434519829426,0.682025844587285,0.973129074191916
Q9NQ76,J10_PNEUMOBACT,Bacterial pneumoniae,MEPE,Inverse variance weighted (multiplicative random effects),28,-0.0608639860470332,0.0343274681839359,0.0762220217332123,0.577416757771013
Q9NQ79,J10_PNEUMOBACT,Bacterial pneumoniae,CRTAC1,Inverse variance weighted (multiplicative random effects),45,-0.00581412661869503,0.0175550701704878,0.740498265742937,0.979810469735302
Q9NQ84,J10_PNEUMOBACT,Bacterial pneumoniae,GPRC5C,Inverse variance weighted (multiplicative random effects),14,0.0189988228792585,0.0569999951026682,0.738898245666357,0.979810469735302
Q9NQ88,J10_PNEUMOBACT,Bacterial pneumoniae,TIGAR,Inverse variance weighted (multiplicative random effects),4,-0.0129403973511983,0.0457923192403627,0.777492053316503,0.987360662705468
Q9NQR4,J10_PNEUMOBACT,Bacterial pneumoniae,NIT2,Inverse variance weighted (multiplicative random effects),8,0.0771063369250276,0.0765937312708296,0.314082554168071,0.864508323848186
Q9NQX5,J10_PNEUMOBACT,Bacterial pneumoniae,NPDC1,Inverse variance weighted (multiplicative random effects),11,0.120031851090358,0.0745885752385628,0.107561141136191,0.653936278391184
Q9NR12,J10_PNEUMOBACT,Bacterial pneumoniae,PDLIM7,Inverse variance weighted (multiplicative random effects),5,0.103470353671646,0.0500771107291842,0.038807662330912,0.438170187440348
Q9NR28,J10_PNEUMOBACT,Bacterial pneumoniae,DIABLO,Inverse variance weighted (multiplicative random effects),8,-0.0498645243233912,0.0688626671485453,0.468994832419681,0.923618363691569
Q9NR46,J10_PNEUMOBACT,Bacterial pneumoniae,SH3GLB2,Inverse variance weighted (multiplicative random effects),11,-0.0325349711420935,0.0297704432366681,0.274454615975271,0.833383285321361
Q9NR71,J10_PNEUMOBACT,Bacterial pneumoniae,ASAH2,Inverse variance weighted (multiplicative random effects),48,-0.00710390522555598,0.0196489901897346,0.717695454309063,0.97754846764246
Q9NRA1,J10_PNEUMOBACT,Bacterial pneumoniae,PDGFC,Inverse variance weighted (multiplicative random effects),13,0.0367038992853902,0.0582728101911632,0.528784085097457,0.937802836050007
Q9NRG1,J10_PNEUMOBACT,Bacterial pneumoniae,PRTFDC1,Inverse variance weighted (multiplicative random effects),11,0.0486034222820648,0.0575095864269891,0.39803490608814,0.914605207599282
Q9NRJ3,J10_PNEUMOBACT,Bacterial pneumoniae,CCL28,Inverse variance weighted (multiplicative random effects),43,0.00238834288015385,0.0260612304717562,0.926981273437745,0.991408010221534
Q9NRM6,J10_PNEUMOBACT,Bacterial pneumoniae,IL17RB,Inverse variance weighted (multiplicative random effects),52,0.000696913075575316,0.0149549818911533,0.962831450085133,0.996572679230728
Q9NRR1,J10_PNEUMOBACT,Bacterial pneumoniae,CYTL1,Inverse variance weighted (multiplicative random effects),15,0.0275582920581305,0.014578813514662,0.0587182075528391,0.531603215916634
Q9NRS6,J10_PNEUMOBACT,Bacterial pneumoniae,SNX15,Inverse variance weighted (multiplicative random effects),15,0.0467576372530919,0.0395438334231029,0.23703690758786,0.800859048079288
Q9NRY6,J10_PNEUMOBACT,Bacterial pneumoniae,PLSCR3,Inverse variance weighted (multiplicative random effects),4,0.0444207976110381,0.0899069818594655,0.62125316936842,0.961253269478951
Q9NS15,J10_PNEUMOBACT,Bacterial pneumoniae,LTBP3,Inverse variance weighted (multiplicative random effects),28,-0.0126258166238007,0.0210185354969699,0.548040378429803,0.94768424731157
Q9NS62,J10_PNEUMOBACT,Bacterial pneumoniae,THSD1,Inverse variance weighted (multiplicative random effects),6,-0.133003599986008,0.0723015827530024,0.0658318445182991,0.560330276611523
Q9NS68,J10_PNEUMOBACT,Bacterial pneumoniae,TNFRSF19,Inverse variance weighted (multiplicative random effects),25,0.0197477791727806,0.0236064852755512,0.402850945987121,0.914605207599282
Q9NS71,J10_PNEUMOBACT,Bacterial pneumoniae,GKN1,Inverse variance weighted (multiplicative random effects),5,-0.0014160452304447,0.159731687983224,0.992926727050735,0.998794021346944
Q9NS98,J10_PNEUMOBACT,Bacterial pneumoniae,SEMA3G,Inverse variance weighted (multiplicative random effects),54,0.00907880050075393,0.018067120834185,0.615313038893815,0.959714546483167
Q9NSA1,J10_PNEUMOBACT,Bacterial pneumoniae,FGF21,Inverse variance weighted (multiplicative random effects),9,0.151530422123234,0.0341085384777351,8.88803738390999e-06,0.00166200164631702
Q9NSK7,J10_PNEUMOBACT,Bacterial pneumoniae,C19orf12,Inverse variance weighted (multiplicative random effects),8,-0.120470403272165,0.0721883808737723,0.095150340541976,0.613900010552166
Q9NTU7,J10_PNEUMOBACT,Bacterial pneumoniae,CBLN4,Inverse variance weighted (multiplicative random effects),19,0.0224330871641676,0.0203125138724583,0.269420795498781,0.83061838027226
Q9NUW8,J10_PNEUMOBACT,Bacterial pneumoniae,TDP1,Inverse variance weighted (multiplicative random effects),4,0.13402530277616,0.150719576769593,0.373876154880204,0.910312384700098
Q9NUY8,J10_PNEUMOBACT,Bacterial pneumoniae,TBC1D23,Inverse variance weighted (multiplicative random effects),7,0.0136882939750883,0.0504223845171657,0.78602759892132,0.987360662705468
Q9NVZ3,J10_PNEUMOBACT,Bacterial pneumoniae,NECAP2,Inverse variance weighted (multiplicative random effects),3,0.0823944283146074,0.138272000290132,0.551251004036688,0.948614674909168
Q9NWM8,J10_PNEUMOBACT,Bacterial pneumoniae,FKBP14,Inverse variance weighted (multiplicative random effects),10,0.0133495877575803,0.0639977567480609,0.834764710714163,0.987360662705468
Q9NWQ8,J10_PNEUMOBACT,Bacterial pneumoniae,PAG1,Inverse variance weighted (multiplicative random effects),9,0.132493523116162,0.0622783650911345,0.0333834908425648,0.414122771207857
Q9NWZ3,J10_PNEUMOBACT,Bacterial pneumoniae,IRAK4,Inverse variance weighted (multiplicative random effects),7,0.0600618388268951,0.106546998160681,0.572950038169279,0.95635796126723
Q9NXV2,J10_PNEUMOBACT,Bacterial pneumoniae,KCTD5,Inverse variance weighted (multiplicative random effects),8,0.050013528762056,0.0996536021249556,0.615756318815968,0.959714546483167
Q9NY25,J10_PNEUMOBACT,Bacterial pneumoniae,CLEC5A,Inverse variance weighted (multiplicative random effects),27,0.00619981698241811,0.0266745467646139,0.816208356927534,0.987360662705468
Q9NY59,J10_PNEUMOBACT,Bacterial pneumoniae,SMPD3,Inverse variance weighted (multiplicative random effects),6,-0.0674210773388485,0.0904452611573408,0.456008697781751,0.923206570075967
Q9NYJ8,J10_PNEUMOBACT,Bacterial pneumoniae,TAB2,Inverse variance weighted (multiplicative random effects),4,1.38595400026819e-05,0.120714056580671,0.999908392499789,0.999908392499789
Q9NYZ4,J10_PNEUMOBACT,Bacterial pneumoniae,SIGLEC8,Inverse variance weighted (multiplicative random effects),42,0.0241925626665651,0.019266963868247,0.20924290442138,0.792702088569202
Q9NZ53,J10_PNEUMOBACT,Bacterial pneumoniae,PODXL2,Inverse variance weighted (multiplicative random effects),28,0.0224183311587522,0.0247179044449242,0.364424087553324,0.907244382125156
Q9NZC2,J10_PNEUMOBACT,Bacterial pneumoniae,TREM2,Inverse variance weighted (multiplicative random effects),32,0.00424400436539348,0.0192046220557867,0.825101235494744,0.987360662705468
Q9NZD4,J10_PNEUMOBACT,Bacterial pneumoniae,AHSP,Inverse variance weighted (multiplicative random effects),22,0.0352958839275562,0.0506131022157685,0.485573436357817,0.931173322928811
Q9NZH8,J10_PNEUMOBACT,Bacterial pneumoniae,IL36G,Inverse variance weighted (multiplicative random effects),3,0.0801708272082232,0.0453944954755719,0.0773805192232504,0.577416757771013
Q9NZJ5,J10_PNEUMOBACT,Bacterial pneumoniae,EIF2AK3,Inverse variance weighted (multiplicative random effects),4,0.113175637830558,0.0418746426667962,0.00687736485236616,0.175489442472881
Q9NZK5,J10_PNEUMOBACT,Bacterial pneumoniae,ADA2,Inverse variance weighted (multiplicative random effects),28,0.0326693062714839,0.0283046039288351,0.248416265041626,0.811103101020205
Q9NZN3,J10_PNEUMOBACT,Bacterial pneumoniae,EHD3,Inverse variance weighted (multiplicative random effects),4,0.0259455159556999,0.0685326778649001,0.704995281287524,0.97754846764246
Q9NZP8,J10_PNEUMOBACT,Bacterial pneumoniae,C1RL,Inverse variance weighted (multiplicative random effects),13,0.111256624355788,0.0715192084729501,0.119798768540331,0.672879885227799
Q9NZQ7,J10_PNEUMOBACT,Bacterial pneumoniae,CD274,Inverse variance weighted (multiplicative random effects),22,-0.015233662408329,0.033893530580278,0.653102492347264,0.971980185739813
Q9NZS2,J10_PNEUMOBACT,Bacterial pneumoniae,KLRF1,Inverse variance weighted (multiplicative random effects),32,0.0307087935871409,0.0362442148296926,0.396842219748369,0.914605207599282
Q9NZT2,J10_PNEUMOBACT,Bacterial pneumoniae,OGFR,Inverse variance weighted (multiplicative random effects),6,0.0393801254042579,0.0498075199037085,0.429150489984613,0.914605207599282
Q9NZV1,J10_PNEUMOBACT,Bacterial pneumoniae,CRIM1,Inverse variance weighted (multiplicative random effects),16,-0.0613177845552747,0.0454827253927399,0.177608386870931,0.768456406670269
Q9P013,J10_PNEUMOBACT,Bacterial pneumoniae,CWC15,Inverse variance weighted (multiplicative random effects),3,0.0494024522263704,0.147223978312381,0.737202824850787,0.979810469735302
Q9P0G3,J10_PNEUMOBACT,Bacterial pneumoniae,KLK14,Inverse variance weighted (multiplicative random effects),29,-0.00467383477666218,0.0223752235701057,0.834538495569022,0.987360662705468
Q9P0K1,J10_PNEUMOBACT,Bacterial pneumoniae,ADAM22,Inverse variance weighted (multiplicative random effects),38,-0.0161944491694858,0.0204689553796829,0.428844061555587,0.914605207599282
Q9P0M4,J10_PNEUMOBACT,Bacterial pneumoniae,IL17C,Inverse variance weighted (multiplicative random effects),10,-0.102725254072831,0.0719933703588271,0.1536170743627,0.73583243628713
Q9P0V8,J10_PNEUMOBACT,Bacterial pneumoniae,SLAMF8,Inverse variance weighted (multiplicative random effects),29,-0.0193406394790966,0.0124135159792373,0.119225961454899,0.672879885227799
Q9P126,J10_PNEUMOBACT,Bacterial pneumoniae,CLEC1B,Inverse variance weighted (multiplicative random effects),21,-0.0303543593790718,0.03712622529029,0.413586280157806,0.914605207599282
Q9P1Z2,J10_PNEUMOBACT,Bacterial pneumoniae,CALCOCO1,Inverse variance weighted (multiplicative random effects),5,-0.0257288716193568,0.064427651230876,0.689638885319535,0.97754846764246
Q9P232,J10_PNEUMOBACT,Bacterial pneumoniae,CNTN3,Inverse variance weighted (multiplicative random effects),43,0.011970634451535,0.0227837663683322,0.599303823458506,0.957005067361193
Q9P2D8,J10_PNEUMOBACT,Bacterial pneumoniae,UNC79,Inverse variance weighted (multiplicative random effects),3,-0.0173935542250247,0.0839444347098547,0.835851180112533,0.987360662705468
Q9P2J2,J10_PNEUMOBACT,Bacterial pneumoniae,IGSF9,Inverse variance weighted (multiplicative random effects),17,0.0638161118876722,0.0379971689573649,0.0930553223916306,0.613900010552166
Q9P2T1,J10_PNEUMOBACT,Bacterial pneumoniae,GMPR2,Inverse variance weighted (multiplicative random effects),10,-0.0579245889208723,0.061006075766541,0.342372038597115,0.885127711933896
Q9P2X3,J10_PNEUMOBACT,Bacterial pneumoniae,IMPACT,Inverse variance weighted (multiplicative random effects),5,0.182225707536846,0.149483225390667,0.222829832361187,0.7977811308706
Q9UBB4,J10_PNEUMOBACT,Bacterial pneumoniae,ATXN10,Inverse variance weighted (multiplicative random effects),6,0.0396054451873029,0.0594295242239684,0.505138148682246,0.936479549622861
Q9UBC9,J10_PNEUMOBACT,Bacterial pneumoniae,SPRR3,Inverse variance weighted (multiplicative random effects),13,-0.0222617510766233,0.0327250660364743,0.496336023482875,0.936076251688947
Q9UBG3,J10_PNEUMOBACT,Bacterial pneumoniae,CRNN,Inverse variance weighted (multiplicative random effects),22,-0.0200324984953517,0.0260943163888926,0.442667900120489,0.914605207599282
Q9UBM4,J10_PNEUMOBACT,Bacterial pneumoniae,OPTC,Inverse variance weighted (multiplicative random effects),28,-0.00251928409589675,0.0201229489625441,0.900369509901543,0.991408010221534
Q9UBP4,J10_PNEUMOBACT,Bacterial pneumoniae,DKK3,Inverse variance weighted (multiplicative random effects),31,0.0224765248645726,0.0195927596588614,0.251305066807772,0.814593327157362
Q9UBQ7,J10_PNEUMOBACT,Bacterial pneumoniae,GRHPR,Inverse variance weighted (multiplicative random effects),16,0.0149453219540728,0.0269929187737018,0.579800839983053,0.95635796126723
Q9UBR1,J10_PNEUMOBACT,Bacterial pneumoniae,UPB1,Inverse variance weighted (multiplicative random effects),9,0.0891142286902677,0.0729775952877371,0.222041482918664,0.7977811308706
Q9UBR2,J10_PNEUMOBACT,Bacterial pneumoniae,CTSZ,Inverse variance weighted (multiplicative random effects),32,0.0268051869636768,0.026835079095806,0.317849880178193,0.871955895837522
Q9UBT3,J10_PNEUMOBACT,Bacterial pneumoniae,DKK4,Inverse variance weighted (multiplicative random effects),21,-0.0410311324296638,0.0385903295992302,0.28766901046047,0.83773367428949
Q9UBU3,J10_PNEUMOBACT,Bacterial pneumoniae,GHRL,Inverse variance weighted (multiplicative random effects),24,-0.0235761399147148,0.0307854914344711,0.443783511468613,0.914605207599282
Q9UBV2,J10_PNEUMOBACT,Bacterial pneumoniae,SEL1L,Inverse variance weighted (multiplicative random effects),4,0.0379410706615261,0.037257029520774,0.308506877602041,0.855693558471614
Q9UBW5,J10_PNEUMOBACT,Bacterial pneumoniae,BIN2,Inverse variance weighted (multiplicative random effects),8,0.0479902991991662,0.0522036834619845,0.3579441570746,0.902291626783069
Q9UBX1,J10_PNEUMOBACT,Bacterial pneumoniae,CTSF,Inverse variance weighted (multiplicative random effects),45,0.0255061869799485,0.0280705814127659,0.363537666570067,0.906999837789806
Q9UBX7,J10_PNEUMOBACT,Bacterial pneumoniae,KLK11,Inverse variance weighted (multiplicative random effects),21,-0.00474425966787142,0.0317462954695514,0.881204132432667,0.991408010221534
Q9UDT6,J10_PNEUMOBACT,Bacterial pneumoniae,CLIP2,Inverse variance weighted (multiplicative random effects),9,0.0457639430292992,0.0444453361166275,0.303165853839653,0.85416950545795
Q9UEW3,J10_PNEUMOBACT,Bacterial pneumoniae,MARCO,Inverse variance weighted (multiplicative random effects),45,-0.00573268381913153,0.0249603009511437,0.818346604914302,0.987360662705468
Q9UFP1,J10_PNEUMOBACT,Bacterial pneumoniae,GASK1A,Inverse variance weighted (multiplicative random effects),32,-0.00575279111760135,0.0131523025505021,0.661822718523073,0.97303717632421
Q9UGM5,J10_PNEUMOBACT,Bacterial pneumoniae,FETUB,Inverse variance weighted (multiplicative random effects),18,0.00889072022581587,0.016632587843508,0.592970614175577,0.957005067361193
Q9UGN4,J10_PNEUMOBACT,Bacterial pneumoniae,CD300A,Inverse variance weighted (multiplicative random effects),44,-0.00144450066604906,0.0147774566800784,0.922130581622262,0.991408010221534
Q9UGT4,J10_PNEUMOBACT,Bacterial pneumoniae,SUSD2,Inverse variance weighted (multiplicative random effects),27,-0.0759917383943421,0.0210517120184501,0.000306474244053983,0.0332044740673795
Q9UH03,J10_PNEUMOBACT,Bacterial pneumoniae,SEPTIN3,Inverse variance weighted (multiplicative random effects),20,-0.00580016312728419,0.0282537256079714,0.837346778781117,0.987360662705468
Q9UH65,J10_PNEUMOBACT,Bacterial pneumoniae,SWAP70,Inverse variance weighted (multiplicative random effects),4,-0.111949188973284,0.0787408096688584,0.155100894286169,0.739737670377784
Q9UHC6,J10_PNEUMOBACT,Bacterial pneumoniae,CNTNAP2,Inverse variance weighted (multiplicative random effects),28,-0.0289872255845222,0.0222716445494879,0.193076917512086,0.77548946743829
Q9UHD0,J10_PNEUMOBACT,Bacterial pneumoniae,IL19,Inverse variance weighted (multiplicative random effects),22,0.0346248760383961,0.0260868742748573,0.18441240695333,0.773131989356907
Q9UHD8,J10_PNEUMOBACT,Bacterial pneumoniae,SEPTIN9,Inverse variance weighted (multiplicative random effects),4,-0.10958281319878,0.0418721019344154,0.00886844819810432,0.210096855261188
Q9UHF1,J10_PNEUMOBACT,Bacterial pneumoniae,EGFL7,Inverse variance weighted (multiplicative random effects),38,-0.0374657892759721,0.0278922271842705,0.179196199447814,0.768456406670269
Q9UHL4,J10_PNEUMOBACT,Bacterial pneumoniae,DPP7,Inverse variance weighted (multiplicative random effects),27,0.00126807927447071,0.0218431817302695,0.953705790193323,0.995419103745892
Q9UHN6,J10_PNEUMOBACT,Bacterial pneumoniae,CEMIP2,Inverse variance weighted (multiplicative random effects),6,0.0496601393547636,0.0439242853272191,0.258229792082284,0.819455502190164
Q9UHP3,J10_PNEUMOBACT,Bacterial pneumoniae,USP25,Inverse variance weighted (multiplicative random effects),6,0.0977334267255027,0.0990244171654956,0.323660822644226,0.871955895837522
Q9UHX3,J10_PNEUMOBACT,Bacterial pneumoniae,ADGRE2,Inverse variance weighted (multiplicative random effects),30,0.0537112236340694,0.0253696728421548,0.0342477187066584,0.414122771207857
Q9UI42,J10_PNEUMOBACT,Bacterial pneumoniae,CPA4,Inverse variance weighted (multiplicative random effects),34,0.00426825234612775,0.0155491776238276,0.783700251000501,0.987360662705468
Q9UIB8,J10_PNEUMOBACT,Bacterial pneumoniae,CD84,Inverse variance weighted (multiplicative random effects),22,0.0324841356195771,0.030268647541349,0.28318401267815,0.83773367428949
Q9UII2,J10_PNEUMOBACT,Bacterial pneumoniae,ATP5IF1,Inverse variance weighted (multiplicative random effects),15,-0.012655900240023,0.0356612402858532,0.722670263471787,0.97754846764246
Q9UIK4,J10_PNEUMOBACT,Bacterial pneumoniae,DAPK2,Inverse variance weighted (multiplicative random effects),24,-0.00470021664437787,0.0227059031816507,0.83600660177222,0.987360662705468
Q9UIM3,J10_PNEUMOBACT,Bacterial pneumoniae,FKBPL,Inverse variance weighted (multiplicative random effects),8,-0.0193124424132826,0.0867609395610873,0.823851705480001,0.987360662705468
Q9UJ68,J10_PNEUMOBACT,Bacterial pneumoniae,MSRA,Inverse variance weighted (multiplicative random effects),8,0.0604410275734554,0.0605976652988353,0.318563055445249,0.871955895837522
Q9UJ70,J10_PNEUMOBACT,Bacterial pneumoniae,NAGK,Inverse variance weighted (multiplicative random effects),14,0.0240317120109109,0.0297813722636805,0.419702377681909,0.914605207599282
Q9UJ71,J10_PNEUMOBACT,Bacterial pneumoniae,CD207,Inverse variance weighted (multiplicative random effects),48,-0.00539424934756614,0.0224055465235171,0.80974493960598,0.987360662705468
Q9UJA9,J10_PNEUMOBACT,Bacterial pneumoniae,ENPP5,Inverse variance weighted (multiplicative random effects),50,-0.00442112685593427,0.0116084933652368,0.703312499851138,0.97754846764246
Q9UJM8,J10_PNEUMOBACT,Bacterial pneumoniae,HAO1,Inverse variance weighted (multiplicative random effects),15,0.0215270880571792,0.0538427717463184,0.689293598887779,0.97754846764246
Q9UJU6,J10_PNEUMOBACT,Bacterial pneumoniae,DBNL,Inverse variance weighted (multiplicative random effects),6,0.0385798556661048,0.0757762006745827,0.610661857584274,0.959365681309979
Q9UK05,J10_PNEUMOBACT,Bacterial pneumoniae,GDF2,Inverse variance weighted (multiplicative random effects),36,0.019772796418017,0.0277083827957436,0.475472449049918,0.924117897377147
Q9UK23,J10_PNEUMOBACT,Bacterial pneumoniae,NAGPA,Inverse variance weighted (multiplicative random effects),20,0.012607303808849,0.0259009813018758,0.626435475615822,0.96222145426417
Q9UK41,J10_PNEUMOBACT,Bacterial pneumoniae,VPS28,Inverse variance weighted (multiplicative random effects),4,0.14394950659887,0.0562447406819186,0.0104870624823706,0.22531911916006
Q9UK53,J10_PNEUMOBACT,Bacterial pneumoniae,ING1,Inverse variance weighted (multiplicative random effects),3,0.0719687364166708,0.0113015250391647,1.91439900919781e-10,1.05914125183869e-07
Q9UK85,J10_PNEUMOBACT,Bacterial pneumoniae,DKKL1,Inverse variance weighted (multiplicative random effects),52,0.00960338729163661,0.0114260126392413,0.400636750804576,0.914605207599282
Q9UKJ0,J10_PNEUMOBACT,Bacterial pneumoniae,PILRB,Inverse variance weighted (multiplicative random effects),47,-0.00993282273415181,0.00860018201045644,0.248108877557647,0.811103101020205
Q9UKJ1,J10_PNEUMOBACT,Bacterial pneumoniae,PILRA,Inverse variance weighted (multiplicative random effects),49,-0.0083761143234007,0.0112457463831395,0.456377451071981,0.923206570075967
Q9UKK9,J10_PNEUMOBACT,Bacterial pneumoniae,NUDT5,Inverse variance weighted (multiplicative random effects),8,-0.00226250590054408,0.0589257387057859,0.969372041674035,0.996572679230728
Q9UKP3,J10_PNEUMOBACT,Bacterial pneumoniae,ITGB1BP2,Inverse variance weighted (multiplicative random effects),6,0.0367980475332049,0.0759485797445455,0.628022089858762,0.962474296992687
Q9UKR0,J10_PNEUMOBACT,Bacterial pneumoniae,KLK12,Inverse variance weighted (multiplicative random effects),26,-0.019374981251901,0.0143605568634963,0.177279042141976,0.768456406670269
Q9UKR3,J10_PNEUMOBACT,Bacterial pneumoniae,KLK13,Inverse variance weighted (multiplicative random effects),29,-0.0239970335182383,0.0195692207700798,0.220099294416912,0.797184514802987
Q9UKS7,J10_PNEUMOBACT,Bacterial pneumoniae,IKZF2,Inverse variance weighted (multiplicative random effects),6,0.0727876240184493,0.121559117885604,0.549317102365933,0.948614674909168
Q9UKU9,J10_PNEUMOBACT,Bacterial pneumoniae,ANGPTL2,Inverse variance weighted (multiplicative random effects),19,0.0172320599945083,0.022467342815039,0.44309188772064,0.914605207599282
Q9UKW4,J10_PNEUMOBACT,Bacterial pneumoniae,VAV3,Inverse variance weighted (multiplicative random effects),6,0.0427188822883309,0.121631923510897,0.72542751239365,0.978350181976182
Q9UKX5,J10_PNEUMOBACT,Bacterial pneumoniae,ITGA11,Inverse variance weighted (multiplicative random effects),23,5.03602800438778e-05,0.0281098748214495,0.998570549720158,0.999908392499789
Q9UKY0,J10_PNEUMOBACT,Bacterial pneumoniae,PRND,Inverse variance weighted (multiplicative random effects),26,0.00294285079295852,0.0247751238835904,0.905447684997284,0.991408010221534
Q9ULA0,J10_PNEUMOBACT,Bacterial pneumoniae,DNPEP,Inverse variance weighted (multiplicative random effects),6,0.227488640950013,0.201312042556457,0.25846359716617,0.819455502190164
Q9ULD2,J10_PNEUMOBACT,Bacterial pneumoniae,MTUS1,Inverse variance weighted (multiplicative random effects),8,0.0031766222482617,0.0568833493133515,0.955465683694224,0.995488950338321
Q9ULI3,J10_PNEUMOBACT,Bacterial pneumoniae,HEG1,Inverse variance weighted (multiplicative random effects),26,0.000150519177147271,0.0298337802197697,0.995974482041376,0.999486316695892
Q9ULL4,J10_PNEUMOBACT,Bacterial pneumoniae,PLXNB3,Inverse variance weighted (multiplicative random effects),12,0.0425925378324344,0.0644646168763609,0.508797107389988,0.936790310748483
Q9ULX7,J10_PNEUMOBACT,Bacterial pneumoniae,CA14,Inverse variance weighted (multiplicative random effects),18,0.00597849991240385,0.05132116168219,0.907262700966726,0.991408010221534
Q9UM07,J10_PNEUMOBACT,Bacterial pneumoniae,PADI4,Inverse variance weighted (multiplicative random effects),9,-0.0156026383023836,0.033750718389673,0.643872972612063,0.968654580822906
Q9UM47,J10_PNEUMOBACT,Bacterial pneumoniae,NOTCH3,Inverse variance weighted (multiplicative random effects),29,-0.00867442936604702,0.0476281601635799,0.855482146668495,0.990818829610349
Q9UMF0,J10_PNEUMOBACT,Bacterial pneumoniae,ICAM5,Inverse variance weighted (multiplicative random effects),48,-0.0102996834469978,0.0121486721855102,0.396547567267754,0.914605207599282
Q9UMR7,J10_PNEUMOBACT,Bacterial pneumoniae,CLEC4A,Inverse variance weighted (multiplicative random effects),28,-0.00154740656902827,0.042407984126893,0.97089279487335,0.996771625970461
Q9UMS0,J10_PNEUMOBACT,Bacterial pneumoniae,NFU1,Inverse variance weighted (multiplicative random effects),11,-0.0230107747750588,0.0611832281014872,0.706845437789082,0.97754846764246
Q9UN19,J10_PNEUMOBACT,Bacterial pneumoniae,DAPP1,Inverse variance weighted (multiplicative random effects),5,0.0389469036923983,0.0703713603011536,0.579956531785737,0.95635796126723
Q9UNE0,J10_PNEUMOBACT,Bacterial pneumoniae,EDAR,Inverse variance weighted (multiplicative random effects),54,-0.0136580636740479,0.0130507766078775,0.295315184147806,0.846544692382246
Q9UNK0,J10_PNEUMOBACT,Bacterial pneumoniae,STX8,Inverse variance weighted (multiplicative random effects),4,0.0567375856973628,0.0608273999432937,0.350942029225372,0.893710829316166
Q9UNN8,J10_PNEUMOBACT,Bacterial pneumoniae,PROCR,Inverse variance weighted (multiplicative random effects),10,-0.00836228899941305,0.0194135498146214,0.666653814080479,0.97303717632421
Q9UNY4,J10_PNEUMOBACT,Bacterial pneumoniae,TTF2,Inverse variance weighted (multiplicative random effects),9,0.00526924210168785,0.0211259713485274,0.803035830916127,0.987360662705468
Q9UNZ2,J10_PNEUMOBACT,Bacterial pneumoniae,NSFL1C,Inverse variance weighted (multiplicative random effects),7,0.0774267612065575,0.0805066971527011,0.336178662008348,0.877315305453391
Q9UP79,J10_PNEUMOBACT,Bacterial pneumoniae,ADAMTS8,Inverse variance weighted (multiplicative random effects),28,-0.0225987350766382,0.0212841716674656,0.288343523025286,0.83773367428949
Q9UPW0,J10_PNEUMOBACT,Bacterial pneumoniae,FOXJ3,Inverse variance weighted (multiplicative random effects),4,0.0512875603036213,0.129010051379282,0.690964126901725,0.97754846764246
Q9UPY8,J10_PNEUMOBACT,Bacterial pneumoniae,MAPRE3,Inverse variance weighted (multiplicative random effects),6,-0.0313390910670393,0.0739036388931408,0.671526852477129,0.97303717632421
Q9UQ16,J10_PNEUMOBACT,Bacterial pneumoniae,DNM3,Inverse variance weighted (multiplicative random effects),15,0.00362769928331195,0.025582358998758,0.887234254846307,0.991408010221534
Q9UQB8,J10_PNEUMOBACT,Bacterial pneumoniae,BAIAP2,Inverse variance weighted (multiplicative random effects),7,-0.059481261652288,0.124762366758816,0.633535568473632,0.965352015813364
Q9UQP3,J10_PNEUMOBACT,Bacterial pneumoniae,TNN,Inverse variance weighted (multiplicative random effects),50,0.0337340747490542,0.0165127856972246,0.0410617096583397,0.446011446556814
Q9UQQ2,J10_PNEUMOBACT,Bacterial pneumoniae,SH2B3,Inverse variance weighted (multiplicative random effects),9,0.134757720871997,0.0618955656617158,0.0294672204001235,0.397627797228496
Q9UQV4,J10_PNEUMOBACT,Bacterial pneumoniae,LAMP3,Inverse variance weighted (multiplicative random effects),24,0.0118331630483479,0.0415312987158715,0.775704226196573,0.987360662705468
Q9Y223,J10_PNEUMOBACT,Bacterial pneumoniae,GNE,Inverse variance weighted (multiplicative random effects),5,0.124733600830699,0.0607918471255844,0.040187681722695,0.443566381174274
Q9Y240,J10_PNEUMOBACT,Bacterial pneumoniae,CLEC11A,Inverse variance weighted (multiplicative random effects),24,0.0164617237200798,0.0263134587843898,0.53157674277132,0.93890774885116
Q9Y243,J10_PNEUMOBACT,Bacterial pneumoniae,AKT3,Inverse variance weighted (multiplicative random effects),4,-0.0306815361504473,0.12462325416747,0.805531819493703,0.987360662705468
Q9Y251,J10_PNEUMOBACT,Bacterial pneumoniae,HPSE,Inverse variance weighted (multiplicative random effects),20,0.0105622018506181,0.0292546344553762,0.71806676948903,0.97754846764246
Q9Y258,J10_PNEUMOBACT,Bacterial pneumoniae,CCL26,Inverse variance weighted (multiplicative random effects),18,-0.0274291671961245,0.0472945248081474,0.561938247500071,0.95349812251643
Q9Y265,J10_PNEUMOBACT,Bacterial pneumoniae,RUVBL1,Inverse variance weighted (multiplicative random effects),3,-0.0325367643790672,0.0333279679790263,0.328935601613414,0.872490268610545
Q9Y266,J10_PNEUMOBACT,Bacterial pneumoniae,NUDC,Inverse variance weighted (multiplicative random effects),6,0.0560478747195678,0.068075912146836,0.410329260639242,0.914605207599282
Q9Y275,J10_PNEUMOBACT,Bacterial pneumoniae,TNFSF13B,Inverse variance weighted (multiplicative random effects),20,-0.00478899734425453,0.0288856046714173,0.868320773538945,0.991408010221534
Q9Y279,J10_PNEUMOBACT,Bacterial pneumoniae,VSIG4,Inverse variance weighted (multiplicative random effects),17,0.00811635095995726,0.0560456034219244,0.884855432787665,0.991408010221534
Q9Y285,J10_PNEUMOBACT,Bacterial pneumoniae,FARSA,Inverse variance weighted (multiplicative random effects),4,0.0440147763136006,0.104001764631493,0.672140722100927,0.97303717632421
Q9Y286,J10_PNEUMOBACT,Bacterial pneumoniae,SIGLEC7,Inverse variance weighted (multiplicative random effects),20,0.030382400968607,0.025094426499459,0.22600155948272,0.7977811308706
Q9Y2E5,J10_PNEUMOBACT,Bacterial pneumoniae,MAN2B2,Inverse variance weighted (multiplicative random effects),72,0.00863721292822027,0.0150015310108486,0.564780503620762,0.954548194934809
Q9Y2I7,J10_PNEUMOBACT,Bacterial pneumoniae,PIKFYVE,Inverse variance weighted (multiplicative random effects),6,0.142471725711987,0.116667541032313,0.222018984781591,0.7977811308706
Q9Y2W6,J10_PNEUMOBACT,Bacterial pneumoniae,TDRKH,Inverse variance weighted (multiplicative random effects),21,-0.0195654957207681,0.036043116381633,0.587242827410371,0.956766472595704
Q9Y2X7,J10_PNEUMOBACT,Bacterial pneumoniae,GIT1,Inverse variance weighted (multiplicative random effects),4,0.144128561582755,0.0718796601245882,0.0449484095659658,0.458737536681538
Q9Y2Y0,J10_PNEUMOBACT,Bacterial pneumoniae,ARL2BP,Inverse variance weighted (multiplicative random effects),8,0.144222726608884,0.0517063820439678,0.00528280564581964,0.153826959134196
Q9Y2Y8,J10_PNEUMOBACT,Bacterial pneumoniae,PRG3,Inverse variance weighted (multiplicative random effects),57,0.024402691193843,0.022967687013706,0.288018166737953,0.83773367428949
Q9Y2Z0,J10_PNEUMOBACT,Bacterial pneumoniae,SUGT1,Inverse variance weighted (multiplicative random effects),7,0.0234525283806726,0.0730820950666414,0.748281154218804,0.981010778605577
Q9Y336,J10_PNEUMOBACT,Bacterial pneumoniae,SIGLEC9,Inverse variance weighted (multiplicative random effects),75,0.00685815687304452,0.0129697265677715,0.596956743603126,0.957005067361193
Q9Y3C0,J10_PNEUMOBACT,Bacterial pneumoniae,WASHC3,Inverse variance weighted (multiplicative random effects),11,0.117993714302022,0.0367152559988717,0.00131012940065858,0.0707150332599374
Q9Y3D6,J10_PNEUMOBACT,Bacterial pneumoniae,FIS1,Inverse variance weighted (multiplicative random effects),10,-0.0152953596061134,0.0425868994354315,0.719478054069146,0.97754846764246
Q9Y3E2,J10_PNEUMOBACT,Bacterial pneumoniae,BOLA1,Inverse variance weighted (multiplicative random effects),7,0.122437400751658,0.0655322023414731,0.0617126415246613,0.547414397258857
Q9Y3L3,J10_PNEUMOBACT,Bacterial pneumoniae,SH3BP1,Inverse variance weighted (multiplicative random effects),9,-0.0647221162880785,0.0279094679326837,0.0203949194657702,0.336820572968279
Q9Y3P8,J10_PNEUMOBACT,Bacterial pneumoniae,SIT1,Inverse variance weighted (multiplicative random effects),12,0.00620670059121401,0.0772102908831502,0.935929497480731,0.993738294176829
Q9Y478,J10_PNEUMOBACT,Bacterial pneumoniae,PRKAB1,Inverse variance weighted (multiplicative random effects),4,0.0334301300852784,0.043438181571751,0.441535763231403,0.914605207599282
Q9Y4C1,J10_PNEUMOBACT,Bacterial pneumoniae,KDM3A,Inverse variance weighted (multiplicative random effects),7,0.0363962364666948,0.0980315789766946,0.710436044106282,0.97754846764246
Q9Y4D1,J10_PNEUMOBACT,Bacterial pneumoniae,DAAM1,Inverse variance weighted (multiplicative random effects),11,-0.0149540509399795,0.0605655258549875,0.804980216086852,0.987360662705468
Q9Y4G8,J10_PNEUMOBACT,Bacterial pneumoniae,RAPGEF2,Inverse variance weighted (multiplicative random effects),4,0.00929418582793595,0.125196225411387,0.940821845728674,0.993903793863151
Q9Y4K4,J10_PNEUMOBACT,Bacterial pneumoniae,MAP4K5,Inverse variance weighted (multiplicative random effects),12,0.0587365592051392,0.0488865621324513,0.229562422974214,0.800859048079288
Q9Y4L1,J10_PNEUMOBACT,Bacterial pneumoniae,HYOU1,Inverse variance weighted (multiplicative random effects),37,0.0278747066371954,0.0348462094514471,0.423748390212466,0.914605207599282
Q9Y4X3,J10_PNEUMOBACT,Bacterial pneumoniae,CCL27,Inverse variance weighted (multiplicative random effects),19,-0.0330387869361618,0.029811941316208,0.267758164309507,0.83061838027226
Q9Y570,J10_PNEUMOBACT,Bacterial pneumoniae,PPME1,Inverse variance weighted (multiplicative random effects),5,-0.0805195085792562,0.120415356440891,0.503698737844324,0.936479549622861
Q9Y5A7,J10_PNEUMOBACT,Bacterial pneumoniae,NUB1,Inverse variance weighted (multiplicative random effects),11,0.00748694841377615,0.0609017390099075,0.90215865918137,0.991408010221534
Q9Y5C1,J10_PNEUMOBACT,Bacterial pneumoniae,ANGPTL3,Inverse variance weighted (multiplicative random effects),22,0.00176834763642822,0.039098719021016,0.963925764419616,0.996572679230728
Q9Y5E8,J10_PNEUMOBACT,Bacterial pneumoniae,PCDHB15,Inverse variance weighted (multiplicative random effects),26,-0.0072424572411442,0.0197119859546058,0.713310319794021,0.97754846764246
Q9Y5K2,J10_PNEUMOBACT,Bacterial pneumoniae,KLK4,Inverse variance weighted (multiplicative random effects),22,-0.0107551469744256,0.0293041961221774,0.713606112724735,0.97754846764246
Q9Y5K6,J10_PNEUMOBACT,Bacterial pneumoniae,CD2AP,Inverse variance weighted (multiplicative random effects),12,0.019043351821307,0.0438904551896175,0.664372917935768,0.97303717632421
Q9Y5L3,J10_PNEUMOBACT,Bacterial pneumoniae,ENTPD2,Inverse variance weighted (multiplicative random effects),12,0.022873966198869,0.0291590567330784,0.432773209981587,0.914605207599282
Q9Y5Q6,J10_PNEUMOBACT,Bacterial pneumoniae,INSL5,Inverse variance weighted (multiplicative random effects),10,0.0220380167738648,0.0430319954068843,0.608559363513587,0.957853393638384
Q9Y5V3,J10_PNEUMOBACT,Bacterial pneumoniae,MAGED1,Inverse variance weighted (multiplicative random effects),3,0.159999929856252,0.122846884072259,0.19276814608637,0.77548946743829
Q9Y5W5,J10_PNEUMOBACT,Bacterial pneumoniae,WIF1,Inverse variance weighted (multiplicative random effects),42,-0.0187617456338703,0.023748567974653,0.429518499100442,0.914605207599282
Q9Y5X1,J10_PNEUMOBACT,Bacterial pneumoniae,SNX9,Inverse variance weighted (multiplicative random effects),6,0.00631298630986336,0.0415120061573845,0.879126870479585,0.991408010221534
Q9Y5X3,J10_PNEUMOBACT,Bacterial pneumoniae,SNX5,Inverse variance weighted (multiplicative random effects),5,0.141092254743962,0.0399838272648379,0.000417554027261049,0.0342239652714334
Q9Y5Y7,J10_PNEUMOBACT,Bacterial pneumoniae,LYVE1,Inverse variance weighted (multiplicative random effects),31,0.0116032828442186,0.0202585825787414,0.566807971902617,0.9560564343144
Q9Y624,J10_PNEUMOBACT,Bacterial pneumoniae,F11R,Inverse variance weighted (multiplicative random effects),15,0.0142975814579591,0.045230308321039,0.751921891372336,0.981712770269605
Q9Y646,J10_PNEUMOBACT,Bacterial pneumoniae,CPQ,Inverse variance weighted (multiplicative random effects),64,0.00405466168081383,0.0146297164949204,0.781663053944528,0.987360662705468
Q9Y653,J10_PNEUMOBACT,Bacterial pneumoniae,ADGRG1,Inverse variance weighted (multiplicative random effects),21,-0.0153703359586398,0.0421098685138539,0.715107259080676,0.97754846764246
Q9Y662,J10_PNEUMOBACT,Bacterial pneumoniae,HS3ST3B1,Inverse variance weighted (multiplicative random effects),26,-0.0547716066026234,0.0209455901540707,0.00892413212587063,0.210096855261188
Q9Y6A5,J10_PNEUMOBACT,Bacterial pneumoniae,TACC3,Inverse variance weighted (multiplicative random effects),13,0.000525208044822177,0.021689467394259,0.980681201930295,0.996771625970461
Q9Y6D9,J10_PNEUMOBACT,Bacterial pneumoniae,MAD1L1,Inverse variance weighted (multiplicative random effects),6,0.0328384261633045,0.0778827139605657,0.67328819278215,0.97303717632421
Q9Y6E0,J10_PNEUMOBACT,Bacterial pneumoniae,STK24,Inverse variance weighted (multiplicative random effects),3,0.0953173179170968,0.142498933434603,0.503560249110155,0.936479549622861
Q9Y6N7,J10_PNEUMOBACT,Bacterial pneumoniae,ROBO1,Inverse variance weighted (multiplicative random effects),35,-0.0457849770076619,0.0324112158592562,0.157765259087261,0.745858425683426
Q9Y6Q6,J10_PNEUMOBACT,Bacterial pneumoniae,TNFRSF11A,Inverse variance weighted (multiplicative random effects),34,-0.00539235820867425,0.0238673439943707,0.821255565235849,0.987360662705468
Q9Y6Y9,J10_PNEUMOBACT,Bacterial pneumoniae,LY96,Inverse variance weighted (multiplicative random effects),26,-0.0125394125098436,0.0458743032186015,0.784589684059056,0.987360662705468
