exposure,outcome,id.exposure,id.outcome,method,nsnp,b,se,pval,fdr,PRESSO_pval.x,egger_intercept,egger_pval,QE,QEp,I2,correct_causal_direction,steiger_pval,PRESSO_pval.y
ACE2,Bacterial pneumoniae,Q9BYF1,J10_PNEUMOBACT,Inverse variance weighted (multiplicative random effects),19,0.101295194246177,0.0361517256828422,0.00507953269699768,0.151905484573728,,-0.00272686291596216,0.665645487523279,14.024533391426,0.727490571886501,0,TRUE,6.5264346282555e-234,0.739
ACE2,Bacterial pneumoniae,Q9BYF1,J10_PNEUMOBACT,Contamination mixture,,0.104760097684087,0.086734693877551,0.0502981172238908,,,-0.00272686291596216,0.665645487523279,14.024533391426,0.727490571886501,0,TRUE,6.5264346282555e-234,0.739
ACE2,Bacterial pneumoniae,Q9BYF1,J10_PNEUMOBACT,MR-PRESSO (Outlier-corrected),,0.101295194246177,0.0361517256828422,0.0117874560671085,,0.739,-0.00272686291596216,0.665645487523279,14.024533391426,0.727490571886501,0,TRUE,6.5264346282555e-234,0.739
ACE2,Bacterial pneumoniae,Q9BYF1,J10_PNEUMOBACT,Weighted median,19,0.0709179895280164,0.0601778721781978,0.23860814330633,,,-0.00272686291596216,0.665645487523279,14.024533391426,0.727490571886501,0,TRUE,6.5264346282555e-234,0.739
ADAMTSL4,Bacterial pneumoniae,Q6UY14,J10_PNEUMOBACT,Inverse variance weighted (multiplicative random effects),14,-0.0622172727442922,0.0191949249265129,0.00118969310689095,0.0675074575781967,,-0.00601748503592147,0.447556921567696,5.84272730218049,0.951689809400882,0,TRUE,0,0.954
ADAMTSL4,Bacterial pneumoniae,Q6UY14,J10_PNEUMOBACT,Contamination mixture,,-0.0642442170288622,0.0306122448979592,0.0803943176530294,,,-0.00601748503592147,0.447556921567696,5.84272730218049,0.951689809400882,0,TRUE,0,0.954
ADAMTSL4,Bacterial pneumoniae,Q6UY14,J10_PNEUMOBACT,MR-PRESSO (Outlier-corrected),,-0.0622172727442922,0.0191949249265129,0.00643460306436733,,0.954,-0.00601748503592147,0.447556921567696,5.84272730218049,0.951689809400882,0,TRUE,0,0.954
ADAMTSL4,Bacterial pneumoniae,Q6UY14,J10_PNEUMOBACT,Weighted median,14,-0.0491361508860908,0.0385872439164831,0.202883908984234,,,-0.00601748503592147,0.447556921567696,5.84272730218049,0.951689809400882,0,TRUE,0,0.954
ADD1,Bacterial pneumoniae,P35611,J10_PNEUMOBACT,Inverse variance weighted (multiplicative random effects),5,0.0999261565012446,0.0463847985806183,0.0312176921356289,0.406380898212629,,0.00715631052842693,0.66834903363679,3.04884875337917,0.549684220833105,0,TRUE,1.58831844653079e-140,0.606
ADD1,Bacterial pneumoniae,P35611,J10_PNEUMOBACT,Contamination mixture,,0.0988386335088977,0.130102040816327,0.142594582871595,,,0.00715631052842693,0.66834903363679,3.04884875337917,0.549684220833105,0,TRUE,1.58831844653079e-140,0.606
ADD1,Bacterial pneumoniae,P35611,J10_PNEUMOBACT,MR-PRESSO (Outlier-corrected),,0.0999261565012446,0.0463847985806183,0.0975116059141099,,0.606,0.00715631052842693,0.66834903363679,3.04884875337917,0.549684220833105,0,TRUE,1.58831844653079e-140,0.606
ADD1,Bacterial pneumoniae,P35611,J10_PNEUMOBACT,Weighted median,5,0.0660632298834153,0.0613695480419025,0.281711629772971,,,0.00715631052842693,0.66834903363679,3.04884875337917,0.549684220833105,0,TRUE,1.58831844653079e-140,0.606
ADGRE2,Bacterial pneumoniae,Q9UHX3,J10_PNEUMOBACT,Inverse variance weighted (multiplicative random effects),30,0.0537112236340694,0.0253696728421548,0.0342477187066584,0.414122771207857,,-0.000304547345589233,0.944950364399828,32.4828546771952,0.299083884725763,10.7221323735453,TRUE,0,0.298
ADGRE2,Bacterial pneumoniae,Q9UHX3,J10_PNEUMOBACT,Contamination mixture,,0.071910917930145,0.0306122448979592,0.0166479320537729,,,-0.000304547345589233,0.944950364399828,32.4828546771952,0.299083884725763,10.7221323735453,TRUE,0,0.298
ADGRE2,Bacterial pneumoniae,Q9UHX3,J10_PNEUMOBACT,MR-PRESSO (Outlier-corrected),,0.0537112236340694,0.0253696728421548,0.0429457465141082,,0.298,-0.000304547345589233,0.944950364399828,32.4828546771952,0.299083884725763,10.7221323735453,TRUE,0,0.298
ADGRE2,Bacterial pneumoniae,Q9UHX3,J10_PNEUMOBACT,Weighted median,30,0.0526628557039022,0.0352464754911811,0.135141352960322,,,-0.000304547345589233,0.944950364399828,32.4828546771952,0.299083884725763,10.7221323735453,TRUE,0,0.298
AGR3,Bacterial pneumoniae,Q8TD06,J10_PNEUMOBACT,Inverse variance weighted (multiplicative random effects),8,-0.178325805911423,0.0843132068534437,0.0344265373684145,0.414122771207857,,-0.00212209675998097,0.938063711274516,11.4118045561052,0.121637742214473,38.660008015515,TRUE,1.83268164832864e-70,0.152
AGR3,Bacterial pneumoniae,Q8TD06,J10_PNEUMOBACT,Contamination mixture,,-0.250696976886057,0.193877551020408,0.187367952685104,,,-0.00212209675998097,0.938063711274516,11.4118045561052,0.121637742214473,38.660008015515,TRUE,1.83268164832864e-70,0.152
AGR3,Bacterial pneumoniae,Q8TD06,J10_PNEUMOBACT,MR-PRESSO (Outlier-corrected),,-0.178325805911423,0.0843132068534437,0.0722487271402713,,0.152,-0.00212209675998097,0.938063711274516,11.4118045561052,0.121637742214473,38.660008015515,TRUE,1.83268164832864e-70,0.152
AGR3,Bacterial pneumoniae,Q8TD06,J10_PNEUMOBACT,Weighted median,8,-0.112314376652374,0.096221746589152,0.243111341891535,,,-0.00212209675998097,0.938063711274516,11.4118045561052,0.121637742214473,38.660008015515,TRUE,1.83268164832864e-70,0.152
AHSA1,Bacterial pneumoniae,O95433,J10_PNEUMOBACT,Inverse variance weighted (multiplicative random effects),4,0.268919033106662,0.114054829861544,0.0183833533202342,0.324698957420564,,0.0228346087534534,0.344081424284859,2.98167736129492,0.394458802370509,0,TRUE,1.42344850857843e-22,0.426
AHSA1,Bacterial pneumoniae,O95433,J10_PNEUMOBACT,Contamination mixture,,0.394355134369366,0.183673469387755,0.0357827084696213,,,0.0228346087534534,0.344081424284859,2.98167736129492,0.394458802370509,0,TRUE,1.42344850857843e-22,0.426
AHSA1,Bacterial pneumoniae,O95433,J10_PNEUMOBACT,MR-PRESSO (Outlier-corrected),,0.268919033106662,0.114054829861544,0.0995979244106055,,0.426,0.0228346087534534,0.344081424284859,2.98167736129492,0.394458802370509,0,TRUE,1.42344850857843e-22,0.426
AHSA1,Bacterial pneumoniae,O95433,J10_PNEUMOBACT,Weighted median,4,0.327595354309644,0.139044082552207,0.0184702369738279,,,0.0228346087534534,0.344081424284859,2.98167736129492,0.394458802370509,0,TRUE,1.42344850857843e-22,0.426
ALDH1A1,Bacterial pneumoniae,P00352,J10_PNEUMOBACT,Inverse variance weighted (multiplicative random effects),6,-0.162456594389719,0.0689707073973603,0.0185006174942946,0.324698957420564,,0.0206946403035782,0.307789601680843,4.06792329480781,0.539678725659007,0,TRUE,4.4728747442244e-62,0.599
ALDH1A1,Bacterial pneumoniae,P00352,J10_PNEUMOBACT,Contamination mixture,,-0.230849671090719,0.086734693877551,0.0297783044054924,,,0.0206946403035782,0.307789601680843,4.06792329480781,0.539678725659007,0,TRUE,4.4728747442244e-62,0.599
ALDH1A1,Bacterial pneumoniae,P00352,J10_PNEUMOBACT,MR-PRESSO (Outlier-corrected),,-0.162456594389719,0.0689707073973603,0.0651183715394149,,0.599,0.0206946403035782,0.307789601680843,4.06792329480781,0.539678725659007,0,TRUE,4.4728747442244e-62,0.599
ALDH1A1,Bacterial pneumoniae,P00352,J10_PNEUMOBACT,Weighted median,6,-0.223866542414547,0.0934488289253676,0.0165929316164578,,,0.0206946403035782,0.307789601680843,4.06792329480781,0.539678725659007,0,TRUE,4.4728747442244e-62,0.599
AMPD3,Bacterial pneumoniae,Q01432,J10_PNEUMOBACT,Inverse variance weighted (multiplicative random effects),12,0.101278301560061,0.0394243525368372,0.0102013811424338,0.221329965374569,,-0.0194908877733246,0.0191037544859528,15.8020579185224,0.148639949652075,30.3888135537946,TRUE,5.74801915540883e-280,0.163
AMPD3,Bacterial pneumoniae,Q01432,J10_PNEUMOBACT,Contamination mixture,,0.133207183076634,0.0433673469387755,0.0299412871239012,,,-0.0194908877733246,0.0191037544859528,15.8020579185224,0.148639949652075,30.3888135537946,TRUE,5.74801915540883e-280,0.163
AMPD3,Bacterial pneumoniae,Q01432,J10_PNEUMOBACT,MR-PRESSO (Outlier-corrected),,0.101278301560061,0.0394243525368372,0.0261002180795879,,0.163,-0.0194908877733246,0.0191037544859528,15.8020579185224,0.148639949652075,30.3888135537946,TRUE,5.74801915540883e-280,0.163
AMPD3,Bacterial pneumoniae,Q01432,J10_PNEUMOBACT,Weighted median,12,0.133111944145946,0.0417838485991706,0.00144390665159316,,,-0.0194908877733246,0.0191037544859528,15.8020579185224,0.148639949652075,30.3888135537946,TRUE,5.74801915540883e-280,0.163
ANG,Bacterial pneumoniae,P03950,J10_PNEUMOBACT,Inverse variance weighted (multiplicative random effects),25,0.0634408314159113,0.0266383037245942,0.0172392838946196,0.315293679824736,,0.00391082265950917,0.3187813882613,23.398711467407,0.496374945343238,0,TRUE,0,0.402
ANG,Bacterial pneumoniae,P03950,J10_PNEUMOBACT,Contamination mixture,,0.146737560935475,0.0459183673469388,0.00998969245237805,,,0.00391082265950917,0.3187813882613,23.398711467407,0.496374945343238,0,TRUE,0,0.402
ANG,Bacterial pneumoniae,P03950,J10_PNEUMOBACT,MR-PRESSO (Outlier-corrected),,0.0634408314159113,0.0266383037245942,0.0255177288047071,,0.402,0.00391082265950917,0.3187813882613,23.398711467407,0.496374945343238,0,TRUE,0,0.402
ANG,Bacterial pneumoniae,P03950,J10_PNEUMOBACT,Weighted median,25,0.0208119305058749,0.0387313426479063,0.591032230107619,,,0.00391082265950917,0.3187813882613,23.398711467407,0.496374945343238,0,TRUE,0,0.402
ANXA2,Bacterial pneumoniae,P07355,J10_PNEUMOBACT,Inverse variance weighted (multiplicative random effects),24,0.0347542001446605,0.0127747721149544,0.00651765957207751,0.173778079915753,,0.00752352225966175,0.159460922860922,11.1348078989967,0.981770570658634,0,TRUE,0,0.986
ANXA2,Bacterial pneumoniae,P07355,J10_PNEUMOBACT,Contamination mixture,,0.0260172851057544,0.0178571428571429,0.124971207025704,,,0.00752352225966175,0.159460922860922,11.1348078989967,0.981770570658634,0,TRUE,0,0.986
ANXA2,Bacterial pneumoniae,P07355,J10_PNEUMOBACT,MR-PRESSO (Outlier-corrected),,0.0347542001446605,0.0127747721149544,0.0121964279933007,,0.986,0.00752352225966175,0.159460922860922,11.1348078989967,0.981770570658634,0,TRUE,0,0.986
ANXA2,Bacterial pneumoniae,P07355,J10_PNEUMOBACT,Weighted median,24,0.0210532377952908,0.0261633836486162,0.421002461098196,,,0.00752352225966175,0.159460922860922,11.1348078989967,0.981770570658634,0,TRUE,0,0.986
APOA2,Bacterial pneumoniae,P02652,J10_PNEUMOBACT,Inverse variance weighted (multiplicative random effects),25,-0.104797710314017,0.0389202107552748,0.00708909841200857,0.176987640765952,,0.0141558788175474,0.0660325199683785,27.5722912714021,0.278492102669861,12.9560914478924,TRUE,1.76837336008636e-277,0.22
APOA2,Bacterial pneumoniae,P02652,J10_PNEUMOBACT,Contamination mixture,,-0.077896034410407,0.0535714285714286,0.109560732402732,,,0.0141558788175474,0.0660325199683785,27.5722912714021,0.278492102669861,12.9560914478924,TRUE,1.76837336008636e-277,0.22
APOA2,Bacterial pneumoniae,P02652,J10_PNEUMOBACT,MR-PRESSO (Outlier-corrected),,-0.104797710314017,0.0389202107552748,0.012719711036797,,0.22,0.0141558788175474,0.0660325199683785,27.5722912714021,0.278492102669861,12.9560914478924,TRUE,1.76837336008636e-277,0.22
APOA2,Bacterial pneumoniae,P02652,J10_PNEUMOBACT,Weighted median,25,-0.100055876399194,0.0543124705584006,0.0654420153325418,,,0.0141558788175474,0.0660325199683785,27.5722912714021,0.278492102669861,12.9560914478924,TRUE,1.76837336008636e-277,0.22
APOBR,Bacterial pneumoniae,Q0VD83,J10_PNEUMOBACT,Inverse variance weighted (multiplicative random effects),36,-0.0304441416509545,0.0108905646228579,0.00518258577619795,0.152920830969681,,-0.00345369571145068,0.44252911521328,47.4570498595829,0.0778859891442878,26.2491029181989,TRUE,0,0.084
APOBR,Bacterial pneumoniae,Q0VD83,J10_PNEUMOBACT,Contamination mixture,,-0.0243571565843137,0.0102040816326531,0.0615415411637455,,,-0.00345369571145068,0.44252911521328,47.4570498595829,0.0778859891442878,26.2491029181989,TRUE,0,0.084
APOBR,Bacterial pneumoniae,Q0VD83,J10_PNEUMOBACT,MR-PRESSO (Outlier-corrected),,-0.0304441416509545,0.0108905646228579,0.00835739782432612,,0.084,-0.00345369571145068,0.44252911521328,47.4570498595829,0.0778859891442878,26.2491029181989,TRUE,0,0.084
APOBR,Bacterial pneumoniae,Q0VD83,J10_PNEUMOBACT,Weighted median,36,-0.0293552910553795,0.0135921248005528,0.0307937405808626,,,-0.00345369571145068,0.44252911521328,47.4570498595829,0.0778859891442878,26.2491029181989,TRUE,0,0.084
APOD,Bacterial pneumoniae,P05090,J10_PNEUMOBACT,Inverse variance weighted (multiplicative random effects),20,-0.0822198512959628,0.038303390677007,0.0318297315507826,0.407953134038982,,-0.0115130435946844,0.058230255768904,30.1261841229058,0.0502143459402767,36.9319395961809,TRUE,4.5261365944556e-292,0.093
APOD,Bacterial pneumoniae,P05090,J10_PNEUMOBACT,Contamination mixture,,-0.212227046826024,0.0892857142857143,0.0764825639849702,,,-0.0115130435946844,0.058230255768904,30.1261841229058,0.0502143459402767,36.9319395961809,TRUE,4.5261365944556e-292,0.093
APOD,Bacterial pneumoniae,P05090,J10_PNEUMOBACT,MR-PRESSO (Outlier-corrected),,-0.0822198512959628,0.038303390677007,0.044954146614913,,0.093,-0.0115130435946844,0.058230255768904,30.1261841229058,0.0502143459402767,36.9319395961809,TRUE,4.5261365944556e-292,0.093
APOD,Bacterial pneumoniae,P05090,J10_PNEUMOBACT,Weighted median,20,-0.0527415348720538,0.040975756240693,0.198045495778419,,,-0.0115130435946844,0.058230255768904,30.1261841229058,0.0502143459402767,36.9319395961809,TRUE,4.5261365944556e-292,0.093
APOE,Bacterial pneumoniae,P02649,J10_PNEUMOBACT,Inverse variance weighted (multiplicative random effects),33,0.0475116700482563,0.0164759929640654,0.00393044408724232,0.133816504077958,,-0.00139668955896493,0.749318967767982,39.7425346376594,0.163269470649179,19.4817333827588,TRUE,0,0.19
APOE,Bacterial pneumoniae,P02649,J10_PNEUMOBACT,Contamination mixture,,0.0430984111794428,0.0153061224489796,0.00867328871579782,,,-0.00139668955896493,0.749318967767982,39.7425346376594,0.163269470649179,19.4817333827588,TRUE,0,0.19
APOE,Bacterial pneumoniae,P02649,J10_PNEUMOBACT,MR-PRESSO (Outlier-corrected),,0.0475116700482563,0.0164759929640654,0.00697352631601795,,0.19,-0.00139668955896493,0.749318967767982,39.7425346376594,0.163269470649179,19.4817333827588,TRUE,0,0.19
APOE,Bacterial pneumoniae,P02649,J10_PNEUMOBACT,Weighted median,33,0.0444983111238593,0.0207726766488485,0.032180941666342,,,-0.00139668955896493,0.749318967767982,39.7425346376594,0.163269470649179,19.4817333827588,TRUE,0,0.19
ARF6,Bacterial pneumoniae,P62330,J10_PNEUMOBACT,Inverse variance weighted (multiplicative random effects),6,0.247828784504381,0.109865524274454,0.0240865043918233,0.362997379291286,,-0.00504018475438135,0.879669047941768,6.96887056658424,0.222965757956615,28.2523623845876,TRUE,2.20359269878492e-39,0.271
ARF6,Bacterial pneumoniae,P62330,J10_PNEUMOBACT,Contamination mixture,,0.401173500940265,0.122448979591837,0.0129467079064754,,,-0.00504018475438135,0.879669047941768,6.96887056658424,0.222965757956615,28.2523623845876,TRUE,2.20359269878492e-39,0.271
ARF6,Bacterial pneumoniae,P62330,J10_PNEUMOBACT,MR-PRESSO (Outlier-corrected),,0.247828784504381,0.109865524274454,0.073743720128717,,0.271,-0.00504018475438135,0.879669047941768,6.96887056658424,0.222965757956615,28.2523623845876,TRUE,2.20359269878492e-39,0.271
ARF6,Bacterial pneumoniae,P62330,J10_PNEUMOBACT,Weighted median,6,0.326247224350234,0.128738394600427,0.0112708421128891,,,-0.00504018475438135,0.879669047941768,6.96887056658424,0.222965757956615,28.2523623845876,TRUE,2.20359269878492e-39,0.271
ARHGAP45,Bacterial pneumoniae,Q92619,J10_PNEUMOBACT,Inverse variance weighted (multiplicative random effects),3,0.152494104908002,0.046628743431647,0.00107399883659628,0.0626484184863341,,-0.0198268872163696,0.761773051957804,0.504813875071571,0.776928512356954,0,TRUE,7.53436481551503e-43,
ARHGAP45,Bacterial pneumoniae,Q92619,J10_PNEUMOBACT,Contamination mixture,,0.149647628648259,0.147959183673469,0.137233042675874,,,-0.0198268872163696,0.761773051957804,0.504813875071571,0.776928512356954,0,TRUE,7.53436481551503e-43,
ARHGAP45,Bacterial pneumoniae,Q92619,J10_PNEUMOBACT,Weighted median,3,0.135460071831277,0.106066420944122,0.201558140010987,,,-0.0198268872163696,0.761773051957804,0.504813875071571,0.776928512356954,0,TRUE,7.53436481551503e-43,
ARL2BP,Bacterial pneumoniae,Q9Y2Y0,J10_PNEUMOBACT,Inverse variance weighted (multiplicative random effects),8,0.144222726608884,0.0517063820439678,0.00528280564581964,0.153826959134196,,-0.0110903691470006,0.265896824516377,5.60223036639637,0.586883304610275,0,TRUE,2.2046581267305e-285,0.628
ARL2BP,Bacterial pneumoniae,Q9Y2Y0,J10_PNEUMOBACT,Contamination mixture,,0.194942729585201,0.0714285714285714,0.0246098982007403,,,-0.0110903691470006,0.265896824516377,5.60223036639637,0.586883304610275,0,TRUE,2.2046581267305e-285,0.628
ARL2BP,Bacterial pneumoniae,Q9Y2Y0,J10_PNEUMOBACT,MR-PRESSO (Outlier-corrected),,0.144222726608884,0.0517063820439678,0.0269368446199973,,0.628,-0.0110903691470006,0.265896824516377,5.60223036639637,0.586883304610275,0,TRUE,2.2046581267305e-285,0.628
ARL2BP,Bacterial pneumoniae,Q9Y2Y0,J10_PNEUMOBACT,Weighted median,8,0.158690830348293,0.0733621927188301,0.0305323662396875,,,-0.0110903691470006,0.265896824516377,5.60223036639637,0.586883304610275,0,TRUE,2.2046581267305e-285,0.628
BCHE,Bacterial pneumoniae,P06276,J10_PNEUMOBACT,Inverse variance weighted (multiplicative random effects),51,-0.0344036875636066,0.016844952250703,0.041114475868771,0.446011446556814,,-0.000674470174801639,0.840493840792837,61.0547778721492,0.135946906075364,18.1063272317496,TRUE,0,0.146
BCHE,Bacterial pneumoniae,P06276,J10_PNEUMOBACT,Contamination mixture,,-0.0472094481950383,0.0229591836734694,0.0568154238243707,,,-0.000674470174801639,0.840493840792837,61.0547778721492,0.135946906075364,18.1063272317496,TRUE,0,0.146
BCHE,Bacterial pneumoniae,P06276,J10_PNEUMOBACT,MR-PRESSO (Outlier-corrected),,-0.0344036875636066,0.016844952250703,0.0464056365231517,,0.146,-0.000674470174801639,0.840493840792837,61.0547778721492,0.135946906075364,18.1063272317496,TRUE,0,0.146
BCHE,Bacterial pneumoniae,P06276,J10_PNEUMOBACT,Weighted median,51,-0.0360365864362878,0.022070871559911,0.102518051092281,,,-0.000674470174801639,0.840493840792837,61.0547778721492,0.135946906075364,18.1063272317496,TRUE,0,0.146
BID,Bacterial pneumoniae,P55957,J10_PNEUMOBACT,Inverse variance weighted (multiplicative random effects),7,0.118726045716477,0.0584715754694913,0.0423065891392403,0.450095155435352,,0.0220504847130201,0.135467864613756,4.67269597657708,0.58642350417361,0,TRUE,1.46253102933305e-72,0.588
BID,Bacterial pneumoniae,P55957,J10_PNEUMOBACT,Contamination mixture,,0.168136378128904,0.170918367346939,0.14650420228393,,,0.0220504847130201,0.135467864613756,4.67269597657708,0.58642350417361,0,TRUE,1.46253102933305e-72,0.588
BID,Bacterial pneumoniae,P55957,J10_PNEUMOBACT,MR-PRESSO (Outlier-corrected),,0.118726045716477,0.0584715754694913,0.0886034361331068,,0.588,0.0220504847130201,0.135467864613756,4.67269597657708,0.58642350417361,0,TRUE,1.46253102933305e-72,0.588
BID,Bacterial pneumoniae,P55957,J10_PNEUMOBACT,Weighted median,7,0.0653327526818167,0.080556224284118,0.417353874140269,,,0.0220504847130201,0.135467864613756,4.67269597657708,0.58642350417361,0,TRUE,1.46253102933305e-72,0.588
BLVRB,Bacterial pneumoniae,P30043,J10_PNEUMOBACT,Inverse variance weighted (multiplicative random effects),7,-0.0915543845175775,0.0453857065880651,0.0436692745433641,0.455505090693088,,-0.0149644455446297,0.201061188636242,3.72385183869535,0.713987585049158,0,TRUE,1.45634371158756e-109,0.638
BLVRB,Bacterial pneumoniae,P30043,J10_PNEUMOBACT,Contamination mixture,,-0.208125196417348,0.153061224489796,0.396094966505431,,,-0.0149644455446297,0.201061188636242,3.72385183869535,0.713987585049158,0,TRUE,1.45634371158756e-109,0.638
BLVRB,Bacterial pneumoniae,P30043,J10_PNEUMOBACT,MR-PRESSO (Outlier-corrected),,-0.0915543845175775,0.0453857065880651,0.0902433563392425,,0.638,-0.0149644455446297,0.201061188636242,3.72385183869535,0.713987585049158,0,TRUE,1.45634371158756e-109,0.638
BLVRB,Bacterial pneumoniae,P30043,J10_PNEUMOBACT,Weighted median,7,-0.0214636232539806,0.0716852166773706,0.76462348126298,,,-0.0149644455446297,0.201061188636242,3.72385183869535,0.713987585049158,0,TRUE,1.45634371158756e-109,0.638
BMP6,Bacterial pneumoniae,P22004,J10_PNEUMOBACT,Inverse variance weighted (multiplicative random effects),29,-0.0576573603313568,0.0219819806345235,0.00871752744219067,0.209694437277913,,-0.00221589160863712,0.679646492152601,22.1189541304751,0.7757543875276,0,TRUE,0,0.78
BMP6,Bacterial pneumoniae,P22004,J10_PNEUMOBACT,Contamination mixture,,-0.0806426568902308,0.0280612244897959,0.011603847940833,,,-0.00221589160863712,0.679646492152601,22.1189541304751,0.7757543875276,0,TRUE,0,0.78
BMP6,Bacterial pneumoniae,P22004,J10_PNEUMOBACT,MR-PRESSO (Outlier-corrected),,-0.0576573603313568,0.0219819806345235,0.0139469241573831,,0.78,-0.00221589160863712,0.679646492152601,22.1189541304751,0.7757543875276,0,TRUE,0,0.78
BMP6,Bacterial pneumoniae,P22004,J10_PNEUMOBACT,Weighted median,29,-0.0808343907685025,0.0353153558217097,0.0220833978691103,,,-0.00221589160863712,0.679646492152601,22.1189541304751,0.7757543875276,0,TRUE,0,0.78
BST1,Bacterial pneumoniae,Q10588,J10_PNEUMOBACT,Inverse variance weighted (multiplicative random effects),44,0.0234243906290009,0.0103832756941452,0.024072316010491,0.362997379291286,,0.0101881138224154,0.0105830397932217,36.0998726562802,0.762721389015307,0,TRUE,0,0.744
BST1,Bacterial pneumoniae,Q10588,J10_PNEUMOBACT,Contamination mixture,,0.0157371411728102,0.0127551020408163,0.118497230843023,,,0.0101881138224154,0.0105830397932217,36.0998726562802,0.762721389015307,0,TRUE,0,0.744
BST1,Bacterial pneumoniae,Q10588,J10_PNEUMOBACT,MR-PRESSO (Outlier-corrected),,0.0234243906290009,0.0103832756941452,0.0292135709963545,,0.744,0.0101881138224154,0.0105830397932217,36.0998726562802,0.762721389015307,0,TRUE,0,0.744
BST1,Bacterial pneumoniae,Q10588,J10_PNEUMOBACT,Weighted median,44,0.0169002802541051,0.0154261950405813,0.273272566287751,,,0.0101881138224154,0.0105830397932217,36.0998726562802,0.762721389015307,0,TRUE,0,0.744
BST2,Bacterial pneumoniae,Q10589,J10_PNEUMOBACT,Inverse variance weighted (multiplicative random effects),30,-0.0832771005913969,0.0417808237466187,0.0462406967787601,0.467263296673042,,0.0037490545600711,0.519012114909657,59.1356827166661,0.000790198706980234,50.9602347216548,TRUE,1.02254478784863e-291,0.002
BST2,Bacterial pneumoniae,Q10589,J10_PNEUMOBACT,Contamination mixture,,-0.0422846135197647,0.038265306122449,0.250665288991564,,,0.0037490545600711,0.519012114909657,59.1356827166661,0.000790198706980234,50.9602347216548,TRUE,1.02254478784863e-291,0.002
BST2,Bacterial pneumoniae,Q10589,J10_PNEUMOBACT,MR-PRESSO (Outlier-corrected),,-0.0832771005913969,0.0417808237466187,0.0557240491734555,,0.002,0.0037490545600711,0.519012114909657,59.1356827166661,0.000790198706980234,50.9602347216548,TRUE,1.02254478784863e-291,0.002
BST2,Bacterial pneumoniae,Q10589,J10_PNEUMOBACT,Weighted median,30,-0.0751003634221947,0.043501876289682,0.0842807484461283,,,0.0037490545600711,0.519012114909657,59.1356827166661,0.000790198706980234,50.9602347216548,TRUE,1.02254478784863e-291,0.002
C5,Bacterial pneumoniae,P01031,J10_PNEUMOBACT,Inverse variance weighted (multiplicative random effects),4,0.128320191398136,0.0437488695971582,0.00335586343116765,0.117881361478952,,0.0157114134789987,0.493413309750699,1.57737059734945,0.664531699832497,0,TRUE,8.16075286510229e-91,0.807
C5,Bacterial pneumoniae,P01031,J10_PNEUMOBACT,Contamination mixture,,0.145491919856702,0.155612244897959,0.0676665490280475,,,0.0157114134789987,0.493413309750699,1.57737059734945,0.664531699832497,0,TRUE,8.16075286510229e-91,0.807
C5,Bacterial pneumoniae,P01031,J10_PNEUMOBACT,MR-PRESSO (Outlier-corrected),,0.128320191398136,0.0437488695971582,0.0608476624660215,,0.807,0.0157114134789987,0.493413309750699,1.57737059734945,0.664531699832497,0,TRUE,8.16075286510229e-91,0.807
C5,Bacterial pneumoniae,P01031,J10_PNEUMOBACT,Weighted median,4,0.127405919670619,0.0681161570069246,0.0614253186070618,,,0.0157114134789987,0.493413309750699,1.57737059734945,0.664531699832497,0,TRUE,8.16075286510229e-91,0.807
CA1,Bacterial pneumoniae,P00915,J10_PNEUMOBACT,Inverse variance weighted (multiplicative random effects),6,-0.118381841422466,0.0549014962816529,0.0310634525826127,0.406380898212629,,0.00118804500619539,0.955603441372303,4.8804574949361,0.43064298868306,0,TRUE,1.05924658536349e-110,0.515
CA1,Bacterial pneumoniae,P00915,J10_PNEUMOBACT,Contamination mixture,,-0.138140822894253,0.0943877551020408,0.0917342636179916,,,0.00118804500619539,0.955603441372303,4.8804574949361,0.43064298868306,0,TRUE,1.05924658536349e-110,0.515
CA1,Bacterial pneumoniae,P00915,J10_PNEUMOBACT,MR-PRESSO (Outlier-corrected),,-0.118381841422466,0.0549014962816529,0.083581145557272,,0.515,0.00118804500619539,0.955603441372303,4.8804574949361,0.43064298868306,0,TRUE,1.05924658536349e-110,0.515
CA1,Bacterial pneumoniae,P00915,J10_PNEUMOBACT,Weighted median,6,-0.0726251593652736,0.0697615663697838,0.297853136963249,,,0.00118804500619539,0.955603441372303,4.8804574949361,0.43064298868306,0,TRUE,1.05924658536349e-110,0.515
CA11,Bacterial pneumoniae,O75493,J10_PNEUMOBACT,Inverse variance weighted (multiplicative random effects),5,-0.139397331423671,0.0316099893860091,1.03411729205028e-05,0.0017603858210056,,0.00395524186927384,0.766463382143559,1.34461399266676,0.853761935354073,0,TRUE,1.90923925870315e-105,0.898
CA11,Bacterial pneumoniae,O75493,J10_PNEUMOBACT,Contamination mixture,,-0.15156215846769,0.086734693877551,0.0372048068064361,,,0.00395524186927384,0.766463382143559,1.34461399266676,0.853761935354073,0,TRUE,1.90923925870315e-105,0.898
CA11,Bacterial pneumoniae,O75493,J10_PNEUMOBACT,MR-PRESSO (Outlier-corrected),,-0.139397331423671,0.0316099893860091,0.0116013928716591,,0.898,0.00395524186927384,0.766463382143559,1.34461399266676,0.853761935354073,0,TRUE,1.90923925870315e-105,0.898
CA11,Bacterial pneumoniae,O75493,J10_PNEUMOBACT,Weighted median,5,-0.144822858841941,0.0578542410068884,0.0123063212872631,,,0.00395524186927384,0.766463382143559,1.34461399266676,0.853761935354073,0,TRUE,1.90923925870315e-105,0.898
CA5A,Bacterial pneumoniae,P35218,J10_PNEUMOBACT,Inverse variance weighted (multiplicative random effects),24,0.0460687716696519,0.0213448065598646,0.0309035112621377,0.406380898212629,,0.00513574537683827,0.245397693417571,27.4408349818689,0.23766731170031,16.1833085064762,TRUE,0,0.229
CA5A,Bacterial pneumoniae,P35218,J10_PNEUMOBACT,Contamination mixture,,0.0825903759437772,0.0255102040816327,0.0161731607232527,,,0.00513574537683827,0.245397693417571,27.4408349818689,0.23766731170031,16.1833085064762,TRUE,0,0.229
CA5A,Bacterial pneumoniae,P35218,J10_PNEUMOBACT,MR-PRESSO (Outlier-corrected),,0.0460687716696519,0.0213448065598646,0.0415813881595163,,0.229,0.00513574537683827,0.245397693417571,27.4408349818689,0.23766731170031,16.1833085064762,TRUE,0,0.229
CA5A,Bacterial pneumoniae,P35218,J10_PNEUMOBACT,Weighted median,24,0.074981115226439,0.0287686813590005,0.0091514173468834,,,0.00513574537683827,0.245397693417571,27.4408349818689,0.23766731170031,16.1833085064762,TRUE,0,0.229
CA9,Bacterial pneumoniae,Q16790,J10_PNEUMOBACT,Inverse variance weighted (multiplicative random effects),17,-0.103703269645147,0.0445456671692481,0.0199109635497054,0.335208384251199,,0.00270523461228305,0.753081364173017,23.8563507814065,0.0926892376125697,32.9319050235029,TRUE,4.24723045346147e-232,0.117
CA9,Bacterial pneumoniae,Q16790,J10_PNEUMOBACT,Contamination mixture,,-0.134433852443756,0.0510204081632653,0.043539845509766,,,0.00270523461228305,0.753081364173017,23.8563507814065,0.0926892376125697,32.9319050235029,TRUE,4.24723045346147e-232,0.117
CA9,Bacterial pneumoniae,Q16790,J10_PNEUMOBACT,MR-PRESSO (Outlier-corrected),,-0.103703269645147,0.0445456671692481,0.0333530438228308,,0.117,0.00270523461228305,0.753081364173017,23.8563507814065,0.0926892376125697,32.9319050235029,TRUE,4.24723045346147e-232,0.117
CA9,Bacterial pneumoniae,Q16790,J10_PNEUMOBACT,Weighted median,17,-0.0933548431206212,0.051917856950581,0.072157059135311,,,0.00270523461228305,0.753081364173017,23.8563507814065,0.0926892376125697,32.9319050235029,TRUE,4.24723045346147e-232,0.117
CABP2,Bacterial pneumoniae,Q9NPB3,J10_PNEUMOBACT,Inverse variance weighted (multiplicative random effects),5,0.147644718280851,0.0431430858465103,0.000621142213839948,0.0429558662258689,,-0.00757557173422809,0.640320739435585,2.73405278976589,0.603269099957804,0,TRUE,1.72157624633133e-116,0.705
CABP2,Bacterial pneumoniae,Q9NPB3,J10_PNEUMOBACT,Contamination mixture,,0.163409120373371,0.0637755102040816,0.0178904155363433,,,-0.00757557173422809,0.640320739435585,2.73405278976589,0.603269099957804,0,TRUE,1.72157624633133e-116,0.705
CABP2,Bacterial pneumoniae,Q9NPB3,J10_PNEUMOBACT,MR-PRESSO (Outlier-corrected),,0.147644718280851,0.0431430858465103,0.0267258943915004,,0.705,-0.00757557173422809,0.640320739435585,2.73405278976589,0.603269099957804,0,TRUE,1.72157624633133e-116,0.705
CABP2,Bacterial pneumoniae,Q9NPB3,J10_PNEUMOBACT,Weighted median,5,0.150294954471235,0.0625000072831052,0.0161849058158299,,,-0.00757557173422809,0.640320739435585,2.73405278976589,0.603269099957804,0,TRUE,1.72157624633133e-116,0.705
CASC3,Bacterial pneumoniae,O15234,J10_PNEUMOBACT,Inverse variance weighted (multiplicative random effects),5,0.161564686574954,0.0580392075115137,0.00537400208372647,0.154245940416682,,0.00260874334401468,0.857761993549668,2.26205166261339,0.687686401606754,0,TRUE,7.63661643923836e-60,0.772
CASC3,Bacterial pneumoniae,O15234,J10_PNEUMOBACT,Contamination mixture,,0.180989700575576,0.127551020408163,0.0731720756498314,,,0.00260874334401468,0.857761993549668,2.26205166261339,0.687686401606754,0,TRUE,7.63661643923836e-60,0.772
CASC3,Bacterial pneumoniae,O15234,J10_PNEUMOBACT,MR-PRESSO (Outlier-corrected),,0.161564686574954,0.0580392075115137,0.0496295935120293,,0.772,0.00260874334401468,0.857761993549668,2.26205166261339,0.687686401606754,0,TRUE,7.63661643923836e-60,0.772
CASC3,Bacterial pneumoniae,O15234,J10_PNEUMOBACT,Weighted median,5,0.148561757077814,0.08900340013458,0.0950838013042716,,,0.00260874334401468,0.857761993549668,2.26205166261339,0.687686401606754,0,TRUE,7.63661643923836e-60,0.772
CASP4,Bacterial pneumoniae,P49662,J10_PNEUMOBACT,Inverse variance weighted (multiplicative random effects),4,0.118848114196201,0.0455898149398504,0.00913658891107442,0.212834434317976,,0.00376739410762642,0.740674477630271,1.55492571249287,0.669652732637757,0,TRUE,2.22779304992178e-73,0.74
CASP4,Bacterial pneumoniae,P49662,J10_PNEUMOBACT,Contamination mixture,,0.114314226057452,0.13265306122449,0.0760915555551252,,,0.00376739410762642,0.740674477630271,1.55492571249287,0.669652732637757,0,TRUE,2.22779304992178e-73,0.74
CASP4,Bacterial pneumoniae,P49662,J10_PNEUMOBACT,MR-PRESSO (Outlier-corrected),,0.118848114196201,0.0455898149398504,0.0798983138192623,,0.74,0.00376739410762642,0.740674477630271,1.55492571249287,0.669652732637757,0,TRUE,2.22779304992178e-73,0.74
CASP4,Bacterial pneumoniae,P49662,J10_PNEUMOBACT,Weighted median,4,0.111659766044938,0.0712890487220535,0.117279290442107,,,0.00376739410762642,0.740674477630271,1.55492571249287,0.669652732637757,0,TRUE,2.22779304992178e-73,0.74
CASP8,Bacterial pneumoniae,Q14790,J10_PNEUMOBACT,Inverse variance weighted (multiplicative random effects),13,0.105912313809426,0.0455807221663827,0.0201458269793988,0.335208384251199,,-0.00148521371909737,0.820615072580695,15.6260424271555,0.208970454963389,23.2051233961454,TRUE,1.01901824850703e-244,0.357
CASP8,Bacterial pneumoniae,Q14790,J10_PNEUMOBACT,Contamination mixture,,0.121748437003285,0.0484693877551021,0.024888383786348,,,-0.00148521371909737,0.820615072580695,15.6260424271555,0.208970454963389,23.2051233961454,TRUE,1.01901824850703e-244,0.357
CASP8,Bacterial pneumoniae,Q14790,J10_PNEUMOBACT,MR-PRESSO (Outlier-corrected),,0.105912313809426,0.0455807221663827,0.0385135183793726,,0.357,-0.00148521371909737,0.820615072580695,15.6260424271555,0.208970454963389,23.2051233961454,TRUE,1.01901824850703e-244,0.357
CASP8,Bacterial pneumoniae,Q14790,J10_PNEUMOBACT,Weighted median,13,0.126576948617979,0.0502460606874054,0.0117641290415651,,,-0.00148521371909737,0.820615072580695,15.6260424271555,0.208970454963389,23.2051233961454,TRUE,1.01901824850703e-244,0.357
CCL4,Bacterial pneumoniae,P13236,J10_PNEUMOBACT,Inverse variance weighted (multiplicative random effects),33,0.0498218604421295,0.0226125517330445,0.0275747784384899,0.380295442391381,,0.0037425333299032,0.39334101112458,32.5203094800992,0.441158402170317,1.59995242486112,TRUE,0,0.424
CCL4,Bacterial pneumoniae,P13236,J10_PNEUMOBACT,Contamination mixture,,0.0567885983973502,0.0433673469387755,0.102255346070568,,,0.0037425333299032,0.39334101112458,32.5203094800992,0.441158402170317,1.59995242486112,TRUE,0,0.424
CCL4,Bacterial pneumoniae,P13236,J10_PNEUMOBACT,MR-PRESSO (Outlier-corrected),,0.0498218604421295,0.0226125517330445,0.03489159939467,,0.424,0.0037425333299032,0.39334101112458,32.5203094800992,0.441158402170317,1.59995242486112,TRUE,0,0.424
CCL4,Bacterial pneumoniae,P13236,J10_PNEUMOBACT,Weighted median,33,0.0407057736262951,0.032915076876741,0.216201885676153,,,0.0037425333299032,0.39334101112458,32.5203094800992,0.441158402170317,1.59995242486112,TRUE,0,0.424
CD109,Bacterial pneumoniae,Q6YHK3,J10_PNEUMOBACT,Inverse variance weighted (multiplicative random effects),45,-0.0289254688326096,0.0136583330413078,0.0341929329139042,0.414122771207857,,0.000755195319463833,0.82512067527566,46.422014287942,0.372809746092924,5.21738301341025,TRUE,0,0.42
CD109,Bacterial pneumoniae,Q6YHK3,J10_PNEUMOBACT,Contamination mixture,,-0.0170141924874201,0.0127551020408163,0.266677387550895,,,0.000755195319463833,0.82512067527566,46.422014287942,0.372809746092924,5.21738301341025,TRUE,0,0.42
CD109,Bacterial pneumoniae,Q6YHK3,J10_PNEUMOBACT,MR-PRESSO (Outlier-corrected),,-0.0289254688326096,0.0136583330413078,0.0398791409633083,,0.42,0.000755195319463833,0.82512067527566,46.422014287942,0.372809746092924,5.21738301341025,TRUE,0,0.42
CD109,Bacterial pneumoniae,Q6YHK3,J10_PNEUMOBACT,Weighted median,45,-0.0275542836432523,0.0170760488893151,0.106609499339892,,,0.000755195319463833,0.82512067527566,46.422014287942,0.372809746092924,5.21738301341025,TRUE,0,0.42
CD163,Bacterial pneumoniae,Q86VB7,J10_PNEUMOBACT,Inverse variance weighted (multiplicative random effects),45,0.061733273591816,0.0207696377849425,0.00295592585164674,0.110872269655835,,0.00425477042431655,0.197180072624611,45.4918807768469,0.409738541577912,3.27944404885144,TRUE,0,0.421
CD163,Bacterial pneumoniae,Q86VB7,J10_PNEUMOBACT,Contamination mixture,,0.0321479040616485,0.0229591836734694,0.112628661087474,,,0.00425477042431655,0.197180072624611,45.4918807768469,0.409738541577912,3.27944404885144,TRUE,0,0.421
CD163,Bacterial pneumoniae,Q86VB7,J10_PNEUMOBACT,MR-PRESSO (Outlier-corrected),,0.061733273591816,0.0207696377849425,0.00477880492971418,,0.421,0.00425477042431655,0.197180072624611,45.4918807768469,0.409738541577912,3.27944404885144,TRUE,0,0.421
CD163,Bacterial pneumoniae,Q86VB7,J10_PNEUMOBACT,Weighted median,45,0.0405505051709237,0.0300517644395322,0.177222897314405,,,0.00425477042431655,0.197180072624611,45.4918807768469,0.409738541577912,3.27944404885144,TRUE,0,0.421
CD302,Bacterial pneumoniae,Q8IX05,J10_PNEUMOBACT,Inverse variance weighted (multiplicative random effects),23,-0.064848189505263,0.0268927695334965,0.0158930861889492,0.300610254155082,,0.000459269444531846,0.930417217306255,22.209978898016,0.447416768903294,0.945425923095901,TRUE,0,0.507
CD302,Bacterial pneumoniae,Q8IX05,J10_PNEUMOBACT,Contamination mixture,,-0.0579210712747781,0.0306122448979592,0.070343841333915,,,0.000459269444531846,0.930417217306255,22.209978898016,0.447416768903294,0.945425923095901,TRUE,0,0.507
CD302,Bacterial pneumoniae,Q8IX05,J10_PNEUMOBACT,MR-PRESSO (Outlier-corrected),,-0.064848189505263,0.0268927695334965,0.0246850119897467,,0.507,0.000459269444531846,0.930417217306255,22.209978898016,0.447416768903294,0.945425923095901,TRUE,0,0.507
CD302,Bacterial pneumoniae,Q8IX05,J10_PNEUMOBACT,Weighted median,23,-0.0571089840943947,0.0363482567436965,0.116145124319773,,,0.000459269444531846,0.930417217306255,22.209978898016,0.447416768903294,0.945425923095901,TRUE,0,0.507
CD33,Bacterial pneumoniae,P20138,J10_PNEUMOBACT,Inverse variance weighted (multiplicative random effects),40,0.0240923608680085,0.0107756234882749,0.0253635256265487,0.372457169513125,,0.00281447053762243,0.467228935716024,62.5611229389533,0.00970927789180023,37.6609655199828,TRUE,0,0.029
CD33,Bacterial pneumoniae,P20138,J10_PNEUMOBACT,Contamination mixture,,0.0222765071266953,0.00510204081632654,0.015483754112505,,,0.00281447053762243,0.467228935716024,62.5611229389533,0.00970927789180023,37.6609655199828,TRUE,0,0.029
CD33,Bacterial pneumoniae,P20138,J10_PNEUMOBACT,MR-PRESSO (Outlier-corrected),,0.0240923608680085,0.0107756234882749,0.0311585369389149,,0.029,0.00281447053762243,0.467228935716024,62.5611229389533,0.00970927789180023,37.6609655199828,TRUE,0,0.029
CD33,Bacterial pneumoniae,P20138,J10_PNEUMOBACT,Weighted median,40,0.0226388800385615,0.0103664107811336,0.0289718975702137,,,0.00281447053762243,0.467228935716024,62.5611229389533,0.00970927789180023,37.6609655199828,TRUE,0,0.029
CD86,Bacterial pneumoniae,P42081,J10_PNEUMOBACT,Inverse variance weighted (multiplicative random effects),37,0.0466818555464252,0.021830009536796,0.0324822005901387,0.411137289882605,,0.00235510157061302,0.574445523759836,31.6979114208907,0.673378407812059,0,TRUE,0,0.675
CD86,Bacterial pneumoniae,P42081,J10_PNEUMOBACT,Contamination mixture,,0.106326531035785,0.048469387755102,0.398117727340282,,,0.00235510157061302,0.574445523759836,31.6979114208907,0.673378407812059,0,TRUE,0,0.675
CD86,Bacterial pneumoniae,P42081,J10_PNEUMOBACT,MR-PRESSO (Outlier-corrected),,0.0466818555464252,0.021830009536796,0.0393399764941627,,0.675,0.00235510157061302,0.574445523759836,31.6979114208907,0.673378407812059,0,TRUE,0,0.675
CD86,Bacterial pneumoniae,P42081,J10_PNEUMOBACT,Weighted median,37,0.0595269895685842,0.0357361670689196,0.0957661779306405,,,0.00235510157061302,0.574445523759836,31.6979114208907,0.673378407812059,0,TRUE,0,0.675
CDC27,Bacterial pneumoniae,P30260,J10_PNEUMOBACT,Inverse variance weighted (multiplicative random effects),4,0.1954894117081,0.0474587127806165,3.80277595062743e-05,0.005610362119159,,-0.00158343358127468,0.916106319771808,0.755069056892246,0.860180906386128,0,TRUE,1.73457504336937e-41,0.88
CDC27,Bacterial pneumoniae,P30260,J10_PNEUMOBACT,Contamination mixture,,0.192025378179199,0.168367346938776,0.0607577613325455,,,-0.00158343358127468,0.916106319771808,0.755069056892246,0.860180906386128,0,TRUE,1.73457504336937e-41,0.88
CDC27,Bacterial pneumoniae,P30260,J10_PNEUMOBACT,MR-PRESSO (Outlier-corrected),,0.1954894117081,0.0474587127806165,0.0259301671593827,,0.88,-0.00158343358127468,0.916106319771808,0.755069056892246,0.860180906386128,0,TRUE,1.73457504336937e-41,0.88
CDC27,Bacterial pneumoniae,P30260,J10_PNEUMOBACT,Weighted median,4,0.175004535732625,0.106249734099538,0.0995363351358967,,,-0.00158343358127468,0.916106319771808,0.755069056892246,0.860180906386128,0,TRUE,1.73457504336937e-41,0.88
CDH1,Bacterial pneumoniae,P12830,J10_PNEUMOBACT,Inverse variance weighted (multiplicative random effects),30,-0.0621435751810894,0.0197597367265844,0.00166109724935737,0.0799132220179969,,0.00256856722330762,0.586809489560317,24.4394538013069,0.706979382318578,0,TRUE,0,0.772
CDH1,Bacterial pneumoniae,P12830,J10_PNEUMOBACT,Contamination mixture,,-0.057792619841361,0.0229591836734694,0.00770077983062465,,,0.00256856722330762,0.586809489560317,24.4394538013069,0.706979382318578,0,TRUE,0,0.772
CDH1,Bacterial pneumoniae,P12830,J10_PNEUMOBACT,MR-PRESSO (Outlier-corrected),,-0.0621435751810894,0.0197597367265844,0.00381778357114263,,0.772,0.00256856722330762,0.586809489560317,24.4394538013069,0.706979382318578,0,TRUE,0,0.772
CDH1,Bacterial pneumoniae,P12830,J10_PNEUMOBACT,Weighted median,30,-0.0600982385881071,0.0296110271782022,0.0423982530600058,,,0.00256856722330762,0.586809489560317,24.4394538013069,0.706979382318578,0,TRUE,0,0.772
CDH17,Bacterial pneumoniae,Q12864,J10_PNEUMOBACT,Inverse variance weighted (multiplicative random effects),61,-0.0369618060815254,0.0167103196256811,0.0269725409057192,0.380295442391381,,-0.00406748699206494,0.255628768937335,81.8981133602818,0.0316893424683532,26.7382390897685,TRUE,0,0.028
CDH17,Bacterial pneumoniae,Q12864,J10_PNEUMOBACT,Contamination mixture,,-0.0313002843425161,0.0153061224489796,0.0830526418206646,,,-0.00406748699206494,0.255628768937335,81.8981133602818,0.0316893424683532,26.7382390897685,TRUE,0,0.028
CDH17,Bacterial pneumoniae,Q12864,J10_PNEUMOBACT,MR-PRESSO (Outlier-corrected),,-0.0369618060815254,0.0167103196256811,0.0307916957073566,,0.028,-0.00406748699206494,0.255628768937335,81.8981133602818,0.0316893424683532,26.7382390897685,TRUE,0,0.028
CDH17,Bacterial pneumoniae,Q12864,J10_PNEUMOBACT,Weighted median,61,-0.0188946256108589,0.0218680150833916,0.387571296590064,,,-0.00406748699206494,0.255628768937335,81.8981133602818,0.0316893424683532,26.7382390897685,TRUE,0,0.028
CDH23,Bacterial pneumoniae,Q9H251,J10_PNEUMOBACT,Inverse variance weighted (multiplicative random effects),4,-0.0868269308653348,0.0243555017405045,0.000363880843839502,0.0335528461423674,,-0.00826865158336863,0.636030041778005,0.40089952619292,0.940056611142303,0,TRUE,3.93481623093685e-84,0.915
CDH23,Bacterial pneumoniae,Q9H251,J10_PNEUMOBACT,Contamination mixture,,-0.0844192783264639,0.145408163265306,0.192674058982437,,,-0.00826865158336863,0.636030041778005,0.40089952619292,0.940056611142303,0,TRUE,3.93481623093685e-84,0.915
CDH23,Bacterial pneumoniae,Q9H251,J10_PNEUMOBACT,MR-PRESSO (Outlier-corrected),,-0.0868269308653348,0.0243555017405045,0.0376862833577163,,0.915,-0.00826865158336863,0.636030041778005,0.40089952619292,0.940056611142303,0,TRUE,3.93481623093685e-84,0.915
CDH23,Bacterial pneumoniae,Q9H251,J10_PNEUMOBACT,Weighted median,4,-0.0758638219088796,0.073404525564398,0.301368411045902,,,-0.00826865158336863,0.636030041778005,0.40089952619292,0.940056611142303,0,TRUE,3.93481623093685e-84,0.915
CDHR2,Bacterial pneumoniae,Q9BYE9,J10_PNEUMOBACT,Inverse variance weighted (multiplicative random effects),24,0.188367361293319,0.0607534821166631,0.00193181436442171,0.0857611829843849,,-0.0047265004420919,0.638107694509238,41.7381123692421,0.00973754744295699,44.8944892463577,TRUE,6.16713059781546e-203,0.012
CDHR2,Bacterial pneumoniae,Q9BYE9,J10_PNEUMOBACT,Contamination mixture,,0.220082668148369,0.0510204081632653,0.000512351577054,,,-0.0047265004420919,0.638107694509238,41.7381123692421,0.00973754744295699,44.8944892463577,TRUE,6.16713059781546e-203,0.012
CDHR2,Bacterial pneumoniae,Q9BYE9,J10_PNEUMOBACT,MR-PRESSO (Outlier-corrected),,0.127509561374719,0.046154309000425,0.0116641421313107,,0.012,-0.0047265004420919,0.638107694509238,41.7381123692421,0.00973754744295699,44.8944892463577,TRUE,6.16713059781546e-203,0.012
CDHR2,Bacterial pneumoniae,Q9BYE9,J10_PNEUMOBACT,Weighted median,24,0.178989587307896,0.0693620968443358,0.00986544875512278,,,-0.0047265004420919,0.638107694509238,41.7381123692421,0.00973754744295699,44.8944892463577,TRUE,6.16713059781546e-203,0.012
CFHR2,Bacterial pneumoniae,P36980,J10_PNEUMOBACT,Inverse variance weighted (multiplicative random effects),35,0.0259435958499594,0.0109789979255153,0.018126672742489,0.323502635315549,,0.0185207499146882,0.00386493218075932,45.3638365109551,0.0921170383315232,25.0504308827822,TRUE,0,0.101
CFHR2,Bacterial pneumoniae,P36980,J10_PNEUMOBACT,Contamination mixture,,0.0278761506202772,0.0076530612244898,0.0650247958801213,,,0.0185207499146882,0.00386493218075932,45.3638365109551,0.0921170383315232,25.0504308827822,TRUE,0,0.101
CFHR2,Bacterial pneumoniae,P36980,J10_PNEUMOBACT,MR-PRESSO (Outlier-corrected),,0.0259435958499594,0.0109789979255153,0.0239869528947834,,0.101,0.0185207499146882,0.00386493218075932,45.3638365109551,0.0921170383315232,25.0504308827822,TRUE,0,0.101
CFHR2,Bacterial pneumoniae,P36980,J10_PNEUMOBACT,Weighted median,35,0.0191161973868323,0.0140102496138554,0.17242794940836,,,0.0185207499146882,0.00386493218075932,45.3638365109551,0.0921170383315232,25.0504308827822,TRUE,0,0.101
CGREF1,Bacterial pneumoniae,Q99674,J10_PNEUMOBACT,Inverse variance weighted (multiplicative random effects),33,-0.0459188703703724,0.0160456997170641,0.004213016969568,0.138832238607527,,-0.00528826263364493,0.386424970962137,30.5115998357197,0.541905366998921,0,TRUE,0,0.6
CGREF1,Bacterial pneumoniae,Q99674,J10_PNEUMOBACT,Contamination mixture,,-0.0413534087883543,0.0153061224489796,0.017064136872657,,,-0.00528826263364493,0.386424970962137,30.5115998357197,0.541905366998921,0,TRUE,0,0.6
CGREF1,Bacterial pneumoniae,Q99674,J10_PNEUMOBACT,MR-PRESSO (Outlier-corrected),,-0.0459188703703724,0.0160456997170641,0.00736763920221656,,0.6,-0.00528826263364493,0.386424970962137,30.5115998357197,0.541905366998921,0,TRUE,0,0.6
CGREF1,Bacterial pneumoniae,Q99674,J10_PNEUMOBACT,Weighted median,33,-0.0345647814049037,0.0224556164258156,0.123743559824897,,,-0.00528826263364493,0.386424970962137,30.5115998357197,0.541905366998921,0,TRUE,0,0.6
CIT,Bacterial pneumoniae,O14578,J10_PNEUMOBACT,Inverse variance weighted (multiplicative random effects),4,0.24438569652803,0.109543854708777,0.0256851464309425,0.373955454287341,,0.00214697076814452,0.918067638061673,3.03194347330639,0.386726294684182,1.0535642761029,TRUE,9.0385110668106e-29,0.475
CIT,Bacterial pneumoniae,O14578,J10_PNEUMOBACT,Contamination mixture,,0.283275676282524,0.193877551020408,0.128328812532322,,,0.00214697076814452,0.918067638061673,3.03194347330639,0.386726294684182,1.0535642761029,TRUE,9.0385110668106e-29,0.475
CIT,Bacterial pneumoniae,O14578,J10_PNEUMOBACT,MR-PRESSO (Outlier-corrected),,0.24438569652803,0.109543854708777,0.111898845018475,,0.475,0.00214697076814452,0.918067638061673,3.03194347330639,0.386726294684182,1.0535642761029,TRUE,9.0385110668106e-29,0.475
CIT,Bacterial pneumoniae,O14578,J10_PNEUMOBACT,Weighted median,4,0.24718350009386,0.130261221334578,0.0577489902747192,,,0.00214697076814452,0.918067638061673,3.03194347330639,0.386726294684182,1.0535642761029,TRUE,9.0385110668106e-29,0.475
CKMT1A,Bacterial pneumoniae,P12532,J10_PNEUMOBACT,Inverse variance weighted (multiplicative random effects),15,-0.0838690498608326,0.0395540249613433,0.0339751060989302,0.414122771207857,,-0.0116619087444481,0.11942072968649,14.2458156011499,0.431562814763177,1.72552845012326,TRUE,4.76858289710308e-181,0.401
CKMT1A,Bacterial pneumoniae,P12532,J10_PNEUMOBACT,Contamination mixture,,-0.198004610684403,0.0969387755102041,0.10133154696134,,,-0.0116619087444481,0.11942072968649,14.2458156011499,0.431562814763177,1.72552845012326,TRUE,4.76858289710308e-181,0.401
CKMT1A,Bacterial pneumoniae,P12532,J10_PNEUMOBACT,MR-PRESSO (Outlier-corrected),,-0.0838690498608326,0.0395540249613433,0.0523211933502929,,0.401,-0.0116619087444481,0.11942072968649,14.2458156011499,0.431562814763177,1.72552845012326,TRUE,4.76858289710308e-181,0.401
CKMT1A,Bacterial pneumoniae,P12532,J10_PNEUMOBACT,Weighted median,15,-0.0679535770224881,0.057543373301717,0.237638257003384,,,-0.0116619087444481,0.11942072968649,14.2458156011499,0.431562814763177,1.72552845012326,TRUE,4.76858289710308e-181,0.401
CLEC1A,Bacterial pneumoniae,Q8NC01,J10_PNEUMOBACT,Inverse variance weighted (multiplicative random effects),27,-0.0536224765795271,0.0163199337477371,0.00101727739039048,0.062534301803726,,-0.00211741659818094,0.531319166546316,24.8688954990963,0.52640601443514,0,TRUE,0,0.457
CLEC1A,Bacterial pneumoniae,Q8NC01,J10_PNEUMOBACT,Contamination mixture,,-0.096250117520569,0.0357142857142857,0.0111694844221365,,,-0.00211741659818094,0.531319166546316,24.8688954990963,0.52640601443514,0,TRUE,0,0.457
CLEC1A,Bacterial pneumoniae,Q8NC01,J10_PNEUMOBACT,MR-PRESSO (Outlier-corrected),,-0.0536224765795271,0.0163199337477371,0.00291076933037456,,0.457,-0.00211741659818094,0.531319166546316,24.8688954990963,0.52640601443514,0,TRUE,0,0.457
CLEC1A,Bacterial pneumoniae,Q8NC01,J10_PNEUMOBACT,Weighted median,27,-0.0399471916319199,0.0243290334638034,0.100599215341607,,,-0.00211741659818094,0.531319166546316,24.8688954990963,0.52640601443514,0,TRUE,0,0.457
COMT,Bacterial pneumoniae,P21964,J10_PNEUMOBACT,Inverse variance weighted (multiplicative random effects),17,-0.0631957905338429,0.0311771534779753,0.0426633953306178,0.450095155435352,,0.00428809187871852,0.59077885132547,28.085475617284,0.0308842641609714,43.0310519998689,TRUE,0,0.061
COMT,Bacterial pneumoniae,P21964,J10_PNEUMOBACT,Contamination mixture,,-0.0798335505944343,0.0255102040816326,0.00539681259461804,,,0.00428809187871852,0.59077885132547,28.085475617284,0.0308842641609714,43.0310519998689,TRUE,0,0.061
COMT,Bacterial pneumoniae,P21964,J10_PNEUMOBACT,MR-PRESSO (Outlier-corrected),,-0.0631957905338429,0.0311771534779753,0.0596625333048258,,0.061,0.00428809187871852,0.59077885132547,28.085475617284,0.0308842641609714,43.0310519998689,TRUE,0,0.061
COMT,Bacterial pneumoniae,P21964,J10_PNEUMOBACT,Weighted median,17,-0.0924789313130353,0.0331642667111007,0.00529509059059911,,,0.00428809187871852,0.59077885132547,28.085475617284,0.0308842641609714,43.0310519998689,TRUE,0,0.061
COX5B,Bacterial pneumoniae,P10606,J10_PNEUMOBACT,Inverse variance weighted (multiplicative random effects),7,0.100936038334396,0.0458389106277449,0.0276672237799423,0.380295442391381,,-0.0136382565357911,0.114755403931274,4.85056214036448,0.56311775757546,0,TRUE,2.20128323567844e-71,0.425
COX5B,Bacterial pneumoniae,P10606,J10_PNEUMOBACT,Contamination mixture,,0.14325350871374,0.160714285714286,0.319374806674818,,,-0.0136382565357911,0.114755403931274,4.85056214036448,0.56311775757546,0,TRUE,2.20128323567844e-71,0.425
COX5B,Bacterial pneumoniae,P10606,J10_PNEUMOBACT,MR-PRESSO (Outlier-corrected),,0.100936038334396,0.0458389106277449,0.0699119269676243,,0.425,-0.0136382565357911,0.114755403931274,4.85056214036448,0.56311775757546,0,TRUE,2.20128323567844e-71,0.425
COX5B,Bacterial pneumoniae,P10606,J10_PNEUMOBACT,Weighted median,7,0.134432231774018,0.0596359683316848,0.0241827115739602,,,-0.0136382565357911,0.114755403931274,4.85056214036448,0.56311775757546,0,TRUE,2.20128323567844e-71,0.425
CSNK1D,Bacterial pneumoniae,P48730,J10_PNEUMOBACT,Inverse variance weighted (multiplicative random effects),4,0.115724723487873,0.0509558872796196,0.0231423409671111,0.358139864057461,,0.00408250094460954,0.850415357106999,0.754441841675687,0.860329958009693,0,TRUE,5.86160208020898e-35,0.865
CSNK1D,Bacterial pneumoniae,P48730,J10_PNEUMOBACT,Contamination mixture,,0.17046709712035,0.221938775510204,0.228601036605375,,,0.00408250094460954,0.850415357106999,0.754441841675687,0.860329958009693,0,TRUE,5.86160208020898e-35,0.865
CSNK1D,Bacterial pneumoniae,P48730,J10_PNEUMOBACT,MR-PRESSO (Outlier-corrected),,0.115724723487873,0.0509558872796196,0.107817986400525,,0.865,0.00408250094460954,0.850415357106999,0.754441841675687,0.860329958009693,0,TRUE,5.86160208020898e-35,0.865
CSNK1D,Bacterial pneumoniae,P48730,J10_PNEUMOBACT,Weighted median,4,0.133894938900881,0.117760316011011,0.255533104233306,,,0.00408250094460954,0.850415357106999,0.754441841675687,0.860329958009693,0,TRUE,5.86160208020898e-35,0.865
CSNK2A1,Bacterial pneumoniae,P68400,J10_PNEUMOBACT,Inverse variance weighted (multiplicative random effects),10,-0.124798410196498,0.0583699667420652,0.0325119863214894,0.411137289882605,,0.018717916690232,0.0190315044739803,16.8751916562744,0.0507067144922835,46.6672723882593,TRUE,2.5949871681159e-159,0.11
CSNK2A1,Bacterial pneumoniae,P68400,J10_PNEUMOBACT,Contamination mixture,,-0.186743093095902,0.0790816326530613,0.0916227846139926,,,0.018717916690232,0.0190315044739803,16.8751916562744,0.0507067144922835,46.6672723882593,TRUE,2.5949871681159e-159,0.11
CSNK2A1,Bacterial pneumoniae,P68400,J10_PNEUMOBACT,MR-PRESSO (Outlier-corrected),,-0.124798410196498,0.0583699667420652,0.0612142013619912,,0.11,0.018717916690232,0.0190315044739803,16.8751916562744,0.0507067144922835,46.6672723882593,TRUE,2.5949871681159e-159,0.11
CSNK2A1,Bacterial pneumoniae,P68400,J10_PNEUMOBACT,Weighted median,10,-0.206625781679929,0.0593492511106454,0.000498570996191703,,,0.018717916690232,0.0190315044739803,16.8751916562744,0.0507067144922835,46.6672723882593,TRUE,2.5949871681159e-159,0.11
CST1,Bacterial pneumoniae,P01037,J10_PNEUMOBACT,Inverse variance weighted (multiplicative random effects),36,0.051403471987413,0.0184907374759996,0.00543659437528297,0.154245940416682,,0.00237883422077076,0.582551883815981,47.0718151391781,0.0835297410153368,25.645527166278,TRUE,0,0.083
CST1,Bacterial pneumoniae,P01037,J10_PNEUMOBACT,Contamination mixture,,0.0468183789999662,0.0229591836734694,0.0684908815791592,,,0.00237883422077076,0.582551883815981,47.0718151391781,0.0835297410153368,25.645527166278,TRUE,0,0.083
CST1,Bacterial pneumoniae,P01037,J10_PNEUMOBACT,MR-PRESSO (Outlier-corrected),,0.051403471987413,0.0184907374759996,0.00868985576430419,,0.083,0.00237883422077076,0.582551883815981,47.0718151391781,0.0835297410153368,25.645527166278,TRUE,0,0.083
CST1,Bacterial pneumoniae,P01037,J10_PNEUMOBACT,Weighted median,36,0.053978795306735,0.0233750345861033,0.0209297203163867,,,0.00237883422077076,0.582551883815981,47.0718151391781,0.0835297410153368,25.645527166278,TRUE,0,0.083
CTSD,Bacterial pneumoniae,P07339,J10_PNEUMOBACT,Inverse variance weighted (multiplicative random effects),25,0.0721058012731286,0.0308338686144524,0.019359982165172,0.332121244430431,,0.00270573533137803,0.64824347380779,32.4679733892495,0.115806115193944,26.0810038487137,TRUE,0,0.143
CTSD,Bacterial pneumoniae,P07339,J10_PNEUMOBACT,Contamination mixture,,0.0811062941393881,0.0255102040816326,0.00579328213684903,,,0.00270573533137803,0.64824347380779,32.4679733892495,0.115806115193944,26.0810038487137,TRUE,0,0.143
CTSD,Bacterial pneumoniae,P07339,J10_PNEUMOBACT,MR-PRESSO (Outlier-corrected),,0.0721058012731286,0.0308338686144524,0.0280205033264193,,0.143,0.00270573533137803,0.64824347380779,32.4679733892495,0.115806115193944,26.0810038487137,TRUE,0,0.143
CTSD,Bacterial pneumoniae,P07339,J10_PNEUMOBACT,Weighted median,25,0.069402252948109,0.0342935808548345,0.0429940239727805,,,0.00270573533137803,0.64824347380779,32.4679733892495,0.115806115193944,26.0810038487137,TRUE,0,0.143
CXCL16,Bacterial pneumoniae,Q9H2A7,J10_PNEUMOBACT,Inverse variance weighted (multiplicative random effects),31,-0.0615964000140672,0.0276927914778356,0.0261299082066027,0.377944358570012,,0.00393816230786708,0.525752608857103,31.843392025859,0.374846268834159,5.78893110495913,TRUE,0,0.394
CXCL16,Bacterial pneumoniae,Q9H2A7,J10_PNEUMOBACT,Contamination mixture,,-0.107281899370885,0.038265306122449,0.0328991156376079,,,0.00393816230786708,0.525752608857103,31.843392025859,0.374846268834159,5.78893110495913,TRUE,0,0.394
CXCL16,Bacterial pneumoniae,Q9H2A7,J10_PNEUMOBACT,MR-PRESSO (Outlier-corrected),,-0.0615964000140672,0.0276927914778356,0.0338019177279437,,0.394,0.00393816230786708,0.525752608857103,31.843392025859,0.374846268834159,5.78893110495913,TRUE,0,0.394
CXCL16,Bacterial pneumoniae,Q9H2A7,J10_PNEUMOBACT,Weighted median,31,-0.0450801360569852,0.038800847977362,0.245302987836727,,,0.00393816230786708,0.525752608857103,31.843392025859,0.374846268834159,5.78893110495913,TRUE,0,0.394
DDAH1,Bacterial pneumoniae,O94760,J10_PNEUMOBACT,Inverse variance weighted (multiplicative random effects),10,-0.113340286138114,0.0564897314150081,0.0448149300788233,0.458737536681538,,-0.0215588144880613,0.0740484173725753,16.9571042127423,0.0493919725996823,46.9249001062514,TRUE,6.8758985092598e-199,0.101
DDAH1,Bacterial pneumoniae,O94760,J10_PNEUMOBACT,Contamination mixture,,-0.0550096140947098,0.0459183673469388,0.215155631441964,,,-0.0215588144880613,0.0740484173725753,16.9571042127423,0.0493919725996823,46.9249001062514,TRUE,6.8758985092598e-199,0.101
DDAH1,Bacterial pneumoniae,O94760,J10_PNEUMOBACT,MR-PRESSO (Outlier-corrected),,-0.113340286138114,0.0564897314150081,0.0757683314972598,,0.101,-0.0215588144880613,0.0740484173725753,16.9571042127423,0.0493919725996823,46.9249001062514,TRUE,6.8758985092598e-199,0.101
DDAH1,Bacterial pneumoniae,O94760,J10_PNEUMOBACT,Weighted median,10,-0.0784413864386926,0.0540022219750214,0.146346376135353,,,-0.0215588144880613,0.0740484173725753,16.9571042127423,0.0493919725996823,46.9249001062514,TRUE,6.8758985092598e-199,0.101
DDHD2,Bacterial pneumoniae,O94830,J10_PNEUMOBACT,Inverse variance weighted (multiplicative random effects),8,0.0735687529583995,0.0311302022025697,0.0181149693271015,0.323502635315549,,-0.00496477776087464,0.663407243886389,1.61451245878436,0.978078463495563,0,TRUE,1.36435359368643e-85,0.98
DDHD2,Bacterial pneumoniae,O94830,J10_PNEUMOBACT,Contamination mixture,,0.1099002346573,0.114795918367347,0.193156466521813,,,-0.00496477776087464,0.663407243886389,1.61451245878436,0.978078463495563,0,TRUE,1.36435359368643e-85,0.98
DDHD2,Bacterial pneumoniae,O94830,J10_PNEUMOBACT,MR-PRESSO (Outlier-corrected),,0.0735687529583995,0.0311302022025697,0.0501004613931468,,0.98,-0.00496477776087464,0.663407243886389,1.61451245878436,0.978078463495563,0,TRUE,1.36435359368643e-85,0.98
DDHD2,Bacterial pneumoniae,O94830,J10_PNEUMOBACT,Weighted median,8,0.106742406074743,0.0803610601861372,0.184083910522112,,,-0.00496477776087464,0.663407243886389,1.61451245878436,0.978078463495563,0,TRUE,1.36435359368643e-85,0.98
DGKA,Bacterial pneumoniae,P23743,J10_PNEUMOBACT,Inverse variance weighted (multiplicative random effects),7,0.191297990254717,0.084993751879397,0.024402641156374,0.362997379291286,,0.032968435499273,0.597418887620343,5.52058376251783,0.478972376631965,0,TRUE,5.19209967422831e-39,0.514
DGKA,Bacterial pneumoniae,P23743,J10_PNEUMOBACT,Contamination mixture,,0.308841871909182,0.160714285714286,0.0512735954269491,,,0.032968435499273,0.597418887620343,5.52058376251783,0.478972376631965,0,TRUE,5.19209967422831e-39,0.514
DGKA,Bacterial pneumoniae,P23743,J10_PNEUMOBACT,MR-PRESSO (Outlier-corrected),,0.191297990254717,0.084993751879397,0.0653755748653011,,0.514,0.032968435499273,0.597418887620343,5.52058376251783,0.478972376631965,0,TRUE,5.19209967422831e-39,0.514
DGKA,Bacterial pneumoniae,P23743,J10_PNEUMOBACT,Weighted median,7,0.189839849612485,0.119720690465875,0.112809747401197,,,0.032968435499273,0.597418887620343,5.52058376251783,0.478972376631965,0,TRUE,5.19209967422831e-39,0.514
DLG4,Bacterial pneumoniae,P78352,J10_PNEUMOBACT,Inverse variance weighted (multiplicative random effects),3,0.198233642537853,0.0643501506228412,0.0020662096707518,0.0896572941445832,,-0.017501927698175,0.879787907240572,0.6083757412847,0.73772225707637,0,TRUE,1.10312665909955e-26,
DLG4,Bacterial pneumoniae,P78352,J10_PNEUMOBACT,Contamination mixture,,0.202778878157352,0.191326530612245,0.122035029877225,,,-0.017501927698175,0.879787907240572,0.6083757412847,0.73772225707637,0,TRUE,1.10312665909955e-26,
DLG4,Bacterial pneumoniae,P78352,J10_PNEUMOBACT,Weighted median,3,0.209973916547558,0.131940107739666,0.111512034644851,,,-0.017501927698175,0.879787907240572,0.6083757412847,0.73772225707637,0,TRUE,1.10312665909955e-26,
DNAJB14,Bacterial pneumoniae,Q8TBM8,J10_PNEUMOBACT,Inverse variance weighted (multiplicative random effects),8,0.125131979425876,0.0604578770318118,0.0384768645757608,0.436663083621326,,-0.0125920445057651,0.499304375214082,5.80631328944005,0.5625386242658,0,TRUE,2.14651455763108e-77,0.598
DNAJB14,Bacterial pneumoniae,Q8TBM8,J10_PNEUMOBACT,Contamination mixture,,0.212998738915996,0.137755102040816,0.110504330008135,,,-0.0125920445057651,0.499304375214082,5.80631328944005,0.5625386242658,0,TRUE,2.14651455763108e-77,0.598
DNAJB14,Bacterial pneumoniae,Q8TBM8,J10_PNEUMOBACT,MR-PRESSO (Outlier-corrected),,0.125131979425876,0.0604578770318118,0.0772465983728407,,0.598,-0.0125920445057651,0.499304375214082,5.80631328944005,0.5625386242658,0,TRUE,2.14651455763108e-77,0.598
DNAJB14,Bacterial pneumoniae,Q8TBM8,J10_PNEUMOBACT,Weighted median,8,0.124629619967765,0.0870214674620938,0.152094895948355,,,-0.0125920445057651,0.499304375214082,5.80631328944005,0.5625386242658,0,TRUE,2.14651455763108e-77,0.598
DTNB,Bacterial pneumoniae,O60941,J10_PNEUMOBACT,Inverse variance weighted (multiplicative random effects),3,0.156315486711711,0.0504304758173437,0.00193766793909591,0.0857611829843849,,-0.0354662821594584,0.684931287162027,0.315417974320896,0.854098299377208,0,TRUE,1.73987754196956e-23,
DTNB,Bacterial pneumoniae,O60941,J10_PNEUMOBACT,Contamination mixture,,0.155644994121651,0.198979591836735,0.231952828632264,,,-0.0354662821594584,0.684931287162027,0.315417974320896,0.854098299377208,0,TRUE,1.73987754196956e-23,
DTNB,Bacterial pneumoniae,O60941,J10_PNEUMOBACT,Weighted median,3,0.133883199513996,0.151893169701589,0.378085115590117,,,-0.0354662821594584,0.684931287162027,0.315417974320896,0.854098299377208,0,TRUE,1.73987754196956e-23,
EIF2AK3,Bacterial pneumoniae,Q9NZJ5,J10_PNEUMOBACT,Inverse variance weighted (multiplicative random effects),4,0.113175637830558,0.0418746426667962,0.00687736485236616,0.175489442472881,,0.00826171341672591,0.744746822072474,1.28317568434907,0.733132001109553,0,TRUE,1.68672094883435e-83,0.8
EIF2AK3,Bacterial pneumoniae,Q9NZJ5,J10_PNEUMOBACT,Contamination mixture,,0.110330551406457,0.227040816326531,0.110116133479617,,,0.00826171341672591,0.744746822072474,1.28317568434907,0.733132001109553,0,TRUE,1.68672094883435e-83,0.8
EIF2AK3,Bacterial pneumoniae,Q9NZJ5,J10_PNEUMOBACT,MR-PRESSO (Outlier-corrected),,0.113175637830558,0.0418746426667962,0.0736160237147654,,0.8,0.00826171341672591,0.744746822072474,1.28317568434907,0.733132001109553,0,TRUE,1.68672094883435e-83,0.8
EIF2AK3,Bacterial pneumoniae,Q9NZJ5,J10_PNEUMOBACT,Weighted median,4,0.106574989790549,0.072516503808487,0.141652423394877,,,0.00826171341672591,0.744746822072474,1.28317568434907,0.733132001109553,0,TRUE,1.68672094883435e-83,0.8
EIF5,Bacterial pneumoniae,P55010,J10_PNEUMOBACT,Inverse variance weighted (multiplicative random effects),4,0.187555088748378,0.0573575762941094,0.00107575232827867,0.0626484184863341,,0.0131183423271404,0.504779687075346,0.829030929653702,0.842511353395857,0,TRUE,8.93219719582694e-31,0.831
EIF5,Bacterial pneumoniae,P55010,J10_PNEUMOBACT,Contamination mixture,,0.190483584066079,0.426020408163265,0.120035817995134,,,0.0131183423271404,0.504779687075346,0.829030929653702,0.842511353395857,0,TRUE,8.93219719582694e-31,0.831
EIF5,Bacterial pneumoniae,P55010,J10_PNEUMOBACT,MR-PRESSO (Outlier-corrected),,0.187555088748378,0.0573575762941094,0.046779604006654,,0.831,0.0131183423271404,0.504779687075346,0.829030929653702,0.842511353395857,0,TRUE,8.93219719582694e-31,0.831
EIF5,Bacterial pneumoniae,P55010,J10_PNEUMOBACT,Weighted median,4,0.151896788510436,0.124310133876573,0.221738642838468,,,0.0131183423271404,0.504779687075346,0.829030929653702,0.842511353395857,0,TRUE,8.93219719582694e-31,0.831
ENTR1,Bacterial pneumoniae,Q96C92,J10_PNEUMOBACT,Inverse variance weighted (multiplicative random effects),8,-0.117530601529397,0.0383260045055941,0.00216506935424439,0.0921403554027467,,-0.0129206827582295,0.360141026172673,3.48429252431701,0.836886390822585,0,TRUE,8.21526768769614e-129,0.804
ENTR1,Bacterial pneumoniae,Q96C92,J10_PNEUMOBACT,Contamination mixture,,-0.135301595726958,0.0816326530612245,0.0717874868882249,,,-0.0129206827582295,0.360141026172673,3.48429252431701,0.836886390822585,0,TRUE,8.21526768769614e-129,0.804
ENTR1,Bacterial pneumoniae,Q96C92,J10_PNEUMOBACT,MR-PRESSO (Outlier-corrected),,-0.117530601529397,0.0383260045055941,0.0181540429894944,,0.804,-0.0129206827582295,0.360141026172673,3.48429252431701,0.836886390822585,0,TRUE,8.21526768769614e-129,0.804
ENTR1,Bacterial pneumoniae,Q96C92,J10_PNEUMOBACT,Weighted median,8,-0.143508428104731,0.0678033954399296,0.0342991205573451,,,-0.0129206827582295,0.360141026172673,3.48429252431701,0.836886390822585,0,TRUE,8.21526768769614e-129,0.804
ERBB3,Bacterial pneumoniae,P21860,J10_PNEUMOBACT,Inverse variance weighted (multiplicative random effects),21,0.105481985018977,0.033123312350843,0.00144992258838261,0.0729245156384256,,0.00648413874624571,0.225016509480039,22.2765273903134,0.325696007106951,10.2193997763912,TRUE,0,0.376
ERBB3,Bacterial pneumoniae,P21860,J10_PNEUMOBACT,Contamination mixture,,0.0940022088431918,0.0357142857142857,0.00918616485356493,,,0.00648413874624571,0.225016509480039,22.2765273903134,0.325696007106951,10.2193997763912,TRUE,0,0.376
ERBB3,Bacterial pneumoniae,P21860,J10_PNEUMOBACT,MR-PRESSO (Outlier-corrected),,0.105481985018977,0.033123312350843,0.00465778615278243,,0.376,0.00648413874624571,0.225016509480039,22.2765273903134,0.325696007106951,10.2193997763912,TRUE,0,0.376
ERBB3,Bacterial pneumoniae,P21860,J10_PNEUMOBACT,Weighted median,21,0.0792966063663783,0.0433228211348168,0.0671952712483772,,,0.00648413874624571,0.225016509480039,22.2765273903134,0.325696007106951,10.2193997763912,TRUE,0,0.376
ERMAP,Bacterial pneumoniae,Q96PL5,J10_PNEUMOBACT,Inverse variance weighted (multiplicative random effects),34,0.049607576586439,0.0216699295569167,0.0220656607808432,0.350869971098069,,0.00665969732181027,0.151326422744995,34.0325554135849,0.417706772457666,3.03402257349363,TRUE,0,0.462
ERMAP,Bacterial pneumoniae,Q96PL5,J10_PNEUMOBACT,Contamination mixture,,0.0441442797065126,0.0204081632653061,0.0851746623780505,,,0.00665969732181027,0.151326422744995,34.0325554135849,0.417706772457666,3.03402257349363,TRUE,0,0.462
ERMAP,Bacterial pneumoniae,Q96PL5,J10_PNEUMOBACT,MR-PRESSO (Outlier-corrected),,0.049607576586439,0.0216699295569167,0.0285979666623709,,0.462,0.00665969732181027,0.151326422744995,34.0325554135849,0.417706772457666,3.03402257349363,TRUE,0,0.462
ERMAP,Bacterial pneumoniae,Q96PL5,J10_PNEUMOBACT,Weighted median,34,0.0429773256855379,0.0294635223418252,0.144658110733582,,,0.00665969732181027,0.151326422744995,34.0325554135849,0.417706772457666,3.03402257349363,TRUE,0,0.462
EZR,Bacterial pneumoniae,P15311,J10_PNEUMOBACT,Inverse variance weighted (multiplicative random effects),4,0.23117576164371,0.100957510762859,0.0220310442380194,0.350869971098069,,-0.00161594755724976,0.965624118644344,3.35687204347232,0.339805230053782,10.6310886697716,TRUE,3.38185275968641e-32,0.364
EZR,Bacterial pneumoniae,P15311,J10_PNEUMOBACT,Contamination mixture,,0.235203940571296,0.186224489795918,0.26885233214508,,,-0.00161594755724976,0.965624118644344,3.35687204347232,0.339805230053782,10.6310886697716,TRUE,3.38185275968641e-32,0.364
EZR,Bacterial pneumoniae,P15311,J10_PNEUMOBACT,MR-PRESSO (Outlier-corrected),,0.23117576164371,0.100957510762859,0.105972739724832,,0.364,-0.00161594755724976,0.965624118644344,3.35687204347232,0.339805230053782,10.6310886697716,TRUE,3.38185275968641e-32,0.364
EZR,Bacterial pneumoniae,P15311,J10_PNEUMOBACT,Weighted median,4,0.138293502711488,0.124156075453795,0.265335738949826,,,-0.00161594755724976,0.965624118644344,3.35687204347232,0.339805230053782,10.6310886697716,TRUE,3.38185275968641e-32,0.364
F12,Bacterial pneumoniae,P00748,J10_PNEUMOBACT,Inverse variance weighted (multiplicative random effects),45,0.0293502465377698,0.01445725515455,0.0423423488641801,0.450095155435352,,0.0059377108391519,0.131082293288379,62.2109024630838,0.0364950592274651,29.272847269641,TRUE,0,0.047
F12,Bacterial pneumoniae,P00748,J10_PNEUMOBACT,Contamination mixture,,0.0320312255749065,0.0153061224489796,0.0687321928323738,,,0.0059377108391519,0.131082293288379,62.2109024630838,0.0364950592274651,29.272847269641,TRUE,0,0.047
F12,Bacterial pneumoniae,P00748,J10_PNEUMOBACT,MR-PRESSO (Outlier-corrected),,0.0293502465377698,0.01445725515455,0.0484148661582639,,0.047,0.0059377108391519,0.131082293288379,62.2109024630838,0.0364950592274651,29.272847269641,TRUE,0,0.047
F12,Bacterial pneumoniae,P00748,J10_PNEUMOBACT,Weighted median,45,0.0377447309296564,0.0178901405731768,0.0348750453345239,,,0.0059377108391519,0.131082293288379,62.2109024630838,0.0364950592274651,29.272847269641,TRUE,0,0.047
F2,Bacterial pneumoniae,P00734,J10_PNEUMOBACT,Inverse variance weighted (multiplicative random effects),8,0.177294642522659,0.0516004013690973,0.000590554134673295,0.0429558662258689,,-0.00335821607294607,0.699950906118434,7.8531315369186,0.34572272907213,10.8635839461992,TRUE,2.59745348506918e-101,0.324
F2,Bacterial pneumoniae,P00734,J10_PNEUMOBACT,Contamination mixture,,0.257174302053993,0.0714285714285714,0.0202590277285453,,,-0.00335821607294607,0.699950906118434,7.8531315369186,0.34572272907213,10.8635839461992,TRUE,2.59745348506918e-101,0.324
F2,Bacterial pneumoniae,P00734,J10_PNEUMOBACT,MR-PRESSO (Outlier-corrected),,0.177294642522659,0.0516004013690973,0.0108973825274096,,0.324,-0.00335821607294607,0.699950906118434,7.8531315369186,0.34572272907213,10.8635839461992,TRUE,2.59745348506918e-101,0.324
F2,Bacterial pneumoniae,P00734,J10_PNEUMOBACT,Weighted median,8,0.206396045721501,0.0695493123948817,0.00300113489961854,,,-0.00335821607294607,0.699950906118434,7.8531315369186,0.34572272907213,10.8635839461992,TRUE,2.59745348506918e-101,0.324
F7,Bacterial pneumoniae,P08709,J10_PNEUMOBACT,Inverse variance weighted (multiplicative random effects),30,0.0552638981489364,0.0205344474639863,0.00711789427391312,0.176987640765952,,-0.0046244293367424,0.240559880681145,22.3438647170815,0.805677477139017,0,TRUE,0,0.811
F7,Bacterial pneumoniae,P08709,J10_PNEUMOBACT,Contamination mixture,,0.0860446117922552,0.0306122448979592,0.0163541006531163,,,-0.0046244293367424,0.240559880681145,22.3438647170815,0.805677477139017,0,TRUE,0,0.811
F7,Bacterial pneumoniae,P08709,J10_PNEUMOBACT,MR-PRESSO (Outlier-corrected),,0.0552638981489364,0.0205344474639863,0.0116911624603206,,0.811,-0.0046244293367424,0.240559880681145,22.3438647170815,0.805677477139017,0,TRUE,0,0.811
F7,Bacterial pneumoniae,P08709,J10_PNEUMOBACT,Weighted median,30,0.0828575482454277,0.0333455638727739,0.0129618874284172,,,-0.0046244293367424,0.240559880681145,22.3438647170815,0.805677477139017,0,TRUE,0,0.811
FASLG,Bacterial pneumoniae,P48023,J10_PNEUMOBACT,Inverse variance weighted (multiplicative random effects),59,0.0874289646050202,0.0242685173258295,0.000315089903034329,0.0332044740673795,,0.00126157088227314,0.759012541126038,82.1099646558867,0.0203262422798243,29.3630191620819,TRUE,0,0.022
FASLG,Bacterial pneumoniae,P48023,J10_PNEUMOBACT,Contamination mixture,,0.0876089269535114,0.0255102040816326,0.00309669763002449,,,0.00126157088227314,0.759012541126038,82.1099646558867,0.0203262422798243,29.3630191620819,TRUE,0,0.022
FASLG,Bacterial pneumoniae,P48023,J10_PNEUMOBACT,MR-PRESSO (Outlier-corrected),,0.0947424247702733,0.0218550346605992,5.99692254274761e-05,,0.022,0.00126157088227314,0.759012541126038,82.1099646558867,0.0203262422798243,29.3630191620819,TRUE,0,0.022
FASLG,Bacterial pneumoniae,P48023,J10_PNEUMOBACT,Weighted median,59,0.0587827823956065,0.0330910976386277,0.075668222858912,,,0.00126157088227314,0.759012541126038,82.1099646558867,0.0203262422798243,29.3630191620819,TRUE,0,0.022
FBLN2,Bacterial pneumoniae,P98095,J10_PNEUMOBACT,Inverse variance weighted (multiplicative random effects),18,0.045267814106746,0.0227505961782582,0.0466193762720154,0.468948544045318,,-0.00332301573789068,0.415947701072101,13.9177378714628,0.67291618263732,0,TRUE,0,0.72
FBLN2,Bacterial pneumoniae,P98095,J10_PNEUMOBACT,Contamination mixture,,0.0615771676583004,0.0255102040816327,0.0347889200727148,,,-0.00332301573789068,0.415947701072101,13.9177378714628,0.67291618263732,0,TRUE,0,0.72
FBLN2,Bacterial pneumoniae,P98095,J10_PNEUMOBACT,MR-PRESSO (Outlier-corrected),,0.045267814106746,0.0227505961782582,0.0629534250953913,,0.72,-0.00332301573789068,0.415947701072101,13.9177378714628,0.67291618263732,0,TRUE,0,0.72
FBLN2,Bacterial pneumoniae,P98095,J10_PNEUMOBACT,Weighted median,18,0.0463300190644424,0.0325795315066627,0.15500909649038,,,-0.00332301573789068,0.415947701072101,13.9177378714628,0.67291618263732,0,TRUE,0,0.72
FCGR2A,Bacterial pneumoniae,P12318,J10_PNEUMOBACT,Inverse variance weighted (multiplicative random effects),39,-0.0359782052899511,0.0163389728688921,0.0276662291944313,0.380295442391381,,0.00210865390308963,0.658016341669008,49.061409660281,0.107854457990253,22.5460494039496,TRUE,0,0.126
FCGR2A,Bacterial pneumoniae,P12318,J10_PNEUMOBACT,Contamination mixture,,-0.0492212592254697,0.0204081632653061,0.063913382509155,,,0.00210865390308963,0.658016341669008,49.061409660281,0.107854457990253,22.5460494039496,TRUE,0,0.126
FCGR2A,Bacterial pneumoniae,P12318,J10_PNEUMOBACT,MR-PRESSO (Outlier-corrected),,-0.0359782052899511,0.0163389728688921,0.0338080626076491,,0.126,0.00210865390308963,0.658016341669008,49.061409660281,0.107854457990253,22.5460494039496,TRUE,0,0.126
FCGR2A,Bacterial pneumoniae,P12318,J10_PNEUMOBACT,Weighted median,39,-0.0447525366748373,0.0218206614744794,0.0402742665613752,,,0.00210865390308963,0.658016341669008,49.061409660281,0.107854457990253,22.5460494039496,TRUE,0,0.126
FCRL1,Bacterial pneumoniae,Q96LA6,J10_PNEUMOBACT,Inverse variance weighted (multiplicative random effects),57,0.0562828529391788,0.0241857276375951,0.0199594019644345,0.335208384251199,,0.00328682637665125,0.40892354053975,73.491067195525,0.0584327195715993,23.8002628931616,TRUE,0,0.096
FCRL1,Bacterial pneumoniae,Q96LA6,J10_PNEUMOBACT,Contamination mixture,,0.0700031022180858,0.0280612244897959,0.0238122783856992,,,0.00328682637665125,0.40892354053975,73.491067195525,0.0584327195715993,23.8002628931616,TRUE,0,0.096
FCRL1,Bacterial pneumoniae,Q96LA6,J10_PNEUMOBACT,MR-PRESSO (Outlier-corrected),,0.0562828529391788,0.0241857276375951,0.023600617219687,,0.096,0.00328682637665125,0.40892354053975,73.491067195525,0.0584327195715993,23.8002628931616,TRUE,0,0.096
FCRL1,Bacterial pneumoniae,Q96LA6,J10_PNEUMOBACT,Weighted median,57,0.06164662593229,0.0365195195555307,0.0914024147189661,,,0.00328682637665125,0.40892354053975,73.491067195525,0.0584327195715993,23.8002628931616,TRUE,0,0.096
FGF21,Bacterial pneumoniae,Q9NSA1,J10_PNEUMOBACT,Inverse variance weighted (multiplicative random effects),9,0.151530422123234,0.0341085384777351,8.88803738390999e-06,0.00166200164631702,,-0.0206825314510972,0.157460971731413,5.40999152359462,0.71299046772182,0,TRUE,4.14181163845938e-193,0.739
FGF21,Bacterial pneumoniae,Q9NSA1,J10_PNEUMOBACT,Contamination mixture,,0.183631881752257,0.0535714285714286,0.00953500782929009,,,-0.0206825314510972,0.157460971731413,5.40999152359462,0.71299046772182,0,TRUE,4.14181163845938e-193,0.739
FGF21,Bacterial pneumoniae,Q9NSA1,J10_PNEUMOBACT,MR-PRESSO (Outlier-corrected),,0.151530422123234,0.0341085384777351,0.00216047272786281,,0.739,-0.0206825314510972,0.157460971731413,5.40999152359462,0.71299046772182,0,TRUE,4.14181163845938e-193,0.739
FGF21,Bacterial pneumoniae,Q9NSA1,J10_PNEUMOBACT,Weighted median,9,0.158656236554991,0.052146200145798,0.00234600550838333,,,-0.0206825314510972,0.157460971731413,5.40999152359462,0.71299046772182,0,TRUE,4.14181163845938e-193,0.739
FGFBP1,Bacterial pneumoniae,Q14512,J10_PNEUMOBACT,Inverse variance weighted (multiplicative random effects),28,-0.103141007358908,0.0364588999162341,0.00466985833965814,0.143577760015246,,0.00104394614127533,0.877497237673022,38.2035671368682,0.0747009201848818,29.3259713071563,TRUE,0,0.112
FGFBP1,Bacterial pneumoniae,Q14512,J10_PNEUMOBACT,Contamination mixture,,-0.157726418508013,0.0586734693877551,0.0373509924348741,,,0.00104394614127533,0.877497237673022,38.2035671368682,0.0747009201848818,29.3259713071563,TRUE,0,0.112
FGFBP1,Bacterial pneumoniae,Q14512,J10_PNEUMOBACT,MR-PRESSO (Outlier-corrected),,-0.103141007358908,0.0364588999162341,0.00870007051463946,,0.112,0.00104394614127533,0.877497237673022,38.2035671368682,0.0747009201848818,29.3259713071563,TRUE,0,0.112
FGFBP1,Bacterial pneumoniae,Q14512,J10_PNEUMOBACT,Weighted median,28,-0.115665530725482,0.0467017278241917,0.013260838790281,,,0.00104394614127533,0.877497237673022,38.2035671368682,0.0747009201848818,29.3259713071563,TRUE,0,0.112
FGFR2,Bacterial pneumoniae,P21802,J10_PNEUMOBACT,Inverse variance weighted (multiplicative random effects),18,0.0965395576915635,0.0420116579510724,0.0215661684363232,0.348364458026155,,0.00257223624779785,0.786809073896079,15.3877943097715,0.567570987041977,0,TRUE,6.80742328137935e-181,0.545
FGFR2,Bacterial pneumoniae,P21802,J10_PNEUMOBACT,Contamination mixture,,0.106037771074275,0.0663265306122449,0.1097432788815,,,0.00257223624779785,0.786809073896079,15.3877943097715,0.567570987041977,0,TRUE,6.80742328137935e-181,0.545
FGFR2,Bacterial pneumoniae,P21802,J10_PNEUMOBACT,MR-PRESSO (Outlier-corrected),,0.0965395576915635,0.0420116579510724,0.0345298792834992,,0.545,0.00257223624779785,0.786809073896079,15.3877943097715,0.567570987041977,0,TRUE,6.80742328137935e-181,0.545
FGFR2,Bacterial pneumoniae,P21802,J10_PNEUMOBACT,Weighted median,18,0.106495696719005,0.0612414866082996,0.0820440936775232,,,0.00257223624779785,0.786809073896079,15.3877943097715,0.567570987041977,0,TRUE,6.80742328137935e-181,0.545
FOLR1,Bacterial pneumoniae,P15328,J10_PNEUMOBACT,Inverse variance weighted (multiplicative random effects),14,0.122883065067867,0.0444248050152647,0.00567326549955447,0.156936706881426,,-0.00486731932882739,0.629437625387994,16.5381874330025,0.221284207439544,21.3940460363989,TRUE,4.12451309086775e-209,0.251
FOLR1,Bacterial pneumoniae,P15328,J10_PNEUMOBACT,Contamination mixture,,0.175152363301505,0.0408163265306123,0.000312329432395435,,,-0.00486731932882739,0.629437625387994,16.5381874330025,0.221284207439544,21.3940460363989,TRUE,4.12451309086775e-209,0.251
FOLR1,Bacterial pneumoniae,P15328,J10_PNEUMOBACT,MR-PRESSO (Outlier-corrected),,0.122883065067867,0.0444248050152647,0.0160369715952539,,0.251,-0.00486731932882739,0.629437625387994,16.5381874330025,0.221284207439544,21.3940460363989,TRUE,4.12451309086775e-209,0.251
FOLR1,Bacterial pneumoniae,P15328,J10_PNEUMOBACT,Weighted median,14,0.176053733350246,0.0515208572532414,0.000632838502488499,,,-0.00486731932882739,0.629437625387994,16.5381874330025,0.221284207439544,21.3940460363989,TRUE,4.12451309086775e-209,0.251
FUCA1,Bacterial pneumoniae,P04066,J10_PNEUMOBACT,Inverse variance weighted (multiplicative random effects),59,0.0276671308334084,0.0111433637716709,0.0130341536502656,0.267079463222572,,-0.00334876317590439,0.333348531481882,69.212555857525,0.148784203413503,16.2001759920644,TRUE,0,0.129
FUCA1,Bacterial pneumoniae,P04066,J10_PNEUMOBACT,Contamination mixture,,0.0291134191851326,0.0127551020408163,0.06882254054683,,,-0.00334876317590439,0.333348531481882,69.212555857525,0.148784203413503,16.2001759920644,TRUE,0,0.129
FUCA1,Bacterial pneumoniae,P04066,J10_PNEUMOBACT,MR-PRESSO (Outlier-corrected),,0.0276671308334084,0.0111433637716709,0.0159486770601283,,0.129,-0.00334876317590439,0.333348531481882,69.212555857525,0.148784203413503,16.2001759920644,TRUE,0,0.129
FUCA1,Bacterial pneumoniae,P04066,J10_PNEUMOBACT,Weighted median,59,0.0265468091136336,0.0167296916782815,0.112556129345857,,,-0.00334876317590439,0.333348531481882,69.212555857525,0.148784203413503,16.2001759920644,TRUE,0,0.129
GFRA1,Bacterial pneumoniae,P56159,J10_PNEUMOBACT,Inverse variance weighted (multiplicative random effects),15,0.0773884634997028,0.0332766306920924,0.0200393681950568,0.335208384251199,,0.00590907530667766,0.379772930109738,16.1414613081767,0.304811956404325,13.2668366716707,TRUE,0,0.373
GFRA1,Bacterial pneumoniae,P56159,J10_PNEUMOBACT,Contamination mixture,,0.0679570544842171,0.0433673469387755,0.1681768959769,,,0.00590907530667766,0.379772930109738,16.1414613081767,0.304811956404325,13.2668366716707,TRUE,0,0.373
GFRA1,Bacterial pneumoniae,P56159,J10_PNEUMOBACT,MR-PRESSO (Outlier-corrected),,0.0773884634997028,0.0332766306920924,0.0355775377987198,,0.373,0.00590907530667766,0.379772930109738,16.1414613081767,0.304811956404325,13.2668366716707,TRUE,0,0.373
GFRA1,Bacterial pneumoniae,P56159,J10_PNEUMOBACT,Weighted median,15,0.0460552280853478,0.0394037118315214,0.242482484863479,,,0.00590907530667766,0.379772930109738,16.1414613081767,0.304811956404325,13.2668366716707,TRUE,0,0.373
GIMAP7,Bacterial pneumoniae,Q8NHV1,J10_PNEUMOBACT,Inverse variance weighted (multiplicative random effects),13,-0.0519069029671058,0.0244193945288936,0.033533037564889,0.414122771207857,,0.00729525836968427,0.310066086039094,4.70954326333391,0.966983652289043,0,TRUE,7.69135961352744e-219,0.958
GIMAP7,Bacterial pneumoniae,Q8NHV1,J10_PNEUMOBACT,Contamination mixture,,-0.0923623878418597,0.0739795918367347,0.212230028941288,,,0.00729525836968427,0.310066086039094,4.70954326333391,0.966983652289043,0,TRUE,7.69135961352744e-219,0.958
GIMAP7,Bacterial pneumoniae,Q8NHV1,J10_PNEUMOBACT,MR-PRESSO (Outlier-corrected),,-0.0519069029671058,0.0244193945288936,0.0549799358795592,,0.958,0.00729525836968427,0.310066086039094,4.70954326333391,0.966983652289043,0,TRUE,7.69135961352744e-219,0.958
GIMAP7,Bacterial pneumoniae,Q8NHV1,J10_PNEUMOBACT,Weighted median,13,-0.0636804265556164,0.0494911572334494,0.198197784275929,,,0.00729525836968427,0.310066086039094,4.70954326333391,0.966983652289043,0,TRUE,7.69135961352744e-219,0.958
GIT1,Bacterial pneumoniae,Q9Y2X7,J10_PNEUMOBACT,Inverse variance weighted (multiplicative random effects),4,0.144128561582755,0.0718796601245882,0.0449484095659658,0.458737536681538,,-0.028595082378339,0.511140161446686,1.39848853494749,0.705889065265532,0,TRUE,8.11639336818135e-33,0.729
GIT1,Bacterial pneumoniae,Q9Y2X7,J10_PNEUMOBACT,Contamination mixture,,0.187400595762129,0.25,0.219351057030728,,,-0.028595082378339,0.511140161446686,1.39848853494749,0.705889065265532,0,TRUE,8.11639336818135e-33,0.729
GIT1,Bacterial pneumoniae,Q9Y2X7,J10_PNEUMOBACT,MR-PRESSO (Outlier-corrected),,0.144128561582755,0.0718796601245882,0.138634414441145,,0.729,-0.028595082378339,0.511140161446686,1.39848853494749,0.705889065265532,0,TRUE,8.11639336818135e-33,0.729
GIT1,Bacterial pneumoniae,Q9Y2X7,J10_PNEUMOBACT,Weighted median,4,0.143090485832052,0.125643740684111,0.254762031907096,,,-0.028595082378339,0.511140161446686,1.39848853494749,0.705889065265532,0,TRUE,8.11639336818135e-33,0.729
GNE,Bacterial pneumoniae,Q9Y223,J10_PNEUMOBACT,Inverse variance weighted (multiplicative random effects),5,0.124733600830699,0.0607918471255844,0.040187681722695,0.443566381174274,,0.0009601016483176,0.938156114361089,3.32904199908018,0.504344004270326,0,TRUE,5.41830753399772e-81,0.637
GNE,Bacterial pneumoniae,Q9Y223,J10_PNEUMOBACT,Contamination mixture,,0.154676074756171,0.086734693877551,0.108853511200882,,,0.0009601016483176,0.938156114361089,3.32904199908018,0.504344004270326,0,TRUE,5.41830753399772e-81,0.637
GNE,Bacterial pneumoniae,Q9Y223,J10_PNEUMOBACT,MR-PRESSO (Outlier-corrected),,0.124733600830699,0.0607918471255844,0.109464542175121,,0.637,0.0009601016483176,0.938156114361089,3.32904199908018,0.504344004270326,0,TRUE,5.41830753399772e-81,0.637
GNE,Bacterial pneumoniae,Q9Y223,J10_PNEUMOBACT,Weighted median,5,0.130348624209697,0.0741723924928824,0.0788541046850498,,,0.0009601016483176,0.938156114361089,3.32904199908018,0.504344004270326,0,TRUE,5.41830753399772e-81,0.637
GOLGA3,Bacterial pneumoniae,Q08378,J10_PNEUMOBACT,Inverse variance weighted (multiplicative random effects),5,0.0562740907721518,0.0262256187583324,0.0318915012149769,0.407953134038982,,0.0102457890985494,0.49818893993727,1.56976509045566,0.814215722157768,0,TRUE,6.48324120287591e-206,0.778
GOLGA3,Bacterial pneumoniae,Q08378,J10_PNEUMOBACT,Contamination mixture,,0.0587409668002849,0.188775510204082,0.262113767403118,,,0.0102457890985494,0.49818893993727,1.56976509045566,0.814215722157768,0,TRUE,6.48324120287591e-206,0.778
GOLGA3,Bacterial pneumoniae,Q08378,J10_PNEUMOBACT,MR-PRESSO (Outlier-corrected),,0.0562740907721518,0.0262256187583324,0.0984480809569591,,0.778,0.0102457890985494,0.49818893993727,1.56976509045566,0.814215722157768,0,TRUE,6.48324120287591e-206,0.778
GOLGA3,Bacterial pneumoniae,Q08378,J10_PNEUMOBACT,Weighted median,5,0.0385524505737553,0.0478604996766546,0.420521346608275,,,0.0102457890985494,0.49818893993727,1.56976509045566,0.814215722157768,0,TRUE,6.48324120287591e-206,0.778
GPA33,Bacterial pneumoniae,Q99795,J10_PNEUMOBACT,Inverse variance weighted (multiplicative random effects),38,-0.0449571328356179,0.0166252494511041,0.00684798083720832,0.175489442472881,,0.00331898648392412,0.286499416736002,30.5892686070936,0.762526702226357,0,TRUE,0,0.759
GPA33,Bacterial pneumoniae,Q99795,J10_PNEUMOBACT,Contamination mixture,,-0.0619554849927567,0.0229591836734694,0.0367485485530157,,,0.00331898648392412,0.286499416736002,30.5892686070936,0.762526702226357,0,TRUE,0,0.759
GPA33,Bacterial pneumoniae,Q99795,J10_PNEUMOBACT,MR-PRESSO (Outlier-corrected),,-0.0449571328356179,0.0166252494511041,0.0102862620110194,,0.759,0.00331898648392412,0.286499416736002,30.5892686070936,0.762526702226357,0,TRUE,0,0.759
GPA33,Bacterial pneumoniae,Q99795,J10_PNEUMOBACT,Weighted median,38,-0.0591803116481632,0.0285460085553265,0.0381578200215174,,,0.00331898648392412,0.286499416736002,30.5892686070936,0.762526702226357,0,TRUE,0,0.759
GSTP1,Bacterial pneumoniae,P09211,J10_PNEUMOBACT,Inverse variance weighted (multiplicative random effects),4,0.0418577095748123,0.00878829233382589,1.9083558759494e-06,0.00046924350594178,,-0.00401855695401902,0.802107339564464,0.161734761154366,0.983516504500547,0,TRUE,3.05389809789431e-189,0.984
GSTP1,Bacterial pneumoniae,P09211,J10_PNEUMOBACT,Contamination mixture,,0.0428865160928498,0.104591836734694,0.264364542879032,,,-0.00401855695401902,0.802107339564464,0.161734761154366,0.983516504500547,0,TRUE,3.05389809789431e-189,0.984
GSTP1,Bacterial pneumoniae,P09211,J10_PNEUMOBACT,MR-PRESSO (Outlier-corrected),,0.0418577095748123,0.00878829233382589,0.0175751507287081,,0.984,-0.00401855695401902,0.802107339564464,0.161734761154366,0.983516504500547,0,TRUE,3.05389809789431e-189,0.984
GSTP1,Bacterial pneumoniae,P09211,J10_PNEUMOBACT,Weighted median,4,0.04312418877458,0.040987129795936,0.292735434091489,,,-0.00401855695401902,0.802107339564464,0.161734761154366,0.983516504500547,0,TRUE,3.05389809789431e-189,0.984
HBZ,Bacterial pneumoniae,P02008,J10_PNEUMOBACT,Inverse variance weighted (multiplicative random effects),35,0.0252315506246007,0.0116366646290847,0.0301373666906007,0.403306184452942,,-0.00286413111247325,0.545610153860127,29.3056465301595,0.697033668234924,0,TRUE,0,0.716
HBZ,Bacterial pneumoniae,P02008,J10_PNEUMOBACT,Contamination mixture,,0.0220316590580398,0.0127551020408163,0.0616662989191925,,,-0.00286413111247325,0.545610153860127,29.3056465301595,0.697033668234924,0,TRUE,0,0.716
HBZ,Bacterial pneumoniae,P02008,J10_PNEUMOBACT,MR-PRESSO (Outlier-corrected),,0.0252315506246007,0.0116366646290847,0.0372274379354191,,0.716,-0.00286413111247325,0.545610153860127,29.3056465301595,0.697033668234924,0,TRUE,0,0.716
HBZ,Bacterial pneumoniae,P02008,J10_PNEUMOBACT,Weighted median,35,0.0263282836547373,0.0191207494998306,0.168528230425136,,,-0.00286413111247325,0.545610153860127,29.3056465301595,0.697033668234924,0,TRUE,0,0.716
HDGFL2,Bacterial pneumoniae,Q7Z4V5,J10_PNEUMOBACT,Inverse variance weighted (multiplicative random effects),4,0.160009700936005,0.0699654666569575,0.02219692541967,0.350869971098069,,0.00989779806085563,0.59613557834005,2.4832212891126,0.478331005162372,0,TRUE,1.97445941152649e-64,0.662
HDGFL2,Bacterial pneumoniae,Q7Z4V5,J10_PNEUMOBACT,Contamination mixture,,0.161324549591778,0.0943877551020408,0.098977354883576,,,0.00989779806085563,0.59613557834005,2.4832212891126,0.478331005162372,0,TRUE,1.97445941152649e-64,0.662
HDGFL2,Bacterial pneumoniae,Q7Z4V5,J10_PNEUMOBACT,MR-PRESSO (Outlier-corrected),,0.160009700936005,0.0699654666569575,0.106250767916916,,0.662,0.00989779806085563,0.59613557834005,2.4832212891126,0.478331005162372,0,TRUE,1.97445941152649e-64,0.662
HDGFL2,Bacterial pneumoniae,Q7Z4V5,J10_PNEUMOBACT,Weighted median,4,0.141367793551106,0.0825286821511383,0.0867210976947823,,,0.00989779806085563,0.59613557834005,2.4832212891126,0.478331005162372,0,TRUE,1.97445941152649e-64,0.662
HHEX,Bacterial pneumoniae,Q03014,J10_PNEUMOBACT,Inverse variance weighted (multiplicative random effects),12,0.114846658538668,0.0445258990281744,0.00989942844836061,0.221287223800223,,0.00392322510953798,0.643650147430107,5.75056070069497,0.889478267737054,0,TRUE,8.66011615126697e-89,0.885
HHEX,Bacterial pneumoniae,Q03014,J10_PNEUMOBACT,Contamination mixture,,0.15968615607346,0.10969387755102,0.142114182461775,,,0.00392322510953798,0.643650147430107,5.75056070069497,0.889478267737054,0,TRUE,8.66011615126697e-89,0.885
HHEX,Bacterial pneumoniae,Q03014,J10_PNEUMOBACT,MR-PRESSO (Outlier-corrected),,0.114846658538668,0.0445258990281744,0.0256212173785159,,0.885,0.00392322510953798,0.643650147430107,5.75056070069497,0.889478267737054,0,TRUE,8.66011615126697e-89,0.885
HHEX,Bacterial pneumoniae,Q03014,J10_PNEUMOBACT,Weighted median,12,0.112660226501263,0.0853712280072579,0.18695156653038,,,0.00392322510953798,0.643650147430107,5.75056070069497,0.889478267737054,0,TRUE,8.66011615126697e-89,0.885
HJV,Bacterial pneumoniae,Q6ZVN8,J10_PNEUMOBACT,Inverse variance weighted (multiplicative random effects),7,-0.0971187027664084,0.0459924500426928,0.0347188216551004,0.414122771207857,,-0.00958035249456172,0.374975092656547,8.98692692364799,0.174314627549475,33.2363548632877,TRUE,2.77199440802999e-199,0.329
HJV,Bacterial pneumoniae,Q6ZVN8,J10_PNEUMOBACT,Contamination mixture,,-0.0859461507994748,0.0408163265306123,0.0663430014846529,,,-0.00958035249456172,0.374975092656547,8.98692692364799,0.174314627549475,33.2363548632877,TRUE,2.77199440802999e-199,0.329
HJV,Bacterial pneumoniae,Q6ZVN8,J10_PNEUMOBACT,MR-PRESSO (Outlier-corrected),,-0.0971187027664084,0.0459924500426928,0.0791949865509587,,0.329,-0.00958035249456172,0.374975092656547,8.98692692364799,0.174314627549475,33.2363548632877,TRUE,2.77199440802999e-199,0.329
HJV,Bacterial pneumoniae,Q6ZVN8,J10_PNEUMOBACT,Weighted median,7,-0.066070414708309,0.0449600983377599,0.141687876899729,,,-0.00958035249456172,0.374975092656547,8.98692692364799,0.174314627549475,33.2363548632877,TRUE,2.77199440802999e-199,0.329
HS3ST3B1,Bacterial pneumoniae,Q9Y662,J10_PNEUMOBACT,Inverse variance weighted (multiplicative random effects),26,-0.0547716066026234,0.0209455901540707,0.00892413212587063,0.210096855261188,,0.0020553046187759,0.714965084447846,27.6593761418758,0.323770475105892,9.61473652997379,TRUE,0,0.251
HS3ST3B1,Bacterial pneumoniae,Q9Y662,J10_PNEUMOBACT,Contamination mixture,,-0.0811423208797686,0.0204081632653061,0.0140164345870969,,,0.0020553046187759,0.714965084447846,27.6593761418758,0.323770475105892,9.61473652997379,TRUE,0,0.251
HS3ST3B1,Bacterial pneumoniae,Q9Y662,J10_PNEUMOBACT,MR-PRESSO (Outlier-corrected),,-0.0547716066026234,0.0209455901540707,0.0149076514133302,,0.251,0.0020553046187759,0.714965084447846,27.6593761418758,0.323770475105892,9.61473652997379,TRUE,0,0.251
HS3ST3B1,Bacterial pneumoniae,Q9Y662,J10_PNEUMOBACT,Weighted median,26,-0.0944957414422472,0.0294126883173959,0.00131468695942226,,,0.0020553046187759,0.714965084447846,27.6593761418758,0.323770475105892,9.61473652997379,TRUE,0,0.251
ICOSLG,Bacterial pneumoniae,O75144,J10_PNEUMOBACT,Inverse variance weighted (multiplicative random effects),22,0.0750822956297677,0.0326669793542004,0.0215381452960544,0.348364458026155,,0.00202648199094007,0.764617828435375,18.4281642369667,0.621771135008037,0,TRUE,6.19432987946271e-266,0.642
ICOSLG,Bacterial pneumoniae,O75144,J10_PNEUMOBACT,Contamination mixture,,0.0913121556217169,0.038265306122449,0.0151692862022769,,,0.00202648199094007,0.764617828435375,18.4281642369667,0.621771135008037,0,TRUE,6.19432987946271e-266,0.642
ICOSLG,Bacterial pneumoniae,O75144,J10_PNEUMOBACT,MR-PRESSO (Outlier-corrected),,0.0750822956297677,0.0326669793542004,0.0319079599366649,,0.642,0.00202648199094007,0.764617828435375,18.4281642369667,0.621771135008037,0,TRUE,6.19432987946271e-266,0.642
ICOSLG,Bacterial pneumoniae,O75144,J10_PNEUMOBACT,Weighted median,22,0.103209292591875,0.049636417722249,0.0375892499127526,,,0.00202648199094007,0.764617828435375,18.4281642369667,0.621771135008037,0,TRUE,6.19432987946271e-266,0.642
IGFBP3,Bacterial pneumoniae,P17936,J10_PNEUMOBACT,Inverse variance weighted (multiplicative random effects),39,0.028747306953097,0.0143665271436762,0.0453932439946893,0.460803894313062,,0.00295338668662907,0.511543636924423,21.9839890213694,0.982429301369677,0,TRUE,0,0.981
IGFBP3,Bacterial pneumoniae,P17936,J10_PNEUMOBACT,Contamination mixture,,0.0397203152331336,0.0204081632653061,0.154268952804379,,,0.00295338668662907,0.511543636924423,21.9839890213694,0.982429301369677,0,TRUE,0,0.981
IGFBP3,Bacterial pneumoniae,P17936,J10_PNEUMOBACT,MR-PRESSO (Outlier-corrected),,0.028747306953097,0.0143665271436762,0.0525734755415891,,0.981,0.00295338668662907,0.511543636924423,21.9839890213694,0.982429301369677,0,TRUE,0,0.981
IGFBP3,Bacterial pneumoniae,P17936,J10_PNEUMOBACT,Weighted median,39,0.0143491867795242,0.0259834262948137,0.580781310662638,,,0.00295338668662907,0.511543636924423,21.9839890213694,0.982429301369677,0,TRUE,0,0.981
IL12A,Bacterial pneumoniae,P29459_P29460,J10_PNEUMOBACT,Inverse variance weighted (multiplicative random effects),59,0.0412368511953966,0.0188056126795262,0.02832216101645,0.386894705737061,,0.00334047712126203,0.35162966518707,71.759599958793,0.105767453363157,19.1745772923682,TRUE,0,0.081
IL12A,Bacterial pneumoniae,P29459_P29460,J10_PNEUMOBACT,Contamination mixture,,0.0938908277903756,0.0229591836734694,0.000852709685472772,,,0.00334047712126203,0.35162966518707,71.759599958793,0.105767453363157,19.1745772923682,TRUE,0,0.081
IL12A,Bacterial pneumoniae,P29459_P29460,J10_PNEUMOBACT,MR-PRESSO (Outlier-corrected),,0.0412368511953966,0.0188056126795262,0.0323467392087734,,0.081,0.00334047712126203,0.35162966518707,71.759599958793,0.105767453363157,19.1745772923682,TRUE,0,0.081
IL12A,Bacterial pneumoniae,P29459_P29460,J10_PNEUMOBACT,Weighted median,59,0.0378693922535502,0.0304480905040063,0.213596669767227,,,0.00334047712126203,0.35162966518707,71.759599958793,0.105767453363157,19.1745772923682,TRUE,0,0.081
IL2RA,Bacterial pneumoniae,P01589,J10_PNEUMOBACT,Inverse variance weighted (multiplicative random effects),31,0.046561363622673,0.0192458775882437,0.0155508271164638,0.296672244902883,,0.00469410099706346,0.268725732550222,26.144159929037,0.667753197498273,0,TRUE,0,0.722
IL2RA,Bacterial pneumoniae,P01589,J10_PNEUMOBACT,Contamination mixture,,0.0411323111379103,0.0229591836734694,0.0577262348947866,,,0.00469410099706346,0.268725732550222,26.144159929037,0.667753197498273,0,TRUE,0,0.722
IL2RA,Bacterial pneumoniae,P01589,J10_PNEUMOBACT,MR-PRESSO (Outlier-corrected),,0.046561363622673,0.0192458775882437,0.0218231607001249,,0.722,0.00469410099706346,0.268725732550222,26.144159929037,0.667753197498273,0,TRUE,0,0.722
IL2RA,Bacterial pneumoniae,P01589,J10_PNEUMOBACT,Weighted median,31,0.0394568599019977,0.0276687615983505,0.153855762335255,,,0.00469410099706346,0.268725732550222,26.144159929037,0.667753197498273,0,TRUE,0,0.722
IL32,Bacterial pneumoniae,P24001,J10_PNEUMOBACT,Inverse variance weighted (multiplicative random effects),28,-0.0801173866364092,0.038125030960786,0.0356025401575997,0.414675901940885,,0.00409038007656302,0.529650286967688,47.9488817804317,0.0077797252971406,43.6900319727186,TRUE,0,0.008
IL32,Bacterial pneumoniae,P24001,J10_PNEUMOBACT,Contamination mixture,,-0.109342671691696,0.0331632653061225,0.00101744442861936,,,0.00409038007656302,0.529650286967688,47.9488817804317,0.0077797252971406,43.6900319727186,TRUE,0,0.008
IL32,Bacterial pneumoniae,P24001,J10_PNEUMOBACT,MR-PRESSO (Outlier-corrected),,-0.0793560570729428,0.0303424388779936,0.0148939649375908,,0.008,0.00409038007656302,0.529650286967688,47.9488817804317,0.0077797252971406,43.6900319727186,TRUE,0,0.008
IL32,Bacterial pneumoniae,P24001,J10_PNEUMOBACT,Weighted median,28,-0.0945703868187164,0.0453165479917886,0.0368986058148445,,,0.00409038007656302,0.529650286967688,47.9488817804317,0.0077797252971406,43.6900319727186,TRUE,0,0.008
IL6,Bacterial pneumoniae,P05231,J10_PNEUMOBACT,Inverse variance weighted (multiplicative random effects),9,0.205121719394606,0.0383517684156727,8.8720852309387e-08,2.45424057700842e-05,,0.0109038226769134,0.200232886296925,6.01089716264374,0.646011180785185,0,TRUE,3.51509802835294e-183,0.546
IL6,Bacterial pneumoniae,P05231,J10_PNEUMOBACT,Contamination mixture,,0.210550895649702,0.107142857142857,0.00265276534738659,,,0.0109038226769134,0.200232886296925,6.01089716264374,0.646011180785185,0,TRUE,3.51509802835294e-183,0.546
IL6,Bacterial pneumoniae,P05231,J10_PNEUMOBACT,MR-PRESSO (Outlier-corrected),,0.205121719394606,0.0383517684156727,0.000687143932612985,,0.546,0.0109038226769134,0.200232886296925,6.01089716264374,0.646011180785185,0,TRUE,3.51509802835294e-183,0.546
IL6,Bacterial pneumoniae,P05231,J10_PNEUMOBACT,Weighted median,9,0.178710814572275,0.048858008033979,0.000254430190078515,,,0.0109038226769134,0.200232886296925,6.01089716264374,0.646011180785185,0,TRUE,3.51509802835294e-183,0.546
IL6R,Bacterial pneumoniae,P08887,J10_PNEUMOBACT,Inverse variance weighted (multiplicative random effects),40,0.0378863808231536,0.0121286595541525,0.00178588092906154,0.0823365520002747,,0.00468829753470062,0.355952921657055,51.7186428974168,0.0835430469847115,24.5919888552451,TRUE,0,0.11
IL6R,Bacterial pneumoniae,P08887,J10_PNEUMOBACT,Contamination mixture,,0.0398928831544108,0.0102040816326531,0.000283581807792408,,,0.00468829753470062,0.355952921657055,51.7186428974168,0.0835430469847115,24.5919888552451,TRUE,0,0.11
IL6R,Bacterial pneumoniae,P08887,J10_PNEUMOBACT,MR-PRESSO (Outlier-corrected),,0.0378863808231536,0.0121286595541525,0.00336202471180844,,0.11,0.00468829753470062,0.355952921657055,51.7186428974168,0.0835430469847115,24.5919888552451,TRUE,0,0.11
IL6R,Bacterial pneumoniae,P08887,J10_PNEUMOBACT,Weighted median,40,0.0282351343502992,0.0151007966272509,0.0615146799337845,,,0.00468829753470062,0.355952921657055,51.7186428974168,0.0835430469847115,24.5919888552451,TRUE,0,0.11
ING1,Bacterial pneumoniae,Q9UK53,J10_PNEUMOBACT,Inverse variance weighted (multiplicative random effects),3,0.0719687364166708,0.0113015250391647,1.91439900919781e-10,1.05914125183869e-07,,0.00229585831676176,0.963376330451787,0.017793894592352,0.991142513426051,0,TRUE,1.12917698799366e-24,
ING1,Bacterial pneumoniae,Q9UK53,J10_PNEUMOBACT,Weighted median,3,0.0781247746145393,0.141549288817622,0.580998851596725,,,0.00229585831676176,0.963376330451787,0.017793894592352,0.991142513426051,0,TRUE,1.12917698799366e-24,
INPP5J,Bacterial pneumoniae,Q15735,J10_PNEUMOBACT,Inverse variance weighted (multiplicative random effects),4,-0.226845143524075,0.0520748514486291,1.32378446227263e-05,0.00209252501072095,,-0.0169113385832449,0.590936158089334,0.690094832030741,0.875531235005737,0,TRUE,7.12371017556501e-29,0.878
INPP5J,Bacterial pneumoniae,Q15735,J10_PNEUMOBACT,Contamination mixture,,-0.228107548654037,0.176020408163265,0.0456438388417054,,,-0.0169113385832449,0.590936158089334,0.690094832030741,0.875531235005737,0,TRUE,7.12371017556501e-29,0.878
INPP5J,Bacterial pneumoniae,Q15735,J10_PNEUMOBACT,MR-PRESSO (Outlier-corrected),,-0.226845143524075,0.0520748514486291,0.022353812428751,,0.878,-0.0169113385832449,0.590936158089334,0.690094832030741,0.875531235005737,0,TRUE,7.12371017556501e-29,0.878
INPP5J,Bacterial pneumoniae,Q15735,J10_PNEUMOBACT,Weighted median,4,-0.209522207046015,0.129508105658048,0.105699058658547,,,-0.0169113385832449,0.590936158089334,0.690094832030741,0.875531235005737,0,TRUE,7.12371017556501e-29,0.878
ITPR1,Bacterial pneumoniae,Q14643,J10_PNEUMOBACT,Inverse variance weighted (multiplicative random effects),13,-0.0879062065265111,0.0416498233317398,0.0348065230206333,0.414122771207857,,-0.00267965788859617,0.77941433646797,13.0161375952429,0.36786882444615,7.80675210143951,TRUE,6.55177517415118e-228,0.442
ITPR1,Bacterial pneumoniae,Q14643,J10_PNEUMOBACT,Contamination mixture,,-0.115256167505255,0.0535714285714286,0.0168982065644564,,,-0.00267965788859617,0.77941433646797,13.0161375952429,0.36786882444615,7.80675210143951,TRUE,6.55177517415118e-228,0.442
ITPR1,Bacterial pneumoniae,Q14643,J10_PNEUMOBACT,MR-PRESSO (Outlier-corrected),,-0.0879062065265111,0.0416498233317398,0.0564710942015141,,0.442,-0.00267965788859617,0.77941433646797,13.0161375952429,0.36786882444615,7.80675210143951,TRUE,6.55177517415118e-228,0.442
ITPR1,Bacterial pneumoniae,Q14643,J10_PNEUMOBACT,Weighted median,13,-0.127577707367057,0.0542597845776774,0.018711024444002,,,-0.00267965788859617,0.77941433646797,13.0161375952429,0.36786882444615,7.80675210143951,TRUE,6.55177517415118e-228,0.442
KIFBP,Bacterial pneumoniae,Q96EK5,J10_PNEUMOBACT,Inverse variance weighted (multiplicative random effects),6,0.0928432588306224,0.0428958946037382,0.030434764032373,0.403306184452942,,-0.0155410319549682,0.355453736248363,1.8375979789347,0.871128999346525,0,TRUE,1.48458834337554e-74,0.842
KIFBP,Bacterial pneumoniae,Q96EK5,J10_PNEUMOBACT,Contamination mixture,,0.12041544503083,0.176020408163265,0.179030370753365,,,-0.0155410319549682,0.355453736248363,1.8375979789347,0.871128999346525,0,TRUE,1.48458834337554e-74,0.842
KIFBP,Bacterial pneumoniae,Q96EK5,J10_PNEUMOBACT,MR-PRESSO (Outlier-corrected),,0.0928432588306224,0.0428958946037382,0.0827274215632605,,0.842,-0.0155410319549682,0.355453736248363,1.8375979789347,0.871128999346525,0,TRUE,1.48458834337554e-74,0.842
KIFBP,Bacterial pneumoniae,Q96EK5,J10_PNEUMOBACT,Weighted median,6,0.100838636656139,0.0846604876410513,0.233616509837438,,,-0.0155410319549682,0.355453736248363,1.8375979789347,0.871128999346525,0,TRUE,1.48458834337554e-74,0.842
KIR3DL2,Bacterial pneumoniae,P43630,J10_PNEUMOBACT,Inverse variance weighted (multiplicative random effects),3,0.161120319475489,0.0541607940134664,0.00293130409437729,0.110872269655835,,0.0147608956689769,0.647911353101671,0.5988498310757,0.741244376255689,0,TRUE,8.88316799271149e-32,
KIR3DL2,Bacterial pneumoniae,P43630,J10_PNEUMOBACT,Contamination mixture,,0.156839537790786,0.127551020408163,0.120104665437954,,,0.0147608956689769,0.647911353101671,0.5988498310757,0.741244376255689,0,TRUE,8.88316799271149e-32,
KIR3DL2,Bacterial pneumoniae,P43630,J10_PNEUMOBACT,Weighted median,3,0.145975829349978,0.106389799380391,0.170037032685376,,,0.0147608956689769,0.647911353101671,0.5988498310757,0.741244376255689,0,TRUE,8.88316799271149e-32,
KLK1,Bacterial pneumoniae,P06870,J10_PNEUMOBACT,Inverse variance weighted (multiplicative random effects),58,0.0322882278357406,0.0117697289837518,0.00608198890998538,0.164139529973142,,-0.00201065745619295,0.493636201531172,60.6456546757828,0.345833732065684,6.01140295256561,TRUE,0,0.356
KLK1,Bacterial pneumoniae,P06870,J10_PNEUMOBACT,Contamination mixture,,0.0359188345004118,0.0102040816326531,0.00955049688147023,,,-0.00201065745619295,0.493636201531172,60.6456546757828,0.345833732065684,6.01140295256561,TRUE,0,0.356
KLK1,Bacterial pneumoniae,P06870,J10_PNEUMOBACT,MR-PRESSO (Outlier-corrected),,0.0322882278357406,0.0117697289837518,0.00811579895806058,,0.356,-0.00201065745619295,0.493636201531172,60.6456546757828,0.345833732065684,6.01140295256561,TRUE,0,0.356
KLK1,Bacterial pneumoniae,P06870,J10_PNEUMOBACT,Weighted median,58,0.0276637516926774,0.0164611779080884,0.0928513092869625,,,-0.00201065745619295,0.493636201531172,60.6456546757828,0.345833732065684,6.01140295256561,TRUE,0,0.356
KLK3,Bacterial pneumoniae,P07288,J10_PNEUMOBACT,Inverse variance weighted (multiplicative random effects),4,0.161321388168979,0.0500019504684594,0.00125401003807526,0.0693781053565136,,0.00503401133723531,0.788506398992756,0.384323285722316,0.943461554740852,0,TRUE,6.45666805692675e-53,0.955
KLK3,Bacterial pneumoniae,P07288,J10_PNEUMOBACT,MR-PRESSO (Outlier-corrected),,0.161321388168979,0.0500019504684594,0.0483516725072532,,0.955,0.00503401133723531,0.788506398992756,0.384323285722316,0.943461554740852,0,TRUE,6.45666805692675e-53,0.955
KLK3,Bacterial pneumoniae,P07288,J10_PNEUMOBACT,Weighted median,4,0.188178410793487,0.155284105915413,0.225576296440557,,,0.00503401133723531,0.788506398992756,0.384323285722316,0.943461554740852,0,TRUE,6.45666805692675e-53,0.955
KLRB1,Bacterial pneumoniae,Q12918,J10_PNEUMOBACT,Inverse variance weighted (multiplicative random effects),27,0.0649441634606324,0.0307075277308149,0.0344362141003237,0.414122771207857,,0.00138587677045775,0.8039541495823,27.2385377641414,0.39690869910681,4.54700533070418,TRUE,0,0.385
KLRB1,Bacterial pneumoniae,Q12918,J10_PNEUMOBACT,Contamination mixture,,0.10853953718129,0.0357142857142857,0.00772103347889225,,,0.00138587677045775,0.8039541495823,27.2385377641414,0.39690869910681,4.54700533070418,TRUE,0,0.385
KLRB1,Bacterial pneumoniae,Q12918,J10_PNEUMOBACT,MR-PRESSO (Outlier-corrected),,0.0649441634606324,0.0307075277308149,0.0441781718728929,,0.385,0.00138587677045775,0.8039541495823,27.2385377641414,0.39690869910681,4.54700533070418,TRUE,0,0.385
KLRB1,Bacterial pneumoniae,Q12918,J10_PNEUMOBACT,Weighted median,27,0.104484875345324,0.0472406345614641,0.026983355542052,,,0.00138587677045775,0.8039541495823,27.2385377641414,0.39690869910681,4.54700533070418,TRUE,0,0.385
LCN15,Bacterial pneumoniae,Q6UWW0,J10_PNEUMOBACT,Inverse variance weighted (multiplicative random effects),24,-0.0399633567828136,0.0190047823662303,0.0354827939396601,0.414675901940885,,-0.00291234057797168,0.60159293462621,18.3832270386533,0.736383330183835,0,TRUE,0,0.744
LCN15,Bacterial pneumoniae,Q6UWW0,J10_PNEUMOBACT,Contamination mixture,,-0.0214982132061126,0.0229591836734694,0.359006836163533,,,-0.00291234057797168,0.60159293462621,18.3832270386533,0.736383330183835,0,TRUE,0,0.744
LCN15,Bacterial pneumoniae,Q6UWW0,J10_PNEUMOBACT,MR-PRESSO (Outlier-corrected),,-0.0399633567828136,0.0190047823662303,0.0466284184895843,,0.744,-0.00291234057797168,0.60159293462621,18.3832270386533,0.736383330183835,0,TRUE,0,0.744
LCN15,Bacterial pneumoniae,Q6UWW0,J10_PNEUMOBACT,Weighted median,24,-0.0205144083756343,0.0281537421692384,0.466211783168035,,,-0.00291234057797168,0.60159293462621,18.3832270386533,0.736383330183835,0,TRUE,0,0.744
LGALS9,Bacterial pneumoniae,O00182,J10_PNEUMOBACT,Inverse variance weighted (multiplicative random effects),32,0.0673661109973912,0.0259631626806987,0.00946788950844548,0.216004530744225,,0.00916833732638043,0.110749214426105,48.3653991932084,0.0242690929062854,35.9045918836268,TRUE,0,0.034
LGALS9,Bacterial pneumoniae,O00182,J10_PNEUMOBACT,Contamination mixture,,0.0502572255280194,0.0280612244897959,0.020038302606362,,,0.00916833732638043,0.110749214426105,48.3653991932084,0.0242690929062854,35.9045918836268,TRUE,0,0.034
LGALS9,Bacterial pneumoniae,O00182,J10_PNEUMOBACT,MR-PRESSO (Outlier-corrected),,0.0605669401431182,0.0231264665231128,0.0136979848627759,,0.034,0.00916833732638043,0.110749214426105,48.3653991932084,0.0242690929062854,35.9045918836268,TRUE,0,0.034
LGALS9,Bacterial pneumoniae,O00182,J10_PNEUMOBACT,Weighted median,32,0.0456888256154503,0.0290326410297018,0.115555559703228,,,0.00916833732638043,0.110749214426105,48.3653991932084,0.0242690929062854,35.9045918836268,TRUE,0,0.034
LILRB5,Bacterial pneumoniae,O75023,J10_PNEUMOBACT,Inverse variance weighted (multiplicative random effects),38,0.0269801090323973,0.00700676236785169,0.000117837743762194,0.0144874959414297,,-0.00429226768299211,0.298933749214351,22.2780788609357,0.973296128643609,0,TRUE,0,0.97
LILRB5,Bacterial pneumoniae,O75023,J10_PNEUMOBACT,Contamination mixture,,0.0258852148703299,0.00765306122448975,0.00464514702489935,,,-0.00429226768299211,0.298933749214351,22.2780788609357,0.973296128643609,0,TRUE,0,0.97
LILRB5,Bacterial pneumoniae,O75023,J10_PNEUMOBACT,MR-PRESSO (Outlier-corrected),,0.0269801090323973,0.00700676236785169,0.000451476061450414,,0.97,-0.00429226768299211,0.298933749214351,22.2780788609357,0.973296128643609,0,TRUE,0,0.97
LILRB5,Bacterial pneumoniae,O75023,J10_PNEUMOBACT,Weighted median,38,0.0277971478627613,0.0128389300875594,0.0303825307604079,,,-0.00429226768299211,0.298933749214351,22.2780788609357,0.973296128643609,0,TRUE,0,0.97
LRRC38,Bacterial pneumoniae,Q5VT99,J10_PNEUMOBACT,Inverse variance weighted (multiplicative random effects),6,0.0388061146635357,0.0164937594774266,0.0186338760019935,0.324698957420564,,0.00177505265958067,0.910553062290715,1.75862530921236,0.881432762701218,0,TRUE,0,0.944
LRRC38,Bacterial pneumoniae,Q5VT99,J10_PNEUMOBACT,Contamination mixture,,0.0347549465054424,0.0306122448979592,0.165221562773056,,,0.00177505265958067,0.910553062290715,1.75862530921236,0.881432762701218,0,TRUE,0,0.944
LRRC38,Bacterial pneumoniae,Q5VT99,J10_PNEUMOBACT,MR-PRESSO (Outlier-corrected),,0.0388061146635357,0.0164937594774266,0.0653344809110652,,0.944,0.00177505265958067,0.910553062290715,1.75862530921236,0.881432762701218,0,TRUE,0,0.944
LRRC38,Bacterial pneumoniae,Q5VT99,J10_PNEUMOBACT,Weighted median,6,0.0430607436907456,0.0292811670678516,0.141400623291732,,,0.00177505265958067,0.910553062290715,1.75862530921236,0.881432762701218,0,TRUE,0,0.944
LRRC59,Bacterial pneumoniae,Q96AG4,J10_PNEUMOBACT,Inverse variance weighted (multiplicative random effects),6,0.148302383496751,0.0671983200569006,0.0273185394063485,0.380295442391381,,0.0061174951365923,0.63643651475345,4.00795815755306,0.548270739209594,0,TRUE,2.99066060342788e-63,0.67
LRRC59,Bacterial pneumoniae,Q96AG4,J10_PNEUMOBACT,Contamination mixture,,0.180607458625903,0.142857142857143,0.0859502953742622,,,0.0061174951365923,0.63643651475345,4.00795815755306,0.548270739209594,0,TRUE,2.99066060342788e-63,0.67
LRRC59,Bacterial pneumoniae,Q96AG4,J10_PNEUMOBACT,MR-PRESSO (Outlier-corrected),,0.148302383496751,0.0671983200569006,0.0784062419880251,,0.67,0.0061174951365923,0.63643651475345,4.00795815755306,0.548270739209594,0,TRUE,2.99066060342788e-63,0.67
LRRC59,Bacterial pneumoniae,Q96AG4,J10_PNEUMOBACT,Weighted median,6,0.152357799789203,0.0874957659934278,0.0816281580154127,,,0.0061174951365923,0.63643651475345,4.00795815755306,0.548270739209594,0,TRUE,2.99066060342788e-63,0.67
LRRFIP1,Bacterial pneumoniae,Q32MZ4,J10_PNEUMOBACT,Inverse variance weighted (multiplicative random effects),6,0.174329551588763,0.0545174942879802,0.00138537475404635,0.0712984728070833,,-0.00278904819423942,0.922940206626097,1.68224635982678,0.891128780790843,0,TRUE,2.29028469433022e-45,0.899
LRRFIP1,Bacterial pneumoniae,Q32MZ4,J10_PNEUMOBACT,Contamination mixture,,0.198115881636429,0.173469387755102,0.0850733978697425,,,-0.00278904819423942,0.922940206626097,1.68224635982678,0.891128780790843,0,TRUE,2.29028469433022e-45,0.899
LRRFIP1,Bacterial pneumoniae,Q32MZ4,J10_PNEUMOBACT,MR-PRESSO (Outlier-corrected),,0.174329551588763,0.0545174942879802,0.0240574452900822,,0.899,-0.00278904819423942,0.922940206626097,1.68224635982678,0.891128780790843,0,TRUE,2.29028469433022e-45,0.899
LRRFIP1,Bacterial pneumoniae,Q32MZ4,J10_PNEUMOBACT,Weighted median,6,0.172345558081018,0.114675188149398,0.132864343163434,,,-0.00278904819423942,0.922940206626097,1.68224635982678,0.891128780790843,0,TRUE,2.29028469433022e-45,0.899
LXN,Bacterial pneumoniae,Q9BS40,J10_PNEUMOBACT,Inverse variance weighted (multiplicative random effects),3,-0.0605686775675748,0.0171265674107267,0.000405415243989265,0.0342239652714334,,0.00020229326916678,0.994827031903642,0.186011659592601,0.911188188239128,0,TRUE,2.2358561682328e-115,
LXN,Bacterial pneumoniae,Q9BS40,J10_PNEUMOBACT,Contamination mixture,,-0.0584557431989921,0.410714285714286,0.281089510345987,,,0.00020229326916678,0.994827031903642,0.186011659592601,0.911188188239128,0,TRUE,2.2358561682328e-115,
LXN,Bacterial pneumoniae,Q9BS40,J10_PNEUMOBACT,Weighted median,3,-0.063680731640495,0.0564597215954825,0.259363562899969,,,0.00020229326916678,0.994827031903642,0.186011659592601,0.911188188239128,0,TRUE,2.2358561682328e-115,
LY75,Bacterial pneumoniae,O60449,J10_PNEUMOBACT,Inverse variance weighted (multiplicative random effects),48,0.0362300468199613,0.0143068777207459,0.0113300269520574,0.238793806141933,,0.00434715503766993,0.301517168265235,56.9213798119972,0.152269169705406,17.4299706802014,TRUE,0,0.166
LY75,Bacterial pneumoniae,O60449,J10_PNEUMOBACT,Contamination mixture,,0.0353831535939948,0.0127551020408163,0.0491947580453012,,,0.00434715503766993,0.301517168265235,56.9213798119972,0.152269169705406,17.4299706802014,TRUE,0,0.166
LY75,Bacterial pneumoniae,O60449,J10_PNEUMOBACT,MR-PRESSO (Outlier-corrected),,0.0362300468199613,0.0143068777207459,0.0147297258385394,,0.166,0.00434715503766993,0.301517168265235,56.9213798119972,0.152269169705406,17.4299706802014,TRUE,0,0.166
LY75,Bacterial pneumoniae,O60449,J10_PNEUMOBACT,Weighted median,48,0.0244535249258935,0.0186638680723037,0.19012592106112,,,0.00434715503766993,0.301517168265235,56.9213798119972,0.152269169705406,17.4299706802014,TRUE,0,0.166
LY9,Bacterial pneumoniae,Q9HBG7,J10_PNEUMOBACT,Inverse variance weighted (multiplicative random effects),34,0.0635167184425075,0.0215696822436516,0.00323244928250328,0.117881361478952,,-0.0100681206768241,0.0237385235195812,49.44813438788,0.0328417797131499,33.2634073893625,TRUE,0,0.05
LY9,Bacterial pneumoniae,Q9HBG7,J10_PNEUMOBACT,Contamination mixture,,0.0684272150756309,0.0229591836734694,0.0037286950213303,,,-0.0100681206768241,0.0237385235195812,49.44813438788,0.0328417797131499,33.2634073893625,TRUE,0,0.05
LY9,Bacterial pneumoniae,Q9HBG7,J10_PNEUMOBACT,MR-PRESSO (Outlier-corrected),,0.0635167184425075,0.0215696822436516,0.00588348899481395,,0.05,-0.0100681206768241,0.0237385235195812,49.44813438788,0.0328417797131499,33.2634073893625,TRUE,0,0.05
LY9,Bacterial pneumoniae,Q9HBG7,J10_PNEUMOBACT,Weighted median,34,0.0738341854431047,0.0242460953874862,0.00232526399402567,,,-0.0100681206768241,0.0237385235195812,49.44813438788,0.0328417797131499,33.2634073893625,TRUE,0,0.05
LYZL2,Bacterial pneumoniae,Q7Z4W2,J10_PNEUMOBACT,Inverse variance weighted (multiplicative random effects),6,-0.0712687557113864,0.0353586291841327,0.0438421076898454,0.455505090693088,,0.000932828285409797,0.911191595035693,3.92738993431697,0.559916762630081,0,TRUE,3.80432135778938e-210,0.677
LYZL2,Bacterial pneumoniae,Q7Z4W2,J10_PNEUMOBACT,Contamination mixture,,-0.0852684925153943,0.0892857142857143,0.106904286052847,,,0.000932828285409797,0.911191595035693,3.92738993431697,0.559916762630081,0,TRUE,3.80432135778938e-210,0.677
LYZL2,Bacterial pneumoniae,Q7Z4W2,J10_PNEUMOBACT,Contamination mixture,,-0.0852684925153943,0.0280612244897959,0.106904286052847,,,0.000932828285409797,0.911191595035693,3.92738993431697,0.559916762630081,0,TRUE,3.80432135778938e-210,0.677
LYZL2,Bacterial pneumoniae,Q7Z4W2,J10_PNEUMOBACT,MR-PRESSO (Outlier-corrected),,-0.0712687557113864,0.0353586291841327,0.0999299926218419,,0.677,0.000932828285409797,0.911191595035693,3.92738993431697,0.559916762630081,0,TRUE,3.80432135778938e-210,0.677
LYZL2,Bacterial pneumoniae,Q7Z4W2,J10_PNEUMOBACT,Weighted median,6,-0.0751934034625525,0.0424458685044315,0.0764754500100496,,,0.000932828285409797,0.911191595035693,3.92738993431697,0.559916762630081,0,TRUE,3.80432135778938e-210,0.677
MAP3K5,Bacterial pneumoniae,Q99683,J10_PNEUMOBACT,Inverse variance weighted (multiplicative random effects),3,0.17393659068295,0.0847876793859107,0.0402243997075009,0.443566381174274,,-0.0647197371221281,0.560046155938906,0.894391697414469,0.639418666691747,0,TRUE,2.52711435930848e-23,
MAP3K5,Bacterial pneumoniae,Q99683,J10_PNEUMOBACT,Contamination mixture,,0.176864241972857,0.272959183673469,0.253557771312681,,,-0.0647197371221281,0.560046155938906,0.894391697414469,0.639418666691747,0,TRUE,2.52711435930848e-23,
MAP3K5,Bacterial pneumoniae,Q99683,J10_PNEUMOBACT,Weighted median,3,0.12029129692746,0.148640747505983,0.418356766362775,,,-0.0647197371221281,0.560046155938906,0.894391697414469,0.639418666691747,0,TRUE,2.52711435930848e-23,
MAPK9,Bacterial pneumoniae,P45984,J10_PNEUMOBACT,Inverse variance weighted (multiplicative random effects),4,-0.112362876891688,0.0469702768443047,0.0167471492911704,0.311440683876975,,0.00988674402556031,0.51433813442596,1.17070375889009,0.760038990756996,0,TRUE,4.98582837827237e-61,0.699
MAPK9,Bacterial pneumoniae,P45984,J10_PNEUMOBACT,Contamination mixture,,-0.143564166630767,0.301020408163265,0.152638776952937,,,0.00988674402556031,0.51433813442596,1.17070375889009,0.760038990756996,0,TRUE,4.98582837827237e-61,0.699
MAPK9,Bacterial pneumoniae,P45984,J10_PNEUMOBACT,MR-PRESSO (Outlier-corrected),,-0.112362876891688,0.0469702768443047,0.0965487692009104,,0.699,0.00988674402556031,0.51433813442596,1.17070375889009,0.760038990756996,0,TRUE,4.98582837827237e-61,0.699
MAPK9,Bacterial pneumoniae,P45984,J10_PNEUMOBACT,Weighted median,4,-0.142303651348465,0.0819934494543316,0.0826436056811053,,,0.00988674402556031,0.51433813442596,1.17070375889009,0.760038990756996,0,TRUE,4.98582837827237e-61,0.699
MAX,Bacterial pneumoniae,P61244,J10_PNEUMOBACT,Inverse variance weighted (multiplicative random effects),7,-0.0934776083673109,0.0455379982452435,0.0400979328533656,0.443566381174274,,0.00981449901454102,0.66590057797545,2.52180337134723,0.866019584728778,0,TRUE,9.30917063701112e-71,0.892
MAX,Bacterial pneumoniae,P61244,J10_PNEUMOBACT,Contamination mixture,,-0.151214355748019,0.119897959183673,0.105885650080707,,,0.00981449901454102,0.66590057797545,2.52180337134723,0.866019584728778,0,TRUE,9.30917063701112e-71,0.892
MAX,Bacterial pneumoniae,P61244,J10_PNEUMOBACT,MR-PRESSO (Outlier-corrected),,-0.0934776083673109,0.0455379982452435,0.0859156813696164,,0.892,0.00981449901454102,0.66590057797545,2.52180337134723,0.866019584728778,0,TRUE,9.30917063701112e-71,0.892
MAX,Bacterial pneumoniae,P61244,J10_PNEUMOBACT,Weighted median,7,-0.135713304931304,0.0852246253594727,0.111290610315337,,,0.00981449901454102,0.66590057797545,2.52180337134723,0.866019584728778,0,TRUE,9.30917063701112e-71,0.892
MEGF11,Bacterial pneumoniae,A6BM72,J10_PNEUMOBACT,Inverse variance weighted (multiplicative random effects),4,-0.120820525942099,0.0303296494465588,6.78853605220416e-05,0.00883707663736929,,-0.00220665408339705,0.907238263687555,0.666657556489922,0.881016968820531,0,TRUE,5.39493424598383e-119,0.821
MEGF11,Bacterial pneumoniae,A6BM72,J10_PNEUMOBACT,Contamination mixture,,-0.124985386997951,0.311224489795918,0.135150082156211,,,-0.00220665408339705,0.907238263687555,0.666657556489922,0.881016968820531,0,TRUE,5.39493424598383e-119,0.821
MEGF11,Bacterial pneumoniae,A6BM72,J10_PNEUMOBACT,MR-PRESSO (Outlier-corrected),,-0.120820525942099,0.0303296494465588,0.0283115090295277,,0.821,-0.00220665408339705,0.907238263687555,0.666657556489922,0.881016968820531,0,TRUE,5.39493424598383e-119,0.821
MEGF11,Bacterial pneumoniae,A6BM72,J10_PNEUMOBACT,Weighted median,4,-0.145977712866016,0.0673409913430396,0.0301785281630259,,,-0.00220665408339705,0.907238263687555,0.666657556489922,0.881016968820531,0,TRUE,5.39493424598383e-119,0.821
MELTF,Bacterial pneumoniae,P08582,J10_PNEUMOBACT,Inverse variance weighted (multiplicative random effects),42,-0.0378815694999477,0.0167865698842583,0.0240293701720435,0.362997379291286,,-0.0113700035442784,0.00281201643945484,60.8712809353691,0.0234916727524321,32.6447556713447,TRUE,0,0.026
MELTF,Bacterial pneumoniae,P08582,J10_PNEUMOBACT,Contamination mixture,,-0.0152402866681123,0.0178571428571429,0.381204121221751,,,-0.0113700035442784,0.00281201643945484,60.8712809353691,0.0234916727524321,32.6447556713447,TRUE,0,0.026
MELTF,Bacterial pneumoniae,P08582,J10_PNEUMOBACT,MR-PRESSO (Outlier-corrected),,-0.0378815694999477,0.0167865698842583,0.0294244277867479,,0.026,-0.0113700035442784,0.00281201643945484,60.8712809353691,0.0234916727524321,32.6447556713447,TRUE,0,0.026
MELTF,Bacterial pneumoniae,P08582,J10_PNEUMOBACT,Weighted median,42,-0.00481495020224099,0.0208114973403941,0.817035056275321,,,-0.0113700035442784,0.00281201643945484,60.8712809353691,0.0234916727524321,32.6447556713447,TRUE,0,0.026
METAP1D,Bacterial pneumoniae,Q6UB28,J10_PNEUMOBACT,Inverse variance weighted (multiplicative random effects),6,-0.0792312233080153,0.0385642987945319,0.0399251386026573,0.443566381174274,,-0.0123766651668135,0.731741731672825,1.06615132971159,0.957055710697031,0,TRUE,1.25816945164758e-54,0.953
METAP1D,Bacterial pneumoniae,Q6UB28,J10_PNEUMOBACT,Contamination mixture,,-0.123458403341567,0.25,0.255239725055233,,,-0.0123766651668135,0.731741731672825,1.06615132971159,0.957055710697031,0,TRUE,1.25816945164758e-54,0.953
METAP1D,Bacterial pneumoniae,Q6UB28,J10_PNEUMOBACT,MR-PRESSO (Outlier-corrected),,-0.0792312233080153,0.0385642987945319,0.0950937772029991,,0.953,-0.0123766651668135,0.731741731672825,1.06615132971159,0.957055710697031,0,TRUE,1.25816945164758e-54,0.953
METAP1D,Bacterial pneumoniae,Q6UB28,J10_PNEUMOBACT,Weighted median,6,-0.115762350382445,0.0958203471285402,0.227001619087055,,,-0.0123766651668135,0.731741731672825,1.06615132971159,0.957055710697031,0,TRUE,1.25816945164758e-54,0.953
MRPL58,Bacterial pneumoniae,Q14197,J10_PNEUMOBACT,Inverse variance weighted (multiplicative random effects),4,0.161522404787734,0.0614347051759724,0.00855930648132691,0.209694437277913,,0.0010499565193656,0.953374769147992,1.87500496460374,0.598750571020007,0,TRUE,2.77713950961499e-59,0.711
MRPL58,Bacterial pneumoniae,Q14197,J10_PNEUMOBACT,Contamination mixture,,0.190461795161211,0.147959183673469,0.0771697188251212,,,0.0010499565193656,0.953374769147992,1.87500496460374,0.598750571020007,0,TRUE,2.77713950961499e-59,0.711
MRPL58,Bacterial pneumoniae,Q14197,J10_PNEUMOBACT,MR-PRESSO (Outlier-corrected),,0.161522404787734,0.0614347051759724,0.078380857970477,,0.711,0.0010499565193656,0.953374769147992,1.87500496460374,0.598750571020007,0,TRUE,2.77713950961499e-59,0.711
MRPL58,Bacterial pneumoniae,Q14197,J10_PNEUMOBACT,Weighted median,4,0.171376524031292,0.090571484381559,0.0584685128850181,,,0.0010499565193656,0.953374769147992,1.87500496460374,0.598750571020007,0,TRUE,2.77713950961499e-59,0.711
MTSS2,Bacterial pneumoniae,Q765P7,J10_PNEUMOBACT,Inverse variance weighted (multiplicative random effects),7,0.15533887663945,0.0598004787266113,0.00938725098941484,0.216004530744225,,0.0199586923305223,0.371682104563473,4.70798727242401,0.581773429737023,0,TRUE,2.33855840315225e-73,0.649
MTSS2,Bacterial pneumoniae,Q765P7,J10_PNEUMOBACT,Contamination mixture,,0.22038825783722,0.0790816326530612,0.019612254112932,,,0.0199586923305223,0.371682104563473,4.70798727242401,0.581773429737023,0,TRUE,2.33855840315225e-73,0.649
MTSS2,Bacterial pneumoniae,Q765P7,J10_PNEUMOBACT,MR-PRESSO (Outlier-corrected),,0.15533887663945,0.0598004787266113,0.0407924195043369,,0.649,0.0199586923305223,0.371682104563473,4.70798727242401,0.581773429737023,0,TRUE,2.33855840315225e-73,0.649
MTSS2,Bacterial pneumoniae,Q765P7,J10_PNEUMOBACT,Weighted median,7,0.185613065691528,0.0851377055753695,0.0292462601738181,,,0.0199586923305223,0.371682104563473,4.70798727242401,0.581773429737023,0,TRUE,2.33855840315225e-73,0.649
NAPRT,Bacterial pneumoniae,Q6XQN6,J10_PNEUMOBACT,Inverse variance weighted (multiplicative random effects),8,0.110626480382312,0.0242932556500866,5.26869661207094e-06,0.0011659625602513,,-0.00823794598730281,0.478616485965139,3.77432177369492,0.80537327873375,0,TRUE,1.26791138844173e-277,0.85
NAPRT,Bacterial pneumoniae,Q6XQN6,J10_PNEUMOBACT,Contamination mixture,,0.124472755760867,0.0331632653061225,0.0139884486042315,,,-0.00823794598730281,0.478616485965139,3.77432177369492,0.80537327873375,0,TRUE,1.26791138844173e-277,0.85
NAPRT,Bacterial pneumoniae,Q6XQN6,J10_PNEUMOBACT,MR-PRESSO (Outlier-corrected),,0.110626480382312,0.0242932556500866,0.00262421784287174,,0.85,-0.00823794598730281,0.478616485965139,3.77432177369492,0.80537327873375,0,TRUE,1.26791138844173e-277,0.85
NAPRT,Bacterial pneumoniae,Q6XQN6,J10_PNEUMOBACT,Weighted median,8,0.107689143090182,0.0404107321246126,0.00770192490931603,,,-0.00823794598730281,0.478616485965139,3.77432177369492,0.80537327873375,0,TRUE,1.26791138844173e-277,0.85
NCR1,Bacterial pneumoniae,O76036,J10_PNEUMOBACT,Inverse variance weighted (multiplicative random effects),46,0.0586744326013294,0.0211510766833691,0.00553608486232018,0.155080453168539,,0.000912555126726068,0.79735570344556,54.9106711515181,0.147853060909868,18.0487161123401,TRUE,0,0.149
NCR1,Bacterial pneumoniae,O76036,J10_PNEUMOBACT,Contamination mixture,,0.0511178394932833,0.0178571428571429,0.0103545143853739,,,0.000912555126726068,0.79735570344556,54.9106711515181,0.147853060909868,18.0487161123401,TRUE,0,0.149
NCR1,Bacterial pneumoniae,O76036,J10_PNEUMOBACT,MR-PRESSO (Outlier-corrected),,0.0586744326013294,0.0211510766833691,0.00803109065674488,,0.149,0.000912555126726068,0.79735570344556,54.9106711515181,0.147853060909868,18.0487161123401,TRUE,0,0.149
NCR1,Bacterial pneumoniae,O76036,J10_PNEUMOBACT,Weighted median,46,0.0580604273908087,0.0294051635296269,0.0483251801254666,,,0.000912555126726068,0.79735570344556,54.9106711515181,0.147853060909868,18.0487161123401,TRUE,0,0.149
NFKB1,Bacterial pneumoniae,P19838,J10_PNEUMOBACT,Inverse variance weighted (multiplicative random effects),7,0.182128999545633,0.0494637981421458,0.000231350941535669,0.0269462965062335,,0.00723718417165874,0.529365973898859,3.68386486374146,0.719368058748771,0,TRUE,1.77352657477092e-82,0.714
NFKB1,Bacterial pneumoniae,P19838,J10_PNEUMOBACT,Contamination mixture,,0.193945560259154,0.10969387755102,0.0108417521271827,,,0.00723718417165874,0.529365973898859,3.68386486374146,0.719368058748771,0,TRUE,1.77352657477092e-82,0.714
NFKB1,Bacterial pneumoniae,P19838,J10_PNEUMOBACT,MR-PRESSO (Outlier-corrected),,0.182128999545633,0.0494637981421458,0.0103053456377168,,0.714,0.00723718417165874,0.529365973898859,3.68386486374146,0.719368058748771,0,TRUE,1.77352657477092e-82,0.714
NFKB1,Bacterial pneumoniae,P19838,J10_PNEUMOBACT,Weighted median,7,0.134659881783925,0.0771169795430207,0.0807802321163083,,,0.00723718417165874,0.529365973898859,3.68386486374146,0.719368058748771,0,TRUE,1.77352657477092e-82,0.714
NFKBIE,Bacterial pneumoniae,O00221,J10_PNEUMOBACT,Inverse variance weighted (multiplicative random effects),4,0.0594149600003686,0.0289717964823778,0.0402877734369765,0.443566381174274,,0.00720204256157516,0.411733430537733,1.8699434668283,0.599833984883419,0,TRUE,6.30926507308632e-176,0.515
NFKBIE,Bacterial pneumoniae,O00221,J10_PNEUMOBACT,Contamination mixture,,0.0622212890963095,0.137755102040816,0.148118170801583,,,0.00720204256157516,0.411733430537733,1.8699434668283,0.599833984883419,0,TRUE,6.30926507308632e-176,0.515
NFKBIE,Bacterial pneumoniae,O00221,J10_PNEUMOBACT,MR-PRESSO (Outlier-corrected),,0.0594149600003686,0.0289717964823778,0.132663817014238,,0.515,0.00720204256157516,0.411733430537733,1.8699434668283,0.599833984883419,0,TRUE,6.30926507308632e-176,0.515
NFKBIE,Bacterial pneumoniae,O00221,J10_PNEUMOBACT,Weighted median,4,0.051809819469651,0.0369667760920504,0.161057471614275,,,0.00720204256157516,0.411733430537733,1.8699434668283,0.599833984883419,0,TRUE,6.30926507308632e-176,0.515
NMI,Bacterial pneumoniae,Q13287,J10_PNEUMOBACT,Inverse variance weighted (multiplicative random effects),23,-0.0525630707960763,0.0260204837844178,0.0433766368639474,0.454940745876377,,0.00645499663880927,0.277699470888119,25.000167104152,0.297066748789123,12.0005882026835,TRUE,0,0.356
NMI,Bacterial pneumoniae,Q13287,J10_PNEUMOBACT,Contamination mixture,,-0.0900246538029484,0.0357142857142857,0.0261437720013492,,,0.00645499663880927,0.277699470888119,25.000167104152,0.297066748789123,12.0005882026835,TRUE,0,0.356
NMI,Bacterial pneumoniae,Q13287,J10_PNEUMOBACT,MR-PRESSO (Outlier-corrected),,-0.0525630707960763,0.0260204837844178,0.0557184479983514,,0.356,0.00645499663880927,0.277699470888119,25.000167104152,0.297066748789123,12.0005882026835,TRUE,0,0.356
NMI,Bacterial pneumoniae,Q13287,J10_PNEUMOBACT,Weighted median,23,-0.0516234696652277,0.0360323442140259,0.151944144059025,,,0.00645499663880927,0.277699470888119,25.000167104152,0.297066748789123,12.0005882026835,TRUE,0,0.356
NPL,Bacterial pneumoniae,Q9BXD5,J10_PNEUMOBACT,Inverse variance weighted (multiplicative random effects),14,0.0841070342890667,0.0326001660218243,0.0098812550122433,0.221287223800223,,-0.000210623213608137,0.966580398906306,12.3334281030014,0.500510567991174,0,TRUE,0,0.594
NPL,Bacterial pneumoniae,Q9BXD5,J10_PNEUMOBACT,Contamination mixture,,0.075716281658122,0.0331632653061225,0.0245771286988294,,,-0.000210623213608137,0.966580398906306,12.3334281030014,0.500510567991174,0,TRUE,0,0.594
NPL,Bacterial pneumoniae,Q9BXD5,J10_PNEUMOBACT,MR-PRESSO (Outlier-corrected),,0.0841070342890667,0.0326001660218243,0.0228584650536574,,0.594,-0.000210623213608137,0.966580398906306,12.3334281030014,0.500510567991174,0,TRUE,0,0.594
NPL,Bacterial pneumoniae,Q9BXD5,J10_PNEUMOBACT,Weighted median,14,0.0782327534694883,0.0427367721481686,0.0671643985449882,,,-0.000210623213608137,0.966580398906306,12.3334281030014,0.500510567991174,0,TRUE,0,0.594
NPPB,Bacterial pneumoniae,P16860,J10_PNEUMOBACT,Inverse variance weighted (multiplicative random effects),4,0.107130931319541,0.0482408311000694,0.026367750412365,0.378907997808855,,0.0129782052150682,0.60520350064854,2.81230346669865,0.421478550190572,0,TRUE,1.23766449066505e-141,0.502
NPPB,Bacterial pneumoniae,P16860,J10_PNEUMOBACT,Contamination mixture,,0.106081098666574,0.137755102040816,0.0884799979748744,,,0.0129782052150682,0.60520350064854,2.81230346669865,0.421478550190572,0,TRUE,1.23766449066505e-141,0.502
NPPB,Bacterial pneumoniae,P16860,J10_PNEUMOBACT,MR-PRESSO (Outlier-corrected),,0.107130931319541,0.0482408311000694,0.112964052501805,,0.502,0.0129782052150682,0.60520350064854,2.81230346669865,0.421478550190572,0,TRUE,1.23766449066505e-141,0.502
NPPB,Bacterial pneumoniae,P16860,J10_PNEUMOBACT,Weighted median,4,0.0747626457192803,0.0523858364358842,0.153535566906719,,,0.0129782052150682,0.60520350064854,2.81230346669865,0.421478550190572,0,TRUE,1.23766449066505e-141,0.502
NPTX1,Bacterial pneumoniae,Q15818,J10_PNEUMOBACT,Inverse variance weighted (multiplicative random effects),48,-0.0341316893623428,0.0172325690722976,0.0476305282756836,0.474803419252648,,-0.00644223609073764,0.0305209475362263,49.5105102291951,0.37334830793773,5.07066119410479,TRUE,0,0.266
NPTX1,Bacterial pneumoniae,Q15818,J10_PNEUMOBACT,Contamination mixture,,-0.117593092901974,0.0408163265306123,0.0112287389363069,,,-0.00644223609073764,0.0305209475362263,49.5105102291951,0.37334830793773,5.07066119410479,TRUE,0,0.266
NPTX1,Bacterial pneumoniae,Q15818,J10_PNEUMOBACT,MR-PRESSO (Outlier-corrected),,-0.0341316893623428,0.0172325690722976,0.0535000719718621,,0.266,-0.00644223609073764,0.0305209475362263,49.5105102291951,0.37334830793773,5.07066119410479,TRUE,0,0.266
NPTX1,Bacterial pneumoniae,Q15818,J10_PNEUMOBACT,Weighted median,48,-0.00460395038559344,0.0299624466551805,0.877879908945921,,,-0.00644223609073764,0.0305209475362263,49.5105102291951,0.37334830793773,5.07066119410479,TRUE,0,0.266
NTF4,Bacterial pneumoniae,P34130,J10_PNEUMOBACT,Inverse variance weighted (multiplicative random effects),5,-0.125946242378207,0.0457495327805903,0.00590606549878577,0.161359542577937,,-0.00535780752301875,0.834402209984224,0.971848490689338,0.914034210081487,0,TRUE,4.63658038410932e-35,0.919
NTF4,Bacterial pneumoniae,P34130,J10_PNEUMOBACT,Contamination mixture,,-0.124051495325125,0.303571428571429,0.17824397976108,,,-0.00535780752301875,0.834402209984224,0.971848490689338,0.914034210081487,0,TRUE,4.63658038410932e-35,0.919
NTF4,Bacterial pneumoniae,P34130,J10_PNEUMOBACT,MR-PRESSO (Outlier-corrected),,-0.125946242378207,0.0457495327805903,0.0512188863170539,,0.919,-0.00535780752301875,0.834402209984224,0.971848490689338,0.914034210081487,0,TRUE,4.63658038410932e-35,0.919
NTF4,Bacterial pneumoniae,P34130,J10_PNEUMOBACT,Weighted median,5,-0.0896223932051958,0.115912855209907,0.439411308080219,,,-0.00535780752301875,0.834402209984224,0.971848490689338,0.914034210081487,0,TRUE,4.63658038410932e-35,0.919
NUCB2,Bacterial pneumoniae,P80303,J10_PNEUMOBACT,Inverse variance weighted (multiplicative random effects),21,0.0740589248619665,0.0310397207068523,0.0170355098069246,0.314163193356035,,-0.000150994243022314,0.979779599984724,30.3183708601073,0.0648565466492991,34.0333948275701,TRUE,0,0.101
NUCB2,Bacterial pneumoniae,P80303,J10_PNEUMOBACT,Contamination mixture,,0.0606071834367881,0.0280612244897959,0.0664583624273226,,,-0.000150994243022314,0.979779599984724,30.3183708601073,0.0648565466492991,34.0333948275701,TRUE,0,0.101
NUCB2,Bacterial pneumoniae,P80303,J10_PNEUMOBACT,MR-PRESSO (Outlier-corrected),,0.0740589248619665,0.0310397207068523,0.0270365529588999,,0.101,-0.000150994243022314,0.979779599984724,30.3183708601073,0.0648565466492991,34.0333948275701,TRUE,0,0.101
NUCB2,Bacterial pneumoniae,P80303,J10_PNEUMOBACT,Weighted median,21,0.0703940168618531,0.0319758001483453,0.0277022106467845,,,-0.000150994243022314,0.979779599984724,30.3183708601073,0.0648565466492991,34.0333948275701,TRUE,0,0.101
NUDT16,Bacterial pneumoniae,Q96DE0,J10_PNEUMOBACT,Inverse variance weighted (multiplicative random effects),11,0.111212817298718,0.0546453181531414,0.0418332088427968,0.450095155435352,,-0.00588865154067981,0.438679365878114,13.7460783291892,0.184891988130979,27.2519786333138,TRUE,2.73685304723243e-173,0.25
NUDT16,Bacterial pneumoniae,Q96DE0,J10_PNEUMOBACT,Contamination mixture,,0.177972344472665,0.0612244897959184,0.0317650293780255,,,-0.00588865154067981,0.438679365878114,13.7460783291892,0.184891988130979,27.2519786333138,TRUE,2.73685304723243e-173,0.25
NUDT16,Bacterial pneumoniae,Q96DE0,J10_PNEUMOBACT,MR-PRESSO (Outlier-corrected),,0.111212817298718,0.0546453181531414,0.0692033710561285,,0.25,-0.00588865154067981,0.438679365878114,13.7460783291892,0.184891988130979,27.2519786333138,TRUE,2.73685304723243e-173,0.25
NUDT16,Bacterial pneumoniae,Q96DE0,J10_PNEUMOBACT,Weighted median,11,0.134755844958935,0.062295203579635,0.0305272064940396,,,-0.00588865154067981,0.438679365878114,13.7460783291892,0.184891988130979,27.2519786333138,TRUE,2.73685304723243e-173,0.25
OBP2B,Bacterial pneumoniae,Q9NPH6,J10_PNEUMOBACT,Inverse variance weighted (multiplicative random effects),37,-0.0504490568345553,0.02489439451997,0.0427112438506208,0.450095155435352,,0.000322752539390698,0.92349358462797,45.3491167222949,0.136584609178341,20.615873908959,TRUE,0,0.167
OBP2B,Bacterial pneumoniae,Q9NPH6,J10_PNEUMOBACT,Contamination mixture,,-0.0605645951774161,0.0229591836734694,0.0239239548663979,,,0.000322752539390698,0.92349358462797,45.3491167222949,0.136584609178341,20.615873908959,TRUE,0,0.167
OBP2B,Bacterial pneumoniae,Q9NPH6,J10_PNEUMOBACT,MR-PRESSO (Outlier-corrected),,-0.0504490568345553,0.02489439451997,0.0501684986630415,,0.167,0.000322752539390698,0.92349358462797,45.3491167222949,0.136584609178341,20.615873908959,TRUE,0,0.167
OBP2B,Bacterial pneumoniae,Q9NPH6,J10_PNEUMOBACT,Weighted median,37,-0.0661179591750565,0.030780776617942,0.031711559217655,,,0.000322752539390698,0.92349358462797,45.3491167222949,0.136584609178341,20.615873908959,TRUE,0,0.167
OGT,Bacterial pneumoniae,O15294,J10_PNEUMOBACT,Inverse variance weighted (multiplicative random effects),3,0.147253767755854,0.0460400488156009,0.00138199992613163,0.0712984728070833,,0.000582938978624131,0.980908220384347,0.247494265443103,0.883603246983807,0,TRUE,9.36180582028741e-19,
OGT,Bacterial pneumoniae,O15294,J10_PNEUMOBACT,Contamination mixture,,0.151129229354698,0.288265306122449,0.260704042070431,,,0.000582938978624131,0.980908220384347,0.247494265443103,0.883603246983807,0,TRUE,9.36180582028741e-19,
OGT,Bacterial pneumoniae,O15294,J10_PNEUMOBACT,Weighted median,3,0.156468174411871,0.154730772254128,0.311907054385972,,,0.000582938978624131,0.980908220384347,0.247494265443103,0.883603246983807,0,TRUE,9.36180582028741e-19,
PAG1,Bacterial pneumoniae,Q9NWQ8,J10_PNEUMOBACT,Inverse variance weighted (multiplicative random effects),9,0.132493523116162,0.0622783650911345,0.0333834908425648,0.414122771207857,,-0.004968686746709,0.842306428365422,8.55374662602584,0.381326598212774,6.47373192398515,TRUE,6.84931744861471e-84,0.422
PAG1,Bacterial pneumoniae,Q9NWQ8,J10_PNEUMOBACT,Contamination mixture,,0.16580782553372,0.114795918367347,0.0473120401670326,,,-0.004968686746709,0.842306428365422,8.55374662602584,0.381326598212774,6.47373192398515,TRUE,6.84931744861471e-84,0.422
PAG1,Bacterial pneumoniae,Q9NWQ8,J10_PNEUMOBACT,MR-PRESSO (Outlier-corrected),,0.132493523116162,0.0622783650911345,0.0660556542846545,,0.422,-0.004968686746709,0.842306428365422,8.55374662602584,0.381326598212774,6.47373192398515,TRUE,6.84931744861471e-84,0.422
PAG1,Bacterial pneumoniae,Q9NWQ8,J10_PNEUMOBACT,Weighted median,9,0.0837124195482564,0.084187373408348,0.320048426985797,,,-0.004968686746709,0.842306428365422,8.55374662602584,0.381326598212774,6.47373192398515,TRUE,6.84931744861471e-84,0.422
PAXX,Bacterial pneumoniae,Q9BUH6,J10_PNEUMOBACT,Inverse variance weighted (multiplicative random effects),6,0.174769229140418,0.0860077113496218,0.0421518201547594,0.450095155435352,,0.0329670836584292,0.0947689940428488,6.91080079500507,0.227359145915689,27.649484505271,TRUE,5.44683794506538e-56,0.308
PAXX,Bacterial pneumoniae,Q9BUH6,J10_PNEUMOBACT,Contamination mixture,,0.448027615250901,0.214285714285714,0.197655072959645,,,0.0329670836584292,0.0947689940428488,6.91080079500507,0.227359145915689,27.649484505271,TRUE,5.44683794506538e-56,0.308
PAXX,Bacterial pneumoniae,Q9BUH6,J10_PNEUMOBACT,MR-PRESSO (Outlier-corrected),,0.174769229140418,0.0860077113496218,0.0978591054067383,,0.308,0.0329670836584292,0.0947689940428488,6.91080079500507,0.227359145915689,27.649484505271,TRUE,5.44683794506538e-56,0.308
PAXX,Bacterial pneumoniae,Q9BUH6,J10_PNEUMOBACT,Weighted median,6,0.082405555410696,0.0947192596330945,0.384301560833574,,,0.0329670836584292,0.0947689940428488,6.91080079500507,0.227359145915689,27.649484505271,TRUE,5.44683794506538e-56,0.308
PCARE,Bacterial pneumoniae,A6NGG8,J10_PNEUMOBACT,Inverse variance weighted (multiplicative random effects),3,0.0562551407736916,0.0225482642441275,0.0126000878302008,0.260598078207798,,0.00162867098796566,0.93689450873609,0.457753189133681,0.795426687423514,0,TRUE,1.47328941466447e-120,
PCARE,Bacterial pneumoniae,A6NGG8,J10_PNEUMOBACT,Contamination mixture,,0.0599125157898331,0.0561224489795918,0.233633947202495,,,0.00162867098796566,0.93689450873609,0.457753189133681,0.795426687423514,0,TRUE,1.47328941466447e-120,
PCARE,Bacterial pneumoniae,A6NGG8,J10_PNEUMOBACT,Weighted median,3,0.0548172103348453,0.0511263877872274,0.283634625394972,,,0.00162867098796566,0.93689450873609,0.457753189133681,0.795426687423514,0,TRUE,1.47328941466447e-120,
PCDH17,Bacterial pneumoniae,O14917,J10_PNEUMOBACT,Inverse variance weighted (multiplicative random effects),37,-0.044744315191427,0.0222637903735086,0.044459260428532,0.458737536681538,,-0.00139787374719261,0.785370773922612,65.8815396345983,0.001723469515868,45.3564682919246,TRUE,0,0.002
PCDH17,Bacterial pneumoniae,O14917,J10_PNEUMOBACT,Contamination mixture,,-0.102663110171802,0.0433673469387755,0.108170706538405,,,-0.00139787374719261,0.785370773922612,65.8815396345983,0.001723469515868,45.3564682919246,TRUE,0,0.002
PCDH17,Bacterial pneumoniae,O14917,J10_PNEUMOBACT,MR-PRESSO (Outlier-corrected),,-0.044744315191427,0.0222637903735086,0.0519999834617742,,0.002,-0.00139787374719261,0.785370773922612,65.8815396345983,0.001723469515868,45.3564682919246,TRUE,0,0.002
PCDH17,Bacterial pneumoniae,O14917,J10_PNEUMOBACT,Weighted median,37,-0.0465848111145611,0.0279102677284338,0.0950991021423616,,,-0.00139787374719261,0.785370773922612,65.8815396345983,0.001723469515868,45.3564682919246,TRUE,0,0.002
PDLIM7,Bacterial pneumoniae,Q9NR12,J10_PNEUMOBACT,Inverse variance weighted (multiplicative random effects),5,0.103470353671646,0.0500771107291842,0.038807662330912,0.438170187440348,,0.0078122136729928,0.702960214134661,1.4552345597141,0.834540407727123,0,TRUE,9.2349704574049e-54,0.837
PDLIM7,Bacterial pneumoniae,Q9NR12,J10_PNEUMOBACT,Contamination mixture,,0.107397477201988,0.204081632653061,0.312080774996448,,,0.0078122136729928,0.702960214134661,1.4552345597141,0.834540407727123,0,TRUE,9.2349704574049e-54,0.837
PDLIM7,Bacterial pneumoniae,Q9NR12,J10_PNEUMOBACT,MR-PRESSO (Outlier-corrected),,0.103470353671646,0.0500771107291842,0.107690359758704,,0.837,0.0078122136729928,0.702960214134661,1.4552345597141,0.834540407727123,0,TRUE,9.2349704574049e-54,0.837
PDLIM7,Bacterial pneumoniae,Q9NR12,J10_PNEUMOBACT,Weighted median,5,0.0593865375991459,0.102632407894971,0.562836573133851,,,0.0078122136729928,0.702960214134661,1.4552345597141,0.834540407727123,0,TRUE,9.2349704574049e-54,0.837
PGA4,Bacterial pneumoniae,P0DJD7,J10_PNEUMOBACT,Inverse variance weighted (multiplicative random effects),11,-0.166301781682563,0.057135563790304,0.00360674704247529,0.124714550078091,,0.0030513368085291,0.740951551371691,8.9489661179666,0.536953654304398,0,TRUE,2.28479727253815e-82,0.59
PGA4,Bacterial pneumoniae,P0DJD7,J10_PNEUMOBACT,Contamination mixture,,-0.239493265173645,0.107142857142857,0.0319553440715275,,,0.0030513368085291,0.740951551371691,8.9489661179666,0.536953654304398,0,TRUE,2.28479727253815e-82,0.59
PGA4,Bacterial pneumoniae,P0DJD7,J10_PNEUMOBACT,MR-PRESSO (Outlier-corrected),,-0.166301781682563,0.057135563790304,0.0155473390530856,,0.59,0.0030513368085291,0.740951551371691,8.9489661179666,0.536953654304398,0,TRUE,2.28479727253815e-82,0.59
PGA4,Bacterial pneumoniae,P0DJD7,J10_PNEUMOBACT,Weighted median,11,-0.115933994766276,0.0861499691068421,0.178391866398102,,,0.0030513368085291,0.740951551371691,8.9489661179666,0.536953654304398,0,TRUE,2.28479727253815e-82,0.59
PGR,Bacterial pneumoniae,P06401,J10_PNEUMOBACT,Inverse variance weighted (multiplicative random effects),6,-0.148383292088383,0.0627766116305454,0.0180948460270799,0.323502635315549,,0.00247308558624122,0.85411906760573,7.2241054978907,0.204499690933851,30.7872787646872,TRUE,8.07560018636442e-106,0.382
PGR,Bacterial pneumoniae,P06401,J10_PNEUMOBACT,Contamination mixture,,-0.17016486774997,0.0714285714285714,0.00754963242651533,,,0.00247308558624122,0.85411906760573,7.2241054978907,0.204499690933851,30.7872787646872,TRUE,8.07560018636442e-106,0.382
PGR,Bacterial pneumoniae,P06401,J10_PNEUMOBACT,MR-PRESSO (Outlier-corrected),,-0.148383292088383,0.0627766116305454,0.0644566679108649,,0.382,0.00247308558624122,0.85411906760573,7.2241054978907,0.204499690933851,30.7872787646872,TRUE,8.07560018636442e-106,0.382
PGR,Bacterial pneumoniae,P06401,J10_PNEUMOBACT,Weighted median,6,-0.155909157693501,0.0576647672646221,0.00685688526578642,,,0.00247308558624122,0.85411906760573,7.2241054978907,0.204499690933851,30.7872787646872,TRUE,8.07560018636442e-106,0.382
PIK3AP1,Bacterial pneumoniae,Q6ZUJ8,J10_PNEUMOBACT,Inverse variance weighted (multiplicative random effects),14,0.093554229313496,0.0305790249135292,0.00221762402317476,0.0925962634582217,,0.0032448730913614,0.627068066589991,12.1817521826479,0.512799502045889,0,TRUE,0,0.569
PIK3AP1,Bacterial pneumoniae,Q6ZUJ8,J10_PNEUMOBACT,Contamination mixture,,0.104381500050044,0.0306122448979592,0.00373919763826413,,,0.0032448730913614,0.627068066589991,12.1817521826479,0.512799502045889,0,TRUE,0,0.569
PIK3AP1,Bacterial pneumoniae,Q6ZUJ8,J10_PNEUMOBACT,MR-PRESSO (Outlier-corrected),,0.093554229313496,0.0305790249135292,0.00913283551429213,,0.569,0.0032448730913614,0.627068066589991,12.1817521826479,0.512799502045889,0,TRUE,0,0.569
PIK3AP1,Bacterial pneumoniae,Q6ZUJ8,J10_PNEUMOBACT,Weighted median,14,0.0860457942911279,0.0424842285596406,0.0428305634720391,,,0.0032448730913614,0.627068066589991,12.1817521826479,0.512799502045889,0,TRUE,0,0.569
PKLR,Bacterial pneumoniae,P30613,J10_PNEUMOBACT,Inverse variance weighted (multiplicative random effects),9,-0.0905709971131723,0.0335239724137273,0.00689904270001838,0.175489442472881,,-0.00207667890083993,0.725891265029702,5.52031007795435,0.700788783859277,0,TRUE,3.26456096554414e-186,0.805
PKLR,Bacterial pneumoniae,P30613,J10_PNEUMOBACT,Contamination mixture,,-0.0873238035331796,0.0510204081632653,0.0504751905989635,,,-0.00207667890083993,0.725891265029702,5.52031007795435,0.700788783859277,0,TRUE,3.26456096554414e-186,0.805
PKLR,Bacterial pneumoniae,P30613,J10_PNEUMOBACT,MR-PRESSO (Outlier-corrected),,-0.0905709971131723,0.0335239724137273,0.0270037555047745,,0.805,-0.00207667890083993,0.725891265029702,5.52031007795435,0.700788783859277,0,TRUE,3.26456096554414e-186,0.805
PKLR,Bacterial pneumoniae,P30613,J10_PNEUMOBACT,Weighted median,9,-0.0849569093278044,0.0453516710644754,0.0610281143527533,,,-0.00207667890083993,0.725891265029702,5.52031007795435,0.700788783859277,0,TRUE,3.26456096554414e-186,0.805
PLA2G7,Bacterial pneumoniae,Q13093,J10_PNEUMOBACT,Inverse variance weighted (multiplicative random effects),26,-0.0757812951072249,0.0252910159260781,0.00273212801126854,0.106655025954253,,0.00596076696957471,0.183943800278246,30.5202979245562,0.205397275666997,18.0873002557248,TRUE,0,0.183
PLA2G7,Bacterial pneumoniae,Q13093,J10_PNEUMOBACT,Contamination mixture,,-0.12998800204002,0.0484693877551021,0.0321251949472258,,,0.00596076696957471,0.183943800278246,30.5202979245562,0.205397275666997,18.0873002557248,TRUE,0,0.183
PLA2G7,Bacterial pneumoniae,Q13093,J10_PNEUMOBACT,MR-PRESSO (Outlier-corrected),,-0.0757812951072249,0.0252910159260781,0.00609103054964988,,0.183,0.00596076696957471,0.183943800278246,30.5202979245562,0.205397275666997,18.0873002557248,TRUE,0,0.183
PLA2G7,Bacterial pneumoniae,Q13093,J10_PNEUMOBACT,Weighted median,26,-0.0924544364095518,0.0369162463919297,0.0122646228938934,,,0.00596076696957471,0.183943800278246,30.5202979245562,0.205397275666997,18.0873002557248,TRUE,0,0.183
PNPT1,Bacterial pneumoniae,Q8TCS8,J10_PNEUMOBACT,Inverse variance weighted (multiplicative random effects),3,0.199917392020908,0.0320683167924514,4.54355772059173e-10,2.0109786471339e-07,,0.00472207839664762,0.868980085856407,0.294075475111992,0.863261399426217,0,TRUE,2.37105937373414e-33,
PNPT1,Bacterial pneumoniae,Q8TCS8,J10_PNEUMOBACT,Weighted median,3,0.200713514850626,0.0901059895182117,0.0259120805339038,,,0.00472207839664762,0.868980085856407,0.294075475111992,0.863261399426217,0,TRUE,2.37105937373414e-33,
PPP1R14A,Bacterial pneumoniae,Q96A00,J10_PNEUMOBACT,Inverse variance weighted (multiplicative random effects),10,0.06255744412406,0.0318807346757974,0.0497353107224939,0.493561626138471,,-0.00400739603181716,0.585577894747035,6.36239742047288,0.703171213094528,0,TRUE,6.3667278302495e-209,0.625
PPP1R14A,Bacterial pneumoniae,Q96A00,J10_PNEUMOBACT,Contamination mixture,,0.0789655172413793,0.086734693877551,0.149186375405499,,,-0.00400739603181716,0.585577894747035,6.36239742047288,0.703171213094528,0,TRUE,6.3667278302495e-209,0.625
PPP1R14A,Bacterial pneumoniae,Q96A00,J10_PNEUMOBACT,MR-PRESSO (Outlier-corrected),,0.06255744412406,0.0318807346757974,0.0813518187752621,,0.625,-0.00400739603181716,0.585577894747035,6.36239742047288,0.703171213094528,0,TRUE,6.3667278302495e-209,0.625
PPP1R14A,Bacterial pneumoniae,Q96A00,J10_PNEUMOBACT,Weighted median,10,0.087977139004581,0.0432823206769704,0.0420894614930968,,,-0.00400739603181716,0.585577894747035,6.36239742047288,0.703171213094528,0,TRUE,6.3667278302495e-209,0.625
PPP1R9B,Bacterial pneumoniae,Q96SB3,J10_PNEUMOBACT,Inverse variance weighted (multiplicative random effects),3,0.172640461772256,0.0572677568338872,0.00257302341589088,0.103529105806664,,-0.033370345979618,0.600135597300482,0.529854676288178,0.767261698609422,0,TRUE,2.35532379066297e-31,
PPP1R9B,Bacterial pneumoniae,Q96SB3,J10_PNEUMOBACT,Contamination mixture,,0.172815569626437,0.165816326530612,0.169250398671495,,,-0.033370345979618,0.600135597300482,0.529854676288178,0.767261698609422,0,TRUE,2.35532379066297e-31,
PPP1R9B,Bacterial pneumoniae,Q96SB3,J10_PNEUMOBACT,Weighted median,3,0.133606441590209,0.125141186563968,0.285680390175456,,,-0.033370345979618,0.600135597300482,0.529854676288178,0.767261698609422,0,TRUE,2.35532379066297e-31,
PPP3R1,Bacterial pneumoniae,P63098,J10_PNEUMOBACT,Inverse variance weighted (multiplicative random effects),7,0.190428772814513,0.0537808480422662,0.000398872380862332,0.0342239652714334,,0.00348394551690469,0.789335437469812,3.73288795386061,0.712770574582506,0,TRUE,6.5871538388857e-78,0.664
PPP3R1,Bacterial pneumoniae,P63098,J10_PNEUMOBACT,Contamination mixture,,0.240732154540639,0.112244897959184,0.0526607854420661,,,0.00348394551690469,0.789335437469812,3.73288795386061,0.712770574582506,0,TRUE,6.5871538388857e-78,0.664
PPP3R1,Bacterial pneumoniae,P63098,J10_PNEUMOBACT,MR-PRESSO (Outlier-corrected),,0.190428772814513,0.0537808480422662,0.0122066561761256,,0.664,0.00348394551690469,0.789335437469812,3.73288795386061,0.712770574582506,0,TRUE,6.5871538388857e-78,0.664
PPP3R1,Bacterial pneumoniae,P63098,J10_PNEUMOBACT,Weighted median,7,0.26274799408057,0.0895529035495369,0.00334626916323105,,,0.00348394551690469,0.789335437469812,3.73288795386061,0.712770574582506,0,TRUE,6.5871538388857e-78,0.664
PRSS53,Bacterial pneumoniae,Q2L4Q9,J10_PNEUMOBACT,Inverse variance weighted (multiplicative random effects),68,0.0371733092049948,0.0122893562882967,0.00248766514902157,0.101948203236754,,-0.00308073142887604,0.378725901509986,79.9138474995272,0.133976509386748,16.1597118692146,TRUE,0,0.13
PRSS53,Bacterial pneumoniae,Q2L4Q9,J10_PNEUMOBACT,Contamination mixture,,0.0332470629585153,0.0102040816326531,0.00929210692781587,,,-0.00308073142887604,0.378725901509986,79.9138474995272,0.133976509386748,16.1597118692146,TRUE,0,0.13
PRSS53,Bacterial pneumoniae,Q2L4Q9,J10_PNEUMOBACT,MR-PRESSO (Outlier-corrected),,0.0371733092049948,0.0122893562882967,0.00352532917627625,,0.13,-0.00308073142887604,0.378725901509986,79.9138474995272,0.133976509386748,16.1597118692146,TRUE,0,0.13
PRSS53,Bacterial pneumoniae,Q2L4Q9,J10_PNEUMOBACT,Weighted median,68,0.0210880689085903,0.0172055111671942,0.220327478192522,,,-0.00308073142887604,0.378725901509986,79.9138474995272,0.133976509386748,16.1597118692146,TRUE,0,0.13
PSCA,Bacterial pneumoniae,O43653,J10_PNEUMOBACT,Inverse variance weighted (multiplicative random effects),51,-0.0166046593531258,0.00789622173541926,0.0354778928662992,0.414675901940885,,0.00139469167864256,0.679789114523314,38.399916289692,0.884175969091768,0,TRUE,0,0.906
PSCA,Bacterial pneumoniae,O43653,J10_PNEUMOBACT,Contamination mixture,,-0.0120148937252972,0.0076530612244898,0.148468537132479,,,0.00139469167864256,0.679789114523314,38.399916289692,0.884175969091768,0,TRUE,0,0.906
PSCA,Bacterial pneumoniae,O43653,J10_PNEUMOBACT,MR-PRESSO (Outlier-corrected),,-0.0166046593531258,0.00789622173541926,0.0405328877335283,,0.906,0.00139469167864256,0.679789114523314,38.399916289692,0.884175969091768,0,TRUE,0,0.906
PSCA,Bacterial pneumoniae,O43653,J10_PNEUMOBACT,Weighted median,51,-0.0155188204288444,0.0133748517533411,0.245927294971759,,,0.00139469167864256,0.679789114523314,38.399916289692,0.884175969091768,0,TRUE,0,0.906
PTPRC,Bacterial pneumoniae,P08575,J10_PNEUMOBACT,Inverse variance weighted (multiplicative random effects),19,0.0881335689029275,0.0281583270000305,0.00174848460051714,0.0823275834243498,,-0.00574964173034842,0.415239033336669,11.4616107140471,0.873752110338478,0,TRUE,1.06164796022153e-263,0.892
PTPRC,Bacterial pneumoniae,P08575,J10_PNEUMOBACT,Contamination mixture,,0.110572740385975,0.0433673469387755,0.0441874790033191,,,-0.00574964173034842,0.415239033336669,11.4616107140471,0.873752110338478,0,TRUE,1.06164796022153e-263,0.892
PTPRC,Bacterial pneumoniae,P08575,J10_PNEUMOBACT,MR-PRESSO (Outlier-corrected),,0.0881335689029275,0.0281583270000305,0.00578743274820534,,0.892,-0.00574964173034842,0.415239033336669,11.4616107140471,0.873752110338478,0,TRUE,1.06164796022153e-263,0.892
PTPRC,Bacterial pneumoniae,P08575,J10_PNEUMOBACT,Weighted median,19,0.0975524803774452,0.0457746442004415,0.0330770612296653,,,-0.00574964173034842,0.415239033336669,11.4616107140471,0.873752110338478,0,TRUE,1.06164796022153e-263,0.892
PTPRS,Bacterial pneumoniae,Q13332,J10_PNEUMOBACT,Inverse variance weighted (multiplicative random effects),28,-0.0396494223829837,0.0161811707333585,0.014272009098125,0.284540145352709,,-0.00378702899868674,0.373134242323298,18.9243050662117,0.872743293554087,0,TRUE,0,0.846
PTPRS,Bacterial pneumoniae,Q13332,J10_PNEUMOBACT,Contamination mixture,,-0.033008823957533,0.0204081632653061,0.100681788752546,,,-0.00378702899868674,0.373134242323298,18.9243050662117,0.872743293554087,0,TRUE,0,0.846
PTPRS,Bacterial pneumoniae,Q13332,J10_PNEUMOBACT,MR-PRESSO (Outlier-corrected),,-0.0396494223829837,0.0161811707333585,0.0210366257306911,,0.846,-0.00378702899868674,0.373134242323298,18.9243050662117,0.872743293554087,0,TRUE,0,0.846
PTPRS,Bacterial pneumoniae,Q13332,J10_PNEUMOBACT,Weighted median,28,-0.0228288360902874,0.0250965716131551,0.363012592014775,,,-0.00378702899868674,0.373134242323298,18.9243050662117,0.872743293554087,0,TRUE,0,0.846
QPCT,Bacterial pneumoniae,Q16769,J10_PNEUMOBACT,Inverse variance weighted (multiplicative random effects),31,-0.0306021076690099,0.0125896676832665,0.0150683571061533,0.292511177858923,,-0.000675774972079389,0.846146854049668,21.6345908684216,0.867002244660061,0,TRUE,0,0.911
QPCT,Bacterial pneumoniae,Q16769,J10_PNEUMOBACT,Contamination mixture,,-0.0328281375515289,0.0153061224489796,0.0374076007177654,,,-0.000675774972079389,0.846146854049668,21.6345908684216,0.867002244660061,0,TRUE,0,0.911
QPCT,Bacterial pneumoniae,Q16769,J10_PNEUMOBACT,MR-PRESSO (Outlier-corrected),,-0.0306021076690099,0.0125896676832665,0.0212584033722008,,0.911,-0.000675774972079389,0.846146854049668,21.6345908684216,0.867002244660061,0,TRUE,0,0.911
QPCT,Bacterial pneumoniae,Q16769,J10_PNEUMOBACT,Weighted median,31,-0.029300692580675,0.0172044698316307,0.0885519660086484,,,-0.000675774972079389,0.846146854049668,21.6345908684216,0.867002244660061,0,TRUE,0,0.911
RBFOX3,Bacterial pneumoniae,A6NFN3,J10_PNEUMOBACT,Inverse variance weighted (multiplicative random effects),5,-0.220978384248068,0.102008621264141,0.0302904348053858,0.403306184452942,,0.0274578151188822,0.251397142928961,3.33429465815518,0.503516979775999,0,TRUE,1.91247969042295e-32,0.558
RBFOX3,Bacterial pneumoniae,A6NFN3,J10_PNEUMOBACT,Contamination mixture,,-0.302678862153396,0.176020408163265,0.0530557217428401,,,0.0274578151188822,0.251397142928961,3.33429465815518,0.503516979775999,0,TRUE,1.91247969042295e-32,0.558
RBFOX3,Bacterial pneumoniae,A6NFN3,J10_PNEUMOBACT,MR-PRESSO (Outlier-corrected),,-0.220978384248068,0.102008621264141,0.0962108300971505,,0.558,0.0274578151188822,0.251397142928961,3.33429465815518,0.503516979775999,0,TRUE,1.91247969042295e-32,0.558
RBFOX3,Bacterial pneumoniae,A6NFN3,J10_PNEUMOBACT,Weighted median,5,-0.268192112457716,0.145834301356283,0.0659123295885883,,,0.0274578151188822,0.251397142928961,3.33429465815518,0.503516979775999,0,TRUE,1.91247969042295e-32,0.558
REG1B,Bacterial pneumoniae,P48304,J10_PNEUMOBACT,Inverse variance weighted (multiplicative random effects),23,-0.0808816296180759,0.0244303022509974,0.00093059818880436,0.0588403940521157,,-0.00660344665415881,0.340509028755997,29.8272318165994,0.122724410994578,26.2418982248409,TRUE,0,0.123
REG1B,Bacterial pneumoniae,P48304,J10_PNEUMOBACT,Contamination mixture,,-0.0691152612069681,0.0408163265306123,0.0340180414811798,,,-0.00660344665415881,0.340509028755997,29.8272318165994,0.122724410994578,26.2418982248409,TRUE,0,0.123
REG1B,Bacterial pneumoniae,P48304,J10_PNEUMOBACT,MR-PRESSO (Outlier-corrected),,-0.0808816296180759,0.0244303022509974,0.00318022028903311,,0.123,-0.00660344665415881,0.340509028755997,29.8272318165994,0.122724410994578,26.2418982248409,TRUE,0,0.123
REG1B,Bacterial pneumoniae,P48304,J10_PNEUMOBACT,Weighted median,23,-0.0707894809955633,0.0317827483174899,0.0259277229693017,,,-0.00660344665415881,0.340509028755997,29.8272318165994,0.122724410994578,26.2418982248409,TRUE,0,0.123
REG3A,Bacterial pneumoniae,Q06141,J10_PNEUMOBACT,Inverse variance weighted (multiplicative random effects),28,-0.0769585573812006,0.0243179800899508,0.00155255086192379,0.0763510012763854,,0.00877946985020962,0.0311824418226911,25.5694377197103,0.542582401911989,0,TRUE,0,0.516
REG3A,Bacterial pneumoniae,Q06141,J10_PNEUMOBACT,Contamination mixture,,-0.0930733664976044,0.0612244897959184,0.243623945576546,,,0.00877946985020962,0.0311824418226911,25.5694377197103,0.542582401911989,0,TRUE,0,0.516
REG3A,Bacterial pneumoniae,Q06141,J10_PNEUMOBACT,MR-PRESSO (Outlier-corrected),,-0.0769585573812006,0.0243179800899508,0.00382275811475465,,0.516,0.00877946985020962,0.0311824418226911,25.5694377197103,0.542582401911989,0,TRUE,0,0.516
REG3A,Bacterial pneumoniae,Q06141,J10_PNEUMOBACT,Weighted median,28,-0.0819140851228204,0.035556970898408,0.0212371340330038,,,0.00877946985020962,0.0311824418226911,25.5694377197103,0.542582401911989,0,TRUE,0,0.516
RELT,Bacterial pneumoniae,Q969Z4,J10_PNEUMOBACT,Inverse variance weighted (multiplicative random effects),20,0.0623113262175937,0.0217191019082503,0.0041181838465995,0.13808395231098,,0.00150691736228862,0.729649134585371,17.7559279937806,0.538793062515398,0,TRUE,0,0.665
RELT,Bacterial pneumoniae,Q969Z4,J10_PNEUMOBACT,Contamination mixture,,0.0727683019077813,0.0229591836734694,0.0061882253655271,,,0.00150691736228862,0.729649134585371,17.7559279937806,0.538793062515398,0,TRUE,0,0.665
RELT,Bacterial pneumoniae,Q969Z4,J10_PNEUMOBACT,MR-PRESSO (Outlier-corrected),,0.0623113262175937,0.0217191019082503,0.00982561552315511,,0.665,0.00150691736228862,0.729649134585371,17.7559279937806,0.538793062515398,0,TRUE,0,0.665
RELT,Bacterial pneumoniae,Q969Z4,J10_PNEUMOBACT,Weighted median,20,0.0580974796891314,0.027188275899654,0.0326095584579877,,,0.00150691736228862,0.729649134585371,17.7559279937806,0.538793062515398,0,TRUE,0,0.665
RGMA,Bacterial pneumoniae,Q96B86,J10_PNEUMOBACT,Inverse variance weighted (multiplicative random effects),49,-0.0699026301160009,0.0203750554680826,0.000601816117749862,0.0429558662258689,,0.000440765598622316,0.911222562384216,39.0337766339672,0.81859191826754,0,TRUE,0,0.84
RGMA,Bacterial pneumoniae,Q96B86,J10_PNEUMOBACT,Contamination mixture,,-0.0852333721096348,0.0255102040816327,0.00431201370640641,,,0.000440765598622316,0.911222562384216,39.0337766339672,0.81859191826754,0,TRUE,0,0.84
RGMA,Bacterial pneumoniae,Q96B86,J10_PNEUMOBACT,MR-PRESSO (Outlier-corrected),,-0.0699026301160009,0.0203750554680826,0.00124675168256524,,0.84,0.000440765598622316,0.911222562384216,39.0337766339672,0.81859191826754,0,TRUE,0,0.84
RGMA,Bacterial pneumoniae,Q96B86,J10_PNEUMOBACT,Weighted median,49,-0.0778083188278998,0.0373232323146076,0.0370951379246019,,,0.000440765598622316,0.911222562384216,39.0337766339672,0.81859191826754,0,TRUE,0,0.84
ROBO2,Bacterial pneumoniae,Q9HCK4,J10_PNEUMOBACT,Inverse variance weighted (multiplicative random effects),19,-0.111289491634807,0.0481801528163555,0.0208958098338186,0.342536497498078,,-0.0100060353718348,0.277413661616576,22.1458674826957,0.225573439229117,18.7207274040415,TRUE,2.78539364053554e-187,0.206
ROBO2,Bacterial pneumoniae,Q9HCK4,J10_PNEUMOBACT,Contamination mixture,,-0.271182869222287,0.0714285714285714,0.0197350344318978,,,-0.0100060353718348,0.277413661616576,22.1458674826957,0.225573439229117,18.7207274040415,TRUE,2.78539364053554e-187,0.206
ROBO2,Bacterial pneumoniae,Q9HCK4,J10_PNEUMOBACT,MR-PRESSO (Outlier-corrected),,-0.111289491634807,0.0481801528163555,0.0329631349438203,,0.206,-0.0100060353718348,0.277413661616576,22.1458674826957,0.225573439229117,18.7207274040415,TRUE,2.78539364053554e-187,0.206
ROBO2,Bacterial pneumoniae,Q9HCK4,J10_PNEUMOBACT,Weighted median,19,-0.15924293877974,0.0655463210082939,0.0151208409772041,,,-0.0100060353718348,0.277413661616576,22.1458674826957,0.225573439229117,18.7207274040415,TRUE,2.78539364053554e-187,0.206
RRM2B,Bacterial pneumoniae,Q7LG56,J10_PNEUMOBACT,Inverse variance weighted (multiplicative random effects),5,0.116809386846632,0.047450396822755,0.0138274224361138,0.278182598646544,,-0.0106740780511603,0.417602893047831,1.96823301640153,0.741601844776598,0,TRUE,1.03356685147869e-79,0.762
RRM2B,Bacterial pneumoniae,Q7LG56,J10_PNEUMOBACT,Contamination mixture,,0.164588954263238,0.13265306122449,0.0922422179918148,,,-0.0106740780511603,0.417602893047831,1.96823301640153,0.741601844776598,0,TRUE,1.03356685147869e-79,0.762
RRM2B,Bacterial pneumoniae,Q7LG56,J10_PNEUMOBACT,MR-PRESSO (Outlier-corrected),,0.116809386846632,0.047450396822755,0.0695630220554492,,0.762,-0.0106740780511603,0.417602893047831,1.96823301640153,0.741601844776598,0,TRUE,1.03356685147869e-79,0.762
RRM2B,Bacterial pneumoniae,Q7LG56,J10_PNEUMOBACT,Weighted median,5,0.153596058770049,0.0814220663423521,0.0592386368910939,,,-0.0106740780511603,0.417602893047831,1.96823301640153,0.741601844776598,0,TRUE,1.03356685147869e-79,0.762
RTN4R,Bacterial pneumoniae,Q9BZR6,J10_PNEUMOBACT,Inverse variance weighted (multiplicative random effects),26,0.0598604618921846,0.0233013227371766,0.0102000493873708,0.221329965374569,,0.00253986122727579,0.628267285084075,27.3884911819719,0.336760187468884,8.72078409176498,TRUE,0,0.329
RTN4R,Bacterial pneumoniae,Q9BZR6,J10_PNEUMOBACT,Contamination mixture,,0.0512389839906563,0.0280612244897959,0.0915433103371173,,,0.00253986122727579,0.628267285084075,27.3884911819719,0.336760187468884,8.72078409176498,TRUE,0,0.329
RTN4R,Bacterial pneumoniae,Q9BZR6,J10_PNEUMOBACT,MR-PRESSO (Outlier-corrected),,0.0598604618921846,0.0233013227371766,0.0165537907086558,,0.329,0.00253986122727579,0.628267285084075,27.3884911819719,0.336760187468884,8.72078409176498,TRUE,0,0.329
RTN4R,Bacterial pneumoniae,Q9BZR6,J10_PNEUMOBACT,Weighted median,26,0.0424387768776061,0.0321239475190557,0.186469789345779,,,0.00253986122727579,0.628267285084075,27.3884911819719,0.336760187468884,8.72078409176498,TRUE,0,0.329
S100A16,Bacterial pneumoniae,Q96FQ6,J10_PNEUMOBACT,Inverse variance weighted (multiplicative random effects),4,-0.181444096369113,0.086739697598245,0.0364543501242483,0.418494471606025,,0.0102020456758038,0.740273855160385,4.53369993705393,0.209303955341598,33.8288805688043,TRUE,1.37811131557237e-65,0.336
S100A16,Bacterial pneumoniae,Q96FQ6,J10_PNEUMOBACT,Contamination mixture,,-0.22879965233468,0.0994897959183673,0.0616279266528445,,,0.0102020456758038,0.740273855160385,4.53369993705393,0.209303955341598,33.8288805688043,TRUE,1.37811131557237e-65,0.336
S100A16,Bacterial pneumoniae,Q96FQ6,J10_PNEUMOBACT,MR-PRESSO (Outlier-corrected),,-0.181444096369113,0.086739697598245,0.127555038659814,,0.336,0.0102020456758038,0.740273855160385,4.53369993705393,0.209303955341598,33.8288805688043,TRUE,1.37811131557237e-65,0.336
S100A16,Bacterial pneumoniae,Q96FQ6,J10_PNEUMOBACT,Weighted median,4,-0.196518723475784,0.0848274293785098,0.0205207107465482,,,0.0102020456758038,0.740273855160385,4.53369993705393,0.209303955341598,33.8288805688043,TRUE,1.37811131557237e-65,0.336
SCGN,Bacterial pneumoniae,O76038,J10_PNEUMOBACT,Inverse variance weighted (multiplicative random effects),11,-0.127538798011994,0.059322829133653,0.0315622618894116,0.407953134038982,,0.00217106999601161,0.875904817299452,18.4996484081033,0.0470978770389526,45.9449186308873,TRUE,8.5607666981331e-168,0.095
SCGN,Bacterial pneumoniae,O76038,J10_PNEUMOBACT,Contamination mixture,,-0.175742371451809,0.0535714285714286,0.0178900296749257,,,0.00217106999601161,0.875904817299452,18.4996484081033,0.0470978770389526,45.9449186308873,TRUE,8.5607666981331e-168,0.095
SCGN,Bacterial pneumoniae,O76038,J10_PNEUMOBACT,MR-PRESSO (Outlier-corrected),,-0.127538798011994,0.059322829133653,0.0570730438304638,,0.095,0.00217106999601161,0.875904817299452,18.4996484081033,0.0470978770389526,45.9449186308873,TRUE,8.5607666981331e-168,0.095
SCGN,Bacterial pneumoniae,O76038,J10_PNEUMOBACT,Weighted median,11,-0.169438420450343,0.0600952261429921,0.0048098704706547,,,0.00217106999601161,0.875904817299452,18.4996484081033,0.0470978770389526,45.9449186308873,TRUE,8.5607666981331e-168,0.095
SCLY,Bacterial pneumoniae,Q96I15,J10_PNEUMOBACT,Inverse variance weighted (multiplicative random effects),15,0.0978437792986268,0.0437769580124419,0.025413932488243,0.372457169513125,,-0.00350159094000772,0.65019563260249,18.9594717772127,0.166503631853283,26.1582803333871,TRUE,1.72855061120342e-290,0.181
SCLY,Bacterial pneumoniae,Q96I15,J10_PNEUMOBACT,Contamination mixture,,0.175817197992047,0.048469387755102,0.00911096720195959,,,-0.00350159094000772,0.65019563260249,18.9594717772127,0.166503631853283,26.1582803333871,TRUE,1.72855061120342e-290,0.181
SCLY,Bacterial pneumoniae,Q96I15,J10_PNEUMOBACT,MR-PRESSO (Outlier-corrected),,0.0978437792986268,0.0437769580124419,0.0422264688823478,,0.181,-0.00350159094000772,0.65019563260249,18.9594717772127,0.166503631853283,26.1582803333871,TRUE,1.72855061120342e-290,0.181
SCLY,Bacterial pneumoniae,Q96I15,J10_PNEUMOBACT,Weighted median,15,0.157003121043537,0.0504950922321492,0.0018754715487431,,,-0.00350159094000772,0.65019563260249,18.9594717772127,0.166503631853283,26.1582803333871,TRUE,1.72855061120342e-290,0.181
SCRG1,Bacterial pneumoniae,O75711,J10_PNEUMOBACT,Inverse variance weighted (multiplicative random effects),5,-0.180081643612344,0.0686249254936924,0.00868672094894187,0.209694437277913,,0.00180868164736261,0.889110926518687,1.84751373493227,0.763778929127797,0,TRUE,8.16785931287316e-36,0.824
SCRG1,Bacterial pneumoniae,O75711,J10_PNEUMOBACT,Contamination mixture,,-0.225628252521265,0.122448979591837,0.0476587606405411,,,0.00180868164736261,0.889110926518687,1.84751373493227,0.763778929127797,0,TRUE,8.16785931287316e-36,0.824
SCRG1,Bacterial pneumoniae,O75711,J10_PNEUMOBACT,MR-PRESSO (Outlier-corrected),,-0.180081643612344,0.0686249254936924,0.0585444191128819,,0.824,0.00180868164736261,0.889110926518687,1.84751373493227,0.763778929127797,0,TRUE,8.16785931287316e-36,0.824
SCRG1,Bacterial pneumoniae,O75711,J10_PNEUMOBACT,Weighted median,5,-0.220462593740484,0.11633718345342,0.058088266768212,,,0.00180868164736261,0.889110926518687,1.84751373493227,0.763778929127797,0,TRUE,8.16785931287316e-36,0.824
SDC1,Bacterial pneumoniae,P18827,J10_PNEUMOBACT,Inverse variance weighted (multiplicative random effects),24,0.0833881118449813,0.0382920008044429,0.0294291149355095,0.397627797228496,,0.00708101665896441,0.370137114372988,31.9624696997159,0.100926428076894,28.0406044461439,TRUE,0,0.111
SDC1,Bacterial pneumoniae,P18827,J10_PNEUMOBACT,Contamination mixture,,0.0777926648124332,0.0433673469387755,0.0453969476544814,,,0.00708101665896441,0.370137114372988,31.9624696997159,0.100926428076894,28.0406044461439,TRUE,0,0.111
SDC1,Bacterial pneumoniae,P18827,J10_PNEUMOBACT,MR-PRESSO (Outlier-corrected),,0.0833881118449813,0.0382920008044429,0.0399390385949991,,0.111,0.00708101665896441,0.370137114372988,31.9624696997159,0.100926428076894,28.0406044461439,TRUE,0,0.111
SDC1,Bacterial pneumoniae,P18827,J10_PNEUMOBACT,Weighted median,24,0.0654689353097714,0.0471672382641497,0.165131824951144,,,0.00708101665896441,0.370137114372988,31.9624696997159,0.100926428076894,28.0406044461439,TRUE,0,0.111
SDK2,Bacterial pneumoniae,Q58EX2,J10_PNEUMOBACT,Inverse variance weighted (multiplicative random effects),20,0.0541567237582499,0.0240682151322477,0.0244404019495714,0.362997379291286,,0.0168644588223258,0.00856944468962534,24.7592153232167,0.168621537628017,23.2608959857313,TRUE,0,0.183
SDK2,Bacterial pneumoniae,Q58EX2,J10_PNEUMOBACT,Contamination mixture,,0.0388211398888895,0.0255102040816327,0.163568899205876,,,0.0168644588223258,0.00856944468962534,24.7592153232167,0.168621537628017,23.2608959857313,TRUE,0,0.183
SDK2,Bacterial pneumoniae,Q58EX2,J10_PNEUMOBACT,MR-PRESSO (Outlier-corrected),,0.0541567237582499,0.0240682151322477,0.0364833532508827,,0.183,0.0168644588223258,0.00856944468962534,24.7592153232167,0.168621537628017,23.2608959857313,TRUE,0,0.183
SDK2,Bacterial pneumoniae,Q58EX2,J10_PNEUMOBACT,Weighted median,20,0.0306006309839152,0.0286603319700586,0.285655944422447,,,0.0168644588223258,0.00856944468962534,24.7592153232167,0.168621537628017,23.2608959857313,TRUE,0,0.183
SELL,Bacterial pneumoniae,P14151,J10_PNEUMOBACT,Inverse variance weighted (multiplicative random effects),32,0.0732165219376822,0.0205023238134112,0.00035544054901934,0.0335528461423674,,0.0059846077074128,0.153379251788547,36.0978634748748,0.242371368959345,14.1223412804558,TRUE,0,0.255
SELL,Bacterial pneumoniae,P14151,J10_PNEUMOBACT,Contamination mixture,,0.0582373547211923,0.0229591836734694,0.00669555191707367,,,0.0059846077074128,0.153379251788547,36.0978634748748,0.242371368959345,14.1223412804558,TRUE,0,0.255
SELL,Bacterial pneumoniae,P14151,J10_PNEUMOBACT,MR-PRESSO (Outlier-corrected),,0.0732165219376822,0.0205023238134112,0.0011835711228481,,0.255,0.0059846077074128,0.153379251788547,36.0978634748748,0.242371368959345,14.1223412804558,TRUE,0,0.255
SELL,Bacterial pneumoniae,P14151,J10_PNEUMOBACT,Weighted median,32,0.0536384128295367,0.0286933951705841,0.0615721272543686,,,0.0059846077074128,0.153379251788547,36.0978634748748,0.242371368959345,14.1223412804558,TRUE,0,0.255
SEMA4D,Bacterial pneumoniae,Q92854,J10_PNEUMOBACT,Inverse variance weighted (multiplicative random effects),10,0.113092107326739,0.0439894774012245,0.0101437542283759,0.221329965374569,,-0.000283347194444594,0.982311295315748,7.20649018358879,0.615630445962472,0,TRUE,5.2379325632709e-141,0.65
SEMA4D,Bacterial pneumoniae,Q92854,J10_PNEUMOBACT,Contamination mixture,,0.142381516830583,0.0790816326530612,0.0652497818401517,,,-0.000283347194444594,0.982311295315748,7.20649018358879,0.615630445962472,0,TRUE,5.2379325632709e-141,0.65
SEMA4D,Bacterial pneumoniae,Q92854,J10_PNEUMOBACT,MR-PRESSO (Outlier-corrected),,0.113092107326739,0.0439894774012245,0.0301437530199442,,0.65,-0.000283347194444594,0.982311295315748,7.20649018358879,0.615630445962472,0,TRUE,5.2379325632709e-141,0.65
SEMA4D,Bacterial pneumoniae,Q92854,J10_PNEUMOBACT,Weighted median,10,0.130888581851859,0.0617002321934681,0.0338912770837655,,,-0.000283347194444594,0.982311295315748,7.20649018358879,0.615630445962472,0,TRUE,5.2379325632709e-141,0.65
SEPTIN9,Bacterial pneumoniae,Q9UHD8,J10_PNEUMOBACT,Inverse variance weighted (multiplicative random effects),4,-0.10958281319878,0.0418721019344154,0.00886844819810432,0.210096855261188,,-0.0100395846335801,0.744778420664135,0.354903869212978,0.94939233132767,0,TRUE,1.33247274372284e-38,0.927
SEPTIN9,Bacterial pneumoniae,Q9UHD8,J10_PNEUMOBACT,Contamination mixture,,-0.110449330612829,0.262755102040816,0.368058121880358,,,-0.0100395846335801,0.744778420664135,0.354903869212978,0.94939233132767,0,TRUE,1.33247274372284e-38,0.927
SEPTIN9,Bacterial pneumoniae,Q9UHD8,J10_PNEUMOBACT,MR-PRESSO (Outlier-corrected),,-0.10958281319878,0.0418721019344154,0.0792000015309307,,0.927,-0.0100395846335801,0.744778420664135,0.354903869212978,0.94939233132767,0,TRUE,1.33247274372284e-38,0.927
SEPTIN9,Bacterial pneumoniae,Q9UHD8,J10_PNEUMOBACT,Weighted median,4,-0.103286501362535,0.144546364962904,0.474883317215205,,,-0.0100395846335801,0.744778420664135,0.354903869212978,0.94939233132767,0,TRUE,1.33247274372284e-38,0.927
SERPINA5,Bacterial pneumoniae,P05154,J10_PNEUMOBACT,Inverse variance weighted (multiplicative random effects),18,0.0614304121918624,0.0249129985586315,0.0136708556210403,0.277555995315249,,0.00756741241992956,0.27893133321418,18.3471776899159,0.367261922642335,7.34269713132148,TRUE,0,0.373
SERPINA5,Bacterial pneumoniae,P05154,J10_PNEUMOBACT,Contamination mixture,,0.049340852857698,0.0459183673469388,0.217313446534805,,,0.00756741241992956,0.27893133321418,18.3471776899159,0.367261922642335,7.34269713132148,TRUE,0,0.373
SERPINA5,Bacterial pneumoniae,P05154,J10_PNEUMOBACT,MR-PRESSO (Outlier-corrected),,0.0614304121918624,0.0249129985586315,0.0246084268748903,,0.373,0.00756741241992956,0.27893133321418,18.3471776899159,0.367261922642335,7.34269713132148,TRUE,0,0.373
SERPINA5,Bacterial pneumoniae,P05154,J10_PNEUMOBACT,Weighted median,18,0.0506483220617971,0.0350050885507257,0.147929258861967,,,0.00756741241992956,0.27893133321418,18.3471776899159,0.367261922642335,7.34269713132148,TRUE,0,0.373
SETMAR,Bacterial pneumoniae,Q53H47,J10_PNEUMOBACT,Inverse variance weighted (multiplicative random effects),9,0.113535356912857,0.0401345634332948,0.00467130534166185,0.143577760015246,,-0.000388252116272047,0.966072424753945,10.0138778037809,0.264053226046495,20.1108685690226,TRUE,5.04380457347738e-286,0.399
SETMAR,Bacterial pneumoniae,Q53H47,J10_PNEUMOBACT,Contamination mixture,,0.103346519823789,0.038265306122449,0.0253700261012591,,,-0.000388252116272047,0.966072424753945,10.0138778037809,0.264053226046495,20.1108685690226,TRUE,5.04380457347738e-286,0.399
SETMAR,Bacterial pneumoniae,Q53H47,J10_PNEUMOBACT,MR-PRESSO (Outlier-corrected),,0.113535356912857,0.0401345634332948,0.0221888619577194,,0.399,-0.000388252116272047,0.966072424753945,10.0138778037809,0.264053226046495,20.1108685690226,TRUE,5.04380457347738e-286,0.399
SETMAR,Bacterial pneumoniae,Q53H47,J10_PNEUMOBACT,Weighted median,9,0.106034727482233,0.0416681560783784,0.0109358350129688,,,-0.000388252116272047,0.966072424753945,10.0138778037809,0.264053226046495,20.1108685690226,TRUE,5.04380457347738e-286,0.399
SH2B3,Bacterial pneumoniae,Q9UQQ2,J10_PNEUMOBACT,Inverse variance weighted (multiplicative random effects),9,0.134757720871997,0.0618955656617158,0.0294672204001235,0.397627797228496,,-0.000156038714284618,0.99183301331911,7.41926665185442,0.492144413027981,0,TRUE,5.95142549863351e-84,0.525
SH2B3,Bacterial pneumoniae,Q9UQQ2,J10_PNEUMOBACT,Contamination mixture,,0.292333981926727,0.173469387755102,0.282766403190778,,,-0.000156038714284618,0.99183301331911,7.41926665185442,0.492144413027981,0,TRUE,5.95142549863351e-84,0.525
SH2B3,Bacterial pneumoniae,Q9UQQ2,J10_PNEUMOBACT,MR-PRESSO (Outlier-corrected),,0.134757720871997,0.0618955656617158,0.0611306842137121,,0.525,-0.000156038714284618,0.99183301331911,7.41926665185442,0.492144413027981,0,TRUE,5.95142549863351e-84,0.525
SH2B3,Bacterial pneumoniae,Q9UQQ2,J10_PNEUMOBACT,Weighted median,9,0.0932061256159324,0.0902345057831723,0.301635633590411,,,-0.000156038714284618,0.99183301331911,7.41926665185442,0.492144413027981,0,TRUE,5.95142549863351e-84,0.525
SH2D1A,Bacterial pneumoniae,O60880,J10_PNEUMOBACT,Inverse variance weighted (multiplicative random effects),7,0.159386043471826,0.0461736529925683,0.000556689255989881,0.0424811490864002,,0.0100487515608314,0.453295211865761,3.33644705809883,0.765587029535145,0,TRUE,1.73613881400084e-75,0.744
SH2D1A,Bacterial pneumoniae,O60880,J10_PNEUMOBACT,Contamination mixture,,0.160418712825541,0.125,0.060314947281589,,,0.0100487515608314,0.453295211865761,3.33644705809883,0.765587029535145,0,TRUE,1.73613881400084e-75,0.744
SH2D1A,Bacterial pneumoniae,O60880,J10_PNEUMOBACT,MR-PRESSO (Outlier-corrected),,0.159386043471826,0.0461736529925683,0.0136016188929334,,0.744,0.0100487515608314,0.453295211865761,3.33644705809883,0.765587029535145,0,TRUE,1.73613881400084e-75,0.744
SH2D1A,Bacterial pneumoniae,O60880,J10_PNEUMOBACT,Weighted median,7,0.105567884980039,0.0815522842883672,0.195499317582657,,,0.0100487515608314,0.453295211865761,3.33644705809883,0.765587029535145,0,TRUE,1.73613881400084e-75,0.744
SH3BP1,Bacterial pneumoniae,Q9Y3L3,J10_PNEUMOBACT,Inverse variance weighted (multiplicative random effects),9,-0.0647221162880785,0.0279094679326837,0.0203949194657702,0.336820572968279,,-0.00527776783912591,0.592975698641299,4.71527938379676,0.78752871851902,0,TRUE,3.56018244366887e-308,0.831
SH3BP1,Bacterial pneumoniae,Q9Y3L3,J10_PNEUMOBACT,Contamination mixture,,-0.0720469533421583,0.0433673469387755,0.0569880924909084,,,-0.00527776783912591,0.592975698641299,4.71527938379676,0.78752871851902,0,TRUE,3.56018244366887e-308,0.831
SH3BP1,Bacterial pneumoniae,Q9Y3L3,J10_PNEUMOBACT,MR-PRESSO (Outlier-corrected),,-0.0647221162880785,0.0279094679326837,0.0489956905591591,,0.831,-0.00527776783912591,0.592975698641299,4.71527938379676,0.78752871851902,0,TRUE,3.56018244366887e-308,0.831
SH3BP1,Bacterial pneumoniae,Q9Y3L3,J10_PNEUMOBACT,Weighted median,9,-0.0677580491636063,0.0432241179521639,0.116974934273924,,,-0.00527776783912591,0.592975698641299,4.71527938379676,0.78752871851902,0,TRUE,3.56018244366887e-308,0.831
SHISA5,Bacterial pneumoniae,Q8N114,J10_PNEUMOBACT,Inverse variance weighted (multiplicative random effects),11,0.131660349545372,0.0656719372707498,0.0449823974061879,0.458737536681538,,0.013147521952049,0.213908283996688,11.506256521553,0.319458154245917,13.0907608285243,TRUE,9.41741710151523e-151,0.337
SHISA5,Bacterial pneumoniae,Q8N114,J10_PNEUMOBACT,Contamination mixture,,0.262358729497066,0.147959183673469,0.101739259666433,,,0.013147521952049,0.213908283996688,11.506256521553,0.319458154245917,13.0907608285243,TRUE,9.41741710151523e-151,0.337
SHISA5,Bacterial pneumoniae,Q8N114,J10_PNEUMOBACT,MR-PRESSO (Outlier-corrected),,0.131660349545372,0.0656719372707498,0.0728009348206473,,0.337,0.013147521952049,0.213908283996688,11.506256521553,0.319458154245917,13.0907608285243,TRUE,9.41741710151523e-151,0.337
SHISA5,Bacterial pneumoniae,Q8N114,J10_PNEUMOBACT,Weighted median,11,0.134906038037495,0.0856735516206377,0.115336769725303,,,0.013147521952049,0.213908283996688,11.506256521553,0.319458154245917,13.0907608285243,TRUE,9.41741710151523e-151,0.337
SIGLEC10,Bacterial pneumoniae,Q96LC7,J10_PNEUMOBACT,Inverse variance weighted (multiplicative random effects),29,0.0661821677832935,0.0291369581194362,0.0231217757659456,0.358139864057461,,0.00411189195080765,0.422483451380923,49.0365429305066,0.00826712113540462,42.8997267615686,TRUE,0,0.01
SIGLEC10,Bacterial pneumoniae,Q96LC7,J10_PNEUMOBACT,Contamination mixture,,0.066281569275382,0.0612244897959184,0.273551216033385,,,0.00411189195080765,0.422483451380923,49.0365429305066,0.00826712113540462,42.8997267615686,TRUE,0,0.01
SIGLEC10,Bacterial pneumoniae,Q96LC7,J10_PNEUMOBACT,MR-PRESSO (Outlier-corrected),,0.0661821677832935,0.0291369581194362,0.0310038338093967,,0.01,0.00411189195080765,0.422483451380923,49.0365429305066,0.00826712113540462,42.8997267615686,TRUE,0,0.01
SIGLEC10,Bacterial pneumoniae,Q96LC7,J10_PNEUMOBACT,Weighted median,29,0.0329573653763309,0.0312395897588096,0.291431207464166,,,0.00411189195080765,0.422483451380923,49.0365429305066,0.00826712113540462,42.8997267615686,TRUE,0,0.01
SIGLEC5,Bacterial pneumoniae,O15389,J10_PNEUMOBACT,Inverse variance weighted (multiplicative random effects),30,0.0374636731117049,0.0125099702193896,0.00274710188856414,0.106655025954253,,0.00243943212029866,0.590931335075629,28.0788003642762,0.513702627961845,0,TRUE,0,0.575
SIGLEC5,Bacterial pneumoniae,O15389,J10_PNEUMOBACT,Contamination mixture,,0.030740190226809,0.010204081632653,0.0191868411739178,,,0.00243943212029866,0.590931335075629,28.0788003642762,0.513702627961845,0,TRUE,0,0.575
SIGLEC5,Bacterial pneumoniae,O15389,J10_PNEUMOBACT,MR-PRESSO (Outlier-corrected),,0.0374636731117049,0.0125099702193896,0.00557230367681338,,0.575,0.00243943212029866,0.590931335075629,28.0788003642762,0.513702627961845,0,TRUE,0,0.575
SIGLEC5,Bacterial pneumoniae,O15389,J10_PNEUMOBACT,Weighted median,30,0.0380335010570066,0.0185563861315901,0.0404017328973872,,,0.00243943212029866,0.590931335075629,28.0788003642762,0.513702627961845,0,TRUE,0,0.575
SIL1,Bacterial pneumoniae,Q9H173,J10_PNEUMOBACT,Inverse variance weighted (multiplicative random effects),5,0.103293673800256,0.0256625082823233,5.6955714077586e-05,0.00787768720335612,,0.0021294536089755,0.842838200696503,1.08949418226857,0.895935469504793,0,TRUE,5.73971882437488e-120,0.853
SIL1,Bacterial pneumoniae,Q9H173,J10_PNEUMOBACT,Contamination mixture,,0.131207587010339,0.0688775510204082,0.0648839826382155,,,0.0021294536089755,0.842838200696503,1.08949418226857,0.895935469504793,0,TRUE,5.73971882437488e-120,0.853
SIL1,Bacterial pneumoniae,Q9H173,J10_PNEUMOBACT,MR-PRESSO (Outlier-corrected),,0.103293673800256,0.0256625082823233,0.0157977729224529,,0.853,0.0021294536089755,0.842838200696503,1.08949418226857,0.895935469504793,0,TRUE,5.73971882437488e-120,0.853
SIL1,Bacterial pneumoniae,Q9H173,J10_PNEUMOBACT,Weighted median,5,0.125474015002493,0.0600669049742892,0.0367163403282396,,,0.0021294536089755,0.842838200696503,1.08949418226857,0.895935469504793,0,TRUE,5.73971882437488e-120,0.853
SIRPA,Bacterial pneumoniae,P78324,J10_PNEUMOBACT,Inverse variance weighted (multiplicative random effects),45,-0.024717034718557,0.0118159458812064,0.0364530846458396,0.418494471606025,,0.00121997908983487,0.757511810551351,55.1961614707797,0.120032045358343,20.284311757271,TRUE,0,0.156
SIRPA,Bacterial pneumoniae,P78324,J10_PNEUMOBACT,Contamination mixture,,-0.0208986449302295,0.0102040816326531,0.122155131132061,,,0.00121997908983487,0.757511810551351,55.1961614707797,0.120032045358343,20.284311757271,TRUE,0,0.156
SIRPA,Bacterial pneumoniae,P78324,J10_PNEUMOBACT,MR-PRESSO (Outlier-corrected),,-0.024717034718557,0.0118159458812064,0.0422573027359874,,0.156,0.00121997908983487,0.757511810551351,55.1961614707797,0.120032045358343,20.284311757271,TRUE,0,0.156
SIRPA,Bacterial pneumoniae,P78324,J10_PNEUMOBACT,Weighted median,45,-0.0302160143855223,0.0132950361127953,0.0230425147740186,,,0.00121997908983487,0.757511810551351,55.1961614707797,0.120032045358343,20.284311757271,TRUE,0,0.156
SIRT1,Bacterial pneumoniae,Q96EB6,J10_PNEUMOBACT,Inverse variance weighted (multiplicative random effects),3,-0.197557978702093,0.0569332942165261,0.000520477160284295,0.0411362841324695,,0.00980022517816909,0.70384425887981,0.76471750666676,0.682250249744692,0,TRUE,6.66670091603045e-30,
SIRT1,Bacterial pneumoniae,Q96EB6,J10_PNEUMOBACT,Contamination mixture,,-0.231018838855848,0.232142857142857,0.0720808546370247,,,0.00980022517816909,0.70384425887981,0.76471750666676,0.682250249744692,0,TRUE,6.66670091603045e-30,
SIRT1,Bacterial pneumoniae,Q96EB6,J10_PNEUMOBACT,Weighted median,3,-0.218728303789626,0.102210711237873,0.0323568369844749,,,0.00980022517816909,0.70384425887981,0.76471750666676,0.682250249744692,0,TRUE,6.66670091603045e-30,
SLC4A1,Bacterial pneumoniae,P02730,J10_PNEUMOBACT,Inverse variance weighted (multiplicative random effects),3,-0.156148506423564,0.0115581955307982,1.36957768466316e-41,1.51543770807979e-38,,0.00233353901361242,0.93809184901701,0.0150094780251873,0.992523351227332,0,TRUE,6.76554252824896e-28,
SLC4A1,Bacterial pneumoniae,P02730,J10_PNEUMOBACT,Contamination mixture,,-0.153133947321465,0.237244897959184,0.241948080602541,,,0.00233353901361242,0.93809184901701,0.0150094780251873,0.992523351227332,0,TRUE,6.76554252824896e-28,
SLC4A1,Bacterial pneumoniae,P02730,J10_PNEUMOBACT,Weighted median,3,-0.149561863964917,0.147347589921161,0.31009269258827,,,0.00233353901361242,0.93809184901701,0.0150094780251873,0.992523351227332,0,TRUE,6.76554252824896e-28,
SLC51B,Bacterial pneumoniae,Q86UW2,J10_PNEUMOBACT,Inverse variance weighted (multiplicative random effects),21,-0.0460411363682801,0.0191423160537252,0.0161635297261207,0.303134671897502,,0.0051207770692841,0.289084107337617,16.6328252185462,0.676670901570272,0,TRUE,0,0.627
SLC51B,Bacterial pneumoniae,Q86UW2,J10_PNEUMOBACT,Contamination mixture,,-0.0696635456415928,0.0357142857142857,0.163552449870633,,,0.0051207770692841,0.289084107337617,16.6328252185462,0.676670901570272,0,TRUE,0,0.627
SLC51B,Bacterial pneumoniae,Q86UW2,J10_PNEUMOBACT,MR-PRESSO (Outlier-corrected),,-0.0460411363682801,0.0191423160537252,0.0259628804468903,,0.627,0.0051207770692841,0.289084107337617,16.6328252185462,0.676670901570272,0,TRUE,0,0.627
SLC51B,Bacterial pneumoniae,Q86UW2,J10_PNEUMOBACT,Weighted median,21,-0.0567340351758891,0.0319338117669176,0.0756318834304921,,,0.0051207770692841,0.289084107337617,16.6328252185462,0.676670901570272,0,TRUE,0,0.627
SMAD1,Bacterial pneumoniae,Q15797,J10_PNEUMOBACT,Inverse variance weighted (multiplicative random effects),6,0.133995840109981,0.0675244127186794,0.0472106135912975,0.472747003970775,,-0.00410067757221523,0.852727572945539,3.48288661248912,0.625978669317765,0,TRUE,2.35239357690279e-52,0.67
SMAD1,Bacterial pneumoniae,Q15797,J10_PNEUMOBACT,Contamination mixture,,0.200724443574014,0.191326530612245,0.214948037653941,,,-0.00410067757221523,0.852727572945539,3.48288661248912,0.625978669317765,0,TRUE,2.35239357690279e-52,0.67
SMAD1,Bacterial pneumoniae,Q15797,J10_PNEUMOBACT,MR-PRESSO (Outlier-corrected),,0.133995840109981,0.0675244127186794,0.103990779376369,,0.67,-0.00410067757221523,0.852727572945539,3.48288661248912,0.625978669317765,0,TRUE,2.35239357690279e-52,0.67
SMAD1,Bacterial pneumoniae,Q15797,J10_PNEUMOBACT,Weighted median,6,0.110767548489062,0.103667404797759,0.285299699151641,,,-0.00410067757221523,0.852727572945539,3.48288661248912,0.625978669317765,0,TRUE,2.35239357690279e-52,0.67
SMOC2,Bacterial pneumoniae,Q9H3U7,J10_PNEUMOBACT,Inverse variance weighted (multiplicative random effects),26,-0.06292953122955,0.0250940399392512,0.0121503247263522,0.253666685088844,,0.00400318693649554,0.495589166301793,32.5783914345203,0.14194906476674,23.2620184755046,TRUE,0,0.131
SMOC2,Bacterial pneumoniae,Q9H3U7,J10_PNEUMOBACT,Contamination mixture,,-0.0910210079187166,0.0280612244897959,0.00797030789791314,,,0.00400318693649554,0.495589166301793,32.5783914345203,0.14194906476674,23.2620184755046,TRUE,0,0.131
SMOC2,Bacterial pneumoniae,Q9H3U7,J10_PNEUMOBACT,MR-PRESSO (Outlier-corrected),,-0.06292953122955,0.0250940399392512,0.0190093425342198,,0.131,0.00400318693649554,0.495589166301793,32.5783914345203,0.14194906476674,23.2620184755046,TRUE,0,0.131
SMOC2,Bacterial pneumoniae,Q9H3U7,J10_PNEUMOBACT,Weighted median,26,-0.0993450845423083,0.0335911470411096,0.00310166696712787,,,0.00400318693649554,0.495589166301793,32.5783914345203,0.14194906476674,23.2620184755046,TRUE,0,0.131
SNAP25,Bacterial pneumoniae,P60880,J10_PNEUMOBACT,Inverse variance weighted (multiplicative random effects),22,-0.0767670871327293,0.0261248988224809,0.00329842455633284,0.117881361478952,,0.00541143668844611,0.272389427612432,32.3144051833215,0.0543940578717355,35.013502860827,TRUE,0,0.116
SNAP25,Bacterial pneumoniae,P60880,J10_PNEUMOBACT,Contamination mixture,,-0.0855143901031983,0.0204081632653061,0.00146611023389234,,,0.00541143668844611,0.272389427612432,32.3144051833215,0.0543940578717355,35.013502860827,TRUE,0,0.116
SNAP25,Bacterial pneumoniae,P60880,J10_PNEUMOBACT,MR-PRESSO (Outlier-corrected),,-0.0767670871327293,0.0261248988224809,0.00784894413455105,,0.116,0.00541143668844611,0.272389427612432,32.3144051833215,0.0543940578717355,35.013502860827,TRUE,0,0.116
SNAP25,Bacterial pneumoniae,P60880,J10_PNEUMOBACT,Weighted median,22,-0.0791268162373964,0.0264513684684628,0.00277694852500484,,,0.00541143668844611,0.272389427612432,32.3144051833215,0.0543940578717355,35.013502860827,TRUE,0,0.116
SNX5,Bacterial pneumoniae,Q9Y5X3,J10_PNEUMOBACT,Inverse variance weighted (multiplicative random effects),5,0.141092254743962,0.0399838272648379,0.000417554027261049,0.0342239652714334,,-0.00438887258038093,0.6949844128009,1.70115557278584,0.79050770206738,0,TRUE,3.15720544120023e-90,0.857
SNX5,Bacterial pneumoniae,Q9Y5X3,J10_PNEUMOBACT,Contamination mixture,,0.157277471641089,0.142857142857143,0.0707477498257414,,,-0.00438887258038093,0.6949844128009,1.70115557278584,0.79050770206738,0,TRUE,3.15720544120023e-90,0.857
SNX5,Bacterial pneumoniae,Q9Y5X3,J10_PNEUMOBACT,MR-PRESSO (Outlier-corrected),,0.141092254743962,0.0399838272648379,0.0242582413660275,,0.857,-0.00438887258038093,0.6949844128009,1.70115557278584,0.79050770206738,0,TRUE,3.15720544120023e-90,0.857
SNX5,Bacterial pneumoniae,Q9Y5X3,J10_PNEUMOBACT,Weighted median,5,0.142145443624183,0.0656207562267269,0.0302985128652375,,,-0.00438887258038093,0.6949844128009,1.70115557278584,0.79050770206738,0,TRUE,3.15720544120023e-90,0.857
SPARC,Bacterial pneumoniae,P09486,J10_PNEUMOBACT,Inverse variance weighted (multiplicative random effects),28,-0.0725755611226067,0.029986686894017,0.0155094385966152,0.296672244902883,,-0.00705439775752477,0.34999101686612,23.5400113900136,0.655690807093744,0,TRUE,0,0.685
SPARC,Bacterial pneumoniae,P09486,J10_PNEUMOBACT,Contamination mixture,,-0.12087874295879,0.0459183673469388,0.00447011347772074,,,-0.00705439775752477,0.34999101686612,23.5400113900136,0.655690807093744,0,TRUE,0,0.685
SPARC,Bacterial pneumoniae,P09486,J10_PNEUMOBACT,MR-PRESSO (Outlier-corrected),,-0.0725755611226067,0.029986686894017,0.0225123146730634,,0.685,-0.00705439775752477,0.34999101686612,23.5400113900136,0.655690807093744,0,TRUE,0,0.685
SPARC,Bacterial pneumoniae,P09486,J10_PNEUMOBACT,Weighted median,28,-0.036400257256954,0.0462559964576605,0.431322516024018,,,-0.00705439775752477,0.34999101686612,23.5400113900136,0.655690807093744,0,TRUE,0,0.685
SSNA1,Bacterial pneumoniae,O43805,J10_PNEUMOBACT,Inverse variance weighted (multiplicative random effects),9,0.151960534888399,0.0423718592861654,0.00033533221840409,0.0335528461423674,,-0.00288014185465352,0.823990994053931,3.70528700878286,0.882686829377041,0,TRUE,2.60341006841403e-90,0.899
SSNA1,Bacterial pneumoniae,O43805,J10_PNEUMOBACT,Contamination mixture,,0.196145540556442,0.0816326530612245,0.0224044064246208,,,-0.00288014185465352,0.823990994053931,3.70528700878286,0.882686829377041,0,TRUE,2.60341006841403e-90,0.899
SSNA1,Bacterial pneumoniae,O43805,J10_PNEUMOBACT,MR-PRESSO (Outlier-corrected),,0.151960534888399,0.0423718592861654,0.0071221301294547,,0.899,-0.00288014185465352,0.823990994053931,3.70528700878286,0.882686829377041,0,TRUE,2.60341006841403e-90,0.899
SSNA1,Bacterial pneumoniae,O43805,J10_PNEUMOBACT,Weighted median,9,0.161923904937568,0.0787268310227752,0.0397072296550697,,,-0.00288014185465352,0.823990994053931,3.70528700878286,0.882686829377041,0,TRUE,2.60341006841403e-90,0.899
STAU1,Bacterial pneumoniae,O95793,J10_PNEUMOBACT,Inverse variance weighted (multiplicative random effects),3,-0.139113940979118,0.0474209798888246,0.00335061292554027,0.117881361478952,,-0.000318402342080666,0.989144275576225,0.600293260229955,0.740709602384393,0,TRUE,1.07448347668187e-46,
STAU1,Bacterial pneumoniae,O95793,J10_PNEUMOBACT,Weighted median,3,-0.134637869924471,0.0941184762987882,0.152569331448836,,,-0.000318402342080666,0.989144275576225,0.600293260229955,0.740709602384393,0,TRUE,1.07448347668187e-46,
SULT2A1,Bacterial pneumoniae,Q06520,J10_PNEUMOBACT,Inverse variance weighted (multiplicative random effects),10,-0.0463503624024234,0.0197386460795399,0.0188641998337238,0.326144329937741,,0.00240557340745886,0.686866140765555,3.38314030788859,0.94715198586189,0,TRUE,0,0.966
SULT2A1,Bacterial pneumoniae,Q06520,J10_PNEUMOBACT,Contamination mixture,,-0.0540907568076567,0.0357142857142857,0.183567688264824,,,0.00240557340745886,0.686866140765555,3.38314030788859,0.94715198586189,0,TRUE,0,0.966
SULT2A1,Bacterial pneumoniae,Q06520,J10_PNEUMOBACT,MR-PRESSO (Outlier-corrected),,-0.0463503624024234,0.0197386460795399,0.0434327004135284,,0.966,0.00240557340745886,0.686866140765555,3.38314030788859,0.94715198586189,0,TRUE,0,0.966
SULT2A1,Bacterial pneumoniae,Q06520,J10_PNEUMOBACT,Weighted median,10,-0.0525621187885466,0.037957705172915,0.166127421186976,,,0.00240557340745886,0.686866140765555,3.38314030788859,0.94715198586189,0,TRUE,0,0.966
SUSD2,Bacterial pneumoniae,Q9UGT4,J10_PNEUMOBACT,Inverse variance weighted (multiplicative random effects),27,-0.0759917383943421,0.0210517120184501,0.000306474244053983,0.0332044740673795,,-0.00682547511166598,0.0446839615457641,26.1109150749072,0.457020962759647,0.424784327125129,TRUE,0,0.443
SUSD2,Bacterial pneumoniae,Q9UGT4,J10_PNEUMOBACT,Contamination mixture,,-0.0614712029925604,0.0229591836734694,0.0294523159935219,,,-0.00682547511166598,0.0446839615457641,26.1109150749072,0.457020962759647,0.424784327125129,TRUE,0,0.443
SUSD2,Bacterial pneumoniae,Q9UGT4,J10_PNEUMOBACT,MR-PRESSO (Outlier-corrected),,-0.0759917383943421,0.0210517120184501,0.001282129185706,,0.443,-0.00682547511166598,0.0446839615457641,26.1109150749072,0.457020962759647,0.424784327125129,TRUE,0,0.443
SUSD2,Bacterial pneumoniae,Q9UGT4,J10_PNEUMOBACT,Weighted median,27,-0.0433701729413419,0.0279012416477798,0.120084907264964,,,-0.00682547511166598,0.0446839615457641,26.1109150749072,0.457020962759647,0.424784327125129,TRUE,0,0.443
TBC1D5,Bacterial pneumoniae,Q92609,J10_PNEUMOBACT,Inverse variance weighted (multiplicative random effects),5,0.150032968434988,0.0445135195384367,0.000750309832583368,0.0503162321062725,,-0.00978936221492701,0.741807509347694,0.872095428558309,0.928529602164346,0,TRUE,8.47528512419118e-41,0.924
TBC1D5,Bacterial pneumoniae,Q92609,J10_PNEUMOBACT,Contamination mixture,,0.146546468231088,0.278061224489796,0.155048836108663,,,-0.00978936221492701,0.741807509347694,0.872095428558309,0.928529602164346,0,TRUE,8.47528512419118e-41,0.924
TBC1D5,Bacterial pneumoniae,Q92609,J10_PNEUMOBACT,MR-PRESSO (Outlier-corrected),,0.150032968434988,0.0445135195384367,0.0280306565200307,,0.924,-0.00978936221492701,0.741807509347694,0.872095428558309,0.928529602164346,0,TRUE,8.47528512419118e-41,0.924
TBC1D5,Bacterial pneumoniae,Q92609,J10_PNEUMOBACT,Weighted median,5,0.113374039425715,0.116317298851821,0.329710934771964,,,-0.00978936221492701,0.741807509347694,0.872095428558309,0.928529602164346,0,TRUE,8.47528512419118e-41,0.924
TCN1,Bacterial pneumoniae,P20061,J10_PNEUMOBACT,Inverse variance weighted (multiplicative random effects),62,0.0326517132976337,0.0128041910152032,0.0107698157443554,0.229169252329409,,0.00471785153674113,0.0641094222282143,59.6987072691077,0.523185494324957,0,TRUE,0,0.489
TCN1,Bacterial pneumoniae,P20061,J10_PNEUMOBACT,Contamination mixture,,0.0324107320203515,0.0178571428571429,0.0124623275397275,,,0.00471785153674113,0.0641094222282143,59.6987072691077,0.523185494324957,0,TRUE,0,0.489
TCN1,Bacterial pneumoniae,P20061,J10_PNEUMOBACT,MR-PRESSO (Outlier-corrected),,0.0326517132976337,0.0128041910152032,0.0132974950752956,,0.489,0.00471785153674113,0.0641094222282143,59.6987072691077,0.523185494324957,0,TRUE,0,0.489
TCN1,Bacterial pneumoniae,P20061,J10_PNEUMOBACT,Weighted median,62,0.0209462526846335,0.0178044332377375,0.239410004886911,,,0.00471785153674113,0.0641094222282143,59.6987072691077,0.523185494324957,0,TRUE,0,0.489
TF,Bacterial pneumoniae,P02787,J10_PNEUMOBACT,Inverse variance weighted (multiplicative random effects),20,-0.0751102246300927,0.0264793430117265,0.00456025200651677,0.143577760015246,,-9.82777696127066e-05,0.984392772815763,19.1847549850929,0.445042735406012,0.963030204120095,TRUE,0,0.406
TF,Bacterial pneumoniae,P02787,J10_PNEUMOBACT,Contamination mixture,,-0.0370373663898128,0.0331632653061224,0.270167060973275,,,-9.82777696127066e-05,0.984392772815763,19.1847549850929,0.445042735406012,0.963030204120095,TRUE,0,0.406
TF,Bacterial pneumoniae,P02787,J10_PNEUMOBACT,MR-PRESSO (Outlier-corrected),,-0.0751102246300927,0.0264793430117265,0.0105477803656636,,0.406,-9.82777696127066e-05,0.984392772815763,19.1847549850929,0.445042735406012,0.963030204120095,TRUE,0,0.406
TF,Bacterial pneumoniae,P02787,J10_PNEUMOBACT,Weighted median,20,-0.0457620788049306,0.038079183506097,0.229456127875566,,,-9.82777696127066e-05,0.984392772815763,19.1847549850929,0.445042735406012,0.963030204120095,TRUE,0,0.406
TFPI2,Bacterial pneumoniae,P48307,J10_PNEUMOBACT,Inverse variance weighted (multiplicative random effects),33,0.0713016626782409,0.0322002022443235,0.0268065371316614,0.380295442391381,,0.00444323457994113,0.425498227845263,44.6843221901483,0.0674311260058682,28.3865158257784,TRUE,0,0.082
TFPI2,Bacterial pneumoniae,P48307,J10_PNEUMOBACT,Contamination mixture,,0.114562266006127,0.0561224489795918,0.136947795533976,,,0.00444323457994113,0.425498227845263,44.6843221901483,0.0674311260058682,28.3865158257784,TRUE,0,0.082
TFPI2,Bacterial pneumoniae,P48307,J10_PNEUMOBACT,MR-PRESSO (Outlier-corrected),,0.0713016626782409,0.0322002022443235,0.034050824197285,,0.082,0.00444323457994113,0.425498227845263,44.6843221901483,0.0674311260058682,28.3865158257784,TRUE,0,0.082
TFPI2,Bacterial pneumoniae,P48307,J10_PNEUMOBACT,Weighted median,33,0.0630509572749292,0.040377790292795,0.118399764746882,,,0.00444323457994113,0.425498227845263,44.6843221901483,0.0674311260058682,28.3865158257784,TRUE,0,0.082
TIGIT,Bacterial pneumoniae,Q495A1,J10_PNEUMOBACT,Inverse variance weighted (multiplicative random effects),3,0.267553549789713,0.0797189524345269,0.000790185275644585,0.051431765147102,,0.00864596149495552,0.831919473894105,1.40897018133084,0.494363060886471,0,TRUE,2.74470783310017e-37,
TIGIT,Bacterial pneumoniae,Q495A1,J10_PNEUMOBACT,Contamination mixture,,0.315914645798632,0.10969387755102,0.0430024037304213,,,0.00864596149495552,0.831919473894105,1.40897018133084,0.494363060886471,0,TRUE,2.74470783310017e-37,
TIGIT,Bacterial pneumoniae,Q495A1,J10_PNEUMOBACT,Weighted median,3,0.29590906071656,0.109419302229588,0.00684363335239511,,,0.00864596149495552,0.831919473894105,1.40897018133084,0.494363060886471,0,TRUE,2.74470783310017e-37,
TIMP3,Bacterial pneumoniae,P35625,J10_PNEUMOBACT,Inverse variance weighted (multiplicative random effects),50,-0.0352332594632998,0.0154568781129837,0.0226400268225923,0.355336023818417,,-0.00160116405389928,0.572818229785392,38.765168602816,0.852562320883438,0,TRUE,0,0.855
TIMP3,Bacterial pneumoniae,P35625,J10_PNEUMOBACT,Contamination mixture,,-0.0397546915562748,0.0178571428571428,0.0408374656454507,,,-0.00160116405389928,0.572818229785392,38.765168602816,0.852562320883438,0,TRUE,0,0.855
TIMP3,Bacterial pneumoniae,P35625,J10_PNEUMOBACT,MR-PRESSO (Outlier-corrected),,-0.0352332594632998,0.0154568781129837,0.0270319806268273,,0.855,-0.00160116405389928,0.572818229785392,38.765168602816,0.852562320883438,0,TRUE,0,0.855
TIMP3,Bacterial pneumoniae,P35625,J10_PNEUMOBACT,Weighted median,50,-0.0410778706846667,0.0247701375172209,0.0972442923180314,,,-0.00160116405389928,0.572818229785392,38.765168602816,0.852562320883438,0,TRUE,0,0.855
TLR4,Bacterial pneumoniae,O00206,J10_PNEUMOBACT,Inverse variance weighted (multiplicative random effects),4,-0.0998008663273056,0.0167542244039618,2.57290224572165e-09,9.48972111630336e-07,,-0.00744821262908062,0.673556602547291,0.392867314091634,0.941711967650447,0,TRUE,1.60250462015203e-105,0.848
TLR4,Bacterial pneumoniae,O00206,J10_PNEUMOBACT,Contamination mixture,,-0.0977780504096294,0.308673469387755,0.0554108146758652,,,-0.00744821262908062,0.673556602547291,0.392867314091634,0.941711967650447,0,TRUE,1.60250462015203e-105,0.848
TLR4,Bacterial pneumoniae,O00206,J10_PNEUMOBACT,MR-PRESSO (Outlier-corrected),,-0.0998008663273056,0.0167542244039618,0.00946333465608864,,0.848,-0.00744821262908062,0.673556602547291,0.392867314091634,0.941711967650447,0,TRUE,1.60250462015203e-105,0.848
TLR4,Bacterial pneumoniae,O00206,J10_PNEUMOBACT,Weighted median,4,-0.0893291685052287,0.0475207253489008,0.0601361753823776,,,-0.00744821262908062,0.673556602547291,0.392867314091634,0.941711967650447,0,TRUE,1.60250462015203e-105,0.848
TMEM132A,Bacterial pneumoniae,Q24JP5,J10_PNEUMOBACT,Inverse variance weighted (multiplicative random effects),20,-0.0324397513109942,0.0133272730993145,0.0149293780259833,0.292511177858923,,0.0114965009594491,0.310586771795947,11.1206250549388,0.919714178793867,0,TRUE,0,0.917
TMEM132A,Bacterial pneumoniae,Q24JP5,J10_PNEUMOBACT,Contamination mixture,,-0.0309190365930669,0.0153061224489796,0.103751292766799,,,0.0114965009594491,0.310586771795947,11.1206250549388,0.919714178793867,0,TRUE,0,0.917
TMEM132A,Bacterial pneumoniae,Q24JP5,J10_PNEUMOBACT,MR-PRESSO (Outlier-corrected),,-0.0324397513109942,0.0133272730993145,0.0249661976860312,,0.917,0.0114965009594491,0.310586771795947,11.1206250549388,0.919714178793867,0,TRUE,0,0.917
TMEM132A,Bacterial pneumoniae,Q24JP5,J10_PNEUMOBACT,Weighted median,20,-0.0414922991680147,0.0231410836868214,0.0729706016227469,,,0.0114965009594491,0.310586771795947,11.1206250549388,0.919714178793867,0,TRUE,0,0.917
TNF,Bacterial pneumoniae,P01375,J10_PNEUMOBACT,Inverse variance weighted (multiplicative random effects),6,0.125541958780727,0.051627046864084,0.0150277720754353,0.292511177858923,,0.00549389358612156,0.681075180793808,4.55628967146014,0.472387581514679,0,TRUE,4.27309766355831e-126,0.492
TNF,Bacterial pneumoniae,P01375,J10_PNEUMOBACT,Contamination mixture,,0.143783927758255,0.076530612244898,0.120771437595972,,,0.00549389358612156,0.681075180793808,4.55628967146014,0.472387581514679,0,TRUE,4.27309766355831e-126,0.492
TNF,Bacterial pneumoniae,P01375,J10_PNEUMOBACT,MR-PRESSO (Outlier-corrected),,0.125541958780727,0.051627046864084,0.0592557352040526,,0.492,0.00549389358612156,0.681075180793808,4.55628967146014,0.472387581514679,0,TRUE,4.27309766355831e-126,0.492
TNF,Bacterial pneumoniae,P01375,J10_PNEUMOBACT,Weighted median,6,0.1375804813834,0.0696668190832018,0.0482868615176295,,,0.00549389358612156,0.681075180793808,4.55628967146014,0.472387581514679,0,TRUE,4.27309766355831e-126,0.492
TNFRSF10C,Bacterial pneumoniae,O14798,J10_PNEUMOBACT,Inverse variance weighted (multiplicative random effects),65,0.0411056121898401,0.0144717538767205,0.00450565824742171,0.143577760015246,,-0.00353544013623967,0.170926145298585,74.1535228204716,0.180836662378119,13.6925697313851,TRUE,0,0.154
TNFRSF10C,Bacterial pneumoniae,O14798,J10_PNEUMOBACT,Contamination mixture,,0.0519417727160485,0.0178571428571429,0.0181800053890941,,,-0.00353544013623967,0.170926145298585,74.1535228204716,0.180836662378119,13.6925697313851,TRUE,0,0.154
TNFRSF10C,Bacterial pneumoniae,O14798,J10_PNEUMOBACT,MR-PRESSO (Outlier-corrected),,0.0411056121898401,0.0144717538767205,0.00603477422881287,,0.154,-0.00353544013623967,0.170926145298585,74.1535228204716,0.180836662378119,13.6925697313851,TRUE,0,0.154
TNFRSF10C,Bacterial pneumoniae,O14798,J10_PNEUMOBACT,Weighted median,65,0.0631922679581944,0.0216062943269402,0.00344771060957113,,,-0.00353544013623967,0.170926145298585,74.1535228204716,0.180836662378119,13.6925697313851,TRUE,0,0.154
TNFRSF17,Bacterial pneumoniae,Q02223,J10_PNEUMOBACT,Inverse variance weighted (multiplicative random effects),36,-0.0678022046235586,0.0306741919636309,0.027077480027082,0.380295442391381,,-0.000477830308429968,0.925132182500619,40.358076791627,0.245349984303378,13.2763432194534,TRUE,0,0.261
TNFRSF17,Bacterial pneumoniae,Q02223,J10_PNEUMOBACT,Contamination mixture,,-0.0538518631876961,0.0306122448979592,0.0718045723277546,,,-0.000477830308429968,0.925132182500619,40.358076791627,0.245349984303378,13.2763432194534,TRUE,0,0.261
TNFRSF17,Bacterial pneumoniae,Q02223,J10_PNEUMOBACT,MR-PRESSO (Outlier-corrected),,-0.0678022046235586,0.0306741919636309,0.0337083899149646,,0.261,-0.000477830308429968,0.925132182500619,40.358076791627,0.245349984303378,13.2763432194534,TRUE,0,0.261
TNFRSF17,Bacterial pneumoniae,Q02223,J10_PNEUMOBACT,Weighted median,36,-0.0580455952781781,0.0406054266722325,0.152859599879583,,,-0.000477830308429968,0.925132182500619,40.358076791627,0.245349984303378,13.2763432194534,TRUE,0,0.261
TNFSF13,Bacterial pneumoniae,O75888,J10_PNEUMOBACT,Inverse variance weighted (multiplicative random effects),21,-0.0632880004306514,0.0300292839276695,0.0350705578198561,0.414675901940885,,-0.00131831459691094,0.815003725598149,24.9069394112766,0.20501458472383,19.7010934593394,TRUE,0,0.217
TNFSF13,Bacterial pneumoniae,O75888,J10_PNEUMOBACT,Contamination mixture,,-0.104389754772087,0.0306122448979592,0.00606511831939675,,,-0.00131831459691094,0.815003725598149,24.9069394112766,0.20501458472383,19.7010934593394,TRUE,0,0.217
TNFSF13,Bacterial pneumoniae,O75888,J10_PNEUMOBACT,MR-PRESSO (Outlier-corrected),,-0.0632880004306514,0.0300292839276695,0.0478890694261252,,0.217,-0.00131831459691094,0.815003725598149,24.9069394112766,0.20501458472383,19.7010934593394,TRUE,0,0.217
TNFSF13,Bacterial pneumoniae,O75888,J10_PNEUMOBACT,Weighted median,21,-0.102041352351251,0.0368434812132447,0.00561268242160127,,,-0.00131831459691094,0.815003725598149,24.9069394112766,0.20501458472383,19.7010934593394,TRUE,0,0.217
TNFSF8,Bacterial pneumoniae,P32971,J10_PNEUMOBACT,Inverse variance weighted (multiplicative random effects),29,0.0572204178930239,0.0268391831822516,0.0330090539640256,0.412706420465473,,-0.00331921540898271,0.552672803817099,40.843916958012,0.0555005184177753,31.4463399071536,TRUE,0,0.065
TNFSF8,Bacterial pneumoniae,P32971,J10_PNEUMOBACT,Contamination mixture,,0.0875040779646861,0.0280612244897959,0.0106403040534608,,,-0.00331921540898271,0.552672803817099,40.843916958012,0.0555005184177753,31.4463399071536,TRUE,0,0.065
TNFSF8,Bacterial pneumoniae,P32971,J10_PNEUMOBACT,MR-PRESSO (Outlier-corrected),,0.0572204178930239,0.0268391831822516,0.0419203873925004,,0.065,-0.00331921540898271,0.552672803817099,40.843916958012,0.0555005184177753,31.4463399071536,TRUE,0,0.065
TNFSF8,Bacterial pneumoniae,P32971,J10_PNEUMOBACT,Weighted median,29,0.0788028967911957,0.0325785985517874,0.0155694571953415,,,-0.00331921540898271,0.552672803817099,40.843916958012,0.0555005184177753,31.4463399071536,TRUE,0,0.065
TNN,Bacterial pneumoniae,Q9UQP3,J10_PNEUMOBACT,Inverse variance weighted (multiplicative random effects),50,0.0337340747490542,0.0165127856972246,0.0410617096583397,0.446011446556814,,0.00308102596837665,0.458898673164018,84.8124980647272,0.00113533741832695,42.2254961024681,TRUE,0,0.001
TNN,Bacterial pneumoniae,Q9UQP3,J10_PNEUMOBACT,Contamination mixture,,0.0370822910256925,0.0153061224489796,0.0280525401840335,,,0.00308102596837665,0.458898673164018,84.8124980647272,0.00113533741832695,42.2254961024681,TRUE,0,0.001
TNN,Bacterial pneumoniae,Q9UQP3,J10_PNEUMOBACT,MR-PRESSO (Outlier-corrected),,0.0337340747490542,0.0165127856972246,0.046459905816584,,0.001,0.00308102596837665,0.458898673164018,84.8124980647272,0.00113533741832695,42.2254961024681,TRUE,0,0.001
TNN,Bacterial pneumoniae,Q9UQP3,J10_PNEUMOBACT,Weighted median,50,0.0317544706541561,0.0182748951316663,0.0822811956347452,,,0.00308102596837665,0.458898673164018,84.8124980647272,0.00113533741832695,42.2254961024681,TRUE,0,0.001
TP53BP1,Bacterial pneumoniae,Q12888,J10_PNEUMOBACT,Inverse variance weighted (multiplicative random effects),11,0.132876844311827,0.0623219315627551,0.0329982916297188,0.412706420465473,,0.0131471623702378,0.498664787580429,9.60081214185679,0.4761848395083,0,TRUE,1.61676839225715e-86,0.505
TP53BP1,Bacterial pneumoniae,Q12888,J10_PNEUMOBACT,Contamination mixture,,0.118576545926497,0.11734693877551,0.223727836732824,,,0.0131471623702378,0.498664787580429,9.60081214185679,0.4761848395083,0,TRUE,1.61676839225715e-86,0.505
TP53BP1,Bacterial pneumoniae,Q12888,J10_PNEUMOBACT,MR-PRESSO (Outlier-corrected),,0.132876844311827,0.0623219315627551,0.0588124197711598,,0.505,0.0131471623702378,0.498664787580429,9.60081214185679,0.4761848395083,0,TRUE,1.61676839225715e-86,0.505
TP53BP1,Bacterial pneumoniae,Q12888,J10_PNEUMOBACT,Weighted median,11,0.0823691993890837,0.0875470018984379,0.346778205522164,,,0.0131471623702378,0.498664787580429,9.60081214185679,0.4761848395083,0,TRUE,1.61676839225715e-86,0.505
TPSAB1,Bacterial pneumoniae,Q15661,J10_PNEUMOBACT,Inverse variance weighted (multiplicative random effects),52,-0.0308128514777811,0.010782040196891,0.00426597027804421,0.138832238607527,,0.000209977867678539,0.93989092136331,59.0096865166064,0.2060393365348,13.5735113833427,TRUE,0,0.26
TPSAB1,Bacterial pneumoniae,Q15661,J10_PNEUMOBACT,Contamination mixture,,-0.0262035368051834,0.0076530612244898,0.00563192940113558,,,0.000209977867678539,0.93989092136331,59.0096865166064,0.2060393365348,13.5735113833427,TRUE,0,0.26
TPSAB1,Bacterial pneumoniae,Q15661,J10_PNEUMOBACT,MR-PRESSO (Outlier-corrected),,-0.0308128514777811,0.010782040196891,0.0061614742893031,,0.26,0.000209977867678539,0.93989092136331,59.0096865166064,0.2060393365348,13.5735113833427,TRUE,0,0.26
TPSAB1,Bacterial pneumoniae,Q15661,J10_PNEUMOBACT,Weighted median,52,-0.0357383400302993,0.0139464496930805,0.0103909513743404,,,0.000209977867678539,0.93989092136331,59.0096865166064,0.2060393365348,13.5735113833427,TRUE,0,0.26
TPSD1,Bacterial pneumoniae,Q9BZJ3,J10_PNEUMOBACT,Inverse variance weighted (multiplicative random effects),12,-0.0536084226975096,0.0120750300639654,9.01220955978503e-06,0.00166200164631702,,0.00328654449798816,0.543155639261377,2.97750161044107,0.99101988074328,0,TRUE,0,0.997
TPSD1,Bacterial pneumoniae,Q9BZJ3,J10_PNEUMOBACT,Contamination mixture,,-0.0584156919467971,0.0229591836734694,0.0234410564700976,,,0.00328654449798816,0.543155639261377,2.97750161044107,0.99101988074328,0,TRUE,0,0.997
TPSD1,Bacterial pneumoniae,Q9BZJ3,J10_PNEUMOBACT,MR-PRESSO (Outlier-corrected),,-0.0536084226975096,0.0120750300639654,0.000995657054185971,,0.997,0.00328654449798816,0.543155639261377,2.97750161044107,0.99101988074328,0,TRUE,0,0.997
TPSD1,Bacterial pneumoniae,Q9BZJ3,J10_PNEUMOBACT,Weighted median,12,-0.0582074413229334,0.0267006503170833,0.0292573959462035,,,0.00328654449798816,0.543155639261377,2.97750161044107,0.99101988074328,0,TRUE,0,0.997
ULBP2,Bacterial pneumoniae,Q9BZM5,J10_PNEUMOBACT,Inverse variance weighted (multiplicative random effects),31,0.0310348604310301,0.0149325184102151,0.0376779923691344,0.429801016045847,,0.0046854742513649,0.247514815753606,34.0428532648483,0.279122807293364,11.8757767846176,TRUE,0,0.353
ULBP2,Bacterial pneumoniae,Q9BZM5,J10_PNEUMOBACT,Contamination mixture,,0.0285747789861986,0.0127551020408163,0.0934070939912056,,,0.0046854742513649,0.247514815753606,34.0428532648483,0.279122807293364,11.8757767846176,TRUE,0,0.353
ULBP2,Bacterial pneumoniae,Q9BZM5,J10_PNEUMOBACT,MR-PRESSO (Outlier-corrected),,0.0310348604310301,0.0149325184102151,0.0463300310000868,,0.353,0.0046854742513649,0.247514815753606,34.0428532648483,0.279122807293364,11.8757767846176,TRUE,0,0.353
ULBP2,Bacterial pneumoniae,Q9BZM5,J10_PNEUMOBACT,Weighted median,31,0.0362830683480539,0.0186709430125944,0.0519810546847871,,,0.0046854742513649,0.247514815753606,34.0428532648483,0.279122807293364,11.8757767846176,TRUE,0,0.353
UMOD,Bacterial pneumoniae,P07911,J10_PNEUMOBACT,Inverse variance weighted (multiplicative random effects),61,-0.0346298080115394,0.0165586796260694,0.0364977103569647,0.418494471606025,,-0.000972451683093753,0.725174063229823,78.8110330578449,0.0521629444476459,23.8685274484832,TRUE,0,0.064
UMOD,Bacterial pneumoniae,P07911,J10_PNEUMOBACT,Contamination mixture,,-0.0278888065078684,0.0153061224489796,0.0665530920638373,,,-0.000972451683093753,0.725174063229823,78.8110330578449,0.0521629444476459,23.8685274484832,TRUE,0,0.064
UMOD,Bacterial pneumoniae,P07911,J10_PNEUMOBACT,MR-PRESSO (Outlier-corrected),,-0.0346298080115394,0.0165586796260694,0.0407397427703711,,0.064,-0.000972451683093753,0.725174063229823,78.8110330578449,0.0521629444476459,23.8685274484832,TRUE,0,0.064
UMOD,Bacterial pneumoniae,P07911,J10_PNEUMOBACT,Weighted median,61,-0.0223294174404401,0.0222520402889105,0.315630621216037,,,-0.000972451683093753,0.725174063229823,78.8110330578449,0.0521629444476459,23.8685274484832,TRUE,0,0.064
UROS,Bacterial pneumoniae,P10746,J10_PNEUMOBACT,Inverse variance weighted (multiplicative random effects),4,0.302140599940278,0.0393395950983594,1.58694170785178e-14,1.17063399982533e-11,,-0.00145672870616544,0.925295922199431,0.818879908651165,0.844946082523624,0,TRUE,8.67585370257445e-60,0.801
UROS,Bacterial pneumoniae,P10746,J10_PNEUMOBACT,Contamination mixture,,0.303830334432629,0.0816326530612245,0.00279665299144966,,,-0.00145672870616544,0.925295922199431,0.818879908651165,0.844946082523624,0,TRUE,8.67585370257445e-60,0.801
UROS,Bacterial pneumoniae,P10746,J10_PNEUMOBACT,MR-PRESSO (Outlier-corrected),,0.302140599940278,0.0393395950983594,0.00458609883250254,,0.801,-0.00145672870616544,0.925295922199431,0.818879908651165,0.844946082523624,0,TRUE,8.67585370257445e-60,0.801
UROS,Bacterial pneumoniae,P10746,J10_PNEUMOBACT,Weighted median,4,0.294394560008107,0.0805144860466018,0.000255764869327187,,,-0.00145672870616544,0.925295922199431,0.818879908651165,0.844946082523624,0,TRUE,8.67585370257445e-60,0.801
VCPKMT,Bacterial pneumoniae,Q9H867,J10_PNEUMOBACT,Inverse variance weighted (multiplicative random effects),4,-0.17085230449802,0.0299919306190812,1.22213706321271e-08,3.86369902984247e-06,,0.00120252632704447,0.938409297892911,0.388067700659893,0.942696247787062,0,TRUE,2.09245050811228e-29,0.956
VCPKMT,Bacterial pneumoniae,Q9H867,J10_PNEUMOBACT,MR-PRESSO (Outlier-corrected),,-0.17085230449802,0.0299919306190812,0.0107256805723366,,0.956,0.00120252632704447,0.938409297892911,0.388067700659893,0.942696247787062,0,TRUE,2.09245050811228e-29,0.956
VCPKMT,Bacterial pneumoniae,Q9H867,J10_PNEUMOBACT,Weighted median,4,-0.160305531429838,0.0961638973650082,0.0955137545179128,,,0.00120252632704447,0.938409297892911,0.388067700659893,0.942696247787062,0,TRUE,2.09245050811228e-29,0.956
VEGFC,Bacterial pneumoniae,P49767,J10_PNEUMOBACT,Inverse variance weighted (multiplicative random effects),31,-0.0681690063380643,0.0302823326375339,0.0243782690330524,0.362997379291286,,-0.00287767537977558,0.692149368904978,26.08115839424,0.670982546423156,0,TRUE,0,0.701
VEGFC,Bacterial pneumoniae,P49767,J10_PNEUMOBACT,Contamination mixture,,-0.114762759293368,0.0433673469387755,0.009841182315202,,,-0.00287767537977558,0.692149368904978,26.08115839424,0.670982546423156,0,TRUE,0,0.701
VEGFC,Bacterial pneumoniae,P49767,J10_PNEUMOBACT,MR-PRESSO (Outlier-corrected),,-0.0681690063380643,0.0302823326375339,0.0318607696059622,,0.701,-0.00287767537977558,0.692149368904978,26.08115839424,0.670982546423156,0,TRUE,0,0.701
VEGFC,Bacterial pneumoniae,P49767,J10_PNEUMOBACT,Weighted median,31,-0.0602227394302723,0.0482305796145964,0.211795952039654,,,-0.00287767537977558,0.692149368904978,26.08115839424,0.670982546423156,0,TRUE,0,0.701
VPS28,Bacterial pneumoniae,Q9UK41,J10_PNEUMOBACT,Inverse variance weighted (multiplicative random effects),4,0.14394950659887,0.0562447406819186,0.0104870624823706,0.22531911916006,,0.0149898154497209,0.538503947335139,1.12043721064263,0.772142890812634,0,TRUE,1.588573475457e-41,0.771
VPS28,Bacterial pneumoniae,Q9UK41,J10_PNEUMOBACT,Contamination mixture,,0.142491849015253,0.227040816326531,0.170597314218781,,,0.0149898154497209,0.538503947335139,1.12043721064263,0.772142890812634,0,TRUE,1.588573475457e-41,0.771
VPS28,Bacterial pneumoniae,Q9UK41,J10_PNEUMOBACT,MR-PRESSO (Outlier-corrected),,0.14394950659887,0.0562447406819186,0.0832618676986528,,0.771,0.0149898154497209,0.538503947335139,1.12043721064263,0.772142890812634,0,TRUE,1.588573475457e-41,0.771
VPS28,Bacterial pneumoniae,Q9UK41,J10_PNEUMOBACT,Weighted median,4,0.109629947198658,0.105909603076549,0.300609351289198,,,0.0149898154497209,0.538503947335139,1.12043721064263,0.772142890812634,0,TRUE,1.588573475457e-41,0.771
WAS,Bacterial pneumoniae,P42768,J10_PNEUMOBACT,Inverse variance weighted (multiplicative random effects),4,0.0816601980795035,0.0290390914188924,0.00492225234382402,0.149218416943597,,0.0150075214236814,0.546059361998538,0.623063723474663,0.891132753993859,0,TRUE,4.39393248039093e-81,0.846
WAS,Bacterial pneumoniae,P42768,J10_PNEUMOBACT,Contamination mixture,,0.079898099883377,0.168367346938776,0.200107941848479,,,0.0150075214236814,0.546059361998538,0.623063723474663,0.891132753993859,0,TRUE,4.39393248039093e-81,0.846
WAS,Bacterial pneumoniae,P42768,J10_PNEUMOBACT,MR-PRESSO (Outlier-corrected),,0.0816601980795035,0.0290390914188924,0.0671770774266727,,0.846,0.0150075214236814,0.546059361998538,0.623063723474663,0.891132753993859,0,TRUE,4.39393248039093e-81,0.846
WAS,Bacterial pneumoniae,P42768,J10_PNEUMOBACT,Weighted median,4,0.0876691596804072,0.0711717722510749,0.218025007537538,,,0.0150075214236814,0.546059361998538,0.623063723474663,0.891132753993859,0,TRUE,4.39393248039093e-81,0.846
WASHC3,Bacterial pneumoniae,Q9Y3C0,J10_PNEUMOBACT,Inverse variance weighted (multiplicative random effects),11,0.117993714302022,0.0367152559988717,0.00131012940065858,0.0707150332599374,,0.000142922147911004,0.986559200405084,5.56882421264278,0.850095553131344,0,TRUE,2.65745708406324e-125,0.835
WASHC3,Bacterial pneumoniae,Q9Y3C0,J10_PNEUMOBACT,Contamination mixture,,0.156786101295642,0.0688775510204082,0.0196330882773052,,,0.000142922147911004,0.986559200405084,5.56882421264278,0.850095553131344,0,TRUE,2.65745708406324e-125,0.835
WASHC3,Bacterial pneumoniae,Q9Y3C0,J10_PNEUMOBACT,MR-PRESSO (Outlier-corrected),,0.117993714302022,0.0367152559988717,0.00927286191417727,,0.835,0.000142922147911004,0.986559200405084,5.56882421264278,0.850095553131344,0,TRUE,2.65745708406324e-125,0.835
WASHC3,Bacterial pneumoniae,Q9Y3C0,J10_PNEUMOBACT,Weighted median,11,0.158281959660722,0.0648101983540845,0.0145965012495855,,,0.000142922147911004,0.986559200405084,5.56882421264278,0.850095553131344,0,TRUE,2.65745708406324e-125,0.835
WFIKKN2,Bacterial pneumoniae,Q8TEU8,J10_PNEUMOBACT,Inverse variance weighted (multiplicative random effects),34,-0.0404098976864181,0.0148868901824315,0.00663835159283226,0.174888953273069,,-0.00313561508376357,0.450040546479181,26.5015848011663,0.78106818413962,0,TRUE,0,0.8
WFIKKN2,Bacterial pneumoniae,Q8TEU8,J10_PNEUMOBACT,Contamination mixture,,-0.0425284269144417,0.0153061224489796,0.0265563702778268,,,-0.00313561508376357,0.450040546479181,26.5015848011663,0.78106818413962,0,TRUE,0,0.8
WFIKKN2,Bacterial pneumoniae,Q8TEU8,J10_PNEUMOBACT,MR-PRESSO (Outlier-corrected),,-0.0404098976864181,0.0148868901824315,0.0104741047117101,,0.8,-0.00313561508376357,0.450040546479181,26.5015848011663,0.78106818413962,0,TRUE,0,0.8
WFIKKN2,Bacterial pneumoniae,Q8TEU8,J10_PNEUMOBACT,Weighted median,34,-0.028761919412028,0.0216645664076529,0.184309658276419,,,-0.00313561508376357,0.450040546479181,26.5015848011663,0.78106818413962,0,TRUE,0,0.8
ZBTB17,Bacterial pneumoniae,Q13105,J10_PNEUMOBACT,Inverse variance weighted (multiplicative random effects),3,-0.35315904338374,0.00835136208088824,0,0,,0.00219611167712248,0.925623763600466,0.01380710487317,0.993120222339939,0,TRUE,1.58249331781868e-32,
ZBTB17,Bacterial pneumoniae,Q13105,J10_PNEUMOBACT,Contamination mixture,,-0.351987849194513,0.0969387755102041,0.000501081538180493,,,0.00219611167712248,0.925623763600466,0.01380710487317,0.993120222339939,0,TRUE,1.58249331781868e-32,
ZBTB17,Bacterial pneumoniae,Q13105,J10_PNEUMOBACT,Weighted median,3,-0.353236324621852,0.114738493632646,0.00207961128503628,,,0.00219611167712248,0.925623763600466,0.01380710487317,0.993120222339939,0,TRUE,1.58249331781868e-32,
ZFYVE19,Bacterial pneumoniae,Q96K21,J10_PNEUMOBACT,Inverse variance weighted (multiplicative random effects),21,0.0581823437344061,0.0284089564498067,0.0405572370219571,0.444322601631639,,0.00211063177900732,0.743403715075859,22.3531813128881,0.321657620242307,10.5272769900155,TRUE,0,0.372
ZFYVE19,Bacterial pneumoniae,Q96K21,J10_PNEUMOBACT,Contamination mixture,,0.0649603930612654,0.0561224489795918,0.0584111110251814,,,0.00211063177900732,0.743403715075859,22.3531813128881,0.321657620242307,10.5272769900155,TRUE,0,0.372
ZFYVE19,Bacterial pneumoniae,Q96K21,J10_PNEUMOBACT,MR-PRESSO (Outlier-corrected),,0.0581823437344061,0.0284089564498067,0.0539151033416995,,0.372,0.00211063177900732,0.743403715075859,22.3531813128881,0.321657620242307,10.5272769900155,TRUE,0,0.372
ZFYVE19,Bacterial pneumoniae,Q96K21,J10_PNEUMOBACT,Weighted median,21,0.0462143502510327,0.0364989470304657,0.205447533117177,,,0.00211063177900732,0.743403715075859,22.3531813128881,0.321657620242307,10.5272769900155,TRUE,0,0.372
