"ONTOLOGY","ID","Description","GeneRatio","BgRatio","RichFactor","FoldEnrichment","zScore","pvalue","p.adjust","qvalue","geneID","Count"
"BP","GO:2001233","regulation of apoptotic signaling pathway","7/9","406/18860",0.0172413793103448,36.1302681992337,15.6355301846447,7.06087789191936e-11,1.1473926574369e-07,2.66826859284111e-08,"AKT1/BCL2/MMP9/PPARG/PTGS2/PTPRC/SIRT1",7
"BP","GO:2001243","negative regulation of intrinsic apoptotic signaling pathway","5/9","115/18860",0.0434782608695652,91.1111111111111,21.1786333027928,9.54222295769564e-10,7.75305615312771e-07,1.80297791674354e-07,"AKT1/BCL2/MMP9/PTGS2/SIRT1",5
"BP","GO:0045598","regulation of fat cell differentiation","5/9","148/18860",0.0337837837837838,70.7957957957958,18.6257343661483,3.41619747645536e-09,1.85044029974665e-06,4.30321015455254e-07,"AKT1/MAPK14/PPARG/PTGS2/SIRT1",5
"BP","GO:0009411","response to UV","5/9","159/18860",0.0314465408805031,65.8979734451433,17.9560444038546,4.90276432689505e-09,1.99174800780111e-06,4.63182208777716e-07,"AKT1/BCL2/MAPK14/MMP9/SIRT1",5
"BP","GO:0036294","cellular response to decreased oxygen levels","5/9","167/18860",0.029940119760479,62.7411842980705,17.5108439009149,6.27700686765185e-09,2.04002723198685e-06,4.74409571681477e-07,"AKT1/BCL2/PPARG/PTGS2/SIRT1",5
"BP","GO:0071453","cellular response to oxygen levels","5/9","183/18860",0.0273224043715847,57.2556162720097,16.7090308327924,9.94265145776207e-09,2.69280143647723e-06,6.26212609357295e-07,"AKT1/BCL2/PPARG/PTGS2/SIRT1",5
"BP","GO:2001242","regulation of intrinsic apoptotic signaling pathway","5/9","195/18860",0.0256410256410256,53.7321937321937,16.1730725886556,1.36765191917292e-08,2.98124616594995e-06,6.93290606365041e-07,"AKT1/BCL2/MMP9/PTGS2/SIRT1",5
"BP","GO:0050727","regulation of inflammatory response","6/9","460/18860",0.0130434782608696,27.3333333333333,12.4936469453059,1.60894494276e-08,2.98124616594995e-06,6.93290606365041e-07,"CASP1/MAPK14/MMP9/PPARG/PTGS2/PTPRC",6
"BP","GO:0009314","response to radiation","6/9","462/18860",0.012987012987013,27.2150072150072,12.4651942409468,1.65115172267997e-08,2.98124616594995e-06,6.93290606365041e-07,"AKT1/BCL2/MAPK14/MMP9/PTPRC/SIRT1",6
"BP","GO:0045600","positive regulation of fat cell differentiation","4/9","72/18860",0.0555555555555556,116.41975308642,21.4397393714061,2.42441575628856e-08,3.93967560396892e-06,9.16173954218521e-07,"AKT1/MAPK14/PPARG/PTGS2",4
"BP","GO:2001234","negative regulation of apoptotic signaling pathway","5/9","245/18860",0.0204081632653061,42.766439909297,14.3777976975049,4.28912948168674e-08,6.33621400703723e-06,1.47349041523975e-06,"AKT1/BCL2/MMP9/PTGS2/SIRT1",5
"BP","GO:0045444","fat cell differentiation","5/9","259/18860",0.0193050193050193,40.4547404547405,13.9699327264302,5.6613696917884e-08,7.66643812429679e-06,1.78283484153687e-06,"AKT1/MAPK14/PPARG/PTGS2/SIRT1",5
"BP","GO:0019217","regulation of fatty acid metabolic process","4/9","115/18860",0.0347826086956522,72.8888888888889,16.8959010442749,1.61433563822716e-07,1.99547711573572e-05,4.6404941509255e-06,"AKT1/PPARG/PTGS2/SIRT1",4
"BP","GO:0090335","regulation of brown fat cell differentiation","3/9","25/18860",0.12,251.466666666667,27.3810763556057,1.71918028432616e-07,1.99547711573572e-05,4.6404941509255e-06,"MAPK14/PTGS2/SIRT1",3
"BP","GO:0036293","response to decreased oxygen levels","5/9","330/18860",0.0151515151515152,31.7508417508418,12.3137308556138,1.89287428654626e-07,2.05061381042512e-05,4.76871486926391e-06,"AKT1/BCL2/PPARG/PTGS2/SIRT1",5
"BP","GO:0097193","intrinsic apoptotic signaling pathway","5/9","335/18860",0.0149253731343284,31.2769485903814,12.2171185150729,2.0397890992501e-07,2.07166080392588e-05,4.81765978046569e-06,"AKT1/BCL2/MMP9/PTGS2/SIRT1",5
"BP","GO:0009416","response to light stimulus","5/9","341/18860",0.0146627565982405,30.7266210492017,12.1039566263842,2.22790313960252e-07,2.12961329520829e-05,4.95242865088115e-06,"AKT1/BCL2/MAPK14/MMP9/SIRT1",5
"BP","GO:0071214","cellular response to abiotic stimulus","5/9","355/18860",0.0140845070422535,29.5148669796557,11.8509828609119,2.72071321002968e-07,2.27310133719177e-05,5.2861109638986e-06,"CASP1/MAPK14/MMP9/PTGS2/SIRT1",5
"BP","GO:0104004","cellular response to environmental stimulus","5/9","355/18860",0.0140845070422535,29.5148669796557,11.8509828609119,2.72071321002968e-07,2.27310133719177e-05,5.2861109638986e-06,"CASP1/MAPK14/MMP9/PTGS2/SIRT1",5
"BP","GO:0070482","response to oxygen levels","5/9","357/18860",0.0140056022408964,29.3495175848117,11.8160438756183,2.79766318423603e-07,2.27310133719177e-05,5.2861109638986e-06,"AKT1/BCL2/PPARG/PTGS2/SIRT1",5
"BP","GO:0010212","response to ionizing radiation","4/9","145/18860",0.0275862068965517,57.8084291187739,15.0042832407967,4.09895451889654e-07,3.17181004438423e-05,7.37606352021984e-06,"BCL2/MAPK14/PTPRC/SIRT1",4
"BP","GO:0010565","regulation of ketone metabolic process","4/9","149/18860",0.0268456375838926,56.2565249813572,14.7959069782995,4.57157638927173e-07,3.37673256025753e-05,7.85261207535193e-06,"AKT1/PPARG/PTGS2/SIRT1",4
"BP","GO:0043535","regulation of blood vessel endothelial cell migration","4/9","159/18860",0.0251572327044025,52.7183787561146,14.309499297773,5.93061863227337e-07,3.95290241856413e-05,9.19249857985115e-06,"AKT1/PPARG/PTGS2/SIRT1",4
"BP","GO:0071456","cellular response to hypoxia","4/9","159/18860",0.0251572327044025,52.7183787561146,14.309499297773,5.93061863227337e-07,3.95290241856413e-05,9.19249857985115e-06,"BCL2/PPARG/PTGS2/SIRT1",4
"BP","GO:0001890","placenta development","4/9","160/18860",0.025,52.3888888888889,14.2633586941624,6.0813883362525e-07,3.95290241856413e-05,9.19249857985115e-06,"AKT1/MAPK14/PPARG/PTGS2",4
"BP","GO:0006631","fatty acid metabolic process","5/9","421/18860",0.0118764845605701,24.8878332013724,10.8308492700331,6.33486290248098e-07,3.95928931405061e-05,9.20735134409179e-06,"AKT1/MAPK14/PPARG/PTGS2/SIRT1",5
"BP","GO:0062013","positive regulation of small molecule metabolic process","4/9","167/18860",0.0239520958083832,50.1929474384564,13.9519517387625,7.21826187556742e-07,4.34432427696187e-05,1.01027524886109e-05,"AKT1/PPARG/PTGS2/SIRT1",4
"BP","GO:0150077","regulation of neuroinflammatory response","3/9","46/18860",0.0652173913043478,136.666666666667,20.1291246275802,1.12898150536528e-06,6.35661195726714e-05,1.47823397095314e-05,"MMP9/PTGS2/PTPRC",3
"BP","GO:0043534","blood vessel endothelial cell migration","4/9","187/18860",0.0213903743315508,44.8247177658942,13.1597085444009,1.1344107492969e-06,6.35661195726714e-05,1.47823397095314e-05,"AKT1/PPARG/PTGS2/SIRT1",4
"BP","GO:0007565","female pregnancy","4/9","197/18860",0.0203045685279188,42.5493513818387,12.8091414576576,1.39655277234106e-06,7.56466085018073e-05,1.75916647463312e-05,"AKT1/BCL2/MMP9/PTGS2",4
"BP","GO:0050873","brown fat cell differentiation","3/9","53/18860",0.0566037735849057,118.616352201258,18.7352402531608,1.73934906902736e-06,9.11755560377244e-05,2.12029309263437e-05,"MAPK14/PTGS2/SIRT1",3
"BP","GO:0044703","multi-organism reproductive process","4/9","217/18860",0.0184331797235023,38.6277521761393,12.1812997565133,2.05309198640917e-06,0.00010425857743484,2.42453954973977e-05,"AKT1/BCL2/MMP9/PTGS2",4
"BP","GO:0001836","release of cytochrome c from mitochondria","3/9","59/18860",0.0508474576271186,106.553672316384,17.7428044810574,2.41029081450031e-06,0.000114041872260917,2.65205066504741e-05,"AKT1/BCL2/MMP9",3
"BP","GO:0071356","cellular response to tumor necrosis factor","4/9","226/18860",0.0176991150442478,37.0894788593904,11.9260101066136,2.41351992660434e-06,0.000114041872260917,2.65205066504741e-05,"AKT1/CASP1/MAPK14/SIRT1",4
"BP","GO:0044706","multi-multicellular organism process","4/9","227/18860",0.0176211453744493,36.9260890846794,11.8985726688904,2.45628647946591e-06,0.000114041872260917,2.65205066504741e-05,"AKT1/BCL2/MMP9/PTGS2",4
"BP","GO:0071222","cellular response to lipopolysaccharide","4/9","229/18860",0.0174672489082969,36.6035904900534,11.8442303118148,2.54350777868461e-06,0.000114811115010069,2.66993945189408e-05,"AKT1/CASP1/MAPK14/MMP9",4
"BP","GO:0001934","positive regulation of protein phosphorylation","4/9","231/18860",0.0173160173160173,36.2866762866763,11.7905851810341,2.63301198616752e-06,0.000115639039933033,2.68919289625644e-05,"AKT1/MMP9/PTPRC/SIRT1",4
"BP","GO:0042180","ketone metabolic process","4/9","237/18860",0.0168776371308017,35.3680262541022,11.6336858211088,2.91560992406858e-06,0.000122469551064931,2.84803684743711e-05,"AKT1/PPARG/PTGS2/SIRT1",4
"BP","GO:0046456","icosanoid biosynthetic process","3/9","63/18860",0.0476190476190476,99.7883597883598,17.161101779856,2.94144966214679e-06,0.000122469551064931,2.84803684743711e-05,"CASP1/PTGS2/SIRT1",3
"BP","GO:0010594","regulation of endothelial cell migration","4/9","239/18860",0.0167364016736402,35.0720595072059,11.5826844323942,3.01463510313677e-06,0.000122469551064931,2.84803684743711e-05,"AKT1/PPARG/PTGS2/SIRT1",4
"BP","GO:0034612","response to tumor necrosis factor","4/9","244/18860",0.0163934426229508,34.3533697632058,11.4578949053247,3.27313169927296e-06,0.000129727780763867,3.01682741986905e-05,"AKT1/CASP1/MAPK14/SIRT1",4
"BP","GO:0071219","cellular response to molecule of bacterial origin","4/9","247/18860",0.0161943319838057,33.936122357175,11.3848193453768,3.43592882798147e-06,0.000132937722511188,3.09147481013871e-05,"AKT1/CASP1/MAPK14/MMP9",4
"BP","GO:0008631","intrinsic apoptotic signaling pathway in response to oxidative stress","3/9","67/18860",0.0447761194029851,93.8308457711443,16.6320215873601,3.54499934593188e-06,0.000133967998538123,3.11543394171247e-05,"AKT1/BCL2/SIRT1",3
"BP","GO:0033002","muscle cell proliferation","4/9","252/18860",0.0158730158730159,33.2627865961199,11.2658946426446,3.72053248854122e-06,0.000137406029406352,3.19538555834043e-05,"AKT1/MAPK14/MMP9/PPARG",4
"BP","GO:0042327","positive regulation of phosphorylation","4/9","254/18860",0.015748031496063,33.0008748906387,11.2192955856304,3.83914113704715e-06,0.000138635652171147,3.22398051040919e-05,"AKT1/MMP9/PTPRC/SIRT1",4
"BP","GO:0002573","myeloid leukocyte differentiation","4/9","257/18860",0.0155642023346304,32.6156506701254,11.1504034408287,4.02229280018061e-06,0.000142091865223771,3.30435495483945e-05,"MAPK14/MMP9/PPARG/SIRT1",4
"BP","GO:0071216","cellular response to biotic stimulus","4/9","274/18860",0.0145985401459854,30.5920519059205,10.781291372864,5.18557843402161e-06,0.000179288616069896,4.16936765467807e-05,"AKT1/CASP1/MAPK14/MMP9",4
"BP","GO:0032868","response to insulin","4/9","280/18860",0.0142857142857143,29.9365079365079,10.6589805150639,5.65033780163392e-06,0.000191287477659482,4.44840190961969e-05,"AKT1/MAPK14/PPARG/SIRT1",4
"BP","GO:0043536","positive regulation of blood vessel endothelial cell migration","3/9","80/18860",0.0375,78.5833333333333,15.1942414247731,6.06102081232809e-06,0.000201003241225166,4.67434258136581e-05,"AKT1/PTGS2/SIRT1",3
"BP","GO:0051149","positive regulation of muscle cell differentiation","3/9","85/18860",0.0352941176470588,73.9607843137255,14.7306656500055,7.27764816006919e-06,0.000236523565202249,5.50036987255755e-05,"BCL2/MAPK14/SIRT1",3
"BP","GO:0043542","endothelial cell migration","4/9","302/18860",0.0132450331125828,27.7557027225901,10.2415959118456,7.6226465503933e-06,0.00024287844400763,5.64815296510051e-05,"AKT1/PPARG/PTGS2/SIRT1",4
"BP","GO:0150076","neuroinflammatory response","3/9","91/18860",0.032967032967033,69.0842490842491,14.2252585677871,8.93851468557819e-06,0.000273192558414627,6.35310953657334e-05,"MMP9/PTGS2/PTPRC",3
"BP","GO:0001666","response to hypoxia","4/9","317/18860",0.0126182965299685,26.4423413950228,9.98182832029091,9.23271361453814e-06,0.000273192558414627,6.35310953657334e-05,"BCL2/PPARG/PTGS2/SIRT1",4
"BP","GO:0034644","cellular response to UV","3/9","92/18860",0.0326086956521739,68.3333333333333,14.1458295019493,9.23760282142613e-06,0.000273192558414627,6.35310953657334e-05,"MAPK14/MMP9/SIRT1",3
"BP","GO:0043085","positive regulation of catalytic activity","4/9","318/18860",0.0125786163522013,26.3591893780573,9.96515428035272,9.3483221737582e-06,0.000273192558414627,6.35310953657334e-05,"AKT1/MAPK14/PTPRC/SIRT1",4
"BP","GO:0010562","positive regulation of phosphorus metabolic process","4/9","320/18860",0.0125,26.1944444444444,9.93203631484426,9.58275435669768e-06,0.000273192558414627,6.35310953657334e-05,"AKT1/MMP9/PTPRC/SIRT1",4
"BP","GO:0045937","positive regulation of phosphate metabolic process","4/9","320/18860",0.0125,26.1944444444444,9.93203631484426,9.58275435669768e-06,0.000273192558414627,6.35310953657334e-05,"AKT1/MMP9/PTPRC/SIRT1",4
"BP","GO:0062197","cellular response to chemical stress","4/9","335/18860",0.0119402985074627,25.0215588723051,9.69299236954759,1.14825654048925e-05,0.000321709806602592,7.48138108957607e-05,"AKT1/CASP1/PTGS2/SIRT1",4
"BP","GO:0032496","response to lipopolysaccharide","4/9","350/18860",0.0114285714285714,23.9492063492063,9.46916909533344,1.36479935215297e-05,0.0003758981266523,8.7415337631207e-05,"AKT1/CASP1/MAPK14/MMP9",4
"BP","GO:0019216","regulation of lipid metabolic process","4/9","358/18860",0.0111731843575419,23.4140285536934,9.35546727849133,1.49193507257473e-05,0.000404065748822322,9.3965735272689e-05,"AKT1/PPARG/PTGS2/SIRT1",4
"BP","GO:0062012","regulation of small molecule metabolic process","4/9","360/18860",0.0111111111111111,23.283950617284,9.32762250971992,1.52504239452473e-05,0.00040626129362339,9.44763105495042e-05,"AKT1/PPARG/PTGS2/SIRT1",4
"BP","GO:1904179","positive regulation of adipose tissue development","2/9","13/18860",0.153846153846154,322.393162393162,25.3279816044341,1.57465116720853e-05,0.000412710991405461,9.59761916855452e-05,"PPARG/SIRT1",2
"BP","GO:0002237","response to molecule of bacterial origin","4/9","375/18860",0.0106666666666667,22.3525925925926,9.12577818610355,1.79097039189185e-05,0.00045473857606629,0.000105749732021246,"AKT1/CASP1/MAPK14/MMP9",4
"BP","GO:0031401","positive regulation of protein modification process","4/9","375/18860",0.0106666666666667,22.3525925925926,9.12577818610355,1.79097039189185e-05,0.00045473857606629,0.000105749732021246,"AKT1/MMP9/PTPRC/SIRT1",4
"BP","GO:0008637","apoptotic mitochondrial changes","3/9","116/18860",0.0258620689655172,54.1954022988506,12.5569840539055,1.85376200328122e-05,0.000463440500820304,0.000107773369907361,"AKT1/BCL2/MMP9",3
"BP","GO:0015908","fatty acid transport","3/9","119/18860",0.0252100840336134,52.8291316526611,12.3926567643227,2.00122643928669e-05,0.000490379265491987,0.000114037995991335,"AKT1/PPARG/PTGS2",3
"BP","GO:0001932","regulation of protein phosphorylation","4/9","387/18860",0.0103359173126615,21.6594889463107,8.97262939056073,2.02723214285412e-05,0.000490379265491987,0.000114037995991335,"AKT1/MMP9/PTPRC/SIRT1",4
"BP","GO:0010821","regulation of mitochondrion organization","3/9","120/18860",0.025,52.3888888888889,12.3392409729731,2.05204861867416e-05,0.000490379265491987,0.000114037995991335,"AKT1/MMP9/PPARG",3
"BP","GO:0031392","regulation of prostaglandin biosynthetic process","2/9","15/18860",0.133333333333333,279.407407407407,23.5690312909372,2.11867364067373e-05,0.000491834952299259,0.000114376516842386,"PTGS2/SIRT1",2
"BP","GO:0070141","response to UV-A","2/9","15/18860",0.133333333333333,279.407407407407,23.5690312909372,2.11867364067373e-05,0.000491834952299259,0.000114376516842386,"AKT1/MMP9",2
"BP","GO:1901796","regulation of signal transduction by p53 class mediator","3/9","123/18860",0.024390243902439,51.1111111111111,12.1828794823638,2.20961096937917e-05,0.000505720820456499,0.000117605683915066,"AKT1/BCL2/SIRT1",3
"BP","GO:0071482","cellular response to light stimulus","3/9","124/18860",0.0241935483870968,50.6989247311828,12.1320106971451,2.26385262424864e-05,0.000510870885373818,0.000118803334639158,"MAPK14/MMP9/SIRT1",3
"BP","GO:0071887","leukocyte apoptotic process","3/9","125/18860",0.024,50.2933333333333,12.081746893352,2.3189658315166e-05,0.000510870885373818,0.000118803334639158,"AKT1/BCL2/SIRT1",3
"BP","GO:0035655","interleukin-18-mediated signaling pathway","2/9","16/18860",0.125,261.944444444444,22.8157572185106,2.42074204146363e-05,0.000510870885373818,0.000118803334639158,"AKT1/CASP1",2
"BP","GO:0071351","cellular response to interleukin-18","2/9","16/18860",0.125,261.944444444444,22.8157572185106,2.42074204146363e-05,0.000510870885373818,0.000118803334639158,"AKT1/CASP1",2
"BP","GO:0090336","positive regulation of brown fat cell differentiation","2/9","16/18860",0.125,261.944444444444,22.8157572185106,2.42074204146363e-05,0.000510870885373818,0.000118803334639158,"MAPK14/PTGS2",2
"BP","GO:1902166","negative regulation of intrinsic apoptotic signaling pathway in response to DNA damage by p53 class mediator","2/9","16/18860",0.125,261.944444444444,22.8157572185106,2.42074204146363e-05,0.000510870885373818,0.000118803334639158,"BCL2/SIRT1",2
"BP","GO:0006690","icosanoid metabolic process","3/9","128/18860",0.0234375,49.1145833333333,11.9344669944549,2.48960133383241e-05,0.000518666944548418,0.00012061631293466,"CASP1/PTGS2/SIRT1",3
"BP","GO:0007005","mitochondrion organization","4/9","417/18860",0.00959232613908873,20.1012523314682,8.61841642191764,2.71823959165173e-05,0.000550476171592854,0.000128013568001188,"AKT1/BCL2/MMP9/PPARG",4
"BP","GO:2001279","regulation of unsaturated fatty acid biosynthetic process","2/9","17/18860",0.117647058823529,246.535947712418,22.1298213991651,2.74282864533709e-05,0.000550476171592854,0.000128013568001188,"PTGS2/SIRT1",2
"BP","GO:0006979","response to oxidative stress","4/9","418/18860",0.00956937799043062,20.0531632110579,8.60725377811687,2.74391199378592e-05,0.000550476171592854,0.000128013568001188,"AKT1/BCL2/PTGS2/SIRT1",4
"BP","GO:0034763","negative regulation of transmembrane transport","3/9","134/18860",0.0223880597014925,46.9154228855721,11.6547205972841,2.85530123559374e-05,0.000565837135102419,0.000131585769393858,"AKT1/BCL2/MMP9",3
"BP","GO:0010595","positive regulation of endothelial cell migration","3/9","136/18860",0.0220588235294118,46.2254901960784,11.5655638102572,2.98463352460502e-05,0.000584340900901585,0.000135888831367559,"AKT1/PTGS2/SIRT1",3
"BP","GO:0070673","response to interleukin-18","2/9","18/18860",0.111111111111111,232.83950617284,21.5017389158582,3.08491853150014e-05,0.000584658623508928,0.000135962717952845,"AKT1/CASP1",2
"BP","GO:0072350","tricarboxylic acid metabolic process","2/9","18/18860",0.111111111111111,232.83950617284,21.5017389158582,3.08491853150014e-05,0.000584658623508928,0.000135962717952845,"AKT1/SIRT1",2
"BP","GO:0042325","regulation of phosphorylation","4/9","431/18860",0.00928074245939675,19.4483114204692,8.46560029910084,3.09419333057033e-05,0.000584658623508928,0.000135962717952845,"AKT1/MMP9/PTPRC/SIRT1",4
"BP","GO:0042692","muscle cell differentiation","4/9","441/18860",0.0090702947845805,19.0073066263542,8.36081124423287,3.38528297690813e-05,0.000629367390755825,0.000146359768927184,"AKT1/BCL2/MAPK14/SIRT1",4
"BP","GO:0050872","white fat cell differentiation","2/9","19/18860",0.105263157894737,220.584795321637,20.9237960883118,3.44699678629344e-05,0.000629367390755825,0.000146359768927184,"PPARG/SIRT1",2
"BP","GO:1902165","regulation of intrinsic apoptotic signaling pathway in response to DNA damage by p53 class mediator","2/9","19/18860",0.105263157894737,220.584795321637,20.9237960883118,3.44699678629344e-05,0.000629367390755825,0.000146359768927184,"BCL2/SIRT1",2
"BP","GO:0009615","response to virus","4/9","445/18860",0.00898876404494382,18.8364544319601,8.31986081254008,3.50719354454109e-05,0.000633243278875475,0.000147261109063187,"BCL2/CASP1/MAPK14/PTPRC",4
"BP","GO:0030522","intracellular receptor signaling pathway","4/9","447/18860",0.00894854586129754,18.7521749937857,8.29958627056124,3.56934836963492e-05,0.000637383637434807,0.000148223951960548,"AKT1/MAPK14/PPARG/SIRT1",4
"BP","GO:0045834","positive regulation of lipid metabolic process","3/9","145/18860",0.0206896551724138,43.3563218390805,11.1871822504221,3.61446331080523e-05,0.000638424226093315,0.00014846594148502,"AKT1/PPARG/PTGS2",3
"BP","GO:0034762","regulation of transmembrane transport","4/9","450/18860",0.00888888888888889,18.6271604938272,8.26942113365566,3.66409873822124e-05,0.000640232306409626,0.000148886411660603,"AKT1/BCL2/MAPK14/MMP9",4
"BP","GO:0001503","ossification","4/9","455/18860",0.00879120879120879,18.4224664224664,8.21979169607793,3.82612011253278e-05,0.000654968822914028,0.000152313397523003,"AKT1/BCL2/MAPK14/PPARG",4
"BP","GO:1904177","regulation of adipose tissue development","2/9","20/18860",0.1,209.555555555556,20.3896466722259,3.8290485031897e-05,0.000654968822914028,0.000152313397523003,"PPARG/SIRT1",2
"BP","GO:0006869","lipid transport","4/9","461/18860",0.00867678958785249,18.1826946252109,8.16127502011817,4.02744713478906e-05,0.000674701195261054,0.000156902172695526,"AKT1/PPARG/PTGS2/SIRT1",4
"BP","GO:0043434","response to peptide hormone","4/9","461/18860",0.00867678958785249,18.1826946252109,8.16127502011817,4.02744713478906e-05,0.000674701195261054,0.000156902172695526,"AKT1/MAPK14/PPARG/SIRT1",4
"BP","GO:2001235","positive regulation of apoptotic signaling pathway","3/9","154/18860",0.0194805194805195,40.8225108225108,10.8420629034891,4.32610003676199e-05,0.00071733801629982,0.000166817391320897,"PPARG/PTPRC/SIRT1",3
"BP","GO:0032368","regulation of lipid transport","3/9","155/18860",0.0193548387096774,40.5591397849462,10.8055585362525,4.41042663343885e-05,0.000723933664579609,0.000168351213333817,"AKT1/PPARG/SIRT1",3
"BP","GO:0030099","myeloid cell differentiation","4/9","481/18860",0.00831600831600832,17.4266574266574,7.97396247769967,4.75520417532554e-05,0.0007727206784904,0.000179696663046512,"MAPK14/MMP9/PPARG/SIRT1",4
"BP","GO:0010876","lipid localization","4/9","483/18860",0.0082815734989648,17.3544973544974,7.95585477290055,4.83295227573207e-05,0.000777578955253922,0.00018082645825824,"AKT1/PPARG/PTGS2/SIRT1",4
"BP","GO:0010224","response to UV-B","2/9","23/18860",0.0869565217391304,182.222222222222,19.0012813686766,5.09489546815138e-05,0.000811686778014313,0.000188758253154422,"BCL2/MAPK14",2
"BP","GO:2001236","regulation of extrinsic apoptotic signaling pathway","3/9","167/18860",0.0179640718562874,37.6447105788423,10.3930595766101,5.50802940278727e-05,0.000868233142303072,0.00020190814450967,"AKT1/BCL2/PTPRC",3
"BP","GO:1902254","negative regulation of intrinsic apoptotic signaling pathway by p53 class mediator","2/9","24/18860",0.0833333333333333,174.62962962963,18.5972404858283,5.55669211073966e-05,0.000868233142303072,0.00020190814450967,"BCL2/SIRT1",2
"BP","GO:0051147","regulation of muscle cell differentiation","3/9","169/18860",0.0177514792899408,37.1992110453649,10.3285552522561,5.70679139919265e-05,0.00088319390701791,0.00020538727942959,"BCL2/MAPK14/SIRT1",3
"BP","GO:0048660","regulation of smooth muscle cell proliferation","3/9","172/18860",0.0174418604651163,36.5503875968992,10.2338851573251,6.01368519294463e-05,0.000917044874602028,0.000213259342498544,"AKT1/MMP9/PPARG",3
"BP","GO:0035331","negative regulation of hippo signaling","2/9","25/18860",0.08,167.644444444444,18.2176108234129,6.0383877896872e-05,0.000917044874602028,0.000213259342498544,"MAPK14/SIRT1",2
"BP","GO:0048639","positive regulation of developmental growth","3/9","174/18860",0.0172413793103448,36.1302681992337,10.172116033571,6.22418906139158e-05,0.00093650992821864,0.00021778595253797,"AKT1/BCL2/MAPK14",3
"BP","GO:0007292","female gamete generation","3/9","176/18860",0.0170454545454545,35.719696969697,10.1113866774366,6.43947850900027e-05,0.000951286597920494,0.000221222276050823,"AKT1/BCL2/SIRT1",3
"BP","GO:0048659","smooth muscle cell proliferation","3/9","176/18860",0.0170454545454545,35.719696969697,10.1113866774366,6.43947850900027e-05,0.000951286597920494,0.000221222276050823,"AKT1/MMP9/PPARG",3
"BP","GO:0015718","monocarboxylic acid transport","3/9","180/18860",0.0166666666666667,34.9259259259259,9.99293159150054,6.88461645011338e-05,0.00100648917283462,0.000234059668370933,"AKT1/PPARG/PTGS2",3
"BP","GO:0001936","regulation of endothelial cell proliferation","3/9","181/18860",0.0165745856353591,34.7329650092081,9.96392340772829,6.99897086340382e-05,0.00100648917283462,0.000234059668370933,"AKT1/PPARG/SIRT1",3
"BP","GO:0043524","negative regulation of neuron apoptotic process","3/9","181/18860",0.0165745856353591,34.7329650092081,9.96392340772829,6.99897086340382e-05,0.00100648917283462,0.000234059668370933,"AKT1/BCL2/SIRT1",3
"BP","GO:0010875","positive regulation of cholesterol efflux","2/9","27/18860",0.0740740740740741,155.22633744856,17.522419048376,7.06141680862284e-05,0.00100656160649229,0.000234076512862013,"PPARG/SIRT1",2
"BP","GO:1905952","regulation of lipid localization","3/9","183/18860",0.0163934426229508,34.3533697632058,9.90661058722099,7.23140765303964e-05,0.00102182934227734,0.000237627034090731,"AKT1/PPARG/SIRT1",3
"BP","GO:0007009","plasma membrane organization","3/9","185/18860",0.0162162162162162,33.981981981982,9.85021471415111,7.46885691423801e-05,0.00104628383496869,0.00024331394121701,"AKT1/CASP1/PTPRC",3
"BP","GO:0035265","organ growth","3/9","187/18860",0.0160427807486631,33.6185383244207,9.79471128112551,7.71136878091673e-05,0.00107102344179399,0.000249067151808287,"AKT1/BCL2/MAPK14",3
"BP","GO:0071478","cellular response to radiation","3/9","188/18860",0.0159574468085106,33.4397163120567,9.76728682077948,7.83453882972633e-05,0.00107890894900892,0.000250900931299889,"MAPK14/MMP9/SIRT1",3
"BP","GO:0035357","peroxisome proliferator activated receptor signaling pathway","2/9","30/18860",0.0666666666666667,139.703703703704,16.6125734258165,8.74483174618928e-05,0.00119077057759053,0.000276914420958705,"PPARG/SIRT1",2
"BP","GO:0009267","cellular response to starvation","3/9","196/18860",0.0153061224489796,32.0748299319728,9.55537689122523,8.86666091621258e-05,0.00119077057759053,0.000276914420958705,"AKT1/BCL2/SIRT1",3
"BP","GO:0072331","signal transduction by p53 class mediator","3/9","196/18860",0.0153061224489796,32.0748299319728,9.55537689122523,8.86666091621258e-05,0.00119077057759053,0.000276914420958705,"AKT1/BCL2/SIRT1",3
"BP","GO:0001959","regulation of cytokine-mediated signaling pathway","3/9","198/18860",0.0151515151515152,31.7508417508418,9.50438235085292,9.13790861608939e-05,0.00121713946730699,0.000283046522275763,"CASP1/PPARG/PTPRC",3
"BP","GO:0001516","prostaglandin biosynthetic process","2/9","31/18860",0.0645161290322581,135.197132616487,16.3389387166383,9.34560975266308e-05,0.00122472708452238,0.000284811027267067,"PTGS2/SIRT1",2
"BP","GO:1902230","negative regulation of intrinsic apoptotic signaling pathway in response to DNA damage","2/9","31/18860",0.0645161290322581,135.197132616487,16.3389387166383,9.34560975266308e-05,0.00122472708452238,0.000284811027267067,"BCL2/SIRT1",2
"BP","GO:0001935","endothelial cell proliferation","3/9","204/18860",0.0147058823529412,30.8169934640523,9.35584580566898,9.98416471971491e-05,0.00129616315055662,0.000301423527805556,"AKT1/PPARG/SIRT1",3
"BP","GO:0000302","response to reactive oxygen species","3/9","205/18860",0.0146341463414634,30.6666666666667,9.33171451643772,0.000101300135458887,0.00129616315055662,0.000301423527805556,"AKT1/BCL2/SIRT1",3
"BP","GO:0046890","regulation of lipid biosynthetic process","3/9","205/18860",0.0146341463414634,30.6666666666667,9.33171451643772,0.000101300135458887,0.00129616315055662,0.000301423527805556,"AKT1/PTGS2/SIRT1",3
"BP","GO:0006006","glucose metabolic process","3/9","206/18860",0.0145631067961165,30.5177993527508,9.30775597149628,0.000102772519348517,0.00130472924954172,0.000303415579326626,"AKT1/MAPK14/SIRT1",3
"BP","GO:0046457","prostanoid biosynthetic process","2/9","33/18860",0.0606060606060606,127.003367003367,15.8293086447894,0.000106065363690464,0.0013360946976512,0.000310709633332327,"PTGS2/SIRT1",2
"BP","GO:0050728","negative regulation of inflammatory response","3/9","210/18860",0.0142857142857143,29.9365079365079,9.21360812389415,0.000108802235775601,0.00134964605446833,0.000313861009589721,"MAPK14/PPARG/PTPRC",3
"BP","GO:0060759","regulation of response to cytokine stimulus","3/9","210/18860",0.0142857142857143,29.9365079365079,9.21360812389415,0.000108802235775601,0.00134964605446833,0.000313861009589721,"CASP1/PPARG/PTPRC",3
"BP","GO:0051651","maintenance of location in cell","3/9","212/18860",0.0141509433962264,29.6540880503145,9.16751817323495,0.000111902057925693,0.00136629216094821,0.000317732071760588,"AKT1/PTPRC/SIRT1",3
"BP","GO:0033032","regulation of myeloid cell apoptotic process","2/9","34/18860",0.0588235294117647,123.267973856209,15.5914510308825,0.000112666553579729,0.00136629216094821,0.000317732071760588,"BCL2/SIRT1",2
"BP","GO:0071498","cellular response to fluid shear stress","2/9","34/18860",0.0588235294117647,123.267973856209,15.5914510308825,0.000112666553579729,0.00136629216094821,0.000317732071760588,"AKT1/PTGS2",2
"BP","GO:0031400","negative regulation of protein modification process","3/9","217/18860",0.0138248847926267,28.9708141321045,9.05504186861696,0.000119903333097556,0.00144328086135947,0.000335635840795497,"AKT1/PTPRC/SIRT1",3
"BP","GO:0032869","cellular response to insulin stimulus","3/9","219/18860",0.0136986301369863,28.7062404870624,9.01111312816389,0.000123205805801896,0.00144718044960064,0.000336542692409153,"AKT1/PPARG/SIRT1",3
"BP","GO:0001893","maternal placenta development","2/9","36/18860",0.0555555555555556,116.41975308642,15.145681594177,0.000126461306980487,0.00144718044960064,0.000336542692409153,"AKT1/PTGS2",2
"BP","GO:0032373","positive regulation of sterol transport","2/9","36/18860",0.0555555555555556,116.41975308642,15.145681594177,0.000126461306980487,0.00144718044960064,0.000336542692409153,"PPARG/SIRT1",2
"BP","GO:0032376","positive regulation of cholesterol transport","2/9","36/18860",0.0555555555555556,116.41975308642,15.145681594177,0.000126461306980487,0.00144718044960064,0.000336542692409153,"PPARG/SIRT1",2
"BP","GO:0043276","anoikis","2/9","36/18860",0.0555555555555556,116.41975308642,15.145681594177,0.000126461306980487,0.00144718044960064,0.000336542692409153,"AKT1/BCL2",2
"BP","GO:1902176","negative regulation of oxidative stress-induced intrinsic apoptotic signaling pathway","2/9","36/18860",0.0555555555555556,116.41975308642,15.145681594177,0.000126461306980487,0.00144718044960064,0.000336542692409153,"AKT1/SIRT1",2
"BP","GO:1904893","negative regulation of receptor signaling pathway via STAT","2/9","36/18860",0.0555555555555556,116.41975308642,15.145681594177,0.000126461306980487,0.00144718044960064,0.000336542692409153,"PPARG/PTPRC",2
"BP","GO:0051235","maintenance of location","3/9","223/18860",0.0134529147982063,28.1913303437967,8.92500099646602,0.000129988206000865,0.00147713870455529,0.000343509502792129,"AKT1/PTPRC/SIRT1",3
"BP","GO:1901099","negative regulation of signal transduction in absence of ligand","2/9","37/18860",0.0540540540540541,113.273273273273,14.9364095630735,0.00013365457470773,0.00148759372534288,0.000345940824225486,"AKT1/BCL2",2
"BP","GO:1902253","regulation of intrinsic apoptotic signaling pathway by p53 class mediator","2/9","37/18860",0.0540540540540541,113.273273273273,14.9364095630735,0.00013365457470773,0.00148759372534288,0.000345940824225486,"BCL2/SIRT1",2
"BP","GO:2001240","negative regulation of extrinsic apoptotic signaling pathway in absence of ligand","2/9","37/18860",0.0540540540540541,113.273273273273,14.9364095630735,0.00013365457470773,0.00148759372534288,0.000345940824225486,"AKT1/BCL2",2
"BP","GO:0050777","negative regulation of immune response","3/9","226/18860",0.0132743362831858,27.8171091445428,8.86189340483537,0.000135232177597001,0.00149491352785801,0.000347643048745603,"MAPK14/PPARG/PTPRC",3
"BP","GO:0046326","positive regulation of D-glucose import","2/9","38/18860",0.0526315789473684,110.292397660819,14.7354110668889,0.000141044906048176,0.0015486349481641,0.000360135997662129,"AKT1/MAPK14",2
"BP","GO:1901654","response to ketone","3/9","232/18860",0.0129310344827586,27.0977011494253,8.73929741954302,0.000146131299613903,0.00159371383807108,0.000370619120885842,"AKT1/PTPRC/SIRT1",3
"BP","GO:0034391","regulation of smooth muscle cell apoptotic process","2/9","39/18860",0.0512820512820513,107.464387464387,14.5421528183974,0.000148632153286858,0.00159951820590162,0.000371968930149753,"PPARG/SIRT1",2
"BP","GO:0071404","cellular response to low-density lipoprotein particle stimulus","2/9","39/18860",0.0512820512820513,107.464387464387,14.5421528183974,0.000148632153286858,0.00159951820590162,0.000371968930149753,"AKT1/PPARG",2
"BP","GO:0042594","response to starvation","3/9","235/18860",0.0127659574468085,26.7517730496454,8.67973198138754,0.000151789678015034,0.00162275149193704,0.000377371844926572,"AKT1/BCL2/SIRT1",3
"BP","GO:0034390","smooth muscle cell apoptotic process","2/9","40/18860",0.05,104.777777777778,14.3561484717455,0.000156416168779623,0.00165049528744732,0.000383823681420947,"PPARG/SIRT1",2
"BP","GO:0055094","response to lipoprotein particle","2/9","40/18860",0.05,104.777777777778,14.3561484717455,0.000156416168779623,0.00165049528744732,0.000383823681420947,"AKT1/PPARG",2
"BP","GO:0097191","extrinsic apoptotic signaling pathway","3/9","239/18860",0.0125523012552301,26.3040446304045,8.60202664752942,0.000159554345041245,0.00167274716575499,0.000388998369234682,"AKT1/BCL2/PTPRC",3
"BP","GO:0033028","myeloid cell apoptotic process","2/9","41/18860",0.0487804878048781,102.222222222222,14.1769534392473,0.000164396804953108,0.00170155928693503,0.000395698645512341,"BCL2/SIRT1",2
"BP","GO:1902229","regulation of intrinsic apoptotic signaling pathway in response to DNA damage","2/9","41/18860",0.0487804878048781,102.222222222222,14.1769534392473,0.000164396804953108,0.00170155928693503,0.000395698645512341,"BCL2/SIRT1",2
"BP","GO:0045429","positive regulation of nitric oxide biosynthetic process","2/9","42/18860",0.0476190476190476,99.7883597883598,14.0041603910053,0.00017257391430472,0.00176372711160484,0.000410155810893045,"AKT1/PTGS2",2
"BP","GO:0045923","positive regulation of fatty acid metabolic process","2/9","42/18860",0.0476190476190476,99.7883597883598,14.0041603910053,0.00017257391430472,0.00176372711160484,0.000410155810893045,"PPARG/PTGS2",2
"BP","GO:0019318","hexose metabolic process","3/9","249/18860",0.0120481927710843,25.2476572958501,8.41585012260803,0.000180090292142998,0.00182904202957732,0.000425344834732476,"AKT1/MAPK14/SIRT1",3
"BP","GO:0034405","response to fluid shear stress","2/9","45/18860",0.0444444444444444,93.1358024691358,13.5205997497721,0.000198282607463353,0.00196469047029237,0.000456889961998355,"AKT1/PTGS2",2
"BP","GO:0090199","regulation of release of cytochrome c from mitochondria","2/9","45/18860",0.0444444444444444,93.1358024691358,13.5205997497721,0.000198282607463353,0.00196469047029237,0.000456889961998355,"AKT1/MMP9",2
"BP","GO:1901797","negative regulation of signal transduction by p53 class mediator","2/9","45/18860",0.0444444444444444,93.1358024691358,13.5205997497721,0.000198282607463353,0.00196469047029237,0.000456889961998355,"BCL2/SIRT1",2
"BP","GO:1904407","positive regulation of nitric oxide metabolic process","2/9","45/18860",0.0444444444444444,93.1358024691358,13.5205997497721,0.000198282607463353,0.00196469047029237,0.000456889961998355,"AKT1/PTGS2",2
"BP","GO:0010828","positive regulation of D-glucose transmembrane transport","2/9","46/18860",0.0434782608695652,91.1111111111111,13.3699591097195,0.000207244135915989,0.00203275757405587,0.000472719008314854,"AKT1/MAPK14",2
"BP","GO:0045927","positive regulation of growth","3/9","263/18860",0.0114068441064639,23.9036755386565,8.17287769125914,0.000211630888363104,0.00203275757405587,0.000472719008314854,"AKT1/BCL2/MAPK14",3
"BP","GO:0043523","regulation of neuron apoptotic process","3/9","264/18860",0.0113636363636364,23.8131313131313,8.15624914029752,0.000214011992388861,0.00203275757405587,0.000472719008314854,"AKT1/BCL2/SIRT1",3
"BP","GO:0010830","regulation of myotube differentiation","2/9","47/18860",0.0425531914893617,89.1725768321513,13.224121252975,0.000216401401094404,0.00203275757405587,0.000472719008314854,"BCL2/MAPK14",2
"BP","GO:0030890","positive regulation of B cell proliferation","2/9","47/18860",0.0425531914893617,89.1725768321513,13.224121252975,0.000216401401094404,0.00203275757405587,0.000472719008314854,"BCL2/PTPRC",2
"BP","GO:0035330","regulation of hippo signaling","2/9","47/18860",0.0425531914893617,89.1725768321513,13.224121252975,0.000216401401094404,0.00203275757405587,0.000472719008314854,"MAPK14/SIRT1",2
"BP","GO:0071402","cellular response to lipoprotein particle stimulus","2/9","47/18860",0.0425531914893617,89.1725768321513,13.224121252975,0.000216401401094404,0.00203275757405587,0.000472719008314854,"AKT1/PPARG",2
"BP","GO:0001649","osteoblast differentiation","3/9","265/18860",0.0113207547169811,23.7232704402516,8.13971260379262,0.000216410498653332,0.00203275757405587,0.000472719008314854,"AKT1/MAPK14/PPARG",3
"BP","GO:0048863","stem cell differentiation","3/9","265/18860",0.0113207547169811,23.7232704402516,8.13971260379262,0.000216410498653332,0.00203275757405587,0.000472719008314854,"BCL2/MAPK14/PTPRC",3
"BP","GO:0042771","intrinsic apoptotic signaling pathway in response to DNA damage by p53 class mediator","2/9","48/18860",0.0416666666666667,87.3148148148148,13.0828350269226,0.000225754255920076,0.00209628951925785,0.000487493400753729,"BCL2/SIRT1",2
"BP","GO:2001239","regulation of extrinsic apoptotic signaling pathway in absence of ligand","2/9","48/18860",0.0416666666666667,87.3148148148148,13.0828350269226,0.000225754255920076,0.00209628951925785,0.000487493400753729,"AKT1/BCL2",2
"BP","GO:0005996","monosaccharide metabolic process","3/9","272/18860",0.0110294117647059,23.1127450980392,8.02646226079603,0.000233692131356379,0.00214812724298174,0.000499548294886119,"AKT1/MAPK14/SIRT1",3
"BP","GO:0010883","regulation of lipid storage","2/9","49/18860",0.0408163265306122,85.5328798185941,12.9458673020427,0.000235302553385077,0.00214812724298174,0.000499548294886119,"PPARG/SIRT1",2
"BP","GO:1902175","regulation of oxidative stress-induced intrinsic apoptotic signaling pathway","2/9","49/18860",0.0408163265306122,85.5328798185941,12.9458673020427,0.000235302553385077,0.00214812724298174,0.000499548294886119,"AKT1/SIRT1",2
"BP","GO:0006693","prostaglandin metabolic process","2/9","50/18860",0.04,83.8222222222222,12.8130013420192,0.000245046146552043,0.0021759562193829,0.000506019940248396,"PTGS2/SIRT1",2
"BP","GO:0010907","positive regulation of glucose metabolic process","2/9","50/18860",0.04,83.8222222222222,12.8130013420192,0.000245046146552043,0.0021759562193829,0.000506019940248396,"AKT1/SIRT1",2
"BP","GO:0042149","cellular response to glucose starvation","2/9","50/18860",0.04,83.8222222222222,12.8130013420192,0.000245046146552043,0.0021759562193829,0.000506019940248396,"BCL2/SIRT1",2
"BP","GO:0043029","T cell homeostasis","2/9","50/18860",0.04,83.8222222222222,12.8130013420192,0.000245046146552043,0.0021759562193829,0.000506019940248396,"AKT1/BCL2",2
"BP","GO:0070269","pyroptotic inflammatory response","2/9","50/18860",0.04,83.8222222222222,12.8130013420192,0.000245046146552043,0.0021759562193829,0.000506019940248396,"CASP1/MAPK14",2
"BP","GO:0043368","positive T cell selection","2/9","51/18860",0.0392156862745098,82.1786492374728,12.6840353504717,0.000254984888554151,0.00223973212919187,0.000520851066804781,"BCL2/PTPRC",2
"BP","GO:0051155","positive regulation of striated muscle cell differentiation","2/9","51/18860",0.0392156862745098,82.1786492374728,12.6840353504717,0.000254984888554151,0.00223973212919187,0.000520851066804781,"BCL2/MAPK14",2
"BP","GO:0042593","glucose homeostasis","3/9","281/18860",0.0106761565836299,22.3724792408066,7.8869717413446,0.000257200072222703,0.00224650347012231,0.000522425746250306,"AKT1/PPARG/SIRT1",3
"BP","GO:0031669","cellular response to nutrient levels","3/9","282/18860",0.0106382978723404,22.2931442080378,7.87187625686134,0.000259903170697228,0.00224650347012231,0.000522425746250306,"AKT1/BCL2/SIRT1",3
"BP","GO:0033500","carbohydrate homeostasis","3/9","282/18860",0.0106382978723404,22.2931442080378,7.87187625686134,0.000259903170697228,0.00224650347012231,0.000522425746250306,"AKT1/PPARG/SIRT1",3
"BP","GO:0051054","positive regulation of DNA metabolic process","3/9","283/18860",0.0106007067137809,22.2143698468787,7.8568588577173,0.000262624697782455,0.00225559046056036,0.00052453893139509,"AKT1/PTPRC/SIRT1",3
"BP","GO:0006692","prostanoid metabolic process","2/9","52/18860",0.0384615384615385,80.5982905982906,12.558781172126,0.000265118632595095,0.00225559046056036,0.00052453893139509,"PTGS2/SIRT1",2
"BP","GO:0045922","negative regulation of fatty acid metabolic process","2/9","52/18860",0.0384615384615385,80.5982905982906,12.558781172126,0.000265118632595095,0.00225559046056036,0.00052453893139509,"AKT1/SIRT1",2
"BP","GO:0010332","response to gamma radiation","2/9","53/18860",0.0377358490566038,79.0775681341719,12.4370631293954,0.000275447231949058,0.00232813443014449,0.000541409075576922,"BCL2/PTPRC",2
"BP","GO:0034976","response to endoplasmic reticulum stress","3/9","288/18860",0.0104166666666667,21.8287037037037,7.78291946713682,0.000276510735395623,0.00232813443014449,0.000541409075576922,"AKT1/BCL2/SIRT1",3
"BP","GO:0046622","positive regulation of organ growth","2/9","54/18860",0.037037037037037,77.6131687242798,12.3187169779955,0.000285970539960692,0.00239537179090786,0.000557045164654848,"AKT1/MAPK14",2
"BP","GO:0010874","regulation of cholesterol efflux","2/9","57/18860",0.0350877192982456,73.5282651072125,11.9824198374638,0.000318707250444578,0.00265589375370482,0.000617629705314999,"PPARG/SIRT1",2
"BP","GO:0061448","connective tissue development","3/9","307/18860",0.00977198697068404,20.4777415852334,7.51820395913586,0.00033361574073018,0.00276594683003338,0.000643222615049059,"MAPK14/PPARG/SIRT1",3
"BP","GO:0042304","regulation of fatty acid biosynthetic process","2/9","59/18860",0.0338983050847458,71.0357815442561,11.772505412158,0.00034150258187613,0.0028027358361046,0.000651777920752422,"PTGS2/SIRT1",2
"BP","GO:0071470","cellular response to osmotic stress","2/9","59/18860",0.0338983050847458,71.0357815442561,11.772505412158,0.00034150258187613,0.0028027358361046,0.000651777920752422,"CASP1/PTGS2",2
"BP","GO:0031348","negative regulation of defense response","3/9","313/18860",0.00958466453674121,20.0851970181044,7.43952775954751,0.000353117518982438,0.00284126476372951,0.000660737846269729,"MAPK14/PPARG/PTPRC",3
"BP","GO:0006636","unsaturated fatty acid biosynthetic process","2/9","60/18860",0.0333333333333333,69.8518518518518,11.6714742021272,0.000353191066014376,0.00284126476372951,0.000660737846269729,"PTGS2/SIRT1",2
"BP","GO:0046324","regulation of D-glucose import","2/9","60/18860",0.0333333333333333,69.8518518518518,11.6714742021272,0.000353191066014376,0.00284126476372951,0.000660737846269729,"AKT1/MAPK14",2
"BP","GO:0060135","maternal process involved in female pregnancy","2/9","60/18860",0.0333333333333333,69.8518518518518,11.6714742021272,0.000353191066014376,0.00284126476372951,0.000660737846269729,"AKT1/PTGS2",2
"BP","GO:0035329","hippo signaling","2/9","61/18860",0.0327868852459016,68.7067395264117,11.572916837776,0.000365073234193789,0.00290805885080837,0.000676270851783129,"MAPK14/SIRT1",2
"BP","GO:0070231","T cell apoptotic process","2/9","61/18860",0.0327868852459016,68.7067395264117,11.572916837776,0.000365073234193789,0.00290805885080837,0.000676270851783129,"AKT1/BCL2",2
"BP","GO:0010948","negative regulation of cell cycle process","3/9","318/18860",0.00943396226415094,19.769392033543,7.375625639064,0.000369922610110009,0.0029180788418872,0.000678601006793526,"BCL2/MAPK14/SIRT1",3
"BP","GO:0051402","neuron apoptotic process","3/9","318/18860",0.00943396226415094,19.769392033543,7.375625639064,0.000369922610110009,0.0029180788418872,0.000678601006793526,"AKT1/BCL2/SIRT1",3
"BP","GO:0051146","striated muscle cell differentiation","3/9","321/18860",0.00934579439252336,19.5846313603323,7.3379830325511,0.000380250289825373,0.00298505662302527,0.00069417673047195,"AKT1/BCL2/MAPK14",3
"BP","GO:0002221","pattern recognition receptor signaling pathway","3/9","325/18860",0.00923076923076923,19.3435897435897,7.28858297659466,0.000394308960196984,0.00308053875153894,0.000716381157442901,"AKT1/CASP1/MAPK14",3
"BP","GO:0031663","lipopolysaccharide-mediated signaling pathway","2/9","64/18860",0.03125,65.4861111111111,11.2911153535642,0.000401880382404972,0.00310978867337181,0.000723183244528245,"AKT1/MAPK14",2
"BP","GO:0045058","T cell selection","2/9","64/18860",0.03125,65.4861111111111,11.2911153535642,0.000401880382404972,0.00310978867337181,0.000723183244528245,"BCL2/PTPRC",2
"BP","GO:0015909","long-chain fatty acid transport","2/9","65/18860",0.0307692307692308,64.4786324786325,11.2015072351207,0.000414535826526102,0.00317745621747602,0.00073891937300333,"AKT1/PPARG",2
"BP","GO:0045428","regulation of nitric oxide biosynthetic process","2/9","65/18860",0.0307692307692308,64.4786324786325,11.2015072351207,0.000414535826526102,0.00317745621747602,0.00073891937300333,"AKT1/PTGS2",2
"BP","GO:0048638","regulation of developmental growth","3/9","332/18860",0.00903614457831325,18.9357429718875,7.20422935656624,0.000419714503394717,0.0032020472676827,0.000744638036662729,"AKT1/BCL2/MAPK14",3
"BP","GO:0051607","defense response to virus","3/9","334/18860",0.00898203592814371,18.8223552894212,7.18060254894261,0.00042716300697066,0.00324364432863235,0.000754311458447943,"BCL2/CASP1/PTPRC",3
"BP","GO:0070059","intrinsic apoptotic signaling pathway in response to endoplasmic reticulum stress","2/9","67/18860",0.0298507462686567,62.5538971807628,11.0282927855734,0.000440425431868929,0.00332879686877679,0.000774113733370603,"BCL2/SIRT1",2
"BP","GO:0046394","carboxylic acid biosynthetic process","3/9","339/18860",0.00884955752212389,18.5447394296952,7.12242597241459,0.000446157637476258,0.00334104221612405,0.000776961396332654,"CASP1/PTGS2/SIRT1",3
"BP","GO:0070588","calcium ion transmembrane transport","3/9","339/18860",0.00884955752212389,18.5447394296952,7.12242597241459,0.000446157637476258,0.00334104221612405,0.000776961396332654,"AKT1/BCL2/PTPRC",3
"BP","GO:0030888","regulation of B cell proliferation","2/9","68/18860",0.0294117647058824,61.6339869281046,10.9445388825863,0.000453659301677607,0.00338157010268425,0.000786386180964304,"BCL2/PTPRC",2
"BP","GO:0002758","innate immune response-activating signaling pathway","3/9","342/18860",0.0087719298245614,18.3820662768031,7.08811578115372,0.000457812567748021,0.00338157010268425,0.000786386180964304,"AKT1/CASP1/MAPK14",3
"BP","GO:0016053","organic acid biosynthetic process","3/9","342/18860",0.0087719298245614,18.3820662768031,7.08811578115372,0.000457812567748021,0.00338157010268425,0.000786386180964304,"CASP1/PTGS2/SIRT1",3
"BP","GO:0048545","response to steroid hormone","3/9","343/18860",0.0087463556851312,18.3284742468416,7.07677618040152,0.000461740887711377,0.00339515358611307,0.000789545028284756,"BCL2/PTPRC/SIRT1",3
"BP","GO:0080164","regulation of nitric oxide metabolic process","2/9","69/18860",0.0289855072463768,60.7407407407407,10.8625950736246,0.000467085688752614,0.00341898308208557,0.000795086592044516,"AKT1/PTGS2",2
"BP","GO:0071375","cellular response to peptide hormone stimulus","3/9","345/18860",0.00869565217391304,18.2222222222222,7.05424057090943,0.000469662859341978,0.00342243114991352,0.000795888442311872,"AKT1/PPARG/SIRT1",3
"BP","GO:0051251","positive regulation of lymphocyte activation","3/9","346/18860",0.00867052023121387,18.1695568400771,7.04304387372815,0.000473656616432502,0.00343612500760185,0.000799072957233403,"AKT1/BCL2/PTPRC",3
"BP","GO:1905953","negative regulation of lipid localization","2/9","70/18860",0.0285714285714286,59.8730158730159,10.7823966003098,0.000480704447562657,0.00347175434350808,0.000807358580935644,"AKT1/PPARG",2
"BP","GO:0007566","embryo implantation","2/9","71/18860",0.028169014084507,59.0297339593114,10.7038819053864,0.000494515432646486,0.0035245069212743,0.000819626224931156,"MMP9/PTGS2",2
"BP","GO:0060612","adipose tissue development","2/9","71/18860",0.028169014084507,59.0297339593114,10.7038819053864,0.000494515432646486,0.0035245069212743,0.000819626224931156,"PPARG/SIRT1",2
"BP","GO:0097192","extrinsic apoptotic signaling pathway in absence of ligand","2/9","71/18860",0.028169014084507,59.0297339593114,10.7038819053864,0.000494515432646486,0.0035245069212743,0.000819626224931156,"AKT1/BCL2",2
"BP","GO:0002429","immune response-activating cell surface receptor signaling pathway","3/9","353/18860",0.0084985835694051,17.80925401322,6.96596308343828,0.000502229551039156,0.00356385598444816,0.000828776873468431,"AKT1/BCL2/PTPRC",3
"BP","GO:0046942","carboxylic acid transport","3/9","356/18860",0.00842696629213483,17.6591760299625,6.93360496552288,0.000514808314154784,0.00363723265435445,0.00084584066261587,"AKT1/PPARG/PTGS2",3
"BP","GO:0015849","organic acid transport","3/9","357/18860",0.00840336134453781,17.609710550887,6.92290681996464,0.000519046047125098,0.00364553406750377,0.000847771161285088,"AKT1/PPARG/PTGS2",3
"BP","GO:0030225","macrophage differentiation","2/9","73/18860",0.0273972602739726,57.4124809741248,10.5516724383561,0.000522713500140541,0.00364553406750377,0.000847771161285088,"MMP9/SIRT1",2
"BP","GO:0038034","signal transduction in absence of ligand","2/9","73/18860",0.0273972602739726,57.4124809741248,10.5516724383561,0.000522713500140541,0.00364553406750377,0.000847771161285088,"AKT1/BCL2",2
"BP","GO:0002218","activation of innate immune response","3/9","362/18860",0.00828729281767956,17.3664825046041,6.87006168543604,0.000540573138822,0.00375398013070833,0.000872990359141242,"AKT1/CASP1/MAPK14",3
"BP","GO:0071479","cellular response to ionizing radiation","2/9","75/18860",0.0266666666666667,55.8814814814815,10.4055309795281,0.000551678728944639,0.00381479972142569,0.000887133991897538,"MAPK14/SIRT1",2
"BP","GO:0048872","homeostasis of number of cells","3/9","369/18860",0.00813008130081301,17.037037037037,6.79783320381556,0.00057166807274996,0.00393627380601137,0.000915382864037625,"AKT1/BCL2/MAPK14",3
"BP","GO:0007517","muscle organ development","3/9","373/18860",0.00804289544235925,16.8543342269884,6.75744614102577,0.000589943932477887,0.00404497422057623,0.000940661211457079,"BCL2/MAPK14/SIRT1",3
"BP","GO:0050853","B cell receptor signaling pathway","2/9","78/18860",0.0256410256410256,53.7321937321937,10.1968401333206,0.000596562459851195,0.00407316805570669,0.000947217704938429,"BCL2/PTPRC",2
"BP","GO:0010506","regulation of autophagy","3/9","377/18860",0.00795755968169761,16.6755083996463,6.71768239031443,0.000608592849564506,0.00410887311462826,0.000955520938073876,"AKT1/BCL2/SIRT1",3
"BP","GO:0032371","regulation of sterol transport","2/9","79/18860",0.0253164556962025,53.0520393811533,10.1299039448659,0.000611906026916947,0.00410887311462826,0.000955520938073876,"PPARG/SIRT1",2
"BP","GO:0032374","regulation of cholesterol transport","2/9","79/18860",0.0253164556962025,53.0520393811533,10.1299039448659,0.000611906026916947,0.00410887311462826,0.000955520938073876,"PPARG/SIRT1",2
"BP","GO:0033344","cholesterol efflux","2/9","79/18860",0.0253164556962025,53.0520393811533,10.1299039448659,0.000611906026916947,0.00410887311462826,0.000955520938073876,"PPARG/SIRT1",2
"BP","GO:0006809","nitric oxide biosynthetic process","2/9","80/18860",0.025,52.3888888888889,10.0642129021949,0.000627440514252963,0.00414585114204893,0.000964120200806843,"AKT1/PTGS2",2
"BP","GO:0010827","regulation of D-glucose transmembrane transport","2/9","80/18860",0.025,52.3888888888889,10.0642129021949,0.000627440514252963,0.00414585114204893,0.000964120200806843,"AKT1/MAPK14",2
"BP","GO:1904063","negative regulation of cation transmembrane transport","2/9","80/18860",0.025,52.3888888888889,10.0642129021949,0.000627440514252963,0.00414585114204893,0.000964120200806843,"BCL2/MMP9",2
"BP","GO:0002696","positive regulation of leukocyte activation","3/9","381/18860",0.0078740157480315,16.5004374453193,6.67852564773374,0.000627618080580945,0.00414585114204893,0.000964120200806843,"AKT1/BCL2/PTPRC",3
"BP","GO:1900076","regulation of cellular response to insulin stimulus","2/9","81/18860",0.0246913580246914,51.7421124828532,9.99972853883393,0.000643165777097034,0.00423135379669101,0.00098400389506855,"PPARG/SIRT1",2
"BP","GO:0002768","immune response-regulating cell surface receptor signaling pathway","3/9","385/18860",0.00779220779220779,16.3290043290043,6.63996020213914,0.000647022867153893,0.0042395651577624,0.000985913452072358,"AKT1/BCL2/PTPRC",3
"BP","GO:0032436","positive regulation of proteasomal ubiquitin-dependent protein catabolic process","2/9","82/18860",0.024390243902439,51.1111111111111,9.93641403368859,0.000659081670756722,0.00430123580313122,0.00100025499810469,"AKT1/SIRT1",2
"BP","GO:0002260","lymphocyte homeostasis","2/9","83/18860",0.0240963855421687,50.4953145917001,9.87423412161059,0.000675188050609329,0.00436460019082961,0.00101499042494434,"AKT1/BCL2",2
"BP","GO:0046323","D-glucose import","2/9","83/18860",0.0240963855421687,50.4953145917001,9.87423412161059,0.000675188050609329,0.00436460019082961,0.00101499042494434,"AKT1/MAPK14",2
"BP","GO:0030336","negative regulation of cell migration","3/9","391/18860",0.00767263427109974,16.078431372549,6.58318773233354,0.000676848768054808,0.00436460019082961,0.00101499042494434,"AKT1/BCL2/PPARG",3
"BP","GO:0045913","positive regulation of carbohydrate metabolic process","2/9","84/18860",0.0238095238095238,49.8941798941799,9.81315500983637,0.000691484772101876,0.00442772883428367,0.00102967102931682,"AKT1/SIRT1",2
"BP","GO:0009895","negative regulation of catabolic process","3/9","394/18860",0.00761421319796954,15.9560067681895,6.55527229978338,0.000692088076251109,0.00442772883428367,0.00102967102931682,"AKT1/BCL2/MAPK14",3
"BP","GO:0032370","positive regulation of lipid transport","2/9","85/18860",0.0235294117647059,49.3071895424837,9.75314429984684,0.000707971690751075,0.00445912402120348,0.00103697199910092,"PPARG/SIRT1",2
"BP","GO:0034766","negative regulation of monoatomic ion transmembrane transport","2/9","85/18860",0.0235294117647059,49.3071895424837,9.75314429984684,0.000707971690751075,0.00445912402120348,0.00103697199910092,"BCL2/MMP9",2
"BP","GO:0035924","cellular response to vascular endothelial growth factor stimulus","2/9","85/18860",0.0235294117647059,49.3071895424837,9.75314429984684,0.000707971690751075,0.00445912402120348,0.00103697199910092,"AKT1/MAPK14",2
"BP","GO:0070227","lymphocyte apoptotic process","2/9","85/18860",0.0235294117647059,49.3071895424837,9.75314429984684,0.000707971690751075,0.00445912402120348,0.00103697199910092,"AKT1/BCL2",2
"BP","GO:0045786","negative regulation of cell cycle","3/9","399/18860",0.0075187969924812,15.7560568086884,6.50942374030438,0.000717975071736884,0.00450466985163103,0.00104756370962626,"BCL2/MAPK14/SIRT1",3
"BP","GO:0050867","positive regulation of cell activation","3/9","401/18860",0.00748129675810474,15.6774729842062,6.49131641940407,0.000728501880391209,0.00455313675244506,0.0010588347168439,"AKT1/BCL2/PTPRC",3
"BP","GO:0006970","response to osmotic stress","2/9","87/18860",0.0229885057471264,48.1736909323116,9.63620502822368,0.000741515541934612,0.00459909448718987,0.00106952221596836,"CASP1/PTGS2",2
"BP","GO:0050871","positive regulation of B cell activation","2/9","87/18860",0.0229885057471264,48.1736909323116,9.63620502822368,0.000741515541934612,0.00459909448718987,0.00106952221596836,"BCL2/PTPRC",2
"BP","GO:2000146","negative regulation of cell motility","3/9","406/18860",0.00738916256157635,15.4844006568145,6.44661413888808,0.00075525238850083,0.00465162189436699,0.00108173749640664,"AKT1/BCL2/PPARG",3
"BP","GO:0048864","stem cell development","2/9","88/18860",0.0227272727272727,47.6262626262626,9.5792180054374,0.000758572185850617,0.00465162189436699,0.00108173749640664,"BCL2/PTPRC",2
"BP","GO:0072332","intrinsic apoptotic signaling pathway by p53 class mediator","2/9","88/18860",0.0227272727272727,47.6262626262626,9.5792180054374,0.000758572185850617,0.00465162189436699,0.00108173749640664,"BCL2/SIRT1",2
"BP","GO:0033077","T cell differentiation in thymus","2/9","89/18860",0.0224719101123595,47.0911360799001,9.52318233770194,0.00077581844968657,0.00472174150090141,0.00109804385348897,"BCL2/PTPRC",2
"BP","GO:0046209","nitric oxide metabolic process","2/9","89/18860",0.0224719101123595,47.0911360799001,9.52318233770194,0.00077581844968657,0.00472174150090141,0.00109804385348897,"AKT1/PTGS2",2
"BP","GO:0050810","regulation of steroid biosynthetic process","2/9","90/18860",0.0222222222222222,46.5679012345679,9.46807158849573,0.000793254189307276,0.00479196303949563,0.00111437391493372,"AKT1/SIRT1",2
"BP","GO:0097009","energy homeostasis","2/9","90/18860",0.0222222222222222,46.5679012345679,9.46807158849573,0.000793254189307276,0.00479196303949563,0.00111437391493372,"MAPK14/SIRT1",2
"BP","GO:0050678","regulation of epithelial cell proliferation","3/9","416/18860",0.00721153846153846,15.1121794871795,6.35955295892521,0.000810632078571278,0.004862283389489,0.00113072695502935,"AKT1/PPARG/SIRT1",3
"BP","GO:2001057","reactive nitrogen species metabolic process","2/9","91/18860",0.021978021978022,46.0561660561661,9.41386033984167,0.000810879260647089,0.004862283389489,0.00113072695502935,"AKT1/PTGS2",2
"BP","GO:0010660","regulation of muscle cell apoptotic process","2/9","92/18860",0.0217391304347826,45.5555555555556,9.36052414237899,0.000828693519709882,0.00495083444679617,0.00115131955718207,"PPARG/SIRT1",2
"BP","GO:0043489","RNA stabilization","2/9","93/18860",0.021505376344086,45.0657108721625,9.30803946839496,0.000846696822569021,0.00503986203910132,0.00117202297783797,"AKT1/MAPK14",2
"BP","GO:0040013","negative regulation of locomotion","3/9","424/18860",0.00707547169811321,14.8270440251572,6.29205213504353,0.00085676627231622,0.00508118683399218,0.00118163308398587,"AKT1/BCL2/PPARG",3
"BP","GO:0030968","endoplasmic reticulum unfolded protein response","2/9","94/18860",0.0212765957446809,44.5862884160756,9.25638366761102,0.000864889025367343,0.00509219081964468,0.00118419206753195,"AKT1/SIRT1",2
"BP","GO:0042100","B cell proliferation","2/9","94/18860",0.0212765957446809,44.5862884160756,9.25638366761102,0.000864889025367343,0.00509219081964468,0.00118419206753195,"BCL2/PTPRC",2
"BP","GO:0006094","gluconeogenesis","2/9","95/18860",0.0210526315789474,44.1169590643275,9.20553492553453,0.000883269984317131,0.00512612044469764,0.00119208242244305,"AKT1/SIRT1",2
"BP","GO:0032007","negative regulation of TOR signaling","2/9","95/18860",0.0210526315789474,44.1169590643275,9.20553492553453,0.000883269984317131,0.00512612044469764,0.00119208242244305,"AKT1/SIRT1",2
"BP","GO:1904705","regulation of vascular associated smooth muscle cell proliferation","2/9","95/18860",0.0210526315789474,44.1169590643275,9.20553492553453,0.000883269984317131,0.00512612044469764,0.00119208242244305,"MMP9/PPARG",2
"BP","GO:1905897","regulation of response to endoplasmic reticulum stress","2/9","95/18860",0.0210526315789474,44.1169590643275,9.20553492553453,0.000883269984317131,0.00512612044469764,0.00119208242244305,"AKT1/SIRT1",2
"BP","GO:0019915","lipid storage","2/9","96/18860",0.0208333333333333,43.6574074074074,9.15547222420201,0.000901839555700088,0.00521241410517472,0.00121215006559205,"PPARG/SIRT1",2
"BP","GO:0045089","positive regulation of innate immune response","3/9","432/18860",0.00694444444444444,14.5524691358025,6.22636515212804,0.000904554324713397,0.00521241410517472,0.00121215006559205,"AKT1/CASP1/MAPK14",3
"BP","GO:1990874","vascular associated smooth muscle cell proliferation","2/9","97/18860",0.0206185567010309,43.2073310423826,9.10617530515326,0.000920597595867313,0.0052675038495929,0.00122496121911181,"MMP9/PPARG",2
"BP","GO:2000106","regulation of leukocyte apoptotic process","2/9","97/18860",0.0206185567010309,43.2073310423826,9.10617530515326,0.000920597595867313,0.0052675038495929,0.00122496121911181,"BCL2/SIRT1",2
"BP","GO:0019319","hexose biosynthetic process","2/9","98/18860",0.0204081632653061,42.766439909297,9.05762463448795,0.000939543961239276,0.00531971755057081,0.00123710354698295,"AKT1/SIRT1",2
"BP","GO:0048661","positive regulation of smooth muscle cell proliferation","2/9","98/18860",0.0204081632653061,42.766439909297,9.05762463448795,0.000939543961239276,0.00531971755057081,0.00123710354698295,"AKT1/MMP9",2
"BP","GO:0051153","regulation of striated muscle cell differentiation","2/9","98/18860",0.0204081632653061,42.766439909297,9.05762463448795,0.000939543961239276,0.00531971755057081,0.00123710354698295,"BCL2/MAPK14",2
"BP","GO:0006816","calcium ion transport","3/9","439/18860",0.00683371298405467,14.3204252088079,6.17031215572918,0.000947744809975757,0.0053475184590646,0.00124356866513632,"AKT1/BCL2/PTPRC",3
"BP","GO:0010657","muscle cell apoptotic process","2/9","99/18860",0.0202020202020202,42.334455667789,9.00980136986777,0.000958678508305794,0.00537190543447212,0.00124923987107724,"PPARG/SIRT1",2
"BP","GO:1904892","regulation of receptor signaling pathway via STAT","2/9","99/18860",0.0202020202020202,42.334455667789,9.00980136986777,0.000958678508305794,0.00537190543447212,0.00124923987107724,"PPARG/PTPRC",2
"BP","GO:0046364","monosaccharide biosynthetic process","2/9","100/18860",0.02,41.9111111111111,8.96268732933727,0.000978001093626003,0.00544264307240498,0.00126568995173661,"AKT1/SIRT1",2
"BP","GO:1900182","positive regulation of protein localization to nucleus","2/9","100/18860",0.02,41.9111111111111,8.96268732933727,0.000978001093626003,0.00544264307240498,0.00126568995173661,"AKT1/MAPK14",2
"BP","GO:0007178","cell surface receptor protein serine/threonine kinase signaling pathway","3/9","446/18860",0.00672645739910314,14.0956651718984,6.11553295449912,0.000992236545940966,0.00549476714396968,0.00127781143623327,"MAPK14/PPARG/SIRT1",3
"BP","GO:0033555","multicellular organismal response to stress","2/9","101/18860",0.0198019801980198,41.4961496149615,8.91626496184624,0.000997511573828342,0.00549476714396968,0.00127781143623327,"AKT1/BCL2",2
"BP","GO:0170062","nutrient storage","2/9","101/18860",0.0198019801980198,41.4961496149615,8.91626496184624,0.000997511573828342,0.00549476714396968,0.00127781143623327,"PPARG/SIRT1",2
"BP","GO:0043269","regulation of monoatomic ion transport","3/9","449/18860",0.0066815144766147,14.0014847809948,6.0924338399426,0.00101170677582248,0.00554876379953985,0.00129036839127761,"AKT1/BCL2/MMP9",3
"BP","GO:0002042","cell migration involved in sprouting angiogenesis","2/9","102/18860",0.0196078431372549,41.0893246187364,8.87051731936472,0.00101720980561052,0.00554876379953985,0.00129036839127761,"AKT1/PTGS2",2
"BP","GO:0032102","negative regulation of response to external stimulus","3/9","452/18860",0.00663716814159292,13.9085545722714,6.06955593321904,0.00103142023631743,0.00554876379953985,0.00129036839127761,"MAPK14/PPARG/PTPRC",3
"BP","GO:0009408","response to heat","2/9","103/18860",0.0194174757281553,40.6903991370011,8.8254280304902,0.00103709564573948,0.00554876379953985,0.00129036839127761,"AKT1/SIRT1",2
"BP","GO:0042542","response to hydrogen peroxide","2/9","103/18860",0.0194174757281553,40.6903991370011,8.8254280304902,0.00103709564573948,0.00554876379953985,0.00129036839127761,"BCL2/SIRT1",2
"BP","GO:0046620","regulation of organ growth","2/9","103/18860",0.0194174757281553,40.6903991370011,8.8254280304902,0.00103709564573948,0.00554876379953985,0.00129036839127761,"AKT1/MAPK14",2
"BP","GO:0071346","cellular response to type II interferon","2/9","103/18860",0.0194174757281553,40.6903991370011,8.8254280304902,0.00103709564573948,0.00554876379953985,0.00129036839127761,"CASP1/PPARG",2
"BP","GO:2001237","negative regulation of extrinsic apoptotic signaling pathway","2/9","103/18860",0.0194174757281553,40.6903991370011,8.8254280304902,0.00103709564573948,0.00554876379953985,0.00129036839127761,"AKT1/BCL2",2
"BP","GO:0042060","wound healing","3/9","453/18860",0.00662251655629139,13.8778513612951,6.06197849245858,0.00103804565849853,0.00554876379953985,0.00129036839127761,"CASP1/MAPK14/PPARG",3
"BP","GO:0043255","regulation of carbohydrate biosynthetic process","2/9","104/18860",0.0192307692307692,40.2991452991453,8.78098127545329,0.00105716895105141,0.00561405080215209,0.00130555092338306,"AKT1/SIRT1",2
"BP","GO:1905954","positive regulation of lipid localization","2/9","104/18860",0.0192307692307692,40.2991452991453,8.78098127545329,0.00105716895105141,0.00561405080215209,0.00130555092338306,"PPARG/SIRT1",2
"BP","GO:0010906","regulation of glucose metabolic process","2/9","105/18860",0.019047619047619,39.9153439153439,8.73716176243533,0.00107742957845168,0.0056710462784387,0.00131880525600615,"AKT1/SIRT1",2
"BP","GO:1902369","negative regulation of RNA catabolic process","2/9","105/18860",0.019047619047619,39.9153439153439,8.73716176243533,0.00107742957845168,0.0056710462784387,0.00131880525600615,"AKT1/MAPK14",2
"BP","GO:1903829","positive regulation of protein localization","3/9","459/18860",0.0065359477124183,13.6964415395788,6.01701418977967,0.00107837126156157,0.0056710462784387,0.00131880525600615,"AKT1/MAPK14/PPARG",3
"BP","GO:0034620","cellular response to unfolded protein","2/9","106/18860",0.0188679245283019,39.538784067086,8.69395470511711,0.00109787738491485,0.00569984265331191,0.00132550187047059,"AKT1/SIRT1",2
"BP","GO:0046889","positive regulation of lipid biosynthetic process","2/9","106/18860",0.0188679245283019,39.538784067086,8.69395470511711,0.00109787738491485,0.00569984265331191,0.00132550187047059,"AKT1/PTGS2",2
"BP","GO:0048534","hematopoietic or lymphoid organ development","2/9","106/18860",0.0188679245283019,39.538784067086,8.69395470511711,0.00109787738491485,0.00569984265331191,0.00132550187047059,"BCL2/PTPRC",2
"BP","GO:2000060","positive regulation of ubiquitin-dependent protein catabolic process","2/9","106/18860",0.0188679245283019,39.538784067086,8.69395470511711,0.00109787738491485,0.00569984265331191,0.00132550187047059,"AKT1/SIRT1",2
"BP","GO:0008585","female gonad development","2/9","107/18860",0.0186915887850467,39.1692627206646,8.65134580138391,0.0011185122274846,0.0057578814018161,0.00133899881668144,"BCL2/SIRT1",2
"BP","GO:0019395","fatty acid oxidation","2/9","107/18860",0.0186915887850467,39.1692627206646,8.65134580138391,0.0011185122274846,0.0057578814018161,0.00133899881668144,"AKT1/MAPK14",2
"BP","GO:0002833","positive regulation of response to biotic stimulus","3/9","465/18860",0.00645161290322581,13.5197132616487,5.97288772209677,0.00111968647567624,0.0057578814018161,0.00133899881668144,"AKT1/CASP1/MAPK14",3
"BP","GO:0015711","organic anion transport","3/9","466/18860",0.00643776824034335,13.4907010014306,5.96561288363321,0.00112666925444736,0.0057746642384049,0.00134290167552218,"AKT1/PPARG/PTGS2",3
"BP","GO:0001960","negative regulation of cytokine-mediated signaling pathway","2/9","108/18860",0.0185185185185185,38.8065843621399,8.60932121311709,0.00113933396327377,0.0057746642384049,0.00134290167552218,"PPARG/PTPRC",2
"BP","GO:0010507","negative regulation of autophagy","2/9","108/18860",0.0185185185185185,38.8065843621399,8.60932121311709,0.00113933396327377,0.0057746642384049,0.00134290167552218,"AKT1/BCL2",2
"BP","GO:0051051","negative regulation of transport","3/9","468/18860",0.00641025641025641,13.4330484330484,5.95113032566415,0.00114071828955568,0.0057746642384049,0.00134290167552218,"AKT1/BCL2/MMP9",3
"BP","GO:1901987","regulation of cell cycle phase transition","3/9","468/18860",0.00641025641025641,13.4330484330484,5.95113032566415,0.00114071828955568,0.0057746642384049,0.00134290167552218,"AKT1/BCL2/MAPK14",3
"BP","GO:0001938","positive regulation of endothelial cell proliferation","2/9","110/18860",0.0181818181818182,38.1010101010101,8.52697183632847,0.00118153754330711,0.00596272828532314,0.00138663608384195,"AKT1/SIRT1",2
"BP","GO:0008630","intrinsic apoptotic signaling pathway in response to DNA damage","2/9","111/18860",0.018018018018018,37.7577577577578,8.48662152361748,0.00120291910212232,0.0060145955106116,0.00139869783858109,"BCL2/SIRT1",2
"BP","GO:0046545","development of primary female sexual characteristics","2/9","111/18860",0.018018018018018,37.7577577577578,8.48662152361748,0.00120291910212232,0.0060145955106116,0.00139869783858109,"BCL2/SIRT1",2
"BP","GO:0090398","cellular senescence","2/9","111/18860",0.018018018018018,37.7577577577578,8.48662152361748,0.00120291910212232,0.0060145955106116,0.00139869783858109,"MAPK14/SIRT1",2
"BP","GO:1904659","D-glucose transmembrane transport","2/9","112/18860",0.0178571428571429,37.4206349206349,8.44680444420467,0.00122448698329898,0.00610365444129091,0.00141940854699494,"AKT1/MAPK14",2
"BP","GO:0060761","negative regulation of response to cytokine stimulus","2/9","113/18860",0.0176991150442478,37.0894788593904,8.40750881054828,0.00124624104429515,0.00619309387455543,0.00144020774151605,"PPARG/PTPRC",2
"BP","GO:0034440","lipid oxidation","2/9","115/18860",0.0173913043478261,36.4444444444444,8.33043652723909,0.00129030713592322,0.00637309755585178,0.00148206770691549,"AKT1/MAPK14",2
"BP","GO:0043271","negative regulation of monoatomic ion transport","2/9","115/18860",0.0173913043478261,36.4444444444444,8.33043652723909,0.00129030713592322,0.00637309755585178,0.00148206770691549,"BCL2/MMP9",2
"BP","GO:1901800","positive regulation of proteasomal protein catabolic process","2/9","117/18860",0.0170940170940171,35.8214624881292,8.25531736692042,0.00133511623805017,0.0065744360207016,0.00152888908918664,"AKT1/SIRT1",2
"BP","GO:0050673","epithelial cell proliferation","3/9","496/18860",0.00604838709677419,12.6747311827957,5.75728162342001,0.0013492881263153,0.00660605831271277,0.00153624287239766,"AKT1/PPARG/SIRT1",3
"BP","GO:0051052","regulation of DNA metabolic process","3/9","497/18860",0.00603621730382294,12.6492287055667,5.75065001535566,0.00135715402483788,0.00660605831271277,0.00153624287239766,"AKT1/PTPRC/SIRT1",3
"BP","GO:0001776","leukocyte homeostasis","2/9","118/18860",0.0169491525423729,35.5178907721281,8.21846434368157,0.00135779906242835,0.00660605831271277,0.00153624287239766,"AKT1/BCL2",2
"BP","GO:0048477","oogenesis","2/9","118/18860",0.0169491525423729,35.5178907721281,8.21846434368157,0.00135779906242835,0.00660605831271277,0.00153624287239766,"AKT1/BCL2",2
"BP","GO:0008645","hexose transmembrane transport","2/9","119/18860",0.0168067226890756,35.219421101774,8.18206917356935,0.00138066721282212,0.00669726633085355,0.00155745335240578,"AKT1/MAPK14",2
"BP","GO:1901655","cellular response to ketone","2/9","120/18860",0.0166666666666667,34.9259259259259,8.14612232882403,0.00140372054717187,0.00678882705105443,0.00157874585349217,"AKT1/SIRT1",2
"BP","GO:0019218","regulation of steroid metabolic process","2/9","121/18860",0.0165289256198347,34.6372819100092,8.11061455746816,0.0014269589234868,0.00686037943984037,0.00159538540495721,"AKT1/SIRT1",2
"BP","GO:0033559","unsaturated fatty acid metabolic process","2/9","121/18860",0.0165289256198347,34.6372819100092,8.11061455746816,0.0014269589234868,0.00686037943984037,0.00159538540495721,"PTGS2/SIRT1",2
"BP","GO:0015749","monosaccharide transmembrane transport","2/9","122/18860",0.0163934426229508,34.3533697632058,8.07553687312122,0.00145038219984487,0.00693197374925858,0.00161203470509074,"AKT1/MAPK14",2
"BP","GO:0045833","negative regulation of lipid metabolic process","2/9","122/18860",0.0163934426229508,34.3533697632058,8.07553687312122,0.00145038219984487,0.00693197374925858,0.00161203470509074,"AKT1/SIRT1",2
"BP","GO:0035967","cellular response to topologically incorrect protein","2/9","124/18860",0.0161290322580645,33.7992831541219,8.00663708997365,0.00149778288534611,0.0071375284125731,0.0016598365668753,"AKT1/SIRT1",2
"BP","GO:0042326","negative regulation of phosphorylation","2/9","126/18860",0.0158730158730159,33.2627865961199,7.93935604119207,0.00154592146967401,0.00732397197731855,0.00170319413108169,"PTPRC/SIRT1",2
"BP","GO:0046660","female sex differentiation","2/9","126/18860",0.0158730158730159,33.2627865961199,7.93935604119207,0.00154592146967401,0.00732397197731855,0.00170319413108169,"BCL2/SIRT1",2
"BP","GO:0007173","epidermal growth factor receptor signaling pathway","2/9","127/18860",0.015748031496063,33.0008748906387,7.90630263461346,0.00157026711982296,0.00739618570931107,0.00171998747831104,"AKT1/MMP9",2
"BP","GO:0030301","cholesterol transport","2/9","127/18860",0.015748031496063,33.0008748906387,7.90630263461346,0.00157026711982296,0.00739618570931107,0.00171998747831104,"PPARG/SIRT1",2
"BP","GO:0030278","regulation of ossification","2/9","128/18860",0.015625,32.7430555555556,7.87363045849075,0.0015947968199259,0.00746842891175672,0.00173678767891217,"BCL2/MAPK14",2
"BP","GO:0045860","positive regulation of protein kinase activity","2/9","128/18860",0.015625,32.7430555555556,7.87363045849075,0.0015947968199259,0.00746842891175672,0.00173678767891217,"PTPRC/SIRT1",2
"BP","GO:0034341","response to type II interferon","2/9","129/18860",0.0155038759689922,32.489233419466,7.84133213590417,0.00161951042854154,0.00756236909879312,0.00175863352645618,"CASP1/PPARG",2
"BP","GO:0033209","tumor necrosis factor-mediated signaling pathway","2/9","131/18860",0.0152671755725191,31.9932145886344,7.77782853029414,0.00166948880588881,0.00777340776380894,0.00180771069616674,"CASP1/MAPK14",2
"BP","GO:0030512","negative regulation of transforming growth factor beta receptor signaling pathway","2/9","132/18860",0.0151515151515152,31.7508417508418,7.74660945985186,0.00169475329208074,0.00786849742751771,0.00182982385520898,"PPARG/SIRT1",2
"BP","GO:0062014","negative regulation of small molecule metabolic process","2/9","133/18860",0.0150375939849624,31.5121136173768,7.71573665528397,0.00172020112170592,0.00796389408197186,0.00185200840513548,"AKT1/SIRT1",2
"BP","GO:0034219","carbohydrate transmembrane transport","2/9","134/18860",0.0149253731343284,31.2769485903814,7.68520366759189,0.00174583215366577,0.00803676274704497,0.00186895405745046,"AKT1/MAPK14",2
"BP","GO:0050864","regulation of B cell activation","2/9","134/18860",0.0149253731343284,31.2769485903814,7.68520366759189,0.00174583215366577,0.00803676274704497,0.00186895405745046,"BCL2/PTPRC",2
"BP","GO:0002244","hematopoietic progenitor cell differentiation","2/9","136/18860",0.0147058823529412,30.8169934640523,7.62513217752631,0.00179764326053738,0.00822864872781194,0.00191357725880777,"BCL2/PTPRC",2
"BP","GO:0015918","sterol transport","2/9","136/18860",0.0147058823529412,30.8169934640523,7.62513217752631,0.00179764326053738,0.00822864872781194,0.00191357725880777,"PPARG/SIRT1",2
"BP","GO:0008286","insulin receptor signaling pathway","2/9","137/18860",0.0145985401459854,30.5920519059205,7.59558159144598,0.00182382305359416,0.00827852643042044,0.00192517634883947,"AKT1/SIRT1",2
"BP","GO:0014902","myotube differentiation","2/9","137/18860",0.0145985401459854,30.5920519059205,7.59558159144598,0.00182382305359416,0.00827852643042044,0.00192517634883947,"BCL2/MAPK14",2
"BP","GO:0033674","positive regulation of kinase activity","2/9","137/18860",0.0145985401459854,30.5920519059205,7.59558159144598,0.00182382305359416,0.00827852643042044,0.00192517634883947,"PTPRC/SIRT1",2
"BP","GO:0002821","positive regulation of adaptive immune response","2/9","138/18860",0.0144927536231884,30.3703703703704,7.5663466444068,0.00185018548527561,0.00835153170436909,0.00194215376963142,"PTPRC/SIRT1",2
"BP","GO:0008643","carbohydrate transport","2/9","138/18860",0.0144927536231884,30.3703703703704,7.5663466444068,0.00185018548527561,0.00835153170436909,0.00194215376963142,"AKT1/MAPK14",2
"BP","GO:0032434","regulation of proteasomal ubiquitin-dependent protein catabolic process","2/9","139/18860",0.0143884892086331,30.1518784972022,7.53742167041708,0.00187673041482519,0.00842454951406334,0.00195913410561862,"AKT1/SIRT1",2
"BP","GO:1903052","positive regulation of proteolysis involved in protein catabolic process","2/9","139/18860",0.0143884892086331,30.1518784972022,7.53742167041708,0.00187673041482519,0.00842454951406334,0.00195913410561862,"AKT1/SIRT1",2
"BP","GO:0038127","ERBB signaling pathway","2/9","145/18860",0.0137931034482759,28.904214559387,7.37008126004738,0.00203982457359501,0.00913144609391706,0.00212352333455302,"AKT1/MMP9",2
"BP","GO:0002702","positive regulation of production of molecular mediator of immune response","2/9","146/18860",0.0136986301369863,28.7062404870624,7.34317880142838,0.00206764305277587,0.00923054934274944,0.00214656985525315,"PTPRC/SIRT1",2
"BP","GO:0030183","B cell differentiation","2/9","147/18860",0.0136054421768707,28.5109599395314,7.31654572915985,0.00209564290623072,0.00932991704828744,0.00216967787552077,"BCL2/PTPRC",2
"BP","GO:0006986","response to unfolded protein","2/9","152/18860",0.0131578947368421,27.5730994152047,7.1872659268168,0.00223835788501524,0.0099380643801906,0.00231110290687509,"AKT1/SIRT1",2
"BP","GO:0034614","cellular response to reactive oxygen species","2/9","153/18860",0.0130718954248366,27.3928830791576,7.16215745407791,0.00226744304350743,0.010012486265488,0.00232840976149648,"AKT1/SIRT1",2
"BP","GO:0050671","positive regulation of lymphocyte proliferation","2/9","153/18860",0.0130718954248366,27.3928830791576,7.16215745407791,0.00226744304350743,0.010012486265488,0.00232840976149648,"BCL2/PTPRC",2
"BP","GO:0031960","response to corticosteroid","2/9","154/18860",0.012987012987013,27.2150072150072,7.13728871861748,0.00229670859670664,0.0101142316250631,0.00235207070665436,"BCL2/PTPRC",2
"BP","GO:0032946","positive regulation of mononuclear cell proliferation","2/9","155/18860",0.0129032258064516,27.0394265232975,7.11265586353847,0.0023261544049468,0.0102162186703745,0.00237578785597696,"BCL2/PTPRC",2
"BP","GO:1900180","regulation of protein localization to nucleus","2/9","158/18860",0.0126582278481013,26.5260196905767,7.04013529454045,0.00241557196427151,0.0105803354230221,0.0024604634279287,"AKT1/MAPK14",2
"BP","GO:0051347","positive regulation of transferase activity","2/9","161/18860",0.0124223602484472,26.031746031746,6.96960683020886,0.00250660679750693,0.0109495592633031,0.00254632665621106,"PTPRC/SIRT1",2
"BP","GO:0032006","regulation of TOR signaling","2/9","162/18860",0.0123456790123457,25.8710562414266,6.94652410989686,0.00253731048608871,0.0110539665948905,0.00257060664457696,"AKT1/SIRT1",2
"BP","GO:0097696","cell surface receptor signaling pathway via STAT","2/9","165/18860",0.0121212121212121,25.4006734006734,6.87851102365243,0.00263049583661956,0.0114292934077722,0.00265788912284386,"PPARG/PTPRC",2
"BP","GO:0030307","positive regulation of cell growth","2/9","168/18860",0.0119047619047619,24.9470899470899,6.81228624704221,0.00272528969629813,0.0118095886839586,0.00274632702026955,"AKT1/BCL2",2
"BP","GO:0035966","response to topologically incorrect protein","2/9","172/18860",0.0116279069767442,24.3669250645995,6.72663348435027,0.00285417715871517,0.0123352071354047,0.00286855991035483,"AKT1/SIRT1",2
"BP","GO:0070665","positive regulation of leukocyte proliferation","2/9","173/18860",0.0115606936416185,24.2260757867694,6.70567476733674,0.00288684375213914,0.0124432920350825,0.00289369511941352,"BCL2/PTPRC",2
"BP","GO:0010563","negative regulation of phosphorus metabolic process","2/9","174/18860",0.0114942528735632,24.0868454661558,6.68489262874403,0.0029196879598313,0.0125184510151078,0.00291117338586151,"PTPRC/SIRT1",2
"BP","GO:0045936","negative regulation of phosphate metabolic process","2/9","174/18860",0.0114942528735632,24.0868454661558,6.68489262874403,0.0029196879598313,0.0125184510151078,0.00291117338586151,"PTPRC/SIRT1",2
"BP","GO:0009266","response to temperature stimulus","2/9","175/18860",0.0114285714285714,23.9492063492063,6.66428455422977,0.0029527096434799,0.0126267188701443,0.00293635114129996,"AKT1/SIRT1",2
"BP","GO:0006694","steroid biosynthetic process","2/9","177/18860",0.0112994350282486,23.6785938480854,6.62358078864454,0.00301928488573688,0.0128775273997964,0.00299467681718342,"AKT1/SIRT1",2
"BP","GO:0006606","protein import into nucleus","2/9","178/18860",0.0112359550561798,23.5455680399501,6.60348031369326,0.003052838168059,0.0129189115184789,0.00300430071911508,"AKT1/MAPK14",2
"BP","GO:2000045","regulation of G1/S transition of mitotic cell cycle","2/9","178/18860",0.0112359550561798,23.5455680399501,6.60348031369326,0.003052838168059,0.0129189115184789,0.00300430071911508,"AKT1/BCL2",2
"BP","GO:2000058","regulation of ubiquitin-dependent protein catabolic process","2/9","178/18860",0.0112359550561798,23.5455680399501,6.60348031369326,0.003052838168059,0.0129189115184789,0.00300430071911508,"AKT1/SIRT1",2
"BP","GO:0030258","lipid modification","2/9","179/18860",0.0111731843575419,23.4140285536934,6.58354433263474,0.00308656837376505,0.0129939730760834,0.00302175632991997,"AKT1/MAPK14",2
"BP","GO:0050729","positive regulation of inflammatory response","2/9","179/18860",0.0111731843575419,23.4140285536934,6.58354433263474,0.00308656837376505,0.0129939730760834,0.00302175632991997,"CASP1/PTGS2",2
"BP","GO:0006633","fatty acid biosynthetic process","2/9","181/18860",0.0110497237569061,23.1553100061387,6.5441567889269,0.00315455900349766,0.013211748403824,0.00307240011463825,"PTGS2/SIRT1",2
"BP","GO:0017015","regulation of transforming growth factor beta receptor signaling pathway","2/9","181/18860",0.0110497237569061,23.1553100061387,6.5441567889269,0.00315455900349766,0.013211748403824,0.00307240011463825,"PPARG/SIRT1",2
"BP","GO:0007519","skeletal muscle tissue development","2/9","183/18860",0.0109289617486339,22.9022465088039,6.50540046443527,0.00322325567194536,0.013430231966439,0.0031232085998067,"BCL2/MAPK14",2
"BP","GO:0043409","negative regulation of MAPK cascade","2/9","183/18860",0.0109289617486339,22.9022465088039,6.50540046443527,0.00322325567194536,0.013430231966439,0.0031232085998067,"PPARG/PTPRC",2
"BP","GO:0051170","import into nucleus","2/9","184/18860",0.0108695652173913,22.7777777777778,6.48625366437165,0.00325786842629762,0.0135051943692185,0.0031406411520968,"AKT1/MAPK14",2
"BP","GO:1903844","regulation of cellular response to transforming growth factor beta stimulus","2/9","184/18860",0.0108695652173913,22.7777777777778,6.48625366437165,0.00325786842629762,0.0135051943692185,0.0031406411520968,"PPARG/SIRT1",2
"BP","GO:0006109","regulation of carbohydrate metabolic process","2/9","186/18860",0.010752688172043,22.5328554360812,6.44841245064158,0.00332762208706799,0.0137592516322786,0.00319972232290722,"AKT1/SIRT1",2
"BP","GO:0031929","TOR signaling","2/9","190/18860",0.0105263157894737,22.0584795321637,6.37448407877144,0.00346923816723601,0.0143084061465952,0.00332742853870619,"AKT1/SIRT1",2
"BP","GO:0034764","positive regulation of transmembrane transport","2/9","191/18860",0.0104712041884817,21.9429901105294,6.35635627756731,0.00350508071076797,0.0144196358354378,0.00335329507039494,"AKT1/MAPK14",2
"BP","GO:0055088","lipid homeostasis","2/9","194/18860",0.0103092783505155,21.6036655211913,6.30279400756702,0.00361365860278052,0.014828775832117,0.00344844082508827,"PPARG/SIRT1",2
"BP","GO:0097553","calcium ion transmembrane import into cytosol","2/9","195/18860",0.0102564102564103,21.4928774928775,6.2852077978389,0.00365020086380997,0.0149409984979627,0.0034745382741821,"BCL2/PTPRC",2
"BP","GO:0060538","skeletal muscle organ development","2/9","197/18860",0.0101522842639594,21.2746756909193,6.25042702944898,0.00372380900990556,0.0152039940731069,0.00353569805489579,"BCL2/MAPK14",2
"BP","GO:0016241","regulation of macroautophagy","2/9","199/18860",0.0100502512562814,21.0608598548297,6.21615756072158,0.00379811440949706,0.0154685110662474,0.00359721164228847,"AKT1/SIRT1",2
"BP","GO:0042770","signal transduction in response to DNA damage","2/9","200/18860",0.01,20.9555555555556,6.1992105828398,0.00383552823764727,0.015581833465442,0.00362356483504045,"MAPK14/SIRT1",2
"BP","GO:0016051","carbohydrate biosynthetic process","2/9","201/18860",0.00995024875621891,20.8512990602543,6.18238670821975,0.00387311596925741,0.0156952953866416,0.00364995047371942,"AKT1/SIRT1",2
"BP","GO:0002700","regulation of production of molecular mediator of immune response","2/9","202/18860",0.0099009900990099,20.7480748074807,6.16568441962126,0.00391087746782873,0.0158088952368699,0.00367636818787776,"PTPRC/SIRT1",2
"BP","GO:0002040","sprouting angiogenesis","2/9","203/18860",0.00985221674876847,20.6458675424193,6.14910222593377,0.0039488125969293,0.0158832189851735,0.00369365222068165,"AKT1/PTGS2",2
"BP","GO:0008217","regulation of blood pressure","2/9","203/18860",0.00985221674876847,20.6458675424193,6.14910222593377,0.0039488125969293,0.0158832189851735,0.00369365222068165,"PPARG/PTGS2",2
"BP","GO:0046631","alpha-beta T cell activation","2/9","206/18860",0.00970873786407767,20.3451995685005,6.10006168317957,0.00406365840408884,0.0162646426272029,0.00378235252026936,"BCL2/PTPRC",2
"BP","GO:1902806","regulation of cell cycle G1/S phase transition","2/9","206/18860",0.00970873786407767,20.3451995685005,6.10006168317957,0.00406365840408884,0.0162646426272029,0.00378235252026936,"AKT1/BCL2",2
"BP","GO:0002520","immune system development","2/9","208/18860",0.00961538461538462,20.1495726495727,6.06794225002381,0.00414108792992696,0.0164933036424787,0.00383552777823472,"BCL2/PTPRC",2
"BP","GO:0090101","negative regulation of transmembrane receptor protein serine/threonine kinase signaling pathway","2/9","208/18860",0.00961538461538462,20.1495726495727,6.06794225002381,0.00414108792992696,0.0164933036424787,0.00383552777823472,"PPARG/SIRT1",2
"BP","GO:0061136","regulation of proteasomal protein catabolic process","2/9","209/18860",0.00956937799043062,20.0531632110579,6.05205070502597,0.0041800619808708,0.0166078257186187,0.0038621599565889,"AKT1/SIRT1",2
"BP","GO:0045862","positive regulation of proteolysis","2/9","210/18860",0.00952380952380952,19.957671957672,6.03626950226966,0.00421920870918902,0.0167224735425175,0.00388882137766074,"AKT1/SIRT1",2
"BP","GO:0141193","nuclear receptor-mediated signaling pathway","2/9","211/18860",0.00947867298578199,19.8630858346498,6.02059734017277,0.00425852797898331,0.0168372456589973,0.00391551170304779,"PPARG/SIRT1",2
"BP","GO:0007623","circadian rhythm","2/9","212/18860",0.00943396226415094,19.769392033543,6.00503293861373,0.00429801965442196,0.0169521406272711,0.00394223059769414,"PPARG/SIRT1",2
"BP","GO:0050851","antigen receptor-mediated signaling pathway","2/9","215/18860",0.00930232558139535,19.4935400516796,5.95897380841827,0.00441752775728516,0.017381313814984,0.00404203508312826,"BCL2/PTPRC",2
"BP","GO:0045732","positive regulation of protein catabolic process","2/9","217/18860",0.00921658986175115,19.3138760880696,5.92878398072057,0.00449805936682866,0.0176554262586874,0.00410578009837653,"AKT1/SIRT1",2
"BP","GO:0002753","cytoplasmic pattern recognition receptor signaling pathway","2/9","219/18860",0.0091324200913242,19.1374936580416,5.89899619510943,0.00457927734464314,0.0177924573249899,0.00413764675606242,"AKT1/MAPK14",2
"BP","GO:0060348","bone development","2/9","220/18860",0.00909090909090909,19.050505050505,5.88425022437902,0.0046201433832779,0.0177924573249899,0.00413764675606242,"MAPK14/PTPRC",2
"BP","GO:0048469","cell maturation","2/9","221/18860",0.00904977375565611,18.964303670186,5.86960138771105,0.00466118060806427,0.0177924573249899,0.00413764675606242,"BCL2/PPARG",2
"BP","GO:0050679","positive regulation of epithelial cell proliferation","2/9","222/18860",0.00900900900900901,18.8788788788789,5.85504859646996,0.00470238888383514,0.0177924573249899,0.00413764675606242,"AKT1/SIRT1",2
"BP","GO:0001542","ovulation from ovarian follicle","1/9","10/18860",0.1,209.555555555556,14.4138326082758,0.00476290396084345,0.0177924573249899,0.00413764675606242,"SIRT1",1
"BP","GO:0001660","fever generation","1/9","10/18860",0.1,209.555555555556,14.4138326082758,0.00476290396084345,0.0177924573249899,0.00413764675606242,"PTGS2",1
"BP","GO:0001915","negative regulation of T cell mediated cytotoxicity","1/9","10/18860",0.1,209.555555555556,14.4138326082758,0.00476290396084345,0.0177924573249899,0.00413764675606242,"PTPRC",1
"BP","GO:0002246","wound healing involved in inflammatory response","1/9","10/18860",0.1,209.555555555556,14.4138326082758,0.00476290396084345,0.0177924573249899,0.00413764675606242,"PPARG",1
"BP","GO:0006924","activation-induced cell death of T cells","1/9","10/18860",0.1,209.555555555556,14.4138326082758,0.00476290396084345,0.0177924573249899,0.00413764675606242,"AKT1",1
"BP","GO:0008627","intrinsic apoptotic signaling pathway in response to osmotic stress","1/9","10/18860",0.1,209.555555555556,14.4138326082758,0.00476290396084345,0.0177924573249899,0.00413764675606242,"PTGS2",1
"BP","GO:0015911","long-chain fatty acid import across plasma membrane","1/9","10/18860",0.1,209.555555555556,14.4138326082758,0.00476290396084345,0.0177924573249899,0.00413764675606242,"AKT1",1
"BP","GO:0033034","positive regulation of myeloid cell apoptotic process","1/9","10/18860",0.1,209.555555555556,14.4138326082758,0.00476290396084345,0.0177924573249899,0.00413764675606242,"SIRT1",1
"BP","GO:0033210","leptin-mediated signaling pathway","1/9","10/18860",0.1,209.555555555556,14.4138326082758,0.00476290396084345,0.0177924573249899,0.00413764675606242,"SIRT1",1
"BP","GO:0035356","intracellular triglyceride homeostasis","1/9","10/18860",0.1,209.555555555556,14.4138326082758,0.00476290396084345,0.0177924573249899,0.00413764675606242,"SIRT1",1
"BP","GO:0035701","hematopoietic stem cell migration","1/9","10/18860",0.1,209.555555555556,14.4138326082758,0.00476290396084345,0.0177924573249899,0.00413764675606242,"PTPRC",1
"BP","GO:0090269","fibroblast growth factor production","1/9","10/18860",0.1,209.555555555556,14.4138326082758,0.00476290396084345,0.0177924573249899,0.00413764675606242,"PTGS2",1
"BP","GO:0090270","regulation of fibroblast growth factor production","1/9","10/18860",0.1,209.555555555556,14.4138326082758,0.00476290396084345,0.0177924573249899,0.00413764675606242,"PTGS2",1
"BP","GO:1901983","regulation of protein acetylation","1/9","10/18860",0.1,209.555555555556,14.4138326082758,0.00476290396084345,0.0177924573249899,0.00413764675606242,"SIRT1",1
"BP","GO:1902423","regulation of attachment of mitotic spindle microtubules to kinetochore","1/9","10/18860",0.1,209.555555555556,14.4138326082758,0.00476290396084345,0.0177924573249899,0.00413764675606242,"SIRT1",1
"BP","GO:1990700","nucleolar chromatin organization","1/9","10/18860",0.1,209.555555555556,14.4138326082758,0.00476290396084345,0.0177924573249899,0.00413764675606242,"SIRT1",1
"BP","GO:2000109","regulation of macrophage apoptotic process","1/9","10/18860",0.1,209.555555555556,14.4138326082758,0.00476290396084345,0.0177924573249899,0.00413764675606242,"SIRT1",1
"BP","GO:0002819","regulation of adaptive immune response","2/9","224/18860",0.00892857142857143,18.7103174603175,5.82622688068794,0.00478531804799363,0.0178351876788753,0.0041475837258081,"PTPRC/SIRT1",2
"BP","GO:0009612","response to mechanical stimulus","2/9","228/18860",0.0087719298245614,18.3820662768031,5.76968994659123,0.00495322304813188,0.0183842022652579,0.00427525740128102,"CASP1/MAPK14",2
"BP","GO:0045859","regulation of protein kinase activity","2/9","234/18860",0.00854700854700855,17.9107312440646,5.68753268114659,0.00521018105952085,0.0183842022652579,0.00427525740128102,"PTPRC/SIRT1",2
"BP","GO:0010269","response to selenium ion","1/9","11/18860",0.0909090909090909,190.50505050505,13.7368249013526,0.00523808347619348,0.0183842022652579,0.00427525740128102,"PTGS2",1
"BP","GO:0010616","negative regulation of cardiac muscle adaptation","1/9","11/18860",0.0909090909090909,190.50505050505,13.7368249013526,0.00523808347619348,0.0183842022652579,0.00427525740128102,"PPARG",1
"BP","GO:0010887","negative regulation of cholesterol storage","1/9","11/18860",0.0909090909090909,190.50505050505,13.7368249013526,0.00523808347619348,0.0183842022652579,0.00427525740128102,"PPARG",1
"BP","GO:0019372","lipoxygenase pathway","1/9","11/18860",0.0909090909090909,190.50505050505,13.7368249013526,0.00523808347619348,0.0183842022652579,0.00427525740128102,"PTGS2",1
"BP","GO:0021548","pons development","1/9","11/18860",0.0909090909090909,190.50505050505,13.7368249013526,0.00523808347619348,0.0183842022652579,0.00427525740128102,"BCL2",1
"BP","GO:0022605","mammalian oogenesis stage","1/9","11/18860",0.0909090909090909,190.50505050505,13.7368249013526,0.00523808347619348,0.0183842022652579,0.00427525740128102,"AKT1",1
"BP","GO:0031509","subtelomeric heterochromatin formation","1/9","11/18860",0.0909090909090909,190.50505050505,13.7368249013526,0.00523808347619348,0.0183842022652579,0.00427525740128102,"SIRT1",1
"BP","GO:0031652","positive regulation of heat generation","1/9","11/18860",0.0909090909090909,190.50505050505,13.7368249013526,0.00523808347619348,0.0183842022652579,0.00427525740128102,"PTGS2",1
"BP","GO:0036481","intrinsic apoptotic signaling pathway in response to hydrogen peroxide","1/9","11/18860",0.0909090909090909,190.50505050505,13.7368249013526,0.00523808347619348,0.0183842022652579,0.00427525740128102,"AKT1",1
"BP","GO:0045586","regulation of gamma-delta T cell differentiation","1/9","11/18860",0.0909090909090909,190.50505050505,13.7368249013526,0.00523808347619348,0.0183842022652579,0.00427525740128102,"PTPRC",1
"BP","GO:0046645","positive regulation of gamma-delta T cell activation","1/9","11/18860",0.0909090909090909,190.50505050505,13.7368249013526,0.00523808347619348,0.0183842022652579,0.00427525740128102,"PTPRC",1
"BP","GO:0048304","positive regulation of isotype switching to IgG isotypes","1/9","11/18860",0.0909090909090909,190.50505050505,13.7368249013526,0.00523808347619348,0.0183842022652579,0.00427525740128102,"PTPRC",1
"BP","GO:0048742","regulation of skeletal muscle fiber development","1/9","11/18860",0.0909090909090909,190.50505050505,13.7368249013526,0.00523808347619348,0.0183842022652579,0.00427525740128102,"BCL2",1
"BP","GO:0051657","maintenance of organelle location","1/9","11/18860",0.0909090909090909,190.50505050505,13.7368249013526,0.00523808347619348,0.0183842022652579,0.00427525740128102,"SIRT1",1
"BP","GO:0060368","regulation of Fc receptor mediated stimulatory signaling pathway","1/9","11/18860",0.0909090909090909,190.50505050505,13.7368249013526,0.00523808347619348,0.0183842022652579,0.00427525740128102,"PTPRC",1
"BP","GO:0070391","response to lipoteichoic acid","1/9","11/18860",0.0909090909090909,190.50505050505,13.7368249013526,0.00523808347619348,0.0183842022652579,0.00427525740128102,"MAPK14",1
"BP","GO:0071223","cellular response to lipoteichoic acid","1/9","11/18860",0.0909090909090909,190.50505050505,13.7368249013526,0.00523808347619348,0.0183842022652579,0.00427525740128102,"MAPK14",1
"BP","GO:0071362","cellular response to ether","1/9","11/18860",0.0909090909090909,190.50505050505,13.7368249013526,0.00523808347619348,0.0183842022652579,0.00427525740128102,"AKT1",1
"BP","GO:0071492","cellular response to UV-A","1/9","11/18860",0.0909090909090909,190.50505050505,13.7368249013526,0.00523808347619348,0.0183842022652579,0.00427525740128102,"MMP9",1
"BP","GO:1902237","positive regulation of endoplasmic reticulum stress-induced intrinsic apoptotic signaling pathway","1/9","11/18860",0.0909090909090909,190.50505050505,13.7368249013526,0.00523808347619348,0.0183842022652579,0.00427525740128102,"SIRT1",1
"BP","GO:1903243","negative regulation of cardiac muscle hypertrophy in response to stress","1/9","11/18860",0.0909090909090909,190.50505050505,13.7368249013526,0.00523808347619348,0.0183842022652579,0.00427525740128102,"PPARG",1
"BP","GO:1905461","positive regulation of vascular associated smooth muscle cell apoptotic process","1/9","11/18860",0.0909090909090909,190.50505050505,13.7368249013526,0.00523808347619348,0.0183842022652579,0.00427525740128102,"PPARG",1
"BP","GO:2000638","regulation of SREBP signaling pathway","1/9","11/18860",0.0909090909090909,190.50505050505,13.7368249013526,0.00523808347619348,0.0183842022652579,0.00427525740128102,"AKT1",1
"BP","GO:2000672","negative regulation of motor neuron apoptotic process","1/9","11/18860",0.0909090909090909,190.50505050505,13.7368249013526,0.00523808347619348,0.0183842022652579,0.00427525740128102,"BCL2",1
"BP","GO:2001280","positive regulation of unsaturated fatty acid biosynthetic process","1/9","11/18860",0.0909090909090909,190.50505050505,13.7368249013526,0.00523808347619348,0.0183842022652579,0.00427525740128102,"PTGS2",1
"BP","GO:0002440","production of molecular mediator of immune response","2/9","236/18860",0.00847457627118644,17.758945386064,5.66082323689383,0.00529718956214128,0.0185515798243095,0.00431418115428476,"PTPRC/SIRT1",2
"BP","GO:0009755","hormone-mediated signaling pathway","2/9","237/18860",0.00843881856540084,17.6840131270511,5.64759132573693,0.00534094742767516,0.0185846671733879,0.00432187563740648,"PPARG/SIRT1",2
"BP","GO:0072330","monocarboxylic acid biosynthetic process","2/9","237/18860",0.00843881856540084,17.6840131270511,5.64759132573693,0.00534094742767516,0.0185846671733879,0.00432187563740648,"PTGS2/SIRT1",2
"BP","GO:0072593","reactive oxygen species metabolic process","2/9","237/18860",0.00843881856540084,17.6840131270511,5.64759132573693,0.00534094742767516,0.0185846671733879,0.00432187563740648,"BCL2/MAPK14",2
"BP","GO:0008406","gonad development","2/9","243/18860",0.00823045267489712,17.2473708276177,5.56986627591973,0.00560703677531588,0.0194220180624725,0.00451660209517579,"BCL2/SIRT1",2
"BP","GO:0032741","positive regulation of interleukin-18 production","1/9","12/18860",0.0833333333333333,174.62962962963,13.146047997058,0.00571306131314575,0.0194220180624725,0.00451660209517579,"CASP1",1
"BP","GO:0035519","protein K29-linked ubiquitination","1/9","12/18860",0.0833333333333333,174.62962962963,13.146047997058,0.00571306131314575,0.0194220180624725,0.00451660209517579,"AKT1",1
"BP","GO:0035771","interleukin-4-mediated signaling pathway","1/9","12/18860",0.0833333333333333,174.62962962963,13.146047997058,0.00571306131314575,0.0194220180624725,0.00451660209517579,"PTPRC",1
"BP","GO:0045060","negative thymic T cell selection","1/9","12/18860",0.0833333333333333,174.62962962963,13.146047997058,0.00571306131314575,0.0194220180624725,0.00451660209517579,"PTPRC",1
"BP","GO:0051549","positive regulation of keratinocyte migration","1/9","12/18860",0.0833333333333333,174.62962962963,13.146047997058,0.00571306131314575,0.0194220180624725,0.00451660209517579,"MMP9",1
"BP","GO:0070857","regulation of bile acid biosynthetic process","1/9","12/18860",0.0833333333333333,174.62962962963,13.146047997058,0.00571306131314575,0.0194220180624725,0.00451660209517579,"SIRT1",1
"BP","GO:0097011","cellular response to granulocyte macrophage colony-stimulating factor stimulus","1/9","12/18860",0.0833333333333333,174.62962962963,13.146047997058,0.00571306131314575,0.0194220180624725,0.00451660209517579,"AKT1",1
"BP","GO:0097012","response to granulocyte macrophage colony-stimulating factor","1/9","12/18860",0.0833333333333333,174.62962962963,13.146047997058,0.00571306131314575,0.0194220180624725,0.00451660209517579,"AKT1",1
"BP","GO:1901202","negative regulation of extracellular matrix assembly","1/9","12/18860",0.0833333333333333,174.62962962963,13.146047997058,0.00571306131314575,0.0194220180624725,0.00451660209517579,"PPARG",1
"BP","GO:1903898","negative regulation of PERK-mediated unfolded protein response","1/9","12/18860",0.0833333333333333,174.62962962963,13.146047997058,0.00571306131314575,0.0194220180624725,0.00451660209517579,"AKT1",1
"BP","GO:0000082","G1/S transition of mitotic cell cycle","2/9","246/18860",0.00813008130081301,17.037037037037,5.53203882249429,0.00574235252538924,0.019480841030809,0.0045302814121849,"AKT1/BCL2",2
"BP","GO:0045137","development of primary sexual characteristics","2/9","248/18860",0.00806451612903226,16.8996415770609,5.50718975774577,0.00583340171458542,0.0197074382249508,0.00458297672729219,"BCL2/SIRT1",2
"BP","GO:1903050","regulation of proteolysis involved in protein catabolic process","2/9","248/18860",0.00806451612903226,16.8996415770609,5.50718975774577,0.00583340171458542,0.0197074382249508,0.00458297672729219,"AKT1/SIRT1",2
"BP","GO:0050670","regulation of lymphocyte proliferation","2/9","254/18860",0.0078740157480315,16.5004374453193,5.43435109195979,0.00611056325368184,0.0204917945503437,0.00476537926709207,"BCL2/PTPRC",2
"BP","GO:0043383","negative T cell selection","1/9","13/18860",0.0769230769230769,161.196581196581,12.6245873789833,0.00618783754660179,0.0204917945503437,0.00476537926709207,"PTPRC",1
"BP","GO:0046643","regulation of gamma-delta T cell activation","1/9","13/18860",0.0769230769230769,161.196581196581,12.6245873789833,0.00618783754660179,0.0204917945503437,0.00476537926709207,"PTPRC",1
"BP","GO:0070914","UV-damage excision repair","1/9","13/18860",0.0769230769230769,161.196581196581,12.6245873789833,0.00618783754660179,0.0204917945503437,0.00476537926709207,"SIRT1",1
"BP","GO:0071888","macrophage apoptotic process","1/9","13/18860",0.0769230769230769,161.196581196581,12.6245873789833,0.00618783754660179,0.0204917945503437,0.00476537926709207,"SIRT1",1
"BP","GO:0097048","dendritic cell apoptotic process","1/9","13/18860",0.0769230769230769,161.196581196581,12.6245873789833,0.00618783754660179,0.0204917945503437,0.00476537926709207,"BCL2",1
"BP","GO:0106049","regulation of cellular response to osmotic stress","1/9","13/18860",0.0769230769230769,161.196581196581,12.6245873789833,0.00618783754660179,0.0204917945503437,0.00476537926709207,"PTGS2",1
"BP","GO:1903939","regulation of TORC2 signaling","1/9","13/18860",0.0769230769230769,161.196581196581,12.6245873789833,0.00618783754660179,0.0204917945503437,0.00476537926709207,"AKT1",1
"BP","GO:2000668","regulation of dendritic cell apoptotic process","1/9","13/18860",0.0769230769230769,161.196581196581,12.6245873789833,0.00618783754660179,0.0204917945503437,0.00476537926709207,"BCL2",1
"BP","GO:0001667","ameboidal-type cell migration","2/9","256/18860",0.0078125,16.3715277777778,5.41062256882774,0.00620428487308867,0.0204917945503437,0.00476537926709207,"AKT1/MMP9",2
"BP","GO:0043549","regulation of kinase activity","2/9","256/18860",0.0078125,16.3715277777778,5.41062256882774,0.00620428487308867,0.0204917945503437,0.00476537926709207,"PTPRC/SIRT1",2
"BP","GO:0007179","transforming growth factor beta receptor signaling pathway","2/9","258/18860",0.00775193798449612,16.244616709733,5.38716069900355,0.00629867193957551,0.0207193155907089,0.00481828942319968,"PPARG/SIRT1",2
"BP","GO:0032944","regulation of mononuclear cell proliferation","2/9","258/18860",0.00775193798449612,16.244616709733,5.38716069900355,0.00629867193957551,0.0207193155907089,0.00481828942319968,"BCL2/PTPRC",2
"BP","GO:0051222","positive regulation of protein transport","2/9","263/18860",0.00760456273764259,15.9357836924377,5.3296394779681,0.00653754396936576,0.0213538854212815,0.00496585902266562,"MAPK14/PPARG",2
"BP","GO:0034599","cellular response to oxidative stress","2/9","264/18860",0.00757575757575758,15.8754208754209,5.31832465527776,0.00658581520583123,0.0213538854212815,0.00496585902266562,"AKT1/SIRT1",2
"BP","GO:0000012","single strand break repair","1/9","14/18860",0.0714285714285714,149.68253968254,12.1598378437687,0.00666241225143982,0.0213538854212815,0.00496585902266562,"SIRT1",1
"BP","GO:0010745","negative regulation of macrophage derived foam cell differentiation","1/9","14/18860",0.0714285714285714,149.68253968254,12.1598378437687,0.00666241225143982,0.0213538854212815,0.00496585902266562,"PPARG",1
"BP","GO:0031650","regulation of heat generation","1/9","14/18860",0.0714285714285714,149.68253968254,12.1598378437687,0.00666241225143982,0.0213538854212815,0.00496585902266562,"PTGS2",1
"BP","GO:0033689","negative regulation of osteoblast proliferation","1/9","14/18860",0.0714285714285714,149.68253968254,12.1598378437687,0.00666241225143982,0.0213538854212815,0.00496585902266562,"BCL2",1
"BP","GO:0035437","maintenance of protein localization in endoplasmic reticulum","1/9","14/18860",0.0714285714285714,149.68253968254,12.1598378437687,0.00666241225143982,0.0213538854212815,0.00496585902266562,"AKT1",1
"BP","GO:0046322","negative regulation of fatty acid oxidation","1/9","14/18860",0.0714285714285714,149.68253968254,12.1598378437687,0.00666241225143982,0.0213538854212815,0.00496585902266562,"AKT1",1
"BP","GO:0051547","regulation of keratinocyte migration","1/9","14/18860",0.0714285714285714,149.68253968254,12.1598378437687,0.00666241225143982,0.0213538854212815,0.00496585902266562,"MMP9",1
"BP","GO:0071493","cellular response to UV-B","1/9","14/18860",0.0714285714285714,149.68253968254,12.1598378437687,0.00666241225143982,0.0213538854212815,0.00496585902266562,"MAPK14",1
"BP","GO:0140052","cellular response to oxidised low-density lipoprotein particle stimulus","1/9","14/18860",0.0714285714285714,149.68253968254,12.1598378437687,0.00666241225143982,0.0213538854212815,0.00496585902266562,"AKT1",1
"BP","GO:1901299","negative regulation of hydrogen peroxide-mediated programmed cell death","1/9","14/18860",0.0714285714285714,149.68253968254,12.1598378437687,0.00666241225143982,0.0213538854212815,0.00496585902266562,"AKT1",1
"BP","GO:1903845","negative regulation of cellular response to transforming growth factor beta stimulus","1/9","14/18860",0.0714285714285714,149.68253968254,12.1598378437687,0.00666241225143982,0.0213538854212815,0.00496585902266562,"PPARG",1
"BP","GO:0050870","positive regulation of T cell activation","2/9","267/18860",0.00749063670411985,15.6970453599667,5.28474843544441,0.00673162019359869,0.0215332338870037,0.00500756661728539,"AKT1/PTPRC",2
"BP","GO:0009636","response to toxic substance","2/9","270/18860",0.00740740740740741,15.522633744856,5.25171270784086,0.00687890932328537,0.0218816536633662,0.00508859184786945,"BCL2/PTGS2",2
"BP","GO:1901988","negative regulation of cell cycle phase transition","2/9","274/18860",0.0072992700729927,15.2960259529603,5.20848036367675,0.00707759733502928,0.0218816536633662,0.00508859184786945,"BCL2/MAPK14",2
"BP","GO:0044843","cell cycle G1/S phase transition","2/9","275/18860",0.00727272727272727,15.240404040404,5.19781435385689,0.00712767962089655,0.0218816536633662,0.00508859184786945,"AKT1/BCL2",2
"BP","GO:0002903","negative regulation of B cell apoptotic process","1/9","15/18860",0.0666666666666667,139.703703703704,11.7421873333191,0.00713678550251329,0.0218816536633662,0.00508859184786945,"BCL2",1
"BP","GO:0014745","negative regulation of muscle adaptation","1/9","15/18860",0.0666666666666667,139.703703703704,11.7421873333191,0.00713678550251329,0.0218816536633662,0.00508859184786945,"PPARG",1
"BP","GO:0042492","gamma-delta T cell differentiation","1/9","15/18860",0.0666666666666667,139.703703703704,11.7421873333191,0.00713678550251329,0.0218816536633662,0.00508859184786945,"PTPRC",1
"BP","GO:0043374","CD8-positive, alpha-beta T cell differentiation","1/9","15/18860",0.0666666666666667,139.703703703704,11.7421873333191,0.00713678550251329,0.0218816536633662,0.00508859184786945,"BCL2",1
"BP","GO:0043518","negative regulation of DNA damage response, signal transduction by p53 class mediator","1/9","15/18860",0.0666666666666667,139.703703703704,11.7421873333191,0.00713678550251329,0.0218816536633662,0.00508859184786945,"SIRT1",1
"BP","GO:0045059","positive thymic T cell selection","1/9","15/18860",0.0666666666666667,139.703703703704,11.7421873333191,0.00713678550251329,0.0218816536633662,0.00508859184786945,"PTPRC",1
"BP","GO:0045348","positive regulation of MHC class II biosynthetic process","1/9","15/18860",0.0666666666666667,139.703703703704,11.7421873333191,0.00713678550251329,0.0218816536633662,0.00508859184786945,"SIRT1",1
"BP","GO:0047484","regulation of response to osmotic stress","1/9","15/18860",0.0666666666666667,139.703703703704,11.7421873333191,0.00713678550251329,0.0218816536633662,0.00508859184786945,"PTGS2",1
"BP","GO:0048070","regulation of developmental pigmentation","1/9","15/18860",0.0666666666666667,139.703703703704,11.7421873333191,0.00713678550251329,0.0218816536633662,0.00508859184786945,"BCL2",1
"BP","GO:0048302","regulation of isotype switching to IgG isotypes","1/9","15/18860",0.0666666666666667,139.703703703704,11.7421873333191,0.00713678550251329,0.0218816536633662,0.00508859184786945,"PTPRC",1
"BP","GO:0060330","regulation of response to type II interferon","1/9","15/18860",0.0666666666666667,139.703703703704,11.7421873333191,0.00713678550251329,0.0218816536633662,0.00508859184786945,"PPARG",1
"BP","GO:0060334","regulation of type II interferon-mediated signaling pathway","1/9","15/18860",0.0666666666666667,139.703703703704,11.7421873333191,0.00713678550251329,0.0218816536633662,0.00508859184786945,"PPARG",1
"BP","GO:0070212","protein poly-ADP-ribosylation","1/9","15/18860",0.0666666666666667,139.703703703704,11.7421873333191,0.00713678550251329,0.0218816536633662,0.00508859184786945,"CASP1",1
"BP","GO:0090235","regulation of metaphase plate congression","1/9","15/18860",0.0666666666666667,139.703703703704,11.7421873333191,0.00713678550251329,0.0218816536633662,0.00508859184786945,"SIRT1",1
"BP","GO:0097699","vascular endothelial cell response to fluid shear stress","1/9","15/18860",0.0666666666666667,139.703703703704,11.7421873333191,0.00713678550251329,0.0218816536633662,0.00508859184786945,"AKT1",1
"BP","GO:1903377","negative regulation of oxidative stress-induced neuron intrinsic apoptotic signaling pathway","1/9","15/18860",0.0666666666666667,139.703703703704,11.7421873333191,0.00713678550251329,0.0218816536633662,0.00508859184786945,"AKT1",1
"BP","GO:1904251","regulation of bile acid metabolic process","1/9","15/18860",0.0666666666666667,139.703703703704,11.7421873333191,0.00713678550251329,0.0218816536633662,0.00508859184786945,"SIRT1",1
"BP","GO:1905203","regulation of connective tissue replacement","1/9","15/18860",0.0666666666666667,139.703703703704,11.7421873333191,0.00713678550251329,0.0218816536633662,0.00508859184786945,"PPARG",1
"BP","GO:2000671","regulation of motor neuron apoptotic process","1/9","15/18860",0.0666666666666667,139.703703703704,11.7421873333191,0.00713678550251329,0.0218816536633662,0.00508859184786945,"BCL2",1
"BP","GO:0002699","positive regulation of immune effector process","2/9","276/18860",0.0072463768115942,15.1851851851852,5.18720415101378,0.00717792575660005,0.0219663453003297,0.00510828693947748,"PTPRC/SIRT1",2
"BP","GO:0097305","response to alcohol","2/9","280/18860",0.00714285714285714,14.968253968254,5.14531149383228,0.00738054616766595,0.0225439615083781,0.00524261193943822,"AKT1/PTPRC",2
"BP","GO:0070663","regulation of leukocyte proliferation","2/9","284/18860",0.00704225352112676,14.7574334898279,5.10427281881539,0.00758577766346772,0.022693221529931,0.00527732244809407,"BCL2/PTPRC",2
"BP","GO:0002923","regulation of humoral immune response mediated by circulating immunoglobulin","1/9","16/18860",0.0625,130.972222222222,11.3641609565053,0.00761095737465378,0.022693221529931,0.00527732244809407,"PTPRC",1
"BP","GO:0010763","positive regulation of fibroblast migration","1/9","16/18860",0.0625,130.972222222222,11.3641609565053,0.00761095737465378,0.022693221529931,0.00527732244809407,"AKT1",1
"BP","GO:0018394","peptidyl-lysine acetylation","1/9","16/18860",0.0625,130.972222222222,11.3641609565053,0.00761095737465378,0.022693221529931,0.00527732244809407,"SIRT1",1
"BP","GO:0048291","isotype switching to IgG isotypes","1/9","16/18860",0.0625,130.972222222222,11.3641609565053,0.00761095737465378,0.022693221529931,0.00527732244809407,"PTPRC",1
"BP","GO:0051481","negative regulation of cytosolic calcium ion concentration","1/9","16/18860",0.0625,130.972222222222,11.3641609565053,0.00761095737465378,0.022693221529931,0.00527732244809407,"BCL2",1
"BP","GO:0140718","facultative heterochromatin formation","1/9","16/18860",0.0625,130.972222222222,11.3641609565053,0.00761095737465378,0.022693221529931,0.00527732244809407,"SIRT1",1
"BP","GO:0141201","pyroptotic cell death","1/9","16/18860",0.0625,130.972222222222,11.3641609565053,0.00761095737465378,0.022693221529931,0.00527732244809407,"CASP1",1
"BP","GO:1900034","regulation of cellular response to heat","1/9","16/18860",0.0625,130.972222222222,11.3641609565053,0.00761095737465378,0.022693221529931,0.00527732244809407,"SIRT1",1
"BP","GO:1901741","positive regulation of myoblast fusion","1/9","16/18860",0.0625,130.972222222222,11.3641609565053,0.00761095737465378,0.022693221529931,0.00527732244809407,"MAPK14",1
"BP","GO:1903897","regulation of PERK-mediated unfolded protein response","1/9","16/18860",0.0625,130.972222222222,11.3641609565053,0.00761095737465378,0.022693221529931,0.00527732244809407,"AKT1",1
"BP","GO:2000402","negative regulation of lymphocyte migration","1/9","16/18860",0.0625,130.972222222222,11.3641609565053,0.00761095737465378,0.022693221529931,0.00527732244809407,"AKT1",1
"BP","GO:2000696","regulation of epithelial cell differentiation involved in kidney development","1/9","16/18860",0.0625,130.972222222222,11.3641609565053,0.00761095737465378,0.022693221529931,0.00527732244809407,"MMP9",1
"BP","GO:0043488","regulation of mRNA stability","2/9","287/18860",0.00696864111498258,14.6031746031746,5.07403641524499,0.00774140976046728,0.0229977895077867,0.00534814991630473,"AKT1/MAPK14",2
"BP","GO:0071695","anatomical structure maturation","2/9","287/18860",0.00696864111498258,14.6031746031746,5.07403641524499,0.00774140976046728,0.0229977895077867,0.00534814991630473,"BCL2/PPARG",2
"BP","GO:1904062","regulation of monoatomic cation transmembrane transport","2/9","288/18860",0.00694444444444444,14.5524691358025,5.06405858786364,0.00779361185155171,0.0231106190853495,0.00537438850308695,"BCL2/MMP9",2
"BP","GO:1903039","positive regulation of leukocyte cell-cell adhesion","2/9","289/18860",0.0069204152249135,14.5021145713187,5.05413052414369,0.00784597608733185,0.0232235175626854,0.00540064311255323,"AKT1/PTPRC",2
"BP","GO:0042113","B cell activation","2/9","291/18860",0.00687285223367698,14.4024436807942,5.03442198836696,0.00795119047020088,0.0232943402603412,0.00541711297390284,"BCL2/PTPRC",2
"BP","GO:0003376","sphingosine-1-phosphate receptor signaling pathway","1/9","17/18860",0.0588235294117647,123.267973856209,11.0198463788479,0.00808492794266613,0.0232943402603412,0.00541711297390284,"AKT1",1
"BP","GO:0007000","nucleolus organization","1/9","17/18860",0.0588235294117647,123.267973856209,11.0198463788479,0.00808492794266613,0.0232943402603412,0.00541711297390284,"SIRT1",1
"BP","GO:0010831","positive regulation of myotube differentiation","1/9","17/18860",0.0588235294117647,123.267973856209,11.0198463788479,0.00808492794266613,0.0232943402603412,0.00541711297390284,"MAPK14",1
"BP","GO:0030728","ovulation","1/9","17/18860",0.0588235294117647,123.267973856209,11.0198463788479,0.00808492794266613,0.0232943402603412,0.00541711297390284,"SIRT1",1
"BP","GO:0032310","prostaglandin secretion","1/9","17/18860",0.0588235294117647,123.267973856209,11.0198463788479,0.00808492794266613,0.0232943402603412,0.00541711297390284,"PTGS2",1
"BP","GO:0032621","interleukin-18 production","1/9","17/18860",0.0588235294117647,123.267973856209,11.0198463788479,0.00808492794266613,0.0232943402603412,0.00541711297390284,"CASP1",1
"BP","GO:0032661","regulation of interleukin-18 production","1/9","17/18860",0.0588235294117647,123.267973856209,11.0198463788479,0.00808492794266613,0.0232943402603412,0.00541711297390284,"CASP1",1
"BP","GO:0036444","calcium import into the mitochondrion","1/9","17/18860",0.0588235294117647,123.267973856209,11.0198463788479,0.00808492794266613,0.0232943402603412,0.00541711297390284,"AKT1",1
"BP","GO:0045725","positive regulation of glycogen biosynthetic process","1/9","17/18860",0.0588235294117647,123.267973856209,11.0198463788479,0.00808492794266613,0.0232943402603412,0.00541711297390284,"AKT1",1
"BP","GO:0060766","negative regulation of androgen receptor signaling pathway","1/9","17/18860",0.0588235294117647,123.267973856209,11.0198463788479,0.00808492794266613,0.0232943402603412,0.00541711297390284,"SIRT1",1
"BP","GO:0090209","negative regulation of triglyceride metabolic process","1/9","17/18860",0.0588235294117647,123.267973856209,11.0198463788479,0.00808492794266613,0.0232943402603412,0.00541711297390284,"SIRT1",1
"BP","GO:0120305","regulation of pigmentation","1/9","17/18860",0.0588235294117647,123.267973856209,11.0198463788479,0.00808492794266613,0.0232943402603412,0.00541711297390284,"BCL2",1
"BP","GO:1903265","positive regulation of tumor necrosis factor-mediated signaling pathway","1/9","17/18860",0.0588235294117647,123.267973856209,11.0198463788479,0.00808492794266613,0.0232943402603412,0.00541711297390284,"CASP1",1
"BP","GO:1904044","response to aldosterone","1/9","17/18860",0.0588235294117647,123.267973856209,11.0198463788479,0.00808492794266613,0.0232943402603412,0.00541711297390284,"PTPRC",1
"BP","GO:0015850","organic hydroxy compound transport","2/9","294/18860",0.00680272108843537,14.2554799697657,5.00522192395425,0.00811022486405526,0.0233258679718403,0.00542444476235834,"PPARG/SIRT1",2
"BP","GO:0007548","sex differentiation","2/9","297/18860",0.00673400673400673,14.1114852225963,4.97644742720194,0.0082707115109084,0.0237454173237211,0.00552201121892527,"BCL2/SIRT1",2
"BP","GO:0000209","protein polyubiquitination","2/9","300/18860",0.00666666666666667,13.9703703703704,4.94808791420288,0.00843264689378659,0.0239378366302367,0.00556675844550929,"AKT1/BCL2",2
"BP","GO:0048511","rhythmic process","2/9","302/18860",0.00662251655629139,13.8778513612951,4.92940705847499,0.00854140693464176,0.0239378366302367,0.00556675844550929,"PPARG/SIRT1",2
"BP","GO:0002430","complement receptor mediated signaling pathway","1/9","18/18860",0.0555555555555556,116.41975308642,10.7044974239501,0.00855869728133385,0.0239378366302367,0.00556675844550929,"AKT1",1
"BP","GO:0031998","regulation of fatty acid beta-oxidation","1/9","18/18860",0.0555555555555556,116.41975308642,10.7044974239501,0.00855869728133385,0.0239378366302367,0.00556675844550929,"AKT1",1
"BP","GO:0032933","SREBP signaling pathway","1/9","18/18860",0.0555555555555556,116.41975308642,10.7044974239501,0.00855869728133385,0.0239378366302367,0.00556675844550929,"AKT1",1
"BP","GO:0043217","myelin maintenance","1/9","18/18860",0.0555555555555556,116.41975308642,10.7044974239501,0.00855869728133385,0.0239378366302367,0.00556675844550929,"AKT1",1
"BP","GO:0044320","cellular response to leptin stimulus","1/9","18/18860",0.0555555555555556,116.41975308642,10.7044974239501,0.00855869728133385,0.0239378366302367,0.00556675844550929,"SIRT1",1
"BP","GO:0044539","long-chain fatty acid import into cell","1/9","18/18860",0.0555555555555556,116.41975308642,10.7044974239501,0.00855869728133385,0.0239378366302367,0.00556675844550929,"AKT1",1
"BP","GO:0055089","fatty acid homeostasis","1/9","18/18860",0.0555555555555556,116.41975308642,10.7044974239501,0.00855869728133385,0.0239378366302367,0.00556675844550929,"SIRT1",1
"BP","GO:0060644","mammary gland epithelial cell differentiation","1/9","18/18860",0.0555555555555556,116.41975308642,10.7044974239501,0.00855869728133385,0.0239378366302367,0.00556675844550929,"AKT1",1
"BP","GO:0071499","cellular response to laminar fluid shear stress","1/9","18/18860",0.0555555555555556,116.41975308642,10.7044974239501,0.00855869728133385,0.0239378366302367,0.00556675844550929,"AKT1",1
"BP","GO:0160049","negative regulation of cGAS/STING signaling pathway","1/9","18/18860",0.0555555555555556,116.41975308642,10.7044974239501,0.00855869728133385,0.0239378366302367,0.00556675844550929,"AKT1",1
"BP","GO:1901298","regulation of hydrogen peroxide-mediated programmed cell death","1/9","18/18860",0.0555555555555556,116.41975308642,10.7044974239501,0.00855869728133385,0.0239378366302367,0.00556675844550929,"AKT1",1
"BP","GO:1905288","vascular associated smooth muscle cell apoptotic process","1/9","18/18860",0.0555555555555556,116.41975308642,10.7044974239501,0.00855869728133385,0.0239378366302367,0.00556675844550929,"PPARG",1
"BP","GO:1905459","regulation of vascular associated smooth muscle cell apoptotic process","1/9","18/18860",0.0555555555555556,116.41975308642,10.7044974239501,0.00855869728133385,0.0239378366302367,0.00556675844550929,"PPARG",1
"BP","GO:0043487","regulation of RNA stability","2/9","303/18860",0.0066006600660066,13.8320498716538,4.92013316746891,0.00859602750094306,0.0240009358918084,0.00558143221710718,"AKT1/MAPK14",2
"BP","GO:0006874","intracellular calcium ion homeostasis","2/9","304/18860",0.00657894736842105,13.7865497076023,4.9109031513761,0.00865080825806286,0.0240300229390635,0.00558819642761055,"BCL2/PTPRC",2
"BP","GO:0045165","cell fate commitment","2/9","304/18860",0.00657894736842105,13.7865497076023,4.9109031513761,0.00865080825806286,0.0240300229390635,0.00558819642761055,"BCL2/PPARG",2
"BP","GO:0051338","regulation of transferase activity","2/9","304/18860",0.00657894736842105,13.7865497076023,4.9109031513761,0.00865080825806286,0.0240300229390635,0.00558819642761055,"PTPRC/SIRT1",2
"BP","GO:0061013","regulation of mRNA catabolic process","2/9","305/18860",0.00655737704918033,13.7413479052823,4.90171665313491,0.00870574907625867,0.0241413690254613,0.00561409002762145,"AKT1/MAPK14",2
"BP","GO:0006959","humoral immune response","2/9","307/18860",0.00651465798045603,13.651827723489,4.88347280226531,0.00881611037723025,0.0244057570068129,0.00567557361324426,"BCL2/PTPRC",2
"BP","GO:0010885","regulation of cholesterol storage","1/9","19/18860",0.0526315789473684,110.292397660819,10.4142540439016,0.00903226546541569,0.0245618152460821,0.00571186505155852,"PPARG",1
"BP","GO:0031649","heat generation","1/9","19/18860",0.0526315789473684,110.292397660819,10.4142540439016,0.00903226546541569,0.0245618152460821,0.00571186505155852,"PTGS2",1
"BP","GO:0034393","positive regulation of smooth muscle cell apoptotic process","1/9","19/18860",0.0526315789473684,110.292397660819,10.4142540439016,0.00903226546541569,0.0245618152460821,0.00571186505155852,"PPARG",1
"BP","GO:0043031","negative regulation of macrophage activation","1/9","19/18860",0.0526315789473684,110.292397660819,10.4142540439016,0.00903226546541569,0.0245618152460821,0.00571186505155852,"PTPRC",1
"BP","GO:0045346","regulation of MHC class II biosynthetic process","1/9","19/18860",0.0526315789473684,110.292397660819,10.4142540439016,0.00903226546541569,0.0245618152460821,0.00571186505155852,"SIRT1",1
"BP","GO:0048643","positive regulation of skeletal muscle tissue development","1/9","19/18860",0.0526315789473684,110.292397660819,10.4142540439016,0.00903226546541569,0.0245618152460821,0.00571186505155852,"BCL2",1
"BP","GO:0071501","cellular response to sterol depletion","1/9","19/18860",0.0526315789473684,110.292397660819,10.4142540439016,0.00903226546541569,0.0245618152460821,0.00571186505155852,"AKT1",1
"BP","GO:0150079","negative regulation of neuroinflammatory response","1/9","19/18860",0.0526315789473684,110.292397660819,10.4142540439016,0.00903226546541569,0.0245618152460821,0.00571186505155852,"PTPRC",1
"BP","GO:1903978","regulation of microglial cell activation","1/9","19/18860",0.0526315789473684,110.292397660819,10.4142540439016,0.00903226546541569,0.0245618152460821,0.00571186505155852,"PTPRC",1
"BP","GO:2000811","negative regulation of anoikis","1/9","19/18860",0.0526315789473684,110.292397660819,10.4142540439016,0.00903226546541569,0.0245618152460821,0.00571186505155852,"BCL2",1
"BP","GO:0071560","cellular response to transforming growth factor beta stimulus","2/9","311/18860",0.00643086816720257,13.4762415148267,4.84749204886948,0.0090387480105582,0.0245618152460821,0.00571186505155852,"PPARG/SIRT1",2
"BP","GO:0046651","lymphocyte proliferation","2/9","312/18860",0.00641025641025641,13.4330484330484,4.83860051259864,0.0090948056289005,0.0246728867228102,0.00573769479092396,"BCL2/PTPRC",2
"BP","GO:0034765","regulation of monoatomic ion transmembrane transport","2/9","318/18860",0.00628930817610063,13.1795946890287,4.78609699777529,0.0094344863549378,0.0251165088222365,0.00584085937955168,"BCL2/MMP9",2
"BP","GO:0048608","reproductive structure development","2/9","318/18860",0.00628930817610063,13.1795946890287,4.78609699777529,0.0094344863549378,0.0251165088222365,0.00584085937955168,"BCL2/SIRT1",2
"BP","GO:0071559","response to transforming growth factor beta","2/9","318/18860",0.00628930817610063,13.1795946890287,4.78609699777529,0.0094344863549378,0.0251165088222365,0.00584085937955168,"PPARG/SIRT1",2
"BP","GO:0032943","mononuclear cell proliferation","2/9","319/18860",0.00626959247648903,13.1382793451759,4.77748443470755,0.00949165444124007,0.0251165088222365,0.00584085937955168,"BCL2/PTPRC",2
"BP","GO:0044092","negative regulation of molecular function","2/9","319/18860",0.00626959247648903,13.1382793451759,4.77748443470755,0.00949165444124007,0.0251165088222365,0.00584085937955168,"PTPRC/SIRT1",2
"BP","GO:0010522","regulation of calcium ion transport into cytosol","1/9","20/18860",0.05,104.777777777778,10.1459403259771,0.00950563256964643,0.0251165088222365,0.00584085937955168,"BCL2",1
"BP","GO:0016078","tRNA decay","1/9","20/18860",0.05,104.777777777778,10.1459403259771,0.00950563256964643,0.0251165088222365,0.00584085937955168,"AKT1",1
"BP","GO:0035358","regulation of peroxisome proliferator activated receptor signaling pathway","1/9","20/18860",0.05,104.777777777778,10.1459403259771,0.00950563256964643,0.0251165088222365,0.00584085937955168,"SIRT1",1
"BP","GO:0045342","MHC class II biosynthetic process","1/9","20/18860",0.05,104.777777777778,10.1459403259771,0.00950563256964643,0.0251165088222365,0.00584085937955168,"SIRT1",1
"BP","GO:0048266","behavioral response to pain","1/9","20/18860",0.05,104.777777777778,10.1459403259771,0.00950563256964643,0.0251165088222365,0.00584085937955168,"AKT1",1
"BP","GO:0051546","keratinocyte migration","1/9","20/18860",0.05,104.777777777778,10.1459403259771,0.00950563256964643,0.0251165088222365,0.00584085937955168,"MMP9",1
"BP","GO:0071380","cellular response to prostaglandin E stimulus","1/9","20/18860",0.05,104.777777777778,10.1459403259771,0.00950563256964643,0.0251165088222365,0.00584085937955168,"AKT1",1
"BP","GO:0071636","positive regulation of transforming growth factor beta production","1/9","20/18860",0.05,104.777777777778,10.1459403259771,0.00950563256964643,0.0251165088222365,0.00584085937955168,"PTGS2",1
"BP","GO:0090201","negative regulation of release of cytochrome c from mitochondria","1/9","20/18860",0.05,104.777777777778,10.1459403259771,0.00950563256964643,0.0251165088222365,0.00584085937955168,"AKT1",1
"BP","GO:1902001","fatty acid transmembrane transport","1/9","20/18860",0.05,104.777777777778,10.1459403259771,0.00950563256964643,0.0251165088222365,0.00584085937955168,"AKT1",1
"BP","GO:2000774","positive regulation of cellular senescence","1/9","20/18860",0.05,104.777777777778,10.1459403259771,0.00950563256964643,0.0251165088222365,0.00584085937955168,"SIRT1",1
"BP","GO:0050807","regulation of synapse organization","2/9","322/18860",0.0062111801242236,13.015873015873,4.75187726945092,0.00966410692124758,0.025493788550369,0.00592859600944614,"AKT1/MAPK14",2
"BP","GO:0001822","kidney development","2/9","323/18860",0.00619195046439629,12.9755761953904,4.74341740476982,0.00972190672611222,0.0255632660678517,0.00594475304832956,"BCL2/MMP9",2
"BP","GO:0061458","reproductive system development","2/9","323/18860",0.00619195046439629,12.9755761953904,4.74341740476982,0.00972190672611222,0.0255632660678517,0.00594475304832956,"BCL2/SIRT1",2
"BP","GO:0007162","negative regulation of cell adhesion","2/9","326/18860",0.00613496932515337,12.8561690524881,4.71826133669412,0.00989625127596333,0.0256981740676674,0.00597612598561463,"AKT1/PTPRC",2
"BP","GO:0001502","cartilage condensation","1/9","21/18860",0.0476190476190476,99.7883597883598,9.89691607143048,0.0099787986687373,0.0256981740676674,0.00597612598561463,"MAPK14",1
"BP","GO:0002902","regulation of B cell apoptotic process","1/9","21/18860",0.0476190476190476,99.7883597883598,9.89691607143048,0.0099787986687373,0.0256981740676674,0.00597612598561463,"BCL2",1
"BP","GO:0006991","response to sterol depletion","1/9","21/18860",0.0476190476190476,99.7883597883598,9.89691607143048,0.0099787986687373,0.0256981740676674,0.00597612598561463,"AKT1",1
"BP","GO:0010421","hydrogen peroxide-mediated programmed cell death","1/9","21/18860",0.0476190476190476,99.7883597883598,9.89691607143048,0.0099787986687373,0.0256981740676674,0.00597612598561463,"AKT1",1
"BP","GO:0010612","regulation of cardiac muscle adaptation","1/9","21/18860",0.0476190476190476,99.7883597883598,9.89691607143048,0.0099787986687373,0.0256981740676674,0.00597612598561463,"PPARG",1
"BP","GO:0033033","negative regulation of myeloid cell apoptotic process","1/9","21/18860",0.0476190476190476,99.7883597883598,9.89691607143048,0.0099787986687373,0.0256981740676674,0.00597612598561463,"BCL2",1
"BP","GO:0060716","labyrinthine layer blood vessel development","1/9","21/18860",0.0476190476190476,99.7883597883598,9.89691607143048,0.0099787986687373,0.0256981740676674,0.00597612598561463,"AKT1",1
"BP","GO:0070875","positive regulation of glycogen metabolic process","1/9","21/18860",0.0476190476190476,99.7883597883598,9.89691607143048,0.0099787986687373,0.0256981740676674,0.00597612598561463,"AKT1",1
"BP","GO:0090520","sphingolipid mediated signaling pathway","1/9","21/18860",0.0476190476190476,99.7883597883598,9.89691607143048,0.0099787986687373,0.0256981740676674,0.00597612598561463,"AKT1",1
"BP","GO:0097049","motor neuron apoptotic process","1/9","21/18860",0.0476190476190476,99.7883597883598,9.89691607143048,0.0099787986687373,0.0256981740676674,0.00597612598561463,"BCL2",1
"BP","GO:1901739","regulation of myoblast fusion","1/9","21/18860",0.0476190476190476,99.7883597883598,9.89691607143048,0.0099787986687373,0.0256981740676674,0.00597612598561463,"MAPK14",1
"BP","GO:1903242","regulation of cardiac muscle hypertrophy in response to stress","1/9","21/18860",0.0476190476190476,99.7883597883598,9.89691607143048,0.0099787986687373,0.0256981740676674,0.00597612598561463,"PPARG",1
"BP","GO:0050803","regulation of synapse structure or activity","2/9","329/18860",0.0060790273556231,12.7389395474502,4.69343465079336,0.0100720108330614,0.0258971797527292,0.00602240487852941,"AKT1/MAPK14",2
"BP","GO:0030217","T cell differentiation","2/9","330/18860",0.00606060606060606,12.7003367003367,4.68523100002824,0.0101309111997142,0.0259299484515048,0.0060300252593297,"BCL2/PTPRC",2
"BP","GO:0030198","extracellular matrix organization","2/9","331/18860",0.00604229607250755,12.6619671030547,4.67706285567247,0.0101899682766629,0.0259299484515048,0.0060300252593297,"MMP9/PPARG",2
"BP","GO:0055074","calcium ion homeostasis","2/9","331/18860",0.00604229607250755,12.6619671030547,4.67706285567247,0.0101899682766629,0.0259299484515048,0.0060300252593297,"BCL2/PTPRC",2
"BP","GO:0090092","regulation of transmembrane receptor protein serine/threonine kinase signaling pathway","2/9","331/18860",0.00604229607250755,12.6619671030547,4.67706285567247,0.0101899682766629,0.0259299484515048,0.0060300252593297,"PPARG/SIRT1",2
"BP","GO:0043062","extracellular structure organization","2/9","332/18860",0.00602409638554217,12.623828647925,4.66892995246041,0.0102491819358948,0.0259299484515048,0.0060300252593297,"MMP9/PPARG",2
"BP","GO:0043122","regulation of canonical NF-kappaB signal transduction","2/9","332/18860",0.00602409638554217,12.623828647925,4.66892995246041,0.0102491819358948,0.0259299484515048,0.0060300252593297,"CASP1/SIRT1",2
"BP","GO:0045229","external encapsulating structure organization","2/9","333/18860",0.00600600600600601,12.5859192525859,4.66083202790583,0.0103085520494609,0.0259299484515048,0.0060300252593297,"MMP9/PPARG",2
"BP","GO:0072001","renal system development","2/9","334/18860",0.00598802395209581,12.5482368596141,4.65276882226441,0.0103680784894759,0.0259299484515048,0.0060300252593297,"BCL2/MMP9",2
"BP","GO:1904951","positive regulation of establishment of protein localization","2/9","334/18860",0.00598802395209581,12.5482368596141,4.65276882226441,0.0103680784894759,0.0259299484515048,0.0060300252593297,"MAPK14/PPARG",2
"BP","GO:0010866","regulation of triglyceride biosynthetic process","1/9","22/18860",0.0454545454545455,95.2525252525252,9.66496592530763,0.0104517638373758,0.0259299484515048,0.0060300252593297,"SIRT1",1
"BP","GO:0032495","response to muramyl dipeptide","1/9","22/18860",0.0454545454545455,95.2525252525252,9.66496592530763,0.0104517638373758,0.0259299484515048,0.0060300252593297,"MAPK14",1
"BP","GO:0033138","positive regulation of peptidyl-serine phosphorylation","1/9","22/18860",0.0454545454545455,95.2525252525252,9.66496592530763,0.0104517638373758,0.0259299484515048,0.0060300252593297,"AKT1",1
"BP","GO:0034104","negative regulation of tissue remodeling","1/9","22/18860",0.0454545454545455,95.2525252525252,9.66496592530763,0.0104517638373758,0.0259299484515048,0.0060300252593297,"PPARG",1
"BP","GO:0034616","response to laminar fluid shear stress","1/9","22/18860",0.0454545454545455,95.2525252525252,9.66496592530763,0.0104517638373758,0.0259299484515048,0.0060300252593297,"AKT1",1
"BP","GO:0038203","TORC2 signaling","1/9","22/18860",0.0454545454545455,95.2525252525252,9.66496592530763,0.0104517638373758,0.0259299484515048,0.0060300252593297,"AKT1",1
"BP","GO:0044321","response to leptin","1/9","22/18860",0.0454545454545455,95.2525252525252,9.66496592530763,0.0104517638373758,0.0259299484515048,0.0060300252593297,"SIRT1",1
"BP","GO:0045844","positive regulation of striated muscle tissue development","1/9","22/18860",0.0454545454545455,95.2525252525252,9.66496592530763,0.0104517638373758,0.0259299484515048,0.0060300252593297,"BCL2",1
"BP","GO:0048636","positive regulation of muscle organ development","1/9","22/18860",0.0454545454545455,95.2525252525252,9.66496592530763,0.0104517638373758,0.0259299484515048,0.0060300252593297,"BCL2",1
"BP","GO:0051900","regulation of mitochondrial depolarization","1/9","22/18860",0.0454545454545455,95.2525252525252,9.66496592530763,0.0104517638373758,0.0259299484515048,0.0060300252593297,"BCL2",1
"BP","GO:0140354","lipid import into cell","1/9","22/18860",0.0454545454545455,95.2525252525252,9.66496592530763,0.0104517638373758,0.0259299484515048,0.0060300252593297,"AKT1",1
"BP","GO:1900102","negative regulation of endoplasmic reticulum unfolded protein response","1/9","22/18860",0.0454545454545455,95.2525252525252,9.66496592530763,0.0104517638373758,0.0259299484515048,0.0060300252593297,"AKT1",1
"BP","GO:1901863","positive regulation of muscle tissue development","1/9","22/18860",0.0454545454545455,95.2525252525252,9.66496592530763,0.0104517638373758,0.0259299484515048,0.0060300252593297,"BCL2",1
"BP","GO:1903376","regulation of oxidative stress-induced neuron intrinsic apoptotic signaling pathway","1/9","22/18860",0.0454545454545455,95.2525252525252,9.66496592530763,0.0104517638373758,0.0259299484515048,0.0060300252593297,"AKT1",1
"BP","GO:0022409","positive regulation of cell-cell adhesion","2/9","343/18860",0.00583090379008746,12.2189828312277,4.58172077572478,0.0109108300702433,0.026615229751299,0.00618938784175957,"AKT1/PTPRC",2
"BP","GO:0006925","inflammatory cell apoptotic process","1/9","23/18860",0.0434782608695652,91.1111111111111,9.44821532188638,0.0109245281502255,0.026615229751299,0.00618938784175957,"SIRT1",1
"BP","GO:0010888","negative regulation of lipid storage","1/9","23/18860",0.0434782608695652,91.1111111111111,9.44821532188638,0.0109245281502255,0.026615229751299,0.00618938784175957,"PPARG",1
"BP","GO:0032891","negative regulation of organic acid transport","1/9","23/18860",0.0434782608695652,91.1111111111111,9.44821532188638,0.0109245281502255,0.026615229751299,0.00618938784175957,"AKT1",1
"BP","GO:0034122","negative regulation of toll-like receptor signaling pathway","1/9","23/18860",0.0434782608695652,91.1111111111111,9.44821532188638,0.0109245281502255,0.026615229751299,0.00618938784175957,"AKT1",1
"BP","GO:0043388","positive regulation of DNA binding","1/9","23/18860",0.0434782608695652,91.1111111111111,9.44821532188638,0.0109245281502255,0.026615229751299,0.00618938784175957,"MMP9",1
"BP","GO:0045472","response to ether","1/9","23/18860",0.0434782608695652,91.1111111111111,9.44821532188638,0.0109245281502255,0.026615229751299,0.00618938784175957,"AKT1",1
"BP","GO:0046426","negative regulation of receptor signaling pathway via JAK-STAT","1/9","23/18860",0.0434782608695652,91.1111111111111,9.44821532188638,0.0109245281502255,0.026615229751299,0.00618938784175957,"PTPRC",1
"BP","GO:0046628","positive regulation of insulin receptor signaling pathway","1/9","23/18860",0.0434782608695652,91.1111111111111,9.44821532188638,0.0109245281502255,0.026615229751299,0.00618938784175957,"SIRT1",1
"BP","GO:0051988","regulation of attachment of spindle microtubules to kinetochore","1/9","23/18860",0.0434782608695652,91.1111111111111,9.44821532188638,0.0109245281502255,0.026615229751299,0.00618938784175957,"SIRT1",1
"BP","GO:0097468","programmed cell death in response to reactive oxygen species","1/9","23/18860",0.0434782608695652,91.1111111111111,9.44821532188638,0.0109245281502255,0.026615229751299,0.00618938784175957,"AKT1",1
"BP","GO:2000010","positive regulation of protein localization to cell surface","1/9","23/18860",0.0434782608695652,91.1111111111111,9.44821532188638,0.0109245281502255,0.026615229751299,0.00618938784175957,"AKT1",1
"BP","GO:0008202","steroid metabolic process","2/9","345/18860",0.00579710144927536,12.1481481481481,4.56629335880374,0.011033150363777,0.0267995057416107,0.00623224133521506,"AKT1/SIRT1",2
"BP","GO:0034504","protein localization to nucleus","2/9","345/18860",0.00579710144927536,12.1481481481481,4.56629335880374,0.011033150363777,0.0267995057416107,0.00623224133521506,"AKT1/MAPK14",2
"BP","GO:0006913","nucleocytoplasmic transport","2/9","350/18860",0.00571428571428571,11.9746031746032,4.52827743291848,0.0113416578189487,0.0270528631293798,0.00629115974960152,"AKT1/MAPK14",2
"BP","GO:0051169","nuclear transport","2/9","350/18860",0.00571428571428571,11.9746031746032,4.52827743291848,0.0113416578189487,0.0270528631293798,0.00629115974960152,"AKT1/MAPK14",2
"BP","GO:0002320","lymphoid progenitor cell differentiation","1/9","24/18860",0.0416666666666667,87.3148148148148,9.24506590277793,0.0113970916819264,0.0270528631293798,0.00629115974960152,"BCL2",1
"BP","GO:0003323","type B pancreatic cell development","1/9","24/18860",0.0416666666666667,87.3148148148148,9.24506590277793,0.0113970916819264,0.0270528631293798,0.00629115974960152,"AKT1",1
"BP","GO:0006476","protein deacetylation","1/9","24/18860",0.0416666666666667,87.3148148148148,9.24506590277793,0.0113970916819264,0.0270528631293798,0.00629115974960152,"SIRT1",1
"BP","GO:0030318","melanocyte differentiation","1/9","24/18860",0.0416666666666667,87.3148148148148,9.24506590277793,0.0113970916819264,0.0270528631293798,0.00629115974960152,"BCL2",1
"BP","GO:0036480","neuron intrinsic apoptotic signaling pathway in response to oxidative stress","1/9","24/18860",0.0416666666666667,87.3148148148148,9.24506590277793,0.0113970916819264,0.0270528631293798,0.00629115974960152,"AKT1",1
"BP","GO:0036499","PERK-mediated unfolded protein response","1/9","24/18860",0.0416666666666667,87.3148148148148,9.24506590277793,0.0113970916819264,0.0270528631293798,0.00629115974960152,"AKT1",1
"BP","GO:0045061","thymic T cell selection","1/9","24/18860",0.0416666666666667,87.3148148148148,9.24506590277793,0.0113970916819264,0.0270528631293798,0.00629115974960152,"PTPRC",1
"BP","GO:0045542","positive regulation of cholesterol biosynthetic process","1/9","24/18860",0.0416666666666667,87.3148148148148,9.24506590277793,0.0113970916819264,0.0270528631293798,0.00629115974960152,"AKT1",1
"BP","GO:0045722","positive regulation of gluconeogenesis","1/9","24/18860",0.0416666666666667,87.3148148148148,9.24506590277793,0.0113970916819264,0.0270528631293798,0.00629115974960152,"SIRT1",1
"BP","GO:0046641","positive regulation of alpha-beta T cell proliferation","1/9","24/18860",0.0416666666666667,87.3148148148148,9.24506590277793,0.0113970916819264,0.0270528631293798,0.00629115974960152,"PTPRC",1
"BP","GO:0060143","positive regulation of syncytium formation by plasma membrane fusion","1/9","24/18860",0.0416666666666667,87.3148148148148,9.24506590277793,0.0113970916819264,0.0270528631293798,0.00629115974960152,"MAPK14",1
"BP","GO:0060907","positive regulation of macrophage cytokine production","1/9","24/18860",0.0416666666666667,87.3148148148148,9.24506590277793,0.0113970916819264,0.0270528631293798,0.00629115974960152,"SIRT1",1
"BP","GO:0106120","positive regulation of sterol biosynthetic process","1/9","24/18860",0.0416666666666667,87.3148148148148,9.24506590277793,0.0113970916819264,0.0270528631293798,0.00629115974960152,"AKT1",1
"BP","GO:0010038","response to metal ion","2/9","351/18860",0.0056980056980057,11.9404874960431,4.52076719558659,0.0114038223037693,0.0270528631293798,0.00629115974960152,"AKT1/BCL2",2
"BP","GO:0043491","phosphatidylinositol 3-kinase/protein kinase B signal transduction","2/9","354/18860",0.00564971751412429,11.8392969240427,4.49841846893779,0.0115912394638702,0.0272043209788836,0.00632638136448207,"AKT1/SIRT1",2
"BP","GO:0070661","leukocyte proliferation","2/9","356/18860",0.00561797752808989,11.772784019975,4.48366885847549,0.0117169527259693,0.0272043209788836,0.00632638136448207,"BCL2/PTPRC",2
"BP","GO:1901990","regulation of mitotic cell cycle phase transition","2/9","357/18860",0.00560224089635854,11.7398070339247,4.47633829213784,0.0117800395241599,0.0272043209788836,0.00632638136448207,"AKT1/BCL2",2
"BP","GO:0002922","positive regulation of humoral immune response","1/9","25/18860",0.04,83.8222222222222,9.05414529122016,0.0118694545070944,0.0272043209788836,0.00632638136448207,"PTPRC",1
"BP","GO:0006582","melanin metabolic process","1/9","25/18860",0.04,83.8222222222222,9.05414529122016,0.0118694545070944,0.0272043209788836,0.00632638136448207,"BCL2",1
"BP","GO:0006851","mitochondrial calcium ion transmembrane transport","1/9","25/18860",0.04,83.8222222222222,9.05414529122016,0.0118694545070944,0.0272043209788836,0.00632638136448207,"AKT1",1
"BP","GO:0010878","cholesterol storage","1/9","25/18860",0.04,83.8222222222222,9.05414529122016,0.0118694545070944,0.0272043209788836,0.00632638136448207,"PPARG",1
"BP","GO:0016540","protein autoprocessing","1/9","25/18860",0.04,83.8222222222222,9.05414529122016,0.0118694545070944,0.0272043209788836,0.00632638136448207,"CASP1",1
"BP","GO:0031145","anaphase-promoting complex-dependent catabolic process","1/9","25/18860",0.04,83.8222222222222,9.05414529122016,0.0118694545070944,0.0272043209788836,0.00632638136448207,"AKT1",1
"BP","GO:0031281","positive regulation of cyclase activity","1/9","25/18860",0.04,83.8222222222222,9.05414529122016,0.0118694545070944,0.0272043209788836,0.00632638136448207,"MAPK14",1
"BP","GO:0046697","decidualization","1/9","25/18860",0.04,83.8222222222222,9.05414529122016,0.0118694545070944,0.0272043209788836,0.00632638136448207,"PTGS2",1
"BP","GO:0048641","regulation of skeletal muscle tissue development","1/9","25/18860",0.04,83.8222222222222,9.05414529122016,0.0118694545070944,0.0272043209788836,0.00632638136448207,"BCL2",1
"BP","GO:0051152","positive regulation of smooth muscle cell differentiation","1/9","25/18860",0.04,83.8222222222222,9.05414529122016,0.0118694545070944,0.0272043209788836,0.00632638136448207,"SIRT1",1
"BP","GO:0070233","negative regulation of T cell apoptotic process","1/9","25/18860",0.04,83.8222222222222,9.05414529122016,0.0118694545070944,0.0272043209788836,0.00632638136448207,"BCL2",1
"BP","GO:0090200","positive regulation of release of cytochrome c from mitochondria","1/9","25/18860",0.04,83.8222222222222,9.05414529122016,0.0118694545070944,0.0272043209788836,0.00632638136448207,"MMP9",1
"BP","GO:0097709","connective tissue replacement","1/9","25/18860",0.04,83.8222222222222,9.05414529122016,0.0118694545070944,0.0272043209788836,0.00632638136448207,"PPARG",1
"BP","GO:0098743","cell aggregation","1/9","25/18860",0.04,83.8222222222222,9.05414529122016,0.0118694545070944,0.0272043209788836,0.00632638136448207,"MAPK14",1
"BP","GO:0140861","DNA repair-dependent chromatin remodeling","1/9","25/18860",0.04,83.8222222222222,9.05414529122016,0.0118694545070944,0.0272043209788836,0.00632638136448207,"SIRT1",1
"BP","GO:1900078","positive regulation of cellular response to insulin stimulus","1/9","25/18860",0.04,83.8222222222222,9.05414529122016,0.0118694545070944,0.0272043209788836,0.00632638136448207,"SIRT1",1
"BP","GO:1901201","regulation of extracellular matrix assembly","1/9","25/18860",0.04,83.8222222222222,9.05414529122016,0.0118694545070944,0.0272043209788836,0.00632638136448207,"PPARG",1
"BP","GO:1902018","negative regulation of cilium assembly","1/9","25/18860",0.04,83.8222222222222,9.05414529122016,0.0118694545070944,0.0272043209788836,0.00632638136448207,"AKT1",1
"BP","GO:1903318","negative regulation of protein maturation","1/9","25/18860",0.04,83.8222222222222,9.05414529122016,0.0118694545070944,0.0272043209788836,0.00632638136448207,"AKT1",1
"BP","GO:1903429","regulation of cell maturation","1/9","25/18860",0.04,83.8222222222222,9.05414529122016,0.0118694545070944,0.0272043209788836,0.00632638136448207,"BCL2",1
"BP","GO:1905563","negative regulation of vascular endothelial cell proliferation","1/9","25/18860",0.04,83.8222222222222,9.05414529122016,0.0118694545070944,0.0272043209788836,0.00632638136448207,"PPARG",1
"BP","GO:0007249","canonical NF-kappaB signal transduction","2/9","359/18860",0.00557103064066852,11.6744042092231,4.4617646186175,0.011906672823008,0.0272511877991381,0.00633728027199388,"CASP1/SIRT1",2
"BP","GO:0021700","developmental maturation","2/9","364/18860",0.00549450549450549,11.5140415140415,4.42583133405184,0.0122259317782689,0.0278157103162594,0.00646856032617789,"BCL2/PPARG",2
"BP","GO:0045765","regulation of angiogenesis","2/9","365/18860",0.00547945205479452,11.482496194825,4.41872898909761,0.0122902412536378,0.0278157103162594,0.00646856032617789,"PPARG/SIRT1",2
"BP","GO:0010623","programmed cell death involved in cell development","1/9","26/18860",0.0384615384615385,80.5982905982906,8.874267597142,0.0123416167003219,0.0278157103162594,0.00646856032617789,"BCL2",1
"BP","GO:0032469","endoplasmic reticulum calcium ion homeostasis","1/9","26/18860",0.0384615384615385,80.5982905982906,8.874267597142,0.0123416167003219,0.0278157103162594,0.00646856032617789,"BCL2",1
"BP","GO:0035994","response to muscle stretch","1/9","26/18860",0.0384615384615385,80.5982905982906,8.874267597142,0.0123416167003219,0.0278157103162594,0.00646856032617789,"MAPK14",1
"BP","GO:0042953","lipoprotein transport","1/9","26/18860",0.0384615384615385,80.5982905982906,8.874267597142,0.0123416167003219,0.0278157103162594,0.00646856032617789,"PPARG",1
"BP","GO:0045723","positive regulation of fatty acid biosynthetic process","1/9","26/18860",0.0384615384615385,80.5982905982906,8.874267597142,0.0123416167003219,0.0278157103162594,0.00646856032617789,"PTGS2",1
"BP","GO:0051315","attachment of mitotic spindle microtubules to kinetochore","1/9","26/18860",0.0384615384615385,80.5982905982906,8.874267597142,0.0123416167003219,0.0278157103162594,0.00646856032617789,"SIRT1",1
"BP","GO:0085020","protein K6-linked ubiquitination","1/9","26/18860",0.0384615384615385,80.5982905982906,8.874267597142,0.0123416167003219,0.0278157103162594,0.00646856032617789,"AKT1",1
"BP","GO:2000209","regulation of anoikis","1/9","26/18860",0.0384615384615385,80.5982905982906,8.874267597142,0.0123416167003219,0.0278157103162594,0.00646856032617789,"BCL2",1
"BP","GO:2000773","negative regulation of cellular senescence","1/9","26/18860",0.0384615384615385,80.5982905982906,8.874267597142,0.0123416167003219,0.0278157103162594,0.00646856032617789,"SIRT1",1
"BP","GO:0010639","negative regulation of organelle organization","2/9","367/18860",0.00544959128065395,11.4199212836815,4.40460709167833,0.0124193168814447,0.0279520636182101,0.00650026936935218,"AKT1/PPARG",2
"BP","GO:0006402","mRNA catabolic process","2/9","371/18860",0.00539083557951483,11.2967954477388,4.37668929882416,0.0126792913252582,0.0284843567664676,0.00662405446423442,"AKT1/MAPK14",2
"BP","GO:0001779","natural killer cell differentiation","1/9","27/18860",0.037037037037037,77.6131687242798,8.70440204455043,0.0128135783361771,0.0284843567664676,0.00662405446423442,"PTPRC",1
"BP","GO:0001783","B cell apoptotic process","1/9","27/18860",0.037037037037037,77.6131687242798,8.70440204455043,0.0128135783361771,0.0284843567664676,0.00662405446423442,"BCL2",1
"BP","GO:0006607","NLS-bearing protein import into nucleus","1/9","27/18860",0.037037037037037,77.6131687242798,8.70440204455043,0.0128135783361771,0.0284843567664676,0.00662405446423442,"AKT1",1
"BP","GO:0044872","lipoprotein localization","1/9","27/18860",0.037037037037037,77.6131687242798,8.70440204455043,0.0128135783361771,0.0284843567664676,0.00662405446423442,"PPARG",1
"BP","GO:0050995","negative regulation of lipid catabolic process","1/9","27/18860",0.037037037037037,77.6131687242798,8.70440204455043,0.0128135783361771,0.0284843567664676,0.00662405446423442,"AKT1",1
"BP","GO:0071379","cellular response to prostaglandin stimulus","1/9","27/18860",0.037037037037037,77.6131687242798,8.70440204455043,0.0128135783361771,0.0284843567664676,0.00662405446423442,"AKT1",1
"BP","GO:1902894","negative regulation of miRNA transcription","1/9","27/18860",0.037037037037037,77.6131687242798,8.70440204455043,0.0128135783361771,0.0284843567664676,0.00662405446423442,"PPARG",1
"BP","GO:1903054","negative regulation of extracellular matrix organization","1/9","27/18860",0.037037037037037,77.6131687242798,8.70440204455043,0.0128135783361771,0.0284843567664676,0.00662405446423442,"PPARG",1
"BP","GO:1901342","regulation of vasculature development","2/9","375/18860",0.00533333333333333,11.1762962962963,4.34919658366373,0.0129416899909826,0.0287298445838069,0.00668114280523834,"PPARG/SIRT1",2
"BP","GO:0010959","regulation of metal ion transport","2/9","377/18860",0.00530503978779841,11.1170055997642,4.33560613330933,0.0130737958999469,0.0289835175135249,0.00674013459909663,"AKT1/BCL2",2
"BP","GO:0002675","positive regulation of acute inflammatory response","1/9","28/18860",0.0357142857142857,74.8412698412698,8.5436478180899,0.0132853394892046,0.0291345164236944,0.00677524948735629,"PTGS2",1
"BP","GO:0015732","prostaglandin transport","1/9","28/18860",0.0357142857142857,74.8412698412698,8.5436478180899,0.0132853394892046,0.0291345164236944,0.00677524948735629,"PTGS2",1
"BP","GO:0032703","negative regulation of interleukin-2 production","1/9","28/18860",0.0357142857142857,74.8412698412698,8.5436478180899,0.0132853394892046,0.0291345164236944,0.00677524948735629,"PTPRC",1
"BP","GO:0036037","CD8-positive, alpha-beta T cell activation","1/9","28/18860",0.0357142857142857,74.8412698412698,8.5436478180899,0.0132853394892046,0.0291345164236944,0.00677524948735629,"BCL2",1
"BP","GO:0036315","cellular response to sterol","1/9","28/18860",0.0357142857142857,74.8412698412698,8.5436478180899,0.0132853394892046,0.0291345164236944,0.00677524948735629,"AKT1",1
"BP","GO:0046629","gamma-delta T cell activation","1/9","28/18860",0.0357142857142857,74.8412698412698,8.5436478180899,0.0132853394892046,0.0291345164236944,0.00677524948735629,"PTPRC",1
"BP","GO:0051882","mitochondrial depolarization","1/9","28/18860",0.0357142857142857,74.8412698412698,8.5436478180899,0.0132853394892046,0.0291345164236944,0.00677524948735629,"BCL2",1
"BP","GO:1904036","negative regulation of epithelial cell apoptotic process","1/9","28/18860",0.0357142857142857,74.8412698412698,8.5436478180899,0.0132853394892046,0.0291345164236944,0.00677524948735629,"BCL2",1
"BP","GO:0042176","regulation of protein catabolic process","2/9","383/18860",0.00522193211488251,10.942848854076,4.29544223858741,0.0134737279211885,0.0295078273206621,0.00686206316315315,"AKT1/SIRT1",2
"BP","GO:0090287","regulation of cellular response to growth factor stimulus","2/9","385/18860",0.00519480519480519,10.8860028860029,4.28225240938109,0.0136082400294379,0.0297623015448675,0.00692124129853113,"PPARG/SIRT1",2
"BP","GO:0006929","substrate-dependent cell migration","1/9","29/18860",0.0344827586206897,72.2605363984674,8.39121372229522,0.0137569002339266,0.0298464123900277,0.0069408013266526,"PTPRC",1
"BP","GO:0034695","response to prostaglandin E","1/9","29/18860",0.0344827586206897,72.2605363984674,8.39121372229522,0.0137569002339266,0.0298464123900277,0.0069408013266526,"AKT1",1
"BP","GO:0045717","negative regulation of fatty acid biosynthetic process","1/9","29/18860",0.0344827586206897,72.2605363984674,8.39121372229522,0.0137569002339266,0.0298464123900277,0.0069408013266526,"SIRT1",1
"BP","GO:0045830","positive regulation of isotype switching","1/9","29/18860",0.0344827586206897,72.2605363984674,8.39121372229522,0.0137569002339266,0.0298464123900277,0.0069408013266526,"PTPRC",1
"BP","GO:0060333","type II interferon-mediated signaling pathway","1/9","29/18860",0.0344827586206897,72.2605363984674,8.39121372229522,0.0137569002339266,0.0298464123900277,0.0069408013266526,"PPARG",1
"BP","GO:2000629","negative regulation of miRNA metabolic process","1/9","29/18860",0.0344827586206897,72.2605363984674,8.39121372229522,0.0137569002339266,0.0298464123900277,0.0069408013266526,"PPARG",1
"BP","GO:0009306","protein secretion","2/9","388/18860",0.00515463917525773,10.8018327605956,4.26264906331458,0.0138111311078983,0.0299241174004464,0.00695887167401474,"CASP1/PPARG",2
"BP","GO:0035592","establishment of protein localization to extracellular region","2/9","391/18860",0.0051150895140665,10.718954248366,4.24325971303857,0.0140153666985402,0.0303261929229399,0.00705237458094603,"CASP1/PPARG",2
"BP","GO:0022011","myelination in peripheral nervous system","1/9","30/18860",0.0333333333333333,69.8518518518518,8.24640160176045,0.0142282606448386,0.0305428316352216,0.00710275404504911,"AKT1",1
"BP","GO:0031579","membrane raft organization","1/9","30/18860",0.0333333333333333,69.8518518518518,8.24640160176045,0.0142282606448386,0.0305428316352216,0.00710275404504911,"PTPRC",1
"BP","GO:0032292","peripheral nervous system axon ensheathment","1/9","30/18860",0.0333333333333333,69.8518518518518,8.24640160176045,0.0142282606448386,0.0305428316352216,0.00710275404504911,"AKT1",1
"BP","GO:0050857","positive regulation of antigen receptor-mediated signaling pathway","1/9","30/18860",0.0333333333333333,69.8518518518518,8.24640160176045,0.0142282606448386,0.0305428316352216,0.00710275404504911,"PTPRC",1
"BP","GO:0060142","regulation of syncytium formation by plasma membrane fusion","1/9","30/18860",0.0333333333333333,69.8518518518518,8.24640160176045,0.0142282606448386,0.0305428316352216,0.00710275404504911,"MAPK14",1
"BP","GO:0090594","inflammatory response to wounding","1/9","30/18860",0.0333333333333333,69.8518518518518,8.24640160176045,0.0142282606448386,0.0305428316352216,0.00710275404504911,"PPARG",1
"BP","GO:0030162","regulation of proteolysis","2/9","398/18860",0.0050251256281407,10.5304299274149,4.19882760250698,0.0144971262270598,0.0310379843464718,0.00721790210875037,"AKT1/SIRT1",2
"BP","GO:0071692","protein localization to extracellular region","2/9","398/18860",0.0050251256281407,10.5304299274149,4.19882760250698,0.0144971262270598,0.0310379843464718,0.00721790210875037,"CASP1/PPARG",2
"BP","GO:0001911","negative regulation of leukocyte mediated cytotoxicity","1/9","31/18860",0.032258064516129,67.5985663082437,8.10859272706008,0.0146994207964155,0.0310753659157541,0.00722659521538831,"PTPRC",1
"BP","GO:0003309","type B pancreatic cell differentiation","1/9","31/18860",0.032258064516129,67.5985663082437,8.10859272706008,0.0146994207964155,0.0310753659157541,0.00722659521538831,"AKT1",1
"BP","GO:0033135","regulation of peptidyl-serine phosphorylation","1/9","31/18860",0.032258064516129,67.5985663082437,8.10859272706008,0.0146994207964155,0.0310753659157541,0.00722659521538831,"AKT1",1
"BP","GO:0033688","regulation of osteoblast proliferation","1/9","31/18860",0.032258064516129,67.5985663082437,8.10859272706008,0.0146994207964155,0.0310753659157541,0.00722659521538831,"BCL2",1
"BP","GO:0035601","protein deacylation","1/9","31/18860",0.032258064516129,67.5985663082437,8.10859272706008,0.0146994207964155,0.0310753659157541,0.00722659521538831,"SIRT1",1
"BP","GO:0060402","calcium ion transport into cytosol","1/9","31/18860",0.032258064516129,67.5985663082437,8.10859272706008,0.0146994207964155,0.0310753659157541,0.00722659521538831,"BCL2",1
"BP","GO:0090140","regulation of mitochondrial fission","1/9","31/18860",0.032258064516129,67.5985663082437,8.10859272706008,0.0146994207964155,0.0310753659157541,0.00722659521538831,"PPARG",1
"BP","GO:0090205","positive regulation of cholesterol metabolic process","1/9","31/18860",0.032258064516129,67.5985663082437,8.10859272706008,0.0146994207964155,0.0310753659157541,0.00722659521538831,"AKT1",1
"BP","GO:2000191","regulation of fatty acid transport","1/9","31/18860",0.032258064516129,67.5985663082437,8.10859272706008,0.0146994207964155,0.0310753659157541,0.00722659521538831,"AKT1",1
"BP","GO:1903037","regulation of leukocyte cell-cell adhesion","2/9","401/18860",0.00498753117206983,10.4516486561374,4.18012298016447,0.0147058193164399,0.0310753659157541,0.00722659521538831,"AKT1/PTPRC",2
"BP","GO:0016236","macroautophagy","2/9","403/18860",0.00496277915632754,10.3997794320375,4.16776303169242,0.0148456871410966,0.0313301839016649,0.00728585329275964,"AKT1/SIRT1",2
"BP","GO:0018193","peptidyl-amino acid modification","2/9","404/18860",0.00495049504950495,10.3740374037404,4.16161559347302,0.0149158424123118,0.0313560723415351,0.00729187366517319,"AKT1/SIRT1",2
"BP","GO:0031647","regulation of protein stability","2/9","404/18860",0.00495049504950495,10.3740374037404,4.16161559347302,0.0149158424123118,0.0313560723415351,0.00729187366517319,"BCL2/SIRT1",2
"BP","GO:0050863","regulation of T cell activation","2/9","404/18860",0.00495049504950495,10.3740374037404,4.16161559347302,0.0149158424123118,0.0313560723415351,0.00729187366517319,"AKT1/PTPRC",2
"BP","GO:0005979","regulation of glycogen biosynthetic process","1/9","32/18860",0.03125,65.4861111111111,7.97723653914668,0.0151703807631071,0.0315644926249027,0.00734034192864133,"AKT1",1
"BP","GO:0010039","response to iron ion","1/9","32/18860",0.03125,65.4861111111111,7.97723653914668,0.0151703807631071,0.0315644926249027,0.00734034192864133,"BCL2",1
"BP","GO:0010575","positive regulation of vascular endothelial growth factor production","1/9","32/18860",0.03125,65.4861111111111,7.97723653914668,0.0151703807631071,0.0315644926249027,0.00734034192864133,"PTGS2",1
"BP","GO:0010962","regulation of glucan biosynthetic process","1/9","32/18860",0.03125,65.4861111111111,7.97723653914668,0.0151703807631071,0.0315644926249027,0.00734034192864133,"AKT1",1
"BP","GO:0045742","positive regulation of epidermal growth factor receptor signaling pathway","1/9","32/18860",0.03125,65.4861111111111,7.97723653914668,0.0151703807631071,0.0315644926249027,0.00734034192864133,"MMP9",1
"BP","GO:0060045","positive regulation of cardiac muscle cell proliferation","1/9","32/18860",0.03125,65.4861111111111,7.97723653914668,0.0151703807631071,0.0315644926249027,0.00734034192864133,"MAPK14",1
"BP","GO:0070935","3'-UTR-mediated mRNA stabilization","1/9","32/18860",0.03125,65.4861111111111,7.97723653914668,0.0151703807631071,0.0315644926249027,0.00734034192864133,"MAPK14",1
"BP","GO:0099560","synaptic membrane adhesion","1/9","32/18860",0.03125,65.4861111111111,7.97723653914668,0.0151703807631071,0.0315644926249027,0.00734034192864133,"MAPK14",1
"BP","GO:0007281","germ cell development","2/9","409/18860",0.00488997555012225,10.2472154305895,4.13119850345072,0.0152688274222967,0.0317287014849515,0.00737852879876767,"AKT1/BCL2",2
"BP","GO:0141091","transforming growth factor beta receptor superfamily signaling pathway","2/9","411/18860",0.0048661800486618,10.1973506353068,4.11917864579098,0.0154110498313614,0.0319833409654691,0.0074377453646014,"PPARG/SIRT1",2
"BP","GO:0001558","regulation of cell growth","2/9","414/18860",0.00483091787439614,10.1234567901235,4.10130319350927,0.0156254822313213,0.0323369637486331,0.00751998055757687,"AKT1/BCL2",2
"BP","GO:0051647","nucleus localization","1/9","33/18860",0.0303030303030303,63.5016835016835,7.85184128405596,0.0156411406193389,0.0323369637486331,0.00751998055757687,"SIRT1",1
"BP","GO:2000108","positive regulation of leukocyte apoptotic process","1/9","33/18860",0.0303030303030303,63.5016835016835,7.85184128405596,0.0156411406193389,0.0323369637486331,0.00751998055757687,"SIRT1",1
"BP","GO:0002363","alpha-beta T cell lineage commitment","1/9","34/18860",0.0294117647058824,61.6339869281046,7.73196617381177,0.0161117004395135,0.032848081877972,0.00763884138895024,"BCL2",1
"BP","GO:0002862","negative regulation of inflammatory response to antigenic stimulus","1/9","34/18860",0.0294117647058824,61.6339869281046,7.73196617381177,0.0161117004395135,0.032848081877972,0.00763884138895024,"MAPK14",1
"BP","GO:0031069","hair follicle morphogenesis","1/9","34/18860",0.0294117647058824,61.6339869281046,7.73196617381177,0.0161117004395135,0.032848081877972,0.00763884138895024,"BCL2",1
"BP","GO:0040018","positive regulation of multicellular organism growth","1/9","34/18860",0.0294117647058824,61.6339869281046,7.73196617381177,0.0161117004395135,0.032848081877972,0.00763884138895024,"BCL2",1
"BP","GO:0045724","positive regulation of cilium assembly","1/9","34/18860",0.0294117647058824,61.6339869281046,7.73196617381177,0.0161117004395135,0.032848081877972,0.00763884138895024,"AKT1",1
"BP","GO:0046320","regulation of fatty acid oxidation","1/9","34/18860",0.0294117647058824,61.6339869281046,7.73196617381177,0.0161117004395135,0.032848081877972,0.00763884138895024,"AKT1",1
"BP","GO:0060674","placenta blood vessel development","1/9","34/18860",0.0294117647058824,61.6339869281046,7.73196617381177,0.0161117004395135,0.032848081877972,0.00763884138895024,"AKT1",1
"BP","GO:0060765","regulation of androgen receptor signaling pathway","1/9","34/18860",0.0294117647058824,61.6339869281046,7.73196617381177,0.0161117004395135,0.032848081877972,0.00763884138895024,"SIRT1",1
"BP","GO:0070972","protein localization to endoplasmic reticulum","1/9","34/18860",0.0294117647058824,61.6339869281046,7.73196617381177,0.0161117004395135,0.032848081877972,0.00763884138895024,"AKT1",1
"BP","GO:0140896","cGAS/STING signaling pathway","1/9","34/18860",0.0294117647058824,61.6339869281046,7.73196617381177,0.0161117004395135,0.032848081877972,0.00763884138895024,"AKT1",1
"BP","GO:1901186","positive regulation of ERBB signaling pathway","1/9","34/18860",0.0294117647058824,61.6339869281046,7.73196617381177,0.0161117004395135,0.032848081877972,0.00763884138895024,"MMP9",1
"BP","GO:0002697","regulation of immune effector process","2/9","421/18860",0.00475059382422803,9.95513328054896,4.06029705319236,0.0161309349776133,0.032848081877972,0.00763884138895024,"PTPRC/SIRT1",2
"BP","GO:1903311","regulation of mRNA metabolic process","2/9","423/18860",0.00472813238770686,9.90806409246125,4.04875760873153,0.0162766597588461,0.0331030073516776,0.00769812446267352,"AKT1/MAPK14",2
"BP","GO:0001778","plasma membrane repair","1/9","35/18860",0.0285714285714286,59.8730158730159,7.61721478802381,0.0165820602980096,0.0331030073516776,0.00769812446267352,"CASP1",1
"BP","GO:0002431","Fc receptor mediated stimulatory signaling pathway","1/9","35/18860",0.0285714285714286,59.8730158730159,7.61721478802381,0.0165820602980096,0.0331030073516776,0.00769812446267352,"PTPRC",1
"BP","GO:0003299","muscle hypertrophy in response to stress","1/9","35/18860",0.0285714285714286,59.8730158730159,7.61721478802381,0.0165820602980096,0.0331030073516776,0.00769812446267352,"PPARG",1
"BP","GO:0010661","positive regulation of muscle cell apoptotic process","1/9","35/18860",0.0285714285714286,59.8730158730159,7.61721478802381,0.0165820602980096,0.0331030073516776,0.00769812446267352,"PPARG",1
"BP","GO:0010743","regulation of macrophage derived foam cell differentiation","1/9","35/18860",0.0285714285714286,59.8730158730159,7.61721478802381,0.0165820602980096,0.0331030073516776,0.00769812446267352,"PPARG",1
"BP","GO:0010765","positive regulation of sodium ion transport","1/9","35/18860",0.0285714285714286,59.8730158730159,7.61721478802381,0.0165820602980096,0.0331030073516776,0.00769812446267352,"AKT1",1
"BP","GO:0014887","cardiac muscle adaptation","1/9","35/18860",0.0285714285714286,59.8730158730159,7.61721478802381,0.0165820602980096,0.0331030073516776,0.00769812446267352,"PPARG",1
"BP","GO:0014898","cardiac muscle hypertrophy in response to stress","1/9","35/18860",0.0285714285714286,59.8730158730159,7.61721478802381,0.0165820602980096,0.0331030073516776,0.00769812446267352,"PPARG",1
"BP","GO:0018107","peptidyl-threonine phosphorylation","1/9","35/18860",0.0285714285714286,59.8730158730159,7.61721478802381,0.0165820602980096,0.0331030073516776,0.00769812446267352,"AKT1",1
"BP","GO:0018210","peptidyl-threonine modification","1/9","35/18860",0.0285714285714286,59.8730158730159,7.61721478802381,0.0165820602980096,0.0331030073516776,0.00769812446267352,"AKT1",1
"BP","GO:0032107","regulation of response to nutrient levels","1/9","35/18860",0.0285714285714286,59.8730158730159,7.61721478802381,0.0165820602980096,0.0331030073516776,0.00769812446267352,"BCL2",1
"BP","GO:0048265","response to pain","1/9","35/18860",0.0285714285714286,59.8730158730159,7.61721478802381,0.0165820602980096,0.0331030073516776,0.00769812446267352,"AKT1",1
"BP","GO:0050931","pigment cell differentiation","1/9","35/18860",0.0285714285714286,59.8730158730159,7.61721478802381,0.0165820602980096,0.0331030073516776,0.00769812446267352,"BCL2",1
"BP","GO:0061081","positive regulation of myeloid leukocyte cytokine production involved in immune response","1/9","35/18860",0.0285714285714286,59.8730158730159,7.61721478802381,0.0165820602980096,0.0331030073516776,0.00769812446267352,"SIRT1",1
"BP","GO:0071634","regulation of transforming growth factor beta production","1/9","35/18860",0.0285714285714286,59.8730158730159,7.61721478802381,0.0165820602980096,0.0331030073516776,0.00769812446267352,"PTGS2",1
"BP","GO:0014706","striated muscle tissue development","2/9","430/18860",0.00465116279069767,9.74677002583979,4.00896861630349,0.0167912599387884,0.0334795060129216,0.00778567945498874,"BCL2/MAPK14",2
"BP","GO:0001782","B cell homeostasis","1/9","36/18860",0.0277777777777778,58.2098765432099,7.50722949057825,0.0170522202691816,0.0336693292070719,0.00782982295406562,"BCL2",1
"BP","GO:0002021","response to dietary excess","1/9","36/18860",0.0277777777777778,58.2098765432099,7.50722949057825,0.0170522202691816,0.0336693292070719,0.00782982295406562,"MAPK14",1
"BP","GO:0031342","negative regulation of cell killing","1/9","36/18860",0.0277777777777778,58.2098765432099,7.50722949057825,0.0170522202691816,0.0336693292070719,0.00782982295406562,"PTPRC",1
"BP","GO:0033687","osteoblast proliferation","1/9","36/18860",0.0277777777777778,58.2098765432099,7.50722949057825,0.0170522202691816,0.0336693292070719,0.00782982295406562,"BCL2",1
"BP","GO:0043369","CD4-positive or CD8-positive, alpha-beta T cell lineage commitment","1/9","36/18860",0.0277777777777778,58.2098765432099,7.50722949057825,0.0170522202691816,0.0336693292070719,0.00782982295406562,"BCL2",1
"BP","GO:0045648","positive regulation of erythrocyte differentiation","1/9","36/18860",0.0277777777777778,58.2098765432099,7.50722949057825,0.0170522202691816,0.0336693292070719,0.00782982295406562,"MAPK14",1
"BP","GO:0071353","cellular response to interleukin-4","1/9","36/18860",0.0277777777777778,58.2098765432099,7.50722949057825,0.0170522202691816,0.0336693292070719,0.00782982295406562,"PTPRC",1
"BP","GO:1902235","regulation of endoplasmic reticulum stress-induced intrinsic apoptotic signaling pathway","1/9","36/18860",0.0277777777777778,58.2098765432099,7.50722949057825,0.0170522202691816,0.0336693292070719,0.00782982295406562,"SIRT1",1
"BP","GO:0007159","leukocyte cell-cell adhesion","2/9","439/18860",0.00455580865603645,9.54695013920526,3.95913415012291,0.0174632668173826,0.0341409390820898,0.00793949611690379,"AKT1/PTPRC",2
"BP","GO:0002710","negative regulation of T cell mediated immunity","1/9","37/18860",0.027027027027027,56.6366366366366,7.40168668186973,0.0175221804273618,0.0341409390820898,0.00793949611690379,"PTPRC",1
"BP","GO:0010893","positive regulation of steroid biosynthetic process","1/9","37/18860",0.027027027027027,56.6366366366366,7.40168668186973,0.0175221804273618,0.0341409390820898,0.00793949611690379,"AKT1",1
"BP","GO:0032743","positive regulation of interleukin-2 production","1/9","37/18860",0.027027027027027,56.6366366366366,7.40168668186973,0.0175221804273618,0.0341409390820898,0.00793949611690379,"PTPRC",1
"BP","GO:0045540","regulation of cholesterol biosynthetic process","1/9","37/18860",0.027027027027027,56.6366366366366,7.40168668186973,0.0175221804273618,0.0341409390820898,0.00793949611690379,"AKT1",1
"BP","GO:0051385","response to mineralocorticoid","1/9","37/18860",0.027027027027027,56.6366366366366,7.40168668186973,0.0175221804273618,0.0341409390820898,0.00793949611690379,"PTPRC",1
"BP","GO:0060218","hematopoietic stem cell differentiation","1/9","37/18860",0.027027027027027,56.6366366366366,7.40168668186973,0.0175221804273618,0.0341409390820898,0.00793949611690379,"BCL2",1
"BP","GO:0071676","negative regulation of mononuclear cell migration","1/9","37/18860",0.027027027027027,56.6366366366366,7.40168668186973,0.0175221804273618,0.0341409390820898,0.00793949611690379,"AKT1",1
"BP","GO:0090050","positive regulation of cell migration involved in sprouting angiogenesis","1/9","37/18860",0.027027027027027,56.6366366366366,7.40168668186973,0.0175221804273618,0.0341409390820898,0.00793949611690379,"PTGS2",1
"BP","GO:0106118","regulation of sterol biosynthetic process","1/9","37/18860",0.027027027027027,56.6366366366366,7.40168668186973,0.0175221804273618,0.0341409390820898,0.00793949611690379,"AKT1",1
"BP","GO:1900101","regulation of endoplasmic reticulum unfolded protein response","1/9","37/18860",0.027027027027027,56.6366366366366,7.40168668186973,0.0175221804273618,0.0341409390820898,0.00793949611690379,"AKT1",1
"BP","GO:0030098","lymphocyte differentiation","2/9","441/18860",0.00453514739229025,9.50365331317712,3.94825510072762,0.0176141791941043,0.0342790912460113,0.00797162348652182,"BCL2/PTPRC",2
"BP","GO:1903706","regulation of hemopoiesis","2/9","443/18860",0.00451467268623025,9.46074742914472,3.93744534050894,0.0177656631104358,0.0345181863945004,0.00802722520850244,"MAPK14/PTPRC",2
"BP","GO:0001916","positive regulation of T cell mediated cytotoxicity","1/9","38/18860",0.0263157894736842,55.1461988304094,7.30029274270023,0.0179919408468565,0.0345181863945004,0.00802722520850244,"PTPRC",1
"BP","GO:0006699","bile acid biosynthetic process","1/9","38/18860",0.0263157894736842,55.1461988304094,7.30029274270023,0.0179919408468565,0.0345181863945004,0.00802722520850244,"SIRT1",1
"BP","GO:0010934","macrophage cytokine production","1/9","38/18860",0.0263157894736842,55.1461988304094,7.30029274270023,0.0179919408468565,0.0345181863945004,0.00802722520850244,"SIRT1",1
"BP","GO:0010935","regulation of macrophage cytokine production","1/9","38/18860",0.0263157894736842,55.1461988304094,7.30029274270023,0.0179919408468565,0.0345181863945004,0.00802722520850244,"SIRT1",1
"BP","GO:0030224","monocyte differentiation","1/9","38/18860",0.0263157894736842,55.1461988304094,7.30029274270023,0.0179919408468565,0.0345181863945004,0.00802722520850244,"PPARG",1
"BP","GO:0036314","response to sterol","1/9","38/18860",0.0263157894736842,55.1461988304094,7.30029274270023,0.0179919408468565,0.0345181863945004,0.00802722520850244,"AKT1",1
"BP","GO:0045191","regulation of isotype switching","1/9","38/18860",0.0263157894736842,55.1461988304094,7.30029274270023,0.0179919408468565,0.0345181863945004,0.00802722520850244,"PTPRC",1
"BP","GO:0048730","epidermis morphogenesis","1/9","38/18860",0.0263157894736842,55.1461988304094,7.30029274270023,0.0179919408468565,0.0345181863945004,0.00802722520850244,"BCL2",1
"BP","GO:0055023","positive regulation of cardiac muscle tissue growth","1/9","38/18860",0.0263157894736842,55.1461988304094,7.30029274270023,0.0179919408468565,0.0345181863945004,0.00802722520850244,"MAPK14",1
"BP","GO:0070229","negative regulation of lymphocyte apoptotic process","1/9","38/18860",0.0263157894736842,55.1461988304094,7.30029274270023,0.0179919408468565,0.0345181863945004,0.00802722520850244,"BCL2",1
"BP","GO:1902932","positive regulation of alcohol biosynthetic process","1/9","38/18860",0.0263157894736842,55.1461988304094,7.30029274270023,0.0179919408468565,0.0345181863945004,0.00802722520850244,"AKT1",1
"BP","GO:0006401","RNA catabolic process","2/9","449/18860",0.0044543429844098,9.33432318732987,3.90542414768889,0.0182235344181752,0.0348801453822552,0.00811139899091797,"AKT1/MAPK14",2
"BP","GO:0022412","cellular process involved in reproduction in multicellular organism","2/9","449/18860",0.0044543429844098,9.33432318732987,3.90542414768889,0.0182235344181752,0.0348801453822552,0.00811139899091797,"AKT1/BCL2",2
"BP","GO:0010720","positive regulation of cell development","2/9","451/18860",0.00443458980044346,9.29292929292929,3.8948839561008,0.0183772948189229,0.0350057644144337,0.00814061177313795,"BCL2/PTPRC",2
"BP","GO:0034694","response to prostaglandin","1/9","39/18860",0.0256410256410256,53.7321937321937,7.20278055382048,0.0184615016019506,0.0350057644144337,0.00814061177313795,"AKT1",1
"BP","GO:0035883","enteroendocrine cell differentiation","1/9","39/18860",0.0256410256410256,53.7321937321937,7.20278055382048,0.0184615016019506,0.0350057644144337,0.00814061177313795,"AKT1",1
"BP","GO:0043516","regulation of DNA damage response, signal transduction by p53 class mediator","1/9","39/18860",0.0256410256410256,53.7321937321937,7.20278055382048,0.0184615016019506,0.0350057644144337,0.00814061177313795,"SIRT1",1
"BP","GO:0048384","retinoic acid receptor signaling pathway","1/9","39/18860",0.0256410256410256,53.7321937321937,7.20278055382048,0.0184615016019506,0.0350057644144337,0.00814061177313795,"PPARG",1
"BP","GO:0048741","skeletal muscle fiber development","1/9","39/18860",0.0256410256410256,53.7321937321937,7.20278055382048,0.0184615016019506,0.0350057644144337,0.00814061177313795,"BCL2",1
"BP","GO:0070670","response to interleukin-4","1/9","39/18860",0.0256410256410256,53.7321937321937,7.20278055382048,0.0184615016019506,0.0350057644144337,0.00814061177313795,"PTPRC",1
"BP","GO:0071604","transforming growth factor beta production","1/9","39/18860",0.0256410256410256,53.7321937321937,7.20278055382048,0.0184615016019506,0.0350057644144337,0.00814061177313795,"PTGS2",1
"BP","GO:0060537","muscle tissue development","2/9","453/18860",0.00441501103752759,9.25190090753005,3.88440931797771,0.0185316219271575,0.0350977688014347,0.00816200744920815,"BCL2/MAPK14",2
"BP","GO:0048732","gland development","2/9","454/18860",0.00440528634361234,9.23152227116985,3.87919635824068,0.0186089976954525,0.0352032843482076,0.00818654515368845,"AKT1/BCL2",2
"BP","GO:0051223","regulation of protein transport","2/9","458/18860",0.00436681222707424,9.15089762251334,3.8585048670417,0.0189199127224708,0.035359370110596,0.00822284299252078,"MAPK14/PPARG",2
"BP","GO:0010614","negative regulation of cardiac muscle hypertrophy","1/9","40/18860",0.025,52.3888888888889,7.10890649698318,0.0189308627669037,0.035359370110596,0.00822284299252078,"PPARG",1
"BP","GO:0010742","macrophage derived foam cell differentiation","1/9","40/18860",0.025,52.3888888888889,7.10890649698318,0.0189308627669037,0.035359370110596,0.00822284299252078,"PPARG",1
"BP","GO:0016242","negative regulation of macroautophagy","1/9","40/18860",0.025,52.3888888888889,7.10890649698318,0.0189308627669037,0.035359370110596,0.00822284299252078,"AKT1",1
"BP","GO:0030488","tRNA methylation","1/9","40/18860",0.025,52.3888888888889,7.10890649698318,0.0189308627669037,0.035359370110596,0.00822284299252078,"AKT1",1
"BP","GO:0032885","regulation of polysaccharide biosynthetic process","1/9","40/18860",0.025,52.3888888888889,7.10890649698318,0.0189308627669037,0.035359370110596,0.00822284299252078,"AKT1",1
"BP","GO:0042307","positive regulation of protein import into nucleus","1/9","40/18860",0.025,52.3888888888889,7.10890649698318,0.0189308627669037,0.035359370110596,0.00822284299252078,"MAPK14",1
"BP","GO:0042759","long-chain fatty acid biosynthetic process","1/9","40/18860",0.025,52.3888888888889,7.10890649698318,0.0189308627669037,0.035359370110596,0.00822284299252078,"PTGS2",1
"BP","GO:0048753","pigment granule organization","1/9","40/18860",0.025,52.3888888888889,7.10890649698318,0.0189308627669037,0.035359370110596,0.00822284299252078,"BCL2",1
"BP","GO:0070498","interleukin-1-mediated signaling pathway","1/9","40/18860",0.025,52.3888888888889,7.10890649698318,0.0189308627669037,0.035359370110596,0.00822284299252078,"CASP1",1
"BP","GO:0098732","macromolecule deacylation","1/9","40/18860",0.025,52.3888888888889,7.10890649698318,0.0189308627669037,0.035359370110596,0.00822284299252078,"SIRT1",1
"BP","GO:0044772","mitotic cell cycle phase transition","2/9","461/18860",0.00433839479392625,9.09134731260545,3.8431522029483,0.0191545781797123,0.0357361533203587,0.00831046415676682,"AKT1/BCL2",2
"BP","GO:0006473","protein acetylation","1/9","41/18860",0.024390243902439,51.1111111111111,7.01844786070311,0.0194000244159522,0.0359055121593649,0.0083498486576272,"SIRT1",1
"BP","GO:0016202","regulation of striated muscle tissue development","1/9","41/18860",0.024390243902439,51.1111111111111,7.01844786070311,0.0194000244159522,0.0359055121593649,0.0083498486576272,"BCL2",1
"BP","GO:0034121","regulation of toll-like receptor signaling pathway","1/9","41/18860",0.024390243902439,51.1111111111111,7.01844786070311,0.0194000244159522,0.0359055121593649,0.0083498486576272,"AKT1",1
"BP","GO:0070873","regulation of glycogen metabolic process","1/9","41/18860",0.024390243902439,51.1111111111111,7.01844786070311,0.0194000244159522,0.0359055121593649,0.0083498486576272,"AKT1",1
"BP","GO:0070979","protein K11-linked ubiquitination","1/9","41/18860",0.024390243902439,51.1111111111111,7.01844786070311,0.0194000244159522,0.0359055121593649,0.0083498486576272,"AKT1",1
"BP","GO:0090077","foam cell differentiation","1/9","41/18860",0.024390243902439,51.1111111111111,7.01844786070311,0.0194000244159522,0.0359055121593649,0.0083498486576272,"PPARG",1
"BP","GO:1905898","positive regulation of response to endoplasmic reticulum stress","1/9","41/18860",0.024390243902439,51.1111111111111,7.01844786070311,0.0194000244159522,0.0359055121593649,0.0083498486576272,"SIRT1",1
"BP","GO:0002360","T cell lineage commitment","1/9","42/18860",0.0238095238095238,49.8941798941799,6.93120058771784,0.0198689866233097,0.0364003418972698,0.00846492161368087,"BCL2",1
"BP","GO:0010762","regulation of fibroblast migration","1/9","42/18860",0.0238095238095238,49.8941798941799,6.93120058771784,0.0198689866233097,0.0364003418972698,0.00846492161368087,"AKT1",1
"BP","GO:0014741","negative regulation of muscle hypertrophy","1/9","42/18860",0.0238095238095238,49.8941798941799,6.93120058771784,0.0198689866233097,0.0364003418972698,0.00846492161368087,"PPARG",1
"BP","GO:0019432","triglyceride biosynthetic process","1/9","42/18860",0.0238095238095238,49.8941798941799,6.93120058771784,0.0198689866233097,0.0364003418972698,0.00846492161368087,"SIRT1",1
"BP","GO:0033144","negative regulation of intracellular steroid hormone receptor signaling pathway","1/9","42/18860",0.0238095238095238,49.8941798941799,6.93120058771784,0.0198689866233097,0.0364003418972698,0.00846492161368087,"SIRT1",1
"BP","GO:0048536","spleen development","1/9","42/18860",0.0238095238095238,49.8941798941799,6.93120058771784,0.0198689866233097,0.0364003418972698,0.00846492161368087,"BCL2",1
"BP","GO:0060392","negative regulation of SMAD protein signal transduction","1/9","42/18860",0.0238095238095238,49.8941798941799,6.93120058771784,0.0198689866233097,0.0364003418972698,0.00846492161368087,"PPARG",1
"BP","GO:0060421","positive regulation of heart growth","1/9","42/18860",0.0238095238095238,49.8941798941799,6.93120058771784,0.0198689866233097,0.0364003418972698,0.00846492161368087,"MAPK14",1
"BP","GO:1903170","negative regulation of calcium ion transmembrane transport","1/9","42/18860",0.0238095238095238,49.8941798941799,6.93120058771784,0.0198689866233097,0.0364003418972698,0.00846492161368087,"BCL2",1
"BP","GO:0042391","regulation of membrane potential","2/9","474/18860",0.00421940928270042,8.84200656352555,3.77821034369268,0.0201860297311518,0.0366395153854127,0.00852054155359557,"AKT1/BCL2",2
"BP","GO:0000266","mitochondrial fission","1/9","43/18860",0.0232558139534884,48.733850129199,6.84697731219651,0.0203377494631645,0.0366395153854127,0.00852054155359557,"PPARG",1
"BP","GO:0002714","positive regulation of B cell mediated immunity","1/9","43/18860",0.0232558139534884,48.733850129199,6.84697731219651,0.0203377494631645,0.0366395153854127,0.00852054155359557,"PTPRC",1
"BP","GO:0002891","positive regulation of immunoglobulin mediated immune response","1/9","43/18860",0.0232558139534884,48.733850129199,6.84697731219651,0.0203377494631645,0.0366395153854127,0.00852054155359557,"PTPRC",1
"BP","GO:0006346","DNA methylation-dependent constitutive heterochromatin formation","1/9","43/18860",0.0232558139534884,48.733850129199,6.84697731219651,0.0203377494631645,0.0366395153854127,0.00852054155359557,"SIRT1",1
"BP","GO:0014044","Schwann cell development","1/9","43/18860",0.0232558139534884,48.733850129199,6.84697731219651,0.0203377494631645,0.0366395153854127,0.00852054155359557,"AKT1",1
"BP","GO:0032735","positive regulation of interleukin-12 production","1/9","43/18860",0.0232558139534884,48.733850129199,6.84697731219651,0.0203377494631645,0.0366395153854127,0.00852054155359557,"MAPK14",1
"BP","GO:0033574","response to testosterone","1/9","43/18860",0.0232558139534884,48.733850129199,6.84697731219651,0.0203377494631645,0.0366395153854127,0.00852054155359557,"SIRT1",1
"BP","GO:0045746","negative regulation of Notch signaling pathway","1/9","43/18860",0.0232558139534884,48.733850129199,6.84697731219651,0.0203377494631645,0.0366395153854127,0.00852054155359557,"AKT1",1
"BP","GO:0046640","regulation of alpha-beta T cell proliferation","1/9","43/18860",0.0232558139534884,48.733850129199,6.84697731219651,0.0203377494631645,0.0366395153854127,0.00852054155359557,"PTPRC",1
"BP","GO:0048873","homeostasis of number of cells within a tissue","1/9","43/18860",0.0232558139534884,48.733850129199,6.84697731219651,0.0203377494631645,0.0366395153854127,0.00852054155359557,"BCL2",1
"BP","GO:0070232","regulation of T cell apoptotic process","1/9","43/18860",0.0232558139534884,48.733850129199,6.84697731219651,0.0203377494631645,0.0366395153854127,0.00852054155359557,"BCL2",1
"BP","GO:1901861","regulation of muscle tissue development","1/9","43/18860",0.0232558139534884,48.733850129199,6.84697731219651,0.0203377494631645,0.0366395153854127,0.00852054155359557,"BCL2",1
"BP","GO:1904706","negative regulation of vascular associated smooth muscle cell proliferation","1/9","43/18860",0.0232558139534884,48.733850129199,6.84697731219651,0.0203377494631645,0.0366395153854127,0.00852054155359557,"PPARG",1
"BP","GO:2000008","regulation of protein localization to cell surface","1/9","43/18860",0.0232558139534884,48.733850129199,6.84697731219651,0.0203377494631645,0.0366395153854127,0.00852054155359557,"AKT1",1
"BP","GO:0072594","establishment of protein localization to organelle","2/9","478/18860",0.00418410041841004,8.76801487680149,3.7587289100262,0.0205081349411099,0.0369055584488412,0.00858241002956047,"AKT1/MAPK14",2
"BP","GO:0141188","nucleic acid catabolic process","2/9","479/18860",0.00417536534446764,8.7497100440733,3.75389422440337,0.0205890076548431,0.0370101077866372,0.00860672304155644,"AKT1/MAPK14",2
"BP","GO:0014904","myotube cell development","1/9","44/18860",0.0227272727272727,47.6262626262626,6.76560564365113,0.0208063130096826,0.0372359676660069,0.00865924689366573,"BCL2",1
"BP","GO:0032309","icosanoid secretion","1/9","44/18860",0.0227272727272727,47.6262626262626,6.76560564365113,0.0208063130096826,0.0372359676660069,0.00865924689366573,"PTGS2",1
"BP","GO:0045940","positive regulation of steroid metabolic process","1/9","44/18860",0.0227272727272727,47.6262626262626,6.76560564365113,0.0208063130096826,0.0372359676660069,0.00865924689366573,"AKT1",1
"BP","GO:0060416","response to growth hormone","1/9","44/18860",0.0227272727272727,47.6262626262626,6.76560564365113,0.0208063130096826,0.0372359676660069,0.00865924689366573,"AKT1",1
"BP","GO:0005978","glycogen biosynthetic process","1/9","45/18860",0.0222222222222222,46.5679012345679,6.68692666171898,0.0212746773370057,0.0377828969099828,0.0087864356214956,"AKT1",1
"BP","GO:0009250","glucan biosynthetic process","1/9","45/18860",0.0222222222222222,46.5679012345679,6.68692666171898,0.0212746773370057,0.0377828969099828,0.0087864356214956,"AKT1",1
"BP","GO:0030574","collagen catabolic process","1/9","45/18860",0.0222222222222222,46.5679012345679,6.68692666171898,0.0212746773370057,0.0377828969099828,0.0087864356214956,"MMP9",1
"BP","GO:0032088","negative regulation of NF-kappaB transcription factor activity","1/9","45/18860",0.0222222222222222,46.5679012345679,6.68692666171898,0.0212746773370057,0.0377828969099828,0.0087864356214956,"SIRT1",1
"BP","GO:0048634","regulation of muscle organ development","1/9","45/18860",0.0222222222222222,46.5679012345679,6.68692666171898,0.0212746773370057,0.0377828969099828,0.0087864356214956,"BCL2",1
"BP","GO:0072595","maintenance of protein localization in organelle","1/9","45/18860",0.0222222222222222,46.5679012345679,6.68692666171898,0.0212746773370057,0.0377828969099828,0.0087864356214956,"AKT1",1
"BP","GO:0120033","negative regulation of plasma membrane bounded cell projection assembly","1/9","45/18860",0.0222222222222222,46.5679012345679,6.68692666171898,0.0212746773370057,0.0377828969099828,0.0087864356214956,"AKT1",1
"BP","GO:0030279","negative regulation of ossification","1/9","46/18860",0.0217391304347826,45.5555555555556,6.61079359185884,0.0217428425192524,0.038488147160986,0.00895044199565602,"BCL2",1
"BP","GO:0043001","Golgi to plasma membrane protein transport","1/9","46/18860",0.0217391304347826,45.5555555555556,6.61079359185884,0.0217428425192524,0.038488147160986,0.00895044199565602,"AKT1",1
"BP","GO:0140448","signaling receptor ligand precursor processing","1/9","46/18860",0.0217391304347826,45.5555555555556,6.61079359185884,0.0217428425192524,0.038488147160986,0.00895044199565602,"CASP1",1
"BP","GO:0000731","DNA synthesis involved in DNA repair","1/9","47/18860",0.0212765957446809,44.5862884160756,6.53707063680992,0.0222108086305167,0.0388928491644285,0.00904455569232702,"SIRT1",1
"BP","GO:0006953","acute-phase response","1/9","47/18860",0.0212765957446809,44.5862884160756,6.53707063680992,0.0222108086305167,0.0388928491644285,0.00904455569232702,"PTGS2",1
"BP","GO:0014911","positive regulation of smooth muscle cell migration","1/9","47/18860",0.0212765957446809,44.5862884160756,6.53707063680992,0.0222108086305167,0.0388928491644285,0.00904455569232702,"BCL2",1
"BP","GO:0031018","endocrine pancreas development","1/9","47/18860",0.0212765957446809,44.5862884160756,6.53707063680992,0.0222108086305167,0.0388928491644285,0.00904455569232702,"AKT1",1
"BP","GO:0045663","positive regulation of myoblast differentiation","1/9","47/18860",0.0212765957446809,44.5862884160756,6.53707063680992,0.0222108086305167,0.0388928491644285,0.00904455569232702,"MAPK14",1
"BP","GO:0046633","alpha-beta T cell proliferation","1/9","47/18860",0.0212765957446809,44.5862884160756,6.53707063680992,0.0222108086305167,0.0388928491644285,0.00904455569232702,"PTPRC",1
"BP","GO:0051101","regulation of DNA binding","1/9","47/18860",0.0212765957446809,44.5862884160756,6.53707063680992,0.0222108086305167,0.0388928491644285,0.00904455569232702,"MMP9",1
"BP","GO:0070328","triglyceride homeostasis","1/9","47/18860",0.0212765957446809,44.5862884160756,6.53707063680992,0.0222108086305167,0.0388928491644285,0.00904455569232702,"SIRT1",1
"BP","GO:0071364","cellular response to epidermal growth factor stimulus","1/9","47/18860",0.0212765957446809,44.5862884160756,6.53707063680992,0.0222108086305167,0.0388928491644285,0.00904455569232702,"AKT1",1
"BP","GO:0090207","regulation of triglyceride metabolic process","1/9","47/18860",0.0212765957446809,44.5862884160756,6.53707063680992,0.0222108086305167,0.0388928491644285,0.00904455569232702,"SIRT1",1
"BP","GO:0016049","cell growth","2/9","499/18860",0.00400801603206413,8.39902026274772,3.66007270483282,0.0222353529456125,0.0388939166163835,0.00904480392892741,"AKT1/BCL2",2
"BP","GO:0001662","behavioral fear response","1/9","48/18860",0.0208333333333333,43.6574074074074,6.46563194261236,0.0226785757448699,0.0393305075618074,0.00914633341842193,"BCL2",1
"BP","GO:0001774","microglial cell activation","1/9","48/18860",0.0208333333333333,43.6574074074074,6.46563194261236,0.0226785757448699,0.0393305075618074,0.00914633341842193,"PTPRC",1
"BP","GO:0001914","regulation of T cell mediated cytotoxicity","1/9","48/18860",0.0208333333333333,43.6574074074074,6.46563194261236,0.0226785757448699,0.0393305075618074,0.00914633341842193,"PTPRC",1
"BP","GO:0031641","regulation of myelination","1/9","48/18860",0.0208333333333333,43.6574074074074,6.46563194261236,0.0226785757448699,0.0393305075618074,0.00914633341842193,"AKT1",1
"BP","GO:0042789","mRNA transcription by RNA polymerase II","1/9","48/18860",0.0208333333333333,43.6574074074074,6.46563194261236,0.0226785757448699,0.0393305075618074,0.00914633341842193,"PPARG",1
"BP","GO:0048066","developmental pigmentation","1/9","48/18860",0.0208333333333333,43.6574074074074,6.46563194261236,0.0226785757448699,0.0393305075618074,0.00914633341842193,"BCL2",1
"BP","GO:0055090","acylglycerol homeostasis","1/9","48/18860",0.0208333333333333,43.6574074074074,6.46563194261236,0.0226785757448699,0.0393305075618074,0.00914633341842193,"SIRT1",1
"BP","GO:0060043","regulation of cardiac muscle cell proliferation","1/9","48/18860",0.0208333333333333,43.6574074074074,6.46563194261236,0.0226785757448699,0.0393305075618074,0.00914633341842193,"MAPK14",1
"BP","GO:0002209","behavioral defense response","1/9","49/18860",0.0204081632653061,42.766439909297,6.39636068125014,0.0231461439363587,0.0398015702609343,0.00925587933517436,"BCL2",1
"BP","GO:0002673","regulation of acute inflammatory response","1/9","49/18860",0.0204081632653061,42.766439909297,6.39636068125014,0.0231461439363587,0.0398015702609343,0.00925587933517436,"PTGS2",1
"BP","GO:0002861","regulation of inflammatory response to antigenic stimulus","1/9","49/18860",0.0204081632653061,42.766439909297,6.39636068125014,0.0231461439363587,0.0398015702609343,0.00925587933517436,"MAPK14",1
"BP","GO:0007520","myoblast fusion","1/9","49/18860",0.0204081632653061,42.766439909297,6.39636068125014,0.0231461439363587,0.0398015702609343,0.00925587933517436,"MAPK14",1
"BP","GO:0032881","regulation of polysaccharide metabolic process","1/9","49/18860",0.0204081632653061,42.766439909297,6.39636068125014,0.0231461439363587,0.0398015702609343,0.00925587933517436,"AKT1",1
"BP","GO:0035094","response to nicotine","1/9","49/18860",0.0204081632653061,42.766439909297,6.39636068125014,0.0231461439363587,0.0398015702609343,0.00925587933517436,"BCL2",1
"BP","GO:0051099","positive regulation of binding","1/9","49/18860",0.0204081632653061,42.766439909297,6.39636068125014,0.0231461439363587,0.0398015702609343,0.00925587933517436,"MMP9",1
"BP","GO:0060711","labyrinthine layer development","1/9","49/18860",0.0204081632653061,42.766439909297,6.39636068125014,0.0231461439363587,0.0398015702609343,0.00925587933517436,"AKT1",1
"BP","GO:0002920","regulation of humoral immune response","1/9","50/18860",0.02,41.9111111111111,6.32914823468135,0.023613513279008,0.0402221793274507,0.00935369222902334,"PTPRC",1
"BP","GO:0010634","positive regulation of epithelial cell migration","1/9","50/18860",0.02,41.9111111111111,6.32914823468135,0.023613513279008,0.0402221793274507,0.00935369222902334,"MMP9",1
"BP","GO:0010824","regulation of centrosome duplication","1/9","50/18860",0.02,41.9111111111111,6.32914823468135,0.023613513279008,0.0402221793274507,0.00935369222902334,"SIRT1",1
"BP","GO:0014037","Schwann cell differentiation","1/9","50/18860",0.02,41.9111111111111,6.32914823468135,0.023613513279008,0.0402221793274507,0.00935369222902334,"AKT1",1
"BP","GO:0022602","ovulation cycle process","1/9","50/18860",0.02,41.9111111111111,6.32914823468135,0.023613513279008,0.0402221793274507,0.00935369222902334,"SIRT1",1
"BP","GO:0031295","T cell costimulation","1/9","50/18860",0.02,41.9111111111111,6.32914823468135,0.023613513279008,0.0402221793274507,0.00935369222902334,"AKT1",1
"BP","GO:0035850","epithelial cell differentiation involved in kidney development","1/9","50/18860",0.02,41.9111111111111,6.32914823468135,0.023613513279008,0.0402221793274507,0.00935369222902334,"MMP9",1
"BP","GO:0045947","negative regulation of translational initiation","1/9","50/18860",0.02,41.9111111111111,6.32914823468135,0.023613513279008,0.0402221793274507,0.00935369222902334,"AKT1",1
"BP","GO:0051150","regulation of smooth muscle cell differentiation","1/9","50/18860",0.02,41.9111111111111,6.32914823468135,0.023613513279008,0.0402221793274507,0.00935369222902334,"SIRT1",1
"BP","GO:0002269","leukocyte activation involved in inflammatory response","1/9","51/18860",0.0196078431372549,41.0893246187364,6.2638934672722,0.0240806838468173,0.0405083967402464,0.00942025226218525,"PTPRC",1
"BP","GO:0008206","bile acid metabolic process","1/9","51/18860",0.0196078431372549,41.0893246187364,6.2638934672722,0.0240806838468173,0.0405083967402464,0.00942025226218525,"SIRT1",1
"BP","GO:0031294","lymphocyte costimulation","1/9","51/18860",0.0196078431372549,41.0893246187364,6.2638934672722,0.0240806838468173,0.0405083967402464,0.00942025226218525,"AKT1",1
"BP","GO:0032094","response to food","1/9","51/18860",0.0196078431372549,41.0893246187364,6.2638934672722,0.0240806838468173,0.0405083967402464,0.00942025226218525,"AKT1",1
"BP","GO:0045948","positive regulation of translational initiation","1/9","51/18860",0.0196078431372549,41.0893246187364,6.2638934672722,0.0240806838468173,0.0405083967402464,0.00942025226218525,"AKT1",1
"BP","GO:0046460","neutral lipid biosynthetic process","1/9","51/18860",0.0196078431372549,41.0893246187364,6.2638934672722,0.0240806838468173,0.0405083967402464,0.00942025226218525,"SIRT1",1
"BP","GO:0046463","acylglycerol biosynthetic process","1/9","51/18860",0.0196078431372549,41.0893246187364,6.2638934672722,0.0240806838468173,0.0405083967402464,0.00942025226218525,"SIRT1",1
"BP","GO:0048538","thymus development","1/9","51/18860",0.0196078431372549,41.0893246187364,6.2638934672722,0.0240806838468173,0.0405083967402464,0.00942025226218525,"BCL2",1
"BP","GO:0061082","myeloid leukocyte cytokine production","1/9","51/18860",0.0196078431372549,41.0893246187364,6.2638934672722,0.0240806838468173,0.0405083967402464,0.00942025226218525,"SIRT1",1
"BP","GO:1902116","negative regulation of organelle assembly","1/9","51/18860",0.0196078431372549,41.0893246187364,6.2638934672722,0.0240806838468173,0.0405083967402464,0.00942025226218525,"AKT1",1
"BP","GO:1903573","negative regulation of response to endoplasmic reticulum stress","1/9","51/18860",0.0196078431372549,41.0893246187364,6.2638934672722,0.0240806838468173,0.0405083967402464,0.00942025226218525,"AKT1",1
"BP","GO:1990090","cellular response to nerve growth factor stimulus","1/9","51/18860",0.0196078431372549,41.0893246187364,6.2638934672722,0.0240806838468173,0.0405083967402464,0.00942025226218525,"AKT1",1
"BP","GO:0002455","humoral immune response mediated by circulating immunoglobulin","1/9","52/18860",0.0192307692307692,40.2991452991453,6.20050207553264,0.0245476557137628,0.040912759522938,0.00951428707286462,"PTPRC",1
"BP","GO:0010559","regulation of glycoprotein biosynthetic process","1/9","52/18860",0.0192307692307692,40.2991452991453,6.20050207553264,0.0245476557137628,0.040912759522938,0.00951428707286462,"BCL2",1
"BP","GO:0030521","androgen receptor signaling pathway","1/9","52/18860",0.0192307692307692,40.2991452991453,6.20050207553264,0.0245476557137628,0.040912759522938,0.00951428707286462,"SIRT1",1
"BP","GO:0032369","negative regulation of lipid transport","1/9","52/18860",0.0192307692307692,40.2991452991453,6.20050207553264,0.0245476557137628,0.040912759522938,0.00951428707286462,"AKT1",1
"BP","GO:0045646","regulation of erythrocyte differentiation","1/9","52/18860",0.0192307692307692,40.2991452991453,6.20050207553264,0.0245476557137628,0.040912759522938,0.00951428707286462,"MAPK14",1
"BP","GO:0051403","stress-activated MAPK cascade","1/9","52/18860",0.0192307692307692,40.2991452991453,6.20050207553264,0.0245476557137628,0.040912759522938,0.00951428707286462,"MAPK14",1
"BP","GO:0070849","response to epidermal growth factor","1/9","52/18860",0.0192307692307692,40.2991452991453,6.20050207553264,0.0245476557137628,0.040912759522938,0.00951428707286462,"AKT1",1
"BP","GO:0140353","lipid export from cell","1/9","52/18860",0.0192307692307692,40.2991452991453,6.20050207553264,0.0245476557137628,0.040912759522938,0.00951428707286462,"PTGS2",1
"BP","GO:1905562","regulation of vascular endothelial cell proliferation","1/9","52/18860",0.0192307692307692,40.2991452991453,6.20050207553264,0.0245476557137628,0.040912759522938,0.00951428707286462,"PPARG",1
"BP","GO:0003254","regulation of membrane depolarization","1/9","53/18860",0.0188679245283019,39.538784067086,6.13888600562992,0.025014428953798,0.041225605527304,0.00958703960116738,"BCL2",1
"BP","GO:0019369","arachidonate metabolic process","1/9","53/18860",0.0188679245283019,39.538784067086,6.13888600562992,0.025014428953798,0.041225605527304,0.00958703960116738,"PTGS2",1
"BP","GO:0035987","endodermal cell differentiation","1/9","53/18860",0.0188679245283019,39.538784067086,6.13888600562992,0.025014428953798,0.041225605527304,0.00958703960116738,"MMP9",1
"BP","GO:0048013","ephrin receptor signaling pathway","1/9","53/18860",0.0188679245283019,39.538784067086,6.13888600562992,0.025014428953798,0.041225605527304,0.00958703960116738,"MMP9",1
"BP","GO:0048546","digestive tract morphogenesis","1/9","53/18860",0.0188679245283019,39.538784067086,6.13888600562992,0.025014428953798,0.041225605527304,0.00958703960116738,"BCL2",1
"BP","GO:0050856","regulation of T cell receptor signaling pathway","1/9","53/18860",0.0188679245283019,39.538784067086,6.13888600562992,0.025014428953798,0.041225605527304,0.00958703960116738,"PTPRC",1
"BP","GO:0051985","negative regulation of chromosome segregation","1/9","53/18860",0.0188679245283019,39.538784067086,6.13888600562992,0.025014428953798,0.041225605527304,0.00958703960116738,"SIRT1",1
"BP","GO:0085029","extracellular matrix assembly","1/9","53/18860",0.0188679245283019,39.538784067086,6.13888600562992,0.025014428953798,0.041225605527304,0.00958703960116738,"PPARG",1
"BP","GO:0101023","vascular endothelial cell proliferation","1/9","53/18860",0.0188679245283019,39.538784067086,6.13888600562992,0.025014428953798,0.041225605527304,0.00958703960116738,"PPARG",1
"BP","GO:0140467","integrated stress response signaling","1/9","53/18860",0.0188679245283019,39.538784067086,6.13888600562992,0.025014428953798,0.041225605527304,0.00958703960116738,"AKT1",1
"BP","GO:1904707","positive regulation of vascular associated smooth muscle cell proliferation","1/9","53/18860",0.0188679245283019,39.538784067086,6.13888600562992,0.025014428953798,0.041225605527304,0.00958703960116738,"MMP9",1
"BP","GO:0031103","axon regeneration","1/9","54/18860",0.0185185185185185,38.8065843621399,6.07896293048528,0.0254810036408516,0.041824879713519,0.00972640117710337,"BCL2",1
"BP","GO:0042596","fear response","1/9","54/18860",0.0185185185185185,38.8065843621399,6.07896293048528,0.0254810036408516,0.041824879713519,0.00972640117710337,"BCL2",1
"BP","GO:0048009","insulin-like growth factor receptor signaling pathway","1/9","54/18860",0.0185185185185185,38.8065843621399,6.07896293048528,0.0254810036408516,0.041824879713519,0.00972640117710337,"AKT1",1
"BP","GO:1990089","response to nerve growth factor","1/9","54/18860",0.0185185185185185,38.8065843621399,6.07896293048528,0.0254810036408516,0.041824879713519,0.00972640117710337,"AKT1",1
"BP","GO:0002204","somatic recombination of immunoglobulin genes involved in immune response","1/9","55/18860",0.0181818181818182,38.1010101010101,6.02065577938115,0.0259473798488291,0.0422489902348169,0.0098250283363882,"PTPRC",1
"BP","GO:0002208","somatic diversification of immunoglobulins involved in immune response","1/9","55/18860",0.0181818181818182,38.1010101010101,6.02065577938115,0.0259473798488291,0.0422489902348169,0.0098250283363882,"PTPRC",1
"BP","GO:0006984","ER-nucleus signaling pathway","1/9","55/18860",0.0181818181818182,38.1010101010101,6.02065577938115,0.0259473798488291,0.0422489902348169,0.0098250283363882,"AKT1",1
"BP","GO:0008608","attachment of spindle microtubules to kinetochore","1/9","55/18860",0.0181818181818182,38.1010101010101,6.02065577938115,0.0259473798488291,0.0422489902348169,0.0098250283363882,"SIRT1",1
"BP","GO:0030857","negative regulation of epithelial cell differentiation","1/9","55/18860",0.0181818181818182,38.1010101010101,6.02065577938115,0.0259473798488291,0.0422489902348169,0.0098250283363882,"MMP9",1
"BP","GO:0042551","neuron maturation","1/9","55/18860",0.0181818181818182,38.1010101010101,6.02065577938115,0.0259473798488291,0.0422489902348169,0.0098250283363882,"BCL2",1
"BP","GO:0045190","isotype switching","1/9","55/18860",0.0181818181818182,38.1010101010101,6.02065577938115,0.0259473798488291,0.0422489902348169,0.0098250283363882,"PTPRC",1
"BP","GO:2000648","positive regulation of stem cell proliferation","1/9","55/18860",0.0181818181818182,38.1010101010101,6.02065577938115,0.0259473798488291,0.0422489902348169,0.0098250283363882,"PTPRC",1
"BP","GO:0006111","regulation of gluconeogenesis","1/9","56/18860",0.0178571428571429,37.4206349206349,5.963892313958,0.0264135576516135,0.042708488740171,0.00993188499285596,"SIRT1",1
"BP","GO:0031098","stress-activated protein kinase signaling cascade","1/9","56/18860",0.0178571428571429,37.4206349206349,5.963892313958,0.0264135576516135,0.042708488740171,0.00993188499285596,"MAPK14",1
"BP","GO:0061900","glial cell activation","1/9","56/18860",0.0178571428571429,37.4206349206349,5.963892313958,0.0264135576516135,0.042708488740171,0.00993188499285596,"PTPRC",1
"BP","GO:0071902","positive regulation of protein serine/threonine kinase activity","1/9","56/18860",0.0178571428571429,37.4206349206349,5.963892313958,0.0264135576516135,0.042708488740171,0.00993188499285596,"SIRT1",1
"BP","GO:1900087","positive regulation of G1/S transition of mitotic cell cycle","1/9","56/18860",0.0178571428571429,37.4206349206349,5.963892313958,0.0264135576516135,0.042708488740171,0.00993188499285596,"AKT1",1
"BP","GO:1902895","positive regulation of miRNA transcription","1/9","56/18860",0.0178571428571429,37.4206349206349,5.963892313958,0.0264135576516135,0.042708488740171,0.00993188499285596,"PPARG",1
"BP","GO:2000772","regulation of cellular senescence","1/9","56/18860",0.0178571428571429,37.4206349206349,5.963892313958,0.0264135576516135,0.042708488740171,0.00993188499285596,"SIRT1",1
"BP","GO:0002686","negative regulation of leukocyte migration","1/9","57/18860",0.0175438596491228,36.7641325536062,5.90860474528845,0.026879537123063,0.0432896410554781,0.0100670323167071,"AKT1",1
"BP","GO:0014888","striated muscle adaptation","1/9","57/18860",0.0175438596491228,36.7641325536062,5.90860474528845,0.026879537123063,0.0432896410554781,0.0100670323167071,"PPARG",1
"BP","GO:0033047","regulation of mitotic sister chromatid segregation","1/9","57/18860",0.0175438596491228,36.7641325536062,5.90860474528845,0.026879537123063,0.0432896410554781,0.0100670323167071,"SIRT1",1
"BP","GO:1903351","cellular response to dopamine","1/9","57/18860",0.0175438596491228,36.7641325536062,5.90860474528845,0.026879537123063,0.0432896410554781,0.0100670323167071,"AKT1",1
"BP","GO:0010761","fibroblast migration","1/9","58/18860",0.0172413793103448,36.1302681992337,5.85472938740638,0.0273453183370125,0.043779450539552,0.0101809378096837,"AKT1",1
"BP","GO:0051452","intracellular pH reduction","1/9","58/18860",0.0172413793103448,36.1302681992337,5.85472938740638,0.0273453183370125,0.043779450539552,0.0101809378096837,"BCL2",1
"BP","GO:0051926","negative regulation of calcium ion transport","1/9","58/18860",0.0172413793103448,36.1302681992337,5.85472938740638,0.0273453183370125,0.043779450539552,0.0101809378096837,"BCL2",1
"BP","GO:1903350","response to dopamine","1/9","58/18860",0.0172413793103448,36.1302681992337,5.85472938740638,0.0273453183370125,0.043779450539552,0.0101809378096837,"AKT1",1
"BP","GO:1904035","regulation of epithelial cell apoptotic process","1/9","58/18860",0.0172413793103448,36.1302681992337,5.85472938740638,0.0273453183370125,0.043779450539552,0.0101809378096837,"BCL2",1
"BP","GO:2000107","negative regulation of leukocyte apoptotic process","1/9","58/18860",0.0172413793103448,36.1302681992337,5.85472938740638,0.0273453183370125,0.043779450539552,0.0101809378096837,"BCL2",1
"BP","GO:0000271","polysaccharide biosynthetic process","1/9","59/18860",0.0169491525423729,35.5178907721281,5.80220634325858,0.0278109013672736,0.0440474802356916,0.010243268278292,"AKT1",1
"BP","GO:0002381","immunoglobulin production involved in immunoglobulin-mediated immune response","1/9","59/18860",0.0169491525423729,35.5178907721281,5.80220634325858,0.0278109013672736,0.0440474802356916,0.010243268278292,"PTPRC",1
"BP","GO:0002639","positive regulation of immunoglobulin production","1/9","59/18860",0.0169491525423729,35.5178907721281,5.80220634325858,0.0278109013672736,0.0440474802356916,0.010243268278292,"PTPRC",1
"BP","GO:0032507","maintenance of protein location in cell","1/9","59/18860",0.0169491525423729,35.5178907721281,5.80220634325858,0.0278109013672736,0.0440474802356916,0.010243268278292,"AKT1",1
"BP","GO:0046605","regulation of centrosome cycle","1/9","59/18860",0.0169491525423729,35.5178907721281,5.80220634325858,0.0278109013672736,0.0440474802356916,0.010243268278292,"SIRT1",1
"BP","GO:0046902","regulation of mitochondrial membrane permeability","1/9","59/18860",0.0169491525423729,35.5178907721281,5.80220634325858,0.0278109013672736,0.0440474802356916,0.010243268278292,"BCL2",1
"BP","GO:0050850","positive regulation of calcium-mediated signaling","1/9","59/18860",0.0169491525423729,35.5178907721281,5.80220634325858,0.0278109013672736,0.0440474802356916,0.010243268278292,"PTPRC",1
"BP","GO:0061005","cell differentiation involved in kidney development","1/9","59/18860",0.0169491525423729,35.5178907721281,5.80220634325858,0.0278109013672736,0.0440474802356916,0.010243268278292,"MMP9",1
"BP","GO:0090181","regulation of cholesterol metabolic process","1/9","59/18860",0.0169491525423729,35.5178907721281,5.80220634325858,0.0278109013672736,0.0440474802356916,0.010243268278292,"AKT1",1
"BP","GO:1903018","regulation of glycoprotein metabolic process","1/9","59/18860",0.0169491525423729,35.5178907721281,5.80220634325858,0.0278109013672736,0.0440474802356916,0.010243268278292,"BCL2",1
"BP","GO:2001238","positive regulation of extrinsic apoptotic signaling pathway","1/9","59/18860",0.0169491525423729,35.5178907721281,5.80220634325858,0.0278109013672736,0.0440474802356916,0.010243268278292,"PTPRC",1
"BP","GO:0019748","secondary metabolic process","1/9","60/18860",0.0166666666666667,34.9259259259259,5.75097921955271,0.0282762862876335,0.0446106458421402,0.010374232782075,"BCL2",1
"BP","GO:0031102","neuron projection regeneration","1/9","60/18860",0.0166666666666667,34.9259259259259,5.75097921955271,0.0282762862876335,0.0446106458421402,0.010374232782075,"BCL2",1
"BP","GO:0031648","protein destabilization","1/9","60/18860",0.0166666666666667,34.9259259259259,5.75097921955271,0.0282762862876335,0.0446106458421402,0.010374232782075,"SIRT1",1
"BP","GO:1902930","regulation of alcohol biosynthetic process","1/9","60/18860",0.0166666666666667,34.9259259259259,5.75097921955271,0.0282762862876335,0.0446106458421402,0.010374232782075,"AKT1",1
"BP","GO:0001658","branching involved in ureteric bud morphogenesis","1/9","61/18860",0.0163934426229508,34.3533697632058,5.70099486741054,0.0287414731718579,0.0449950808326292,0.0104636333725758,"BCL2",1
"BP","GO:0001913","T cell mediated cytotoxicity","1/9","61/18860",0.0163934426229508,34.3533697632058,5.70099486741054,0.0287414731718579,0.0449950808326292,0.0104636333725758,"PTPRC",1
"BP","GO:0009299","mRNA transcription","1/9","61/18860",0.0163934426229508,34.3533697632058,5.70099486741054,0.0287414731718579,0.0449950808326292,0.0104636333725758,"PPARG",1
"BP","GO:0034113","heterotypic cell-cell adhesion","1/9","61/18860",0.0163934426229508,34.3533697632058,5.70099486741054,0.0287414731718579,0.0449950808326292,0.0104636333725758,"PTPRC",1
"BP","GO:0043030","regulation of macrophage activation","1/9","61/18860",0.0163934426229508,34.3533697632058,5.70099486741054,0.0287414731718579,0.0449950808326292,0.0104636333725758,"PTPRC",1
"BP","GO:0060986","endocrine hormone secretion","1/9","61/18860",0.0163934426229508,34.3533697632058,5.70099486741054,0.0287414731718579,0.0449950808326292,0.0104636333725758,"PPARG",1
"BP","GO:0071715","icosanoid transport","1/9","61/18860",0.0163934426229508,34.3533697632058,5.70099486741054,0.0287414731718579,0.0449950808326292,0.0104636333725758,"PTGS2",1
"BP","GO:1904645","response to amyloid-beta","1/9","61/18860",0.0163934426229508,34.3533697632058,5.70099486741054,0.0287414731718579,0.0449950808326292,0.0104636333725758,"MMP9",1
"BP","GO:0001541","ovarian follicle development","1/9","62/18860",0.0161290322580645,33.7992831541219,5.65220314611077,0.0292064620936863,0.0453733278224094,0.0105515949397538,"BCL2",1
"BP","GO:0001706","endoderm formation","1/9","62/18860",0.0161290322580645,33.7992831541219,5.65220314611077,0.0292064620936863,0.0453733278224094,0.0105515949397538,"MMP9",1
"BP","GO:0002712","regulation of B cell mediated immunity","1/9","62/18860",0.0161290322580645,33.7992831541219,5.65220314611077,0.0292064620936863,0.0453733278224094,0.0105515949397538,"PTPRC",1
"BP","GO:0002889","regulation of immunoglobulin mediated immune response","1/9","62/18860",0.0161290322580645,33.7992831541219,5.65220314611077,0.0292064620936863,0.0453733278224094,0.0105515949397538,"PTPRC",1
"BP","GO:0010574","regulation of vascular endothelial growth factor production","1/9","62/18860",0.0161290322580645,33.7992831541219,5.65220314611077,0.0292064620936863,0.0453733278224094,0.0105515949397538,"PTGS2",1
"BP","GO:0042306","regulation of protein import into nucleus","1/9","62/18860",0.0161290322580645,33.7992831541219,5.65220314611077,0.0292064620936863,0.0453733278224094,0.0105515949397538,"MAPK14",1
"BP","GO:0045599","negative regulation of fat cell differentiation","1/9","62/18860",0.0161290322580645,33.7992831541219,5.65220314611077,0.0292064620936863,0.0453733278224094,0.0105515949397538,"SIRT1",1
"BP","GO:0071870","cellular response to catecholamine stimulus","1/9","62/18860",0.0161290322580645,33.7992831541219,5.65220314611077,0.0292064620936863,0.0453733278224094,0.0105515949397538,"AKT1",1
"BP","GO:0002931","response to ischemia","1/9","63/18860",0.0158730158730159,33.2627865961199,5.60455670753051,0.0296712531268363,0.0457021671384919,0.0106280667224088,"BCL2",1
"BP","GO:0007080","mitotic metaphase chromosome alignment","1/9","63/18860",0.0158730158730159,33.2627865961199,5.60455670753051,0.0296712531268363,0.0457021671384919,0.0106280667224088,"SIRT1",1
"BP","GO:0016447","somatic recombination of immunoglobulin gene segments","1/9","63/18860",0.0158730158730159,33.2627865961199,5.60455670753051,0.0296712531268363,0.0457021671384919,0.0106280667224088,"PTPRC",1
"BP","GO:0031146","SCF-dependent proteasomal ubiquitin-dependent protein catabolic process","1/9","63/18860",0.0158730158730159,33.2627865961199,5.60455670753051,0.0296712531268363,0.0457021671384919,0.0106280667224088,"AKT1",1
"BP","GO:0046824","positive regulation of nucleocytoplasmic transport","1/9","63/18860",0.0158730158730159,33.2627865961199,5.60455670753051,0.0296712531268363,0.0457021671384919,0.0106280667224088,"MAPK14",1
"BP","GO:0048010","vascular endothelial growth factor receptor signaling pathway","1/9","63/18860",0.0158730158730159,33.2627865961199,5.60455670753051,0.0296712531268363,0.0457021671384919,0.0106280667224088,"MAPK14",1
"BP","GO:0060038","cardiac muscle cell proliferation","1/9","63/18860",0.0158730158730159,33.2627865961199,5.60455670753051,0.0296712531268363,0.0457021671384919,0.0106280667224088,"MAPK14",1
"BP","GO:0070228","regulation of lymphocyte apoptotic process","1/9","63/18860",0.0158730158730159,33.2627865961199,5.60455670753051,0.0296712531268363,0.0457021671384919,0.0106280667224088,"BCL2",1
"BP","GO:0140719","constitutive heterochromatin formation","1/9","63/18860",0.0158730158730159,33.2627865961199,5.60455670753051,0.0296712531268363,0.0457021671384919,0.0106280667224088,"SIRT1",1
"BP","GO:0000768","syncytium formation by plasma membrane fusion","1/9","64/18860",0.015625,32.7430555555556,5.55801079917532,0.030135846345002,0.046111817618294,0.0107233311902624,"MAPK14",1
"BP","GO:0032615","interleukin-12 production","1/9","64/18860",0.015625,32.7430555555556,5.55801079917532,0.030135846345002,0.046111817618294,0.0107233311902624,"MAPK14",1
"BP","GO:0032655","regulation of interleukin-12 production","1/9","64/18860",0.015625,32.7430555555556,5.55801079917532,0.030135846345002,0.046111817618294,0.0107233311902624,"MAPK14",1
"BP","GO:0034198","cellular response to amino acid starvation","1/9","64/18860",0.015625,32.7430555555556,5.55801079917532,0.030135846345002,0.046111817618294,0.0107233311902624,"AKT1",1
"BP","GO:0071868","cellular response to monoamine stimulus","1/9","64/18860",0.015625,32.7430555555556,5.55801079917532,0.030135846345002,0.046111817618294,0.0107233311902624,"AKT1",1
"BP","GO:0071869","response to catecholamine","1/9","64/18860",0.015625,32.7430555555556,5.55801079917532,0.030135846345002,0.046111817618294,0.0107233311902624,"AKT1",1
"BP","GO:0140253","cell-cell fusion","1/9","64/18860",0.015625,32.7430555555556,5.55801079917532,0.030135846345002,0.046111817618294,0.0107233311902624,"MAPK14",1
"BP","GO:0001961","positive regulation of cytokine-mediated signaling pathway","1/9","65/18860",0.0153846153846154,32.2393162393162,5.51252308393245,0.0306002418218535,0.0465593567045992,0.0108274066765675,"CASP1",1
"BP","GO:0010573","vascular endothelial growth factor production","1/9","65/18860",0.0153846153846154,32.2393162393162,5.51252308393245,0.0306002418218535,0.0465593567045992,0.0108274066765675,"PTGS2",1
"BP","GO:0033059","cellular pigmentation","1/9","65/18860",0.0153846153846154,32.2393162393162,5.51252308393245,0.0306002418218535,0.0465593567045992,0.0108274066765675,"BCL2",1
"BP","GO:0039532","negative regulation of cytoplasmic pattern recognition receptor signaling pathway","1/9","65/18860",0.0153846153846154,32.2393162393162,5.51252308393245,0.0306002418218535,0.0465593567045992,0.0108274066765675,"AKT1",1
"BP","GO:0050994","regulation of lipid catabolic process","1/9","65/18860",0.0153846153846154,32.2393162393162,5.51252308393245,0.0306002418218535,0.0465593567045992,0.0108274066765675,"AKT1",1
"BP","GO:2000630","positive regulation of miRNA metabolic process","1/9","65/18860",0.0153846153846154,32.2393162393162,5.51252308393245,0.0306002418218535,0.0465593567045992,0.0108274066765675,"PPARG",1
"BP","GO:0032623","interleukin-2 production","1/9","66/18860",0.0151515151515152,31.7508417508418,5.46805347489458,0.0310644396310366,0.0470015962760097,0.0109302497574656,"PTPRC",1
"BP","GO:0032663","regulation of interleukin-2 production","1/9","66/18860",0.0151515151515152,31.7508417508418,5.46805347489458,0.0310644396310366,0.0470015962760097,0.0109302497574656,"PTPRC",1
"BP","GO:0032731","positive regulation of interleukin-1 beta production","1/9","66/18860",0.0151515151515152,31.7508417508418,5.46805347489458,0.0310644396310366,0.0470015962760097,0.0109302497574656,"CASP1",1
"BP","GO:0034605","cellular response to heat","1/9","66/18860",0.0151515151515152,31.7508417508418,5.46805347489458,0.0310644396310366,0.0470015962760097,0.0109302497574656,"SIRT1",1
"BP","GO:0071867","response to monoamine","1/9","66/18860",0.0151515151515152,31.7508417508418,5.46805347489458,0.0310644396310366,0.0470015962760097,0.0109302497574656,"AKT1",1
"BP","GO:0140632","canonical inflammasome complex assembly","1/9","66/18860",0.0151515151515152,31.7508417508418,5.46805347489458,0.0310644396310366,0.0470015962760097,0.0109302497574656,"MAPK14",1
"BP","GO:0006949","syncytium formation","1/9","67/18860",0.0149253731343284,31.2769485903814,5.42456398378679,0.0315284398461757,0.0473947407493391,0.01102167574349,"MAPK14",1
"BP","GO:0032922","circadian regulation of gene expression","1/9","67/18860",0.0149253731343284,31.2769485903814,5.42456398378679,0.0315284398461757,0.0473947407493391,0.01102167574349,"SIRT1",1
"BP","GO:0045185","maintenance of protein location","1/9","67/18860",0.0149253731343284,31.2769485903814,5.42456398378679,0.0315284398461757,0.0473947407493391,0.01102167574349,"AKT1",1
"BP","GO:0048599","oocyte development","1/9","67/18860",0.0149253731343284,31.2769485903814,5.42456398378679,0.0315284398461757,0.0473947407493391,0.01102167574349,"BCL2",1
"BP","GO:0060675","ureteric bud morphogenesis","1/9","67/18860",0.0149253731343284,31.2769485903814,5.42456398378679,0.0315284398461757,0.0473947407493391,0.01102167574349,"BCL2",1
"BP","GO:1903317","regulation of protein maturation","1/9","67/18860",0.0149253731343284,31.2769485903814,5.42456398378679,0.0315284398461757,0.0473947407493391,0.01102167574349,"AKT1",1
"BP","GO:1990928","response to amino acid starvation","1/9","67/18860",0.0149253731343284,31.2769485903814,5.42456398378679,0.0315284398461757,0.0473947407493391,0.01102167574349,"AKT1",1
"BP","GO:0034394","protein localization to cell surface","1/9","68/18860",0.0147058823529412,30.8169934640523,5.38201858169223,0.0319922425408696,0.0477386539292132,0.0111016529623239,"AKT1",1
"BP","GO:0038066","p38MAPK cascade","1/9","68/18860",0.0147058823529412,30.8169934640523,5.38201858169223,0.0319922425408696,0.0477386539292132,0.0111016529623239,"MAPK14",1
"BP","GO:0040014","regulation of multicellular organism growth","1/9","68/18860",0.0147058823529412,30.8169934640523,5.38201858169223,0.0319922425408696,0.0477386539292132,0.0111016529623239,"BCL2",1
"BP","GO:0042698","ovulation cycle","1/9","68/18860",0.0147058823529412,30.8169934640523,5.38201858169223,0.0319922425408696,0.0477386539292132,0.0111016529623239,"SIRT1",1
"BP","GO:0055021","regulation of cardiac muscle tissue growth","1/9","68/18860",0.0147058823529412,30.8169934640523,5.38201858169223,0.0319922425408696,0.0477386539292132,0.0111016529623239,"MAPK14",1
"BP","GO:0072171","mesonephric tubule morphogenesis","1/9","68/18860",0.0147058823529412,30.8169934640523,5.38201858169223,0.0319922425408696,0.0477386539292132,0.0111016529623239,"BCL2",1
"BP","GO:1903078","positive regulation of protein localization to plasma membrane","1/9","68/18860",0.0147058823529412,30.8169934640523,5.38201858169223,0.0319922425408696,0.0477386539292132,0.0111016529623239,"AKT1",1
"BP","GO:2001244","positive regulation of intrinsic apoptotic signaling pathway","1/9","68/18860",0.0147058823529412,30.8169934640523,5.38201858169223,0.0319922425408696,0.0477386539292132,0.0111016529623239,"SIRT1",1
"BP","GO:0002707","negative regulation of lymphocyte mediated immunity","1/9","69/18860",0.0144927536231884,30.3703703703704,5.340383070914,0.032455847788695,0.0482973925427009,0.0112315879662054,"PTPRC",1
"BP","GO:0016445","somatic diversification of immunoglobulins","1/9","69/18860",0.0144927536231884,30.3703703703704,5.340383070914,0.032455847788695,0.0482973925427009,0.0112315879662054,"PTPRC",1
"BP","GO:0048857","neural nucleus development","1/9","69/18860",0.0144927536231884,30.3703703703704,5.340383070914,0.032455847788695,0.0482973925427009,0.0112315879662054,"BCL2",1
"BP","GO:0001912","positive regulation of leukocyte mediated cytotoxicity","1/9","70/18860",0.0142857142857143,29.9365079365079,5.29962496693579,0.032919255663204,0.0487637105311818,0.0113400304976157,"PTPRC",1
"BP","GO:0002823","negative regulation of adaptive immune response based on somatic recombination of immune receptors built from immunoglobulin superfamily domains","1/9","70/18860",0.0142857142857143,29.9365079365079,5.29962496693579,0.032919255663204,0.0487637105311818,0.0113400304976157,"PTPRC",1
"BP","GO:0043433","negative regulation of DNA-binding transcription factor activity","1/9","70/18860",0.0142857142857143,29.9365079365079,5.29962496693579,0.032919255663204,0.0487637105311818,0.0113400304976157,"SIRT1",1
"BP","GO:0070585","protein localization to mitochondrion","1/9","70/18860",0.0142857142857143,29.9365079365079,5.29962496693579,0.032919255663204,0.0487637105311818,0.0113400304976157,"AKT1",1
"BP","GO:1902808","positive regulation of cell cycle G1/S phase transition","1/9","70/18860",0.0142857142857143,29.9365079365079,5.29962496693579,0.032919255663204,0.0487637105311818,0.0113400304976157,"AKT1",1
"BP","GO:0006695","cholesterol biosynthetic process","1/9","71/18860",0.0140845070422535,29.5148669796557,5.25971338955382,0.0333824662379261,0.0489147949834354,0.011375165278739,"AKT1",1
"BP","GO:0009994","oocyte differentiation","1/9","71/18860",0.0140845070422535,29.5148669796557,5.25971338955382,0.0333824662379261,0.0489147949834354,0.011375165278739,"BCL2",1
"BP","GO:0043543","protein acylation","1/9","71/18860",0.0140845070422535,29.5148669796557,5.25971338955382,0.0333824662379261,0.0489147949834354,0.011375165278739,"SIRT1",1
"BP","GO:0045668","negative regulation of osteoblast differentiation","1/9","71/18860",0.0140845070422535,29.5148669796557,5.25971338955382,0.0333824662379261,0.0489147949834354,0.011375165278739,"PPARG",1
"BP","GO:0048662","negative regulation of smooth muscle cell proliferation","1/9","71/18860",0.0140845070422535,29.5148669796557,5.25971338955382,0.0333824662379261,0.0489147949834354,0.011375165278739,"PPARG",1
"BP","GO:0061462","protein localization to lysosome","1/9","71/18860",0.0140845070422535,29.5148669796557,5.25971338955382,0.0333824662379261,0.0489147949834354,0.011375165278739,"AKT1",1
"BP","GO:0061951","establishment of protein localization to plasma membrane","1/9","71/18860",0.0140845070422535,29.5148669796557,5.25971338955382,0.0333824662379261,0.0489147949834354,0.011375165278739,"AKT1",1
"BP","GO:0070301","cellular response to hydrogen peroxide","1/9","71/18860",0.0140845070422535,29.5148669796557,5.25971338955382,0.0333824662379261,0.0489147949834354,0.011375165278739,"SIRT1",1
"BP","GO:1902653","secondary alcohol biosynthetic process","1/9","71/18860",0.0140845070422535,29.5148669796557,5.25971338955382,0.0333824662379261,0.0489147949834354,0.011375165278739,"AKT1",1
"BP","GO:1904262","negative regulation of TORC1 signaling","1/9","71/18860",0.0140845070422535,29.5148669796557,5.25971338955382,0.0333824662379261,0.0489147949834354,0.011375165278739,"AKT1",1
"BP","GO:1904263","positive regulation of TORC1 signaling","1/9","71/18860",0.0140845070422535,29.5148669796557,5.25971338955382,0.0333824662379261,0.0489147949834354,0.011375165278739,"AKT1",1
"BP","GO:2000379","positive regulation of reactive oxygen species metabolic process","1/9","71/18860",0.0140845070422535,29.5148669796557,5.25971338955382,0.0333824662379261,0.0489147949834354,0.011375165278739,"MAPK14",1
"BP","GO:0002562","somatic diversification of immune receptors via germline recombination within a single locus","1/9","72/18860",0.0138888888888889,29.1049382716049,5.22061896234956,0.0338454795863676,0.0490623589008451,0.0114094813573463,"PTPRC",1
"BP","GO:0006635","fatty acid beta-oxidation","1/9","72/18860",0.0138888888888889,29.1049382716049,5.22061896234956,0.0338454795863676,0.0490623589008451,0.0114094813573463,"AKT1",1
"BP","GO:0010632","regulation of epithelial cell migration","1/9","72/18860",0.0138888888888889,29.1049382716049,5.22061896234956,0.0338454795863676,0.0490623589008451,0.0114094813573463,"MMP9",1
"BP","GO:0016444","somatic cell DNA recombination","1/9","72/18860",0.0138888888888889,29.1049382716049,5.22061896234956,0.0338454795863676,0.0490623589008451,0.0114094813573463,"PTPRC",1
"BP","GO:0018105","peptidyl-serine phosphorylation","1/9","72/18860",0.0138888888888889,29.1049382716049,5.22061896234956,0.0338454795863676,0.0490623589008451,0.0114094813573463,"AKT1",1
"BP","GO:0022617","extracellular matrix disassembly","1/9","72/18860",0.0138888888888889,29.1049382716049,5.22061896234956,0.0338454795863676,0.0490623589008451,0.0114094813573463,"MMP9",1
"BP","GO:0032890","regulation of organic acid transport","1/9","72/18860",0.0138888888888889,29.1049382716049,5.22061896234956,0.0338454795863676,0.0490623589008451,0.0114094813573463,"AKT1",1
"BP","GO:0034142","toll-like receptor 4 signaling pathway","1/9","72/18860",0.0138888888888889,29.1049382716049,5.22061896234956,0.0338454795863676,0.0490623589008451,0.0114094813573463,"AKT1",1
"BP","GO:0042058","regulation of epidermal growth factor receptor signaling pathway","1/9","72/18860",0.0138888888888889,29.1049382716049,5.22061896234956,0.0338454795863676,0.0490623589008451,0.0114094813573463,"MMP9",1
"BP","GO:0060760","positive regulation of response to cytokine stimulus","1/9","72/18860",0.0138888888888889,29.1049382716049,5.22061896234956,0.0338454795863676,0.0490623589008451,0.0114094813573463,"CASP1",1
"BP","GO:0141084","inflammasome-mediated signaling pathway","1/9","72/18860",0.0138888888888889,29.1049382716049,5.22061896234956,0.0338454795863676,0.0490623589008451,0.0114094813573463,"MAPK14",1
"BP","GO:2000401","regulation of lymphocyte migration","1/9","72/18860",0.0138888888888889,29.1049382716049,5.22061896234956,0.0338454795863676,0.0490623589008451,0.0114094813573463,"AKT1",1
"BP","GO:0006893","Golgi to plasma membrane transport","1/9","73/18860",0.0136986301369863,28.7062404870624,5.18231371975812,0.0343082957820092,0.0496005165887589,0.0115346302544871,"AKT1",1
"BP","GO:0031343","positive regulation of cell killing","1/9","73/18860",0.0136986301369863,28.7062404870624,5.18231371975812,0.0343082957820092,0.0496005165887589,0.0115346302544871,"PTPRC",1
"BP","GO:0051055","negative regulation of lipid biosynthetic process","1/9","73/18860",0.0136986301369863,28.7062404870624,5.18231371975812,0.0343082957820092,0.0496005165887589,0.0115346302544871,"SIRT1",1
"BP","GO:0002711","positive regulation of T cell mediated immunity","1/9","74/18860",0.0135135135135135,28.3183183183183,5.14477102106334,0.0347709148983109,0.0498700235743646,0.0115973042676579,"PTPRC",1
"BP","GO:0002820","negative regulation of adaptive immune response","1/9","74/18860",0.0135135135135135,28.3183183183183,5.14477102106334,0.0347709148983109,0.0498700235743646,0.0115973042676579,"PTPRC",1
"BP","GO:0010611","regulation of cardiac muscle hypertrophy","1/9","74/18860",0.0135135135135135,28.3183183183183,5.14477102106334,0.0347709148983109,0.0498700235743646,0.0115973042676579,"PPARG",1
"BP","GO:0018209","peptidyl-serine modification","1/9","74/18860",0.0135135135135135,28.3183183183183,5.14477102106334,0.0347709148983109,0.0498700235743646,0.0115973042676579,"AKT1",1
"BP","GO:0032835","glomerulus development","1/9","74/18860",0.0135135135135135,28.3183183183183,5.14477102106334,0.0347709148983109,0.0498700235743646,0.0115973042676579,"BCL2",1
"BP","GO:0050854","regulation of antigen receptor-mediated signaling pathway","1/9","74/18860",0.0135135135135135,28.3183183183183,5.14477102106334,0.0347709148983109,0.0498700235743646,0.0115973042676579,"PTPRC",1
"BP","GO:0060420","regulation of heart growth","1/9","74/18860",0.0135135135135135,28.3183183183183,5.14477102106334,0.0347709148983109,0.0498700235743646,0.0115973042676579,"MAPK14",1
"BP","GO:0061180","mammary gland epithelium development","1/9","74/18860",0.0135135135135135,28.3183183183183,5.14477102106334,0.0347709148983109,0.0498700235743646,0.0115973042676579,"AKT1",1
"BP","GO:2000134","negative regulation of G1/S transition of mitotic cell cycle","1/9","74/18860",0.0135135135135135,28.3183183183183,5.14477102106334,0.0347709148983109,0.0498700235743646,0.0115973042676579,"BCL2",1
"CC","GO:0005637","nuclear inner membrane","2/9","56/19944",0.0357142857142857,79.1428571428571,12.4421697884624,0.000275271081626455,0.00861602825321044,0.00480150181293461,"PTGS2/SIRT1",2
"CC","GO:0031965","nuclear membrane","3/9","326/19944",0.00920245398773006,20.3926380368098,7.50113023408944,0.000337883460910213,0.00861602825321044,0.00480150181293461,"BCL2/PTGS2/SIRT1",3
"CC","GO:1904813","ficolin-1-rich granule lumen","2/9","125/19944",0.016,35.456,8.21083596187929,0.00136308589430139,0.0231724602031236,0.0129134453144342,"MAPK14/MMP9",2
"CC","GO:0101002","ficolin-1-rich granule","2/9","186/19944",0.010752688172043,23.8279569892473,6.64600106474898,0.00298310393252731,0.0354538295232859,0.0197575520563203,"MAPK14/MMP9",2
"CC","GO:0097136","Bcl-2 family protein complex","1/9","10/19944",0.1,221.6,14.8257495888278,0.00450449704038847,0.0354538295232859,0.0197575520563203,"BCL2",1
"CC","GO:1904090","peptidase inhibitor complex","1/9","11/19944",0.0909090909090909,201.454545454545,14.1297441215949,0.00495395322212,0.0354538295232859,0.0197575520563203,"CASP1",1
"CC","GO:0031968","organelle outer membrane","2/9","262/19944",0.00763358778625954,16.9160305343511,5.51009612033645,0.00582354100165109,0.0354538295232859,0.0197575520563203,"BCL2/PTGS2",2
"CC","GO:0019867","outer membrane","2/9","264/19944",0.00757575757575758,16.7878787878788,5.48683094274112,0.00591018824240738,0.0354538295232859,0.0197575520563203,"BCL2/PTGS2",2
"CC","GO:0005677","chromatin silencing complex","1/9","14/19944",0.0714285714285714,158.285714285714,12.5085804698854,0.00630123970008833,0.0354538295232859,0.0197575520563203,"SIRT1",1
"CC","GO:0035098","ESC/E(Z) complex","1/9","16/19944",0.0625,138.5,11.6906648854191,0.00719852959598155,0.0354538295232859,0.0197575520563203,"SIRT1",1
"CC","GO:0061702","canonical inflammasome complex","1/9","17/19944",0.0588235294117647,130.352941176471,11.3367400287001,0.00764690440698323,0.0354538295232859,0.0197575520563203,"CASP1",1
"CC","GO:0046930","pore complex","1/9","26/19944",0.0384615384615385,85.2307692307692,9.1315175091297,0.0116741849776273,0.049615286154916,0.0276493854733278,"BCL2",1
"MF","GO:0140297","DNA-binding transcription factor binding","4/9","497/18662",0.00804828973843058,16.6885758998435,7.78678856507295,5.63034195197775e-05,0.00432694949183976,0.00148027219457676,"BCL2/MAPK14/PPARG/SIRT1",4
"MF","GO:0051019","mitogen-activated protein kinase binding","2/9","27/18662",0.0740740740740741,153.59670781893,17.4291703102295,7.2115824863996e-05,0.00432694949183976,0.00148027219457676,"MAPK14/SIRT1",2
"MF","GO:0004712","protein serine/threonine/tyrosine kinase activity","2/9","43/18662",0.0465116279069767,96.4444444444444,13.7632523340079,0.000184787543907089,0.00739150175628356,0.00252867165346543,"AKT1/MAPK14",2
"MF","GO:0061629","RNA polymerase II-specific DNA-binding transcription factor binding","3/9","355/18662",0.00845070422535211,17.5230046948357,6.90413028317419,0.000526544762729108,0.0157963428818733,0.00540401203853559,"MAPK14/PPARG/SIRT1",3
"MF","GO:0004860","protein kinase inhibitor activity","2/9","91/18662",0.021978021978022,45.5726495726496,9.36237146188627,0.000827983814523489,0.0181127428869951,0.00619646467186675,"AKT1/PTPRC",2
"MF","GO:0019210","kinase inhibitor activity","2/9","96/18662",0.0208333333333333,43.1990740740741,9.10528892822794,0.000920850699165655,0.0181127428869951,0.00619646467186675,"AKT1/PTPRC",2
"MF","GO:0004857","enzyme inhibitor activity","3/9","451/18662",0.00665188470066519,13.7930524759793,6.04101509777668,0.00105657666840805,0.0181127428869951,0.00619646467186675,"AKT1/PTPRC/SIRT1",3
"MF","GO:0016922","nuclear receptor binding","2/9","139/18662",0.0143884892086331,29.8353317346123,7.49533511602328,0.00191607581869459,0.0287411372804189,0.00983249433277489,"PPARG/SIRT1",2
"MF","GO:0019903","protein phosphatase binding","2/9","150/18662",0.0133333333333333,27.6474074074074,7.1976095978522,0.00222638353373343,0.0296851137831123,0.0101554336626437,"BCL2/MAPK14",2
"MF","GO:0016247","channel regulator activity","2/9","182/18662",0.010989010989011,22.7863247863248,6.48758484044335,0.00325530367949075,0.0306390497520734,0.0104817801783409,"AKT1/BCL2",2
"MF","GO:0141108","transporter regulator activity","2/9","196/18662",0.0102040816326531,21.1587301587302,6.23188108431789,0.00376364840522637,0.0306390497520734,0.0104817801783409,"AKT1/BCL2",2
"MF","GO:0019902","phosphatase binding","2/9","197/18662",0.0101522842639594,21.0513254371122,6.21463903913293,0.00380129745462218,0.0306390497520734,0.0104817801783409,"BCL2/MAPK14",2
"MF","GO:0004955","prostaglandin receptor activity","1/9","10/18662",0.1,207.355555555556,14.3373150374002,0.00481333991279398,0.0306390497520734,0.0104817801783409,"PPARG",1
"MF","GO:0030235","nitric-oxide synthase regulator activity","1/9","10/18662",0.1,207.355555555556,14.3373150374002,0.00481333991279398,0.0306390497520734,0.0104817801783409,"AKT1",1
"MF","GO:0030292","protein tyrosine kinase inhibitor activity","1/9","10/18662",0.1,207.355555555556,14.3373150374002,0.00481333991279398,0.0306390497520734,0.0104817801783409,"PTPRC",1
"MF","GO:0004954","prostanoid receptor activity","1/9","11/18662",0.0909090909090909,188.50505050505,13.6638352728844,0.0052935393520378,0.0306390497520734,0.0104817801783409,"PPARG",1
"MF","GO:0019215","intermediate filament binding","1/9","11/18662",0.0909090909090909,188.50505050505,13.6638352728844,0.0052935393520378,0.0306390497520734,0.0104817801783409,"SIRT1",1
"MF","GO:0008656","cysteine-type endopeptidase activator activity involved in apoptotic process","1/9","12/18662",0.0833333333333333,172.796296296296,13.0761341604171,0.00577353281865278,0.0306390497520734,0.0104817801783409,"CASP1",1
"MF","GO:0097677","STAT family protein binding","1/9","12/18662",0.0833333333333333,172.796296296296,13.0761341604171,0.00577353281865278,0.0306390497520734,0.0104817801783409,"PPARG",1
"MF","GO:0141221","histone deacetylase activity, hydrolytic mechanism","1/9","12/18662",0.0833333333333333,172.796296296296,13.0761341604171,0.00577353281865278,0.0306390497520734,0.0104817801783409,"SIRT1",1
"MF","GO:0004953","icosanoid receptor activity","1/9","15/18662",0.0666666666666667,138.237037037037,11.6795697116234,0.00721227815568304,0.0306390497520734,0.0104817801783409,"PPARG",1
"MF","GO:0016505","peptidase activator activity involved in apoptotic process","1/9","15/18662",0.0666666666666667,138.237037037037,11.6795697116234,0.00721227815568304,0.0306390497520734,0.0104817801783409,"CASP1",1
"MF","GO:0050700","CARD domain binding","1/9","15/18662",0.0666666666666667,138.237037037037,11.6795697116234,0.00721227815568304,0.0306390497520734,0.0104817801783409,"CASP1",1
"MF","GO:0099103","channel activator activity","1/9","15/18662",0.0666666666666667,138.237037037037,11.6795697116234,0.00721227815568304,0.0306390497520734,0.0104817801783409,"AKT1",1
"MF","GO:0019887","protein kinase regulator activity","2/9","274/18662",0.0072992700729927,15.1354420113544,5.177639313971,0.00722340796040406,0.0306390497520734,0.0104817801783409,"AKT1/PTPRC",2
"MF","GO:0004707","MAP kinase activity","1/9","16/18662",0.0625,129.597222222222,11.3035043322073,0.00769144850461834,0.0306390497520734,0.0104817801783409,"MAPK14",1
"MF","GO:0004708","MAP kinase kinase activity","1/9","16/18662",0.0625,129.597222222222,11.3035043322073,0.00769144850461834,0.0306390497520734,0.0104817801783409,"MAPK14",1
"MF","GO:0036041","long-chain fatty acid binding","1/9","16/18662",0.0625,129.597222222222,11.3035043322073,0.00769144850461834,0.0306390497520734,0.0104817801783409,"PPARG",1
"MF","GO:0005001","transmembrane receptor protein tyrosine phosphatase activity","1/9","17/18662",0.0588235294117647,121.97385620915,10.9609742500644,0.00817041326721957,0.0306390497520734,0.0104817801783409,"PTPRC",1
"MF","GO:0019198","transmembrane receptor protein phosphatase activity","1/9","17/18662",0.0588235294117647,121.97385620915,10.9609742500644,0.00817041326721957,0.0306390497520734,0.0104817801783409,"PTPRC",1
"MF","GO:0046965","nuclear retinoid X receptor binding","1/9","17/18662",0.0588235294117647,121.97385620915,10.9609742500644,0.00817041326721957,0.0306390497520734,0.0104817801783409,"PPARG",1
"MF","GO:0070403","NAD+ binding","1/9","17/18662",0.0588235294117647,121.97385620915,10.9609742500644,0.00817041326721957,0.0306390497520734,0.0104817801783409,"SIRT1",1
"MF","GO:0019207","kinase regulator activity","2/9","308/18662",0.00649350649350649,13.4646464646465,4.84511763414178,0.00905348709961137,0.031295061744451,0.010706205333628,"AKT1/PTPRC",2
"MF","GO:0030506","ankyrin binding","1/9","19/18662",0.0526315789473684,109.134502923977,10.3585163275837,0.00912772634213155,0.031295061744451,0.010706205333628,"PTPRC",1
"MF","GO:0043395","heparan sulfate proteoglycan binding","1/9","19/18662",0.0526315789473684,109.134502923977,10.3585163275837,0.00912772634213155,0.031295061744451,0.010706205333628,"PTPRC",1
"MF","GO:0004407","histone deacetylase activity","1/9","22/18662",0.0454545454545455,94.2525252525252,9.61309764455824,0.0105621559857952,0.0342556410350116,0.011719035090925,"SIRT1",1
"MF","GO:0033558","protein lysine deacetylase activity","1/9","22/18662",0.0454545454545455,94.2525252525252,9.61309764455824,0.0105621559857952,0.0342556410350116,0.011719035090925,"SIRT1",1
"MF","GO:0016702","oxidoreductase activity, acting on single donors with incorporation of molecular oxygen, incorporation of two atoms of oxygen","1/9","23/18662",0.0434782608695652,90.1545893719807,9.39746428725392,0.0110398888503948,0.0345300549683441,0.0118129135418019,"PTGS2",1
"MF","GO:0016701","oxidoreductase activity, acting on single donors with incorporation of molecular oxygen","1/9","24/18662",0.0416666666666667,86.3981481481481,9.19536105307542,0.011517416668429,0.0345300549683441,0.0118129135418019,"PTGS2",1
"MF","GO:0050699","WW domain binding","1/9","24/18662",0.0416666666666667,86.3981481481481,9.19536105307542,0.011517416668429,0.0345300549683441,0.0118129135418019,"PPARG",1
"MF","GO:0042974","nuclear retinoic acid receptor binding","1/9","25/18662",0.04,82.9422222222222,9.00542275455031,0.0119947395169097,0.0345300549683441,0.0118129135418019,"PPARG",1
"MF","GO:0106310","protein serine kinase activity","2/9","362/18662",0.00552486187845304,11.4561080417434,4.41278906753269,0.0123441373380409,0.0345300549683441,0.0118129135418019,"AKT1/MAPK14",2
"MF","GO:0141109","transporter activator activity","1/9","26/18662",0.0384615384615385,79.7521367521368,8.82646971285165,0.0124718574728226,0.0345300549683441,0.0118129135418019,"AKT1",1
"MF","GO:0030507","spectrin binding","1/9","27/18662",0.037037037037037,76.798353909465,8.65747654982654,0.012948770613129,0.0345300549683441,0.0118129135418019,"PTPRC",1
"MF","GO:0070412","R-SMAD binding","1/9","27/18662",0.037037037037037,76.798353909465,8.65747654982654,0.012948770613129,0.0345300549683441,0.0118129135418019,"PPARG",1
"MF","GO:0051393","alpha-actinin binding","1/9","28/18662",0.0357142857142857,74.0555555555556,8.497547166546,0.0134254790147645,0.0350229887341684,0.0119815487774787,"PPARG",1
"MF","GO:0043325","phosphatidylinositol-3,4-bisphosphate binding","1/9","29/18662",0.0344827586206897,71.5019157088123,8.34589450928327,0.0139019827546416,0.0352121189623988,0.0120462512239785,"AKT1",1
"MF","GO:0043028","cysteine-type endopeptidase regulator activity involved in apoptotic process","1/9","30/18662",0.0333333333333333,69.1185185185185,8.20182407666647,0.0143782819096462,0.0352121189623988,0.0120462512239785,"CASP1",1
"MF","GO:0051721","protein phosphatase 2A binding","1/9","30/18662",0.0333333333333333,69.1185185185185,8.20182407666647,0.0143782819096462,0.0352121189623988,0.0120462512239785,"BCL2",1
"MF","GO:0043425","bHLH transcription factor binding","1/9","32/18662",0.03125,64.7986111111111,7.93403573178518,0.015330266772464,0.0354494586419162,0.0121274463774977,"SIRT1",1
"MF","GO:0071889","14-3-3 protein binding","1/9","32/18662",0.03125,64.7986111111111,7.93403573178518,0.015330266772464,0.0354494586419162,0.0121274463774977,"AKT1",1
"MF","GO:0004175","endopeptidase activity","2/9","406/18662",0.00492610837438424,10.2145593869732,4.12333995806487,0.0153614320781637,0.0354494586419162,0.0121274463774977,"CASP1/MMP9",2
"MF","GO:0004674","protein serine/threonine kinase activity","2/9","433/18662",0.0046189376443418,9.57762381318963,3.96683272469343,0.0173571961341968,0.0386326997925006,0.0132164499290134,"AKT1/MAPK14",2
"MF","GO:0019213","deacetylase activity","1/9","37/18662",0.027027027027027,56.042042042042,7.36142047987868,0.0177066540715628,0.0386326997925006,0.0132164499290134,"SIRT1",1
"MF","GO:0043394","proteoglycan binding","1/9","37/18662",0.027027027027027,56.042042042042,7.36142047987868,0.0177066540715628,0.0386326997925006,0.0132164499290134,"PTPRC",1
"MF","GO:0042805","actinin binding","1/9","38/18662",0.0263157894736842,54.5672514619883,7.26054206881685,0.0181813193125485,0.0389599699554611,0.0133284107742367,"PPARG",1
"MF","GO:0005547","phosphatidylinositol-3,4,5-trisphosphate binding","1/9","41/18662",0.024390243902439,50.5745257452575,6.98012761232081,0.0196040919780157,0.0412717725852962,0.0141192906212856,"AKT1",1
"MF","GO:0140416","transcription regulator inhibitor activity","1/9","42/18662",0.0238095238095238,49.3703703703704,6.89332231778615,0.0200779421027237,0.0415405698677043,0.0142112475863199,"SIRT1",1
"MF","GO:0005504","fatty acid binding","1/9","47/18662",0.0212765957446809,44.1182033096927,6.501183593495,0.022444140442805,0.045649099205705,0.0156167970966886,"PPARG",1
"MF","GO:0004601","peroxidase activity","1/9","50/18662",0.02,41.4711111111111,6.29430776330658,0.0238614203733334,0.0477228407466668,0.0163262349922807,"PTGS2",1
"MF","GO:0016248","channel inhibitor activity","1/9","51/18662",0.0196078431372549,40.6579520697168,6.22938084470459,0.0243334409630952,0.0478690641896955,0.0163762588017379,"BCL2",1
"MF","GO:0016684","oxidoreductase activity, acting on peroxide as acceptor","1/9","52/18662",0.0192307692307692,39.8760683760684,6.16630764720683,0.0248052586532421,0.0480101780385331,0.0164245345921298,"PTGS2",1
"MF","GO:0051287","NAD binding","1/9","53/18662",0.0188679245283019,39.1236897274633,6.10500057593408,0.0252768735200946,0.0481464257525611,0.0164711456521919,"SIRT1",1
"MF","GO:0030291","protein serine/threonine kinase inhibitor activity","1/9","54/18662",0.0185185185185185,38.3991769547325,6.04537773283492,0.025748285639946,0.0482780355748988,0.016516170065097,"AKT1",1
"MF","GO:0141110","transporter inhibitor activity","1/9","55/18662",0.0181818181818182,37.7010101010101,5.98736244875466,0.0262194950890667,0.0484052217028924,0.0165596811088843,"BCL2",1
