Genus,K1,K2,K3,K4,K5,K6,M1,M2,M3,M4,M5,M6,Y1,Y2,Y3,Y4,Y5,Y6,Z1,Z2,Z3,Z4,Z5,Z6
Unclassified,0.480536700868193,0.49112034602663,0.567804807622898,0.543347601079775,0.578431721405781,0.16705118961788,0.432722454243224,0.38768757909962,0.4184433726925,0.40817753275807,0.426637426395676,0.42359890828878,0.291668755744965,0.281309719568019,0.156079517275583,0.166824558207324,0.208879847785604,0.213525015984655,0.367518152492334,0.380892008150328,0.467234431711011,0.402381207001034,0.418501813903324,0.417558628983764
Akkermansia,7.89265982636148e-05,0.000118734628106183,2.88746119974013e-05,0.000134226186037494,8.30279092386341e-05,0,0.000627048259053749,0.00296510576749232,0.000515549642441377,0.00033956535634388,0.00176132341006026,0.00170112535985344,0.291075457508147,0.33547397893427,0.387316085303356,0.254290398979778,0.238371386932232,0.338285246163683,0.00155022854472295,0.00635423741604407,0.000914520876796891,0.00178234056963605,0.00171585449553878,0.00125731153993331
Clostridium,0.0914127861089187,0.0872529895683148,0.0357323323467841,0.0320949724836319,0.0334365251633871,0.0214211327405271,0.0821551530352685,0.0871451817031278,0.0853484117744886,0.0793983700862896,0.0863739185992299,0.0905335177776947,0.0175148324559204,0.015721523487845,0.0148578277401223,0.0133813080706868,0.0240365152619221,0.0171635230179028,0.0443410958747962,0.119643800467889,0.0638449887113829,0.0942145225109614,0.0938131189332287,0.0526758869512928
Lactobacillus,0.0520599842146803,0.0530234924942753,0.0387064173825164,0.0429225514906564,0.036330640856848,0.566161980293199,0.0572033647646203,0.0314590489965648,0.0771328787626809,0.0778403643336529,0.0477284108373193,0.0489961491008337,0.011807470543996,0.0080440869294698,0.00208712183832038,0.0149389688467845,0.00807626912800583,0.00561460997442455,0.0566859305360827,0.0241642140215833,0.00460118316138436,0.00464596775151796,0.00452985586822237,0.0216148253430274
Phascolarctobacterium,0.0585319652722968,0.0535662793656178,0.00587598354147116,0.00926160683658708,0.00799440154669134,0.0229271809661139,0.073045206630148,0.0708009401554873,0.0546316314651588,0.0652764461489294,0.0803474296765727,0.0790369013347291,0,0,0,0,0,0,0.0350967183029557,0.057127763942344,0.0224914978137235,0.0528761035658694,0.041170703010099,0.0332914229486689
Prevotella,0.0677032359905288,0.0529217199558986,0.0344907240308958,0.0608939463990097,0.0447164596899501,0.0917567892333574,0.0501283674266176,0.0571144458506599,0.0604357226010311,0.0523529881751358,0.0615772478458324,0.064848394212435,2.50689395838556e-05,0,0,0.000154855164875205,0,0.000959079283887468,0.0101448779764958,0.0653233718209946,0.0182046812037381,0.00634513242790432,0.00243161094224924,0.0109878095446346
Bilophila,7.89265982636148e-05,6.78483589178187e-05,0,0,0,2.40326844508532e-05,0.000141973190729151,0.00133791357801483,0.000182936969898553,9.98721636305529e-05,0.000535304173645767,0.000299098964369836,0.0747388652126682,0.010843962490556,0.136231195238882,0.166860994716706,0.108169378997652,0.0429287883631714,0.0451048114078583,3.01864010263376e-05,0.025892372324312,0.0115376846207773,0.0103343465045593,0.046662657847264
Acutalibacter,0.00290449881610103,0.0029174794334662,0.00437450371760629,0.00246081341068739,0.0037955615651947,0.000472642794200112,0.00192846917407096,0.000958235400470078,0.00121403625478131,0.000619207414509428,0.00120875135984528,0.00117770217220623,0.0127350213085986,0.0388093862495,0.135270292610349,0.12405720531973,0.148793619949802,0.0999140824808184,0.00177820333071162,0.00199230246773828,0.00127175559429568,0.00595301750258439,0.00391214824982841,0.00237249221013502
Ruminococcus,0.0211207576953433,0.0249173098125689,0.0224355735219808,0.0502155075986935,0.0346463604122929,0.0150925258351358,0.0103877051216829,0.00956427409148436,0.0160319308165641,0.0123641738574624,0.00946279635993162,0.0103189142707593,0.010996908164118,0.00724412248344518,0.00759423045131427,0.0444434323191838,0.020929479394381,0.0126078964194373,0.00419473606219152,0.0135687872613388,0.00938812837586808,0.0182036383512162,0.0184822041376606,0.00542283933745148
Subdoligranulum,0.00279400157853197,0.0027308964464422,0.00200678553381939,0.00259503959672488,0.00228919806900805,0.00060882800608828,0.00207044236480011,0.00235038871813415,0.00224513553966406,0.00159795461808885,0.00126055498955293,0.00153288219239541,0.0491434778975516,0.0530420870183547,0.0446148123656803,0.0358261978502459,0.0614929965185005,0.114839753836317,0.00191498820230483,0.00332050411289714,0.00181475236489383,0.00142587245570884,0.000764780860868713,0.00241622478543705
Escherichia,0.000189423835832676,0.000101772538376728,0,0,0,0.000344468477128895,0.0277320965890941,0.0120773820285663,0.0265092300016631,0.0336768935762224,0.0291999792785481,0.0275918794631174,0,0,0,0,0,0,0.0579511905983198,0.0351520639951702,0.0150753050784487,0.0257013510141518,0.028306696734974,0.0430765866724977
Eubacterium,0.0156274664561957,0.0166228479348656,0.0363675738107269,0.0270689475175613,0.0222158962862802,0.00577585516302171,0.0124108230895733,0.0156029651057675,0.015666056876767,0.014261744966443,0.0162663397282036,0.017590757842001,0.00498036266399265,0.00252211012843874,0.00645767895519921,0.00492803789396976,0.0105760667152457,0.00769261508951407,0.00845786456017964,0.0203154478907252,0.010888514189363,0.00988604902624794,0.0117266398666536,0.00884491335483518
Bacteroides,0.0180268350434096,0.0161818336018998,0.00825813903125677,0.011588194061237,0.00903818097711988,0.00190659296643435,0.0219821823645635,0.0201229434098716,0.0220688508232164,0.0233501118568233,0.0242786344563209,0.0244887277077803,0,0,0,0,0,0,0.0223187315482908,0.0115462983925741,0.0351518962018805,0.00939887593721408,0.00261790371605059,0.0267315366533647
Oscillibacter,0.00541436464088398,0.00478330930370622,0.0275463798455208,0.0222964609028948,0.0279922665433109,0.0037971641432348,0.011192219869148,0.00907611643464111,0.00908032596041909,0.00681128155960371,0.00816770561724025,0.00577634874939245,0.0181666248851007,0.0173992267010355,0.00500082658290627,0.00695937329203862,0.012772245162335,0.0196711157289003,0.007625756591321,0.022081352350766,0.007058958017776,0.014734015375658,0.00751054024904402,0.0125949816869841
Roseburia,0.013843725335438,0.0151980323975914,0.0149859236266513,0.0115583660198953,0.0131184096597042,0.00591204037490988,0.00453131100410539,0.00746700415838004,0.00588724430400798,0.00393496324704378,0.00417882612975082,0.00450517815082065,0.00266566390908331,0.00175547753433181,0.00233509671020003,0.000892694479868829,0.00512104283054004,0.00355658567774936,0.0261031129957027,0.0159233265413931,0.0265353948158098,0.02729357525636,0.0346896754583783,0.0351609905428306
Blautia,0.00614048934490923,0.0067339496225935,0.0171948314444525,0.0116180221025786,0.0119678800602545,0.0110069694784907,0.00851839144374904,0.0157656843247152,0.00858140695160486,0.0102069351230425,0.00894476006285507,0.00871125733727147,0.00325896214590123,0.00171103506510822,0.0029240370309142,0.0029969028967025,0.00635576066715246,0.00542479219948849,0.0165965644199751,0.00627877141347823,0.0116458517904604,0.0313691940255944,0.0395725071085401,0.0187722079483956
Ligilactobacillus,0.00236779794790845,0.00166228479348656,0.00391250992564787,0.00250555547269989,0.0038311449548684,0.00120964511735961,0.0123989919903458,0.0799855360694269,0.0138533178114086,0.0160594439117929,0.0193918253872321,0.0193479642576738,0.000100275758335422,0,0,4.55456367280015e-05,8.09651040401587e-05,0,0.0448882353611691,0.015379971322919,0.00284358835129033,0.00411126558062715,0.00419648985194627,0.0224129448422894
Paenibacillus,0.00704025256511444,0.00603850394368586,0.00258427777376741,0.0014615740257416,0.00190964191248858,0.000704958743891693,0.00625865149131006,0.0050262158741638,0.00532180276068518,0.00577261105784596,0.00531850598331923,0.00512206976483344,0.0435363917439626,0.0503866494822452,0.0138452636799471,0.0190471852796502,0.0240769978139422,0.0148457480818414,0.00393256505830455,0.00170553165798808,0.00833071361207168,0.00576290117515655,0.00540249044023924,0.00487618214617613
Faecalibaculum,0,0.000135696717835637,8.66238359922038e-05,2.98280413416653e-05,3.55833896737003e-05,0.000168228791155972,0.00282763271535558,0.0136322545651781,0.00317645102278397,0.00413470757430489,0.00303914627618242,0.00297229595842524,0,0,0,0.000127527782838404,0,0,0.0247352642797707,0.0193947626594219,0.0427967191563545,0.0424315878278021,0.0510148053730758,0.0152626687804078
Romboutsia,0.00209944751381215,0.00298532779238402,0.00388363531365047,0.00542870352418308,0.00474445195649338,0.0161259312665225,0.00621132709440034,0.000849755921171578,0.00610344254116082,0.00904841802492809,0.00328089654815147,0.00284144016151344,0.00757917606751901,0.00992178125416648,0.0112621920978674,0.00555656768081618,0.0100396729009797,0.0224084878516624,0.0170411152526531,0.0171609689834729,0.00997399331256609,0.0143300181798738,0.0149720560839298,0.0120045919204067
Pseudoflavonifractor,0.0019258089976322,0.00264608599779493,0.0189706200822926,0.0160474862418159,0.013972411011873,0.000849154850596812,0.0125882895779847,0.0143012113541855,0.0112755695992017,0.0086888782358581,0.0132617292051596,0.0115340038135118,0.0058159939834545,0.00686636149504466,0.00134319722268143,0.00336126799052651,0.00547526516071573,0.00144860933503836,0.00849206077807795,0.0169647573768017,0.00843073933297134,0.012559559880702,0.00462790469653888,0.0115344667359099
Parabacteroides,0.0128334648776638,0.0148418285132728,0.00197791092182199,0.00313194434087486,0.00213500338042202,0.000929263798766322,0.0102102386332714,0.0156391249322003,0.0141859304839514,0.0134427932246724,0.0156792319248502,0.0172916588776311,0,0,0,0,0,0,0.0156048741009244,0.00985585993509924,0.0119745077305593,0.007664064449435,0.00386312383567016,0.0196577925982616
Bifidobacterium,0,3.39241794589093e-05,7.21865299935032e-05,4.47420620124979e-05,3.55833896737003e-05,0.00236321397100056,0.0106479893046863,0.00719580546013379,0.00705138865790787,0.0118648130393097,0.00240023484312134,0.0025423411971436,0,0,0,2.73273820368009e-05,0,0.000349664322250639,0.0211560601397485,0.0148818957059845,0.0237203852419193,0.0230753692415547,0.0259045004412197,0.0125621822555076
Phocaeicola,0.00355169692186267,0.00378254600966839,0.00258427777376741,0.00295297609282486,0.00212314225053079,0.00108147080028839,0.0104941850147297,0.0084071596456337,0.0111591551638117,0.0120845317992969,0.0114831379185302,0.0114031480166,0,0,0,0,0,0,0.0135189048091281,0.00401479133650291,0.0124174787802578,0.00196057462659965,0.000911854103343465,0.0164434483135626
Anaerotruncus,0.00614048934490923,0.00597065558476804,0.00688659496138021,0.00551818764820808,0.00679642742767676,0.00225106144356325,0.00139606970883665,0.00462845778340264,0.00153001829369699,0.00141818472355385,0.00207214518830619,0.00259842225296295,0.0135957215676444,0.0128216523710057,0.00414324681765581,0.00430861723446894,0.00556635090276091,0.00644381393861893,0.00315745078594307,0.0020828616708173,0.00484410276928353,0.00361221022112905,0.00364741641337386,0.00336740829825616
Lachnoclostridium,0.00655090765588003,0.00646255618692223,0.00733415144733993,0.00560767177223308,0.00678456629778553,0.00216294160057678,0.00389243164582421,0.00444765865123847,0.0041576584067853,0.00313598593799936,0.00357445044982818,0.00370134968407672,0.000986044956964987,0.000366650371094618,0.00384361051413457,0.00432683548916014,0.00325884543761639,0.00110893542199488,0.00615531922169408,0.00406007093804241,0.00512989054328256,0.00730759633550779,0.0090695166192764,0.00818892472530476
Faecalibacterium,0.0107498026835043,0.010482571452803,0.00275752544575182,0.00275909382410404,0.00285853230378726,0.00127373227589522,0.00160902949493037,0.00455613813053697,0.00149675702644271,0.00133828699264941,0.00288373538705945,0.00306576438479082,0.00264895128269408,0.000299986667259233,0.000847247478922136,0.00112953179085444,0.0011739940085823,0.000919117647058824,0.00357920414002211,0.00223379367594899,0.0306221599839959,0.00792547439964829,0.00925580939307775,0.00317061170939704
Hungatella,0.00435674822415154,0.00549571707234331,0.00496643326355302,0.0028336639274582,0.00355833896737003,0.000176239685972923,0.00309974799758646,0.00343518351111915,0.00435722601031099,0.00309603707254714,0.00274559237450571,0.00280405279096721,0.00716136040778808,0.00026665481534154,0.00312035047115226,0.00153033339406085,0.0040280139259979,0.00097906010230179,0.0102930615873884,0.00241491208210701,0.00633019919407848,0.00520443446333725,0.00599078341013825,0.010867544962554
Schaedlerella,0.0035043409629045,0.00496989229073022,0.00821482711326067,0.0058910381649789,0.00690317759669786,0.0011135143795562,0.00299326810453959,0.00260350750316398,0.00307666722102112,0.00269654841802493,0.00274559237450571,0.0024114854002318,0.00149578006183672,0.00244433580729745,0.0018184823937841,0.00153033339406085,0.00157881952878309,0.000749280690537084,0.00771694650571647,0.00318466530827862,0.00428681660998542,0.00781853396547012,0.010706932052162,0.0080905264308752
Intestinimonas,0.00148382004735596,0.00156051225510983,0.0104092976250632,0.00820271136895796,0.0075555397407157,0.000496675478650965,0.00528850135466086,0.0054601337913578,0.00507234325627806,0.00351550015979546,0.00523216660047314,0.00459864657718623,0.000334252527784741,3.33318519176925e-05,0.000320300876177881,0.000765166697030424,0.00110314954254716,0.000499520460358056,0.00468488185206716,0.00682212663195231,0.0055585722042811,0.00716500908993691,0.00350034317089911,0.00646148800087465
Flavonifractor,0.00382004735595896,0.00371469765075057,0.00415794412762579,0.00420575382917481,0.0042225622412791,0.000825122166145959,0.00624682039208263,0.00777436268305912,0.00498919008814236,0.00489373601789709,0.00739065117162543,0.00706621303323737,0.000593298236817916,7.77743211412826e-05,0.00073359232931063,0.00102022226270723,0.00153833697676302,0.000489530051150895,0.00471907806996546,0.00602218700475436,0.00517275870938241,0.00586984160933471,0.00385331895283851,0.00567430164543815
Limosilactobacillus,0.000868192580899763,0.000746331948096005,0.0116364686349527,0.0136612429344827,0.0129760761010094,0.0108307297925178,0.00306425469990417,0.00457421804375339,0.00382504573424247,0.00499360818152764,0.00298734264647476,0.00321531386697574,0.00200551516670845,0.000711079507577441,0.000144652008596462,0.00229550009109127,0.00181159420289855,0,0.00443410958747963,0.00125273564259301,0.000385813494898688,9.50581637139225e-05,4.90244141582508e-05,0.00130104411523534
Turicibacter,0.00186266771902131,0.00268001017725384,0.00243990471378041,0.00250555547269989,0.00281108778422232,0.00501482015541136,0.0054659678430723,0.00131983366479841,0.00540495592882089,0.00747043783956536,0.00186493066947557,0.00179459378621902,0,0,0,0,0,0,0.0126184044044729,0.00594672100218851,0.00340087451058844,0.00588172387979895,0.00683400333366016,0.00635215656261958
Parasutterella,0.00138910812943962,0.000865066576202188,0.000173247671984408,0.00114837959165411,0.00041513954619317,0.00190659296643435,0.00454314210333282,0.00289278611462665,0.00485614501912523,0.00503355704697987,0.0048177375628119,0.00493513291210229,0,0,0,0,0,0,0.00886821917495925,0.0107916383669157,0.00480123460318368,0.00787794531779132,0.00401019707814492,0.00665828458973378
Desulfovibrio,0.00216258879242305,0.00162836061402765,0.00573161048148416,0.00189408062519575,0.00265689309563629,0.00068092605944084,0.00612850939980834,0.00661724823720846,0.00427407284217529,0.00419463087248322,0.005853810156965,0.00558941189666131,0,0,0,0,0,0,0.00316884952524251,0.00134329484567202,0.00387242433768683,0.00608372247769104,0.00753995489753897,0.00325807686000109
Dorea,0.00317284925019732,0.00407090153506912,0.00287302389374143,0.00168528433580409,0.00241967049781162,0.00445405751822479,0.000970150136649196,0.00133791357801483,0.00121403625478131,0.000938798338127197,0.000897929581599351,0.00132725165439115,0.000952619704186513,0.000511088396071286,0.00105389320548851,0.000737839314993624,0.000880495506436726,0.000419597186700767,0.00331703313613514,0.00143385404875104,0.00461547255008431,0.00835323613636094,0.0124620060790274,0.00477778385174657
Eisenbergiella,0.00189423835832676,0.00244254092104147,0.00593373276546596,0.00366884908502483,0.00470886856681968,0.000224305054874629,0.00110029222815092,0.000542397396492497,0.000465657741559953,0.000379514221796101,0.00050076842050733,0.000542116872920328,0.00600818918693073,0.00616639260477312,0.000960902628533642,0.00185826197850246,0.00211521334304915,0.00459558823529412,0.00291807726065497,0.00200739566825145,0.000771626989797377,0.00308939032070248,0.00346112363957251,0.00385939977040398
Neglecta,0.00355169692186267,0.00334153167670257,0.00101061141990905,0.000402678558112482,0.000770973442930174,7.20980533525595e-05,0.00075719035055547,0.000289278611462665,0.000515549642441377,0.000219718759987216,0.000276286025107493,0.000280405279096721,0.00227291718893624,0.00349984445135772,0.00547611175400893,0.00124795044634724,0.0110517367014817,0.00824208759590793,0.00142484241242919,0.001162176439514,0.000700180046297619,0.00590548842072743,0.00351995293656241,0.00169463729295359
Hydrogenoanaerobacterium,9.47119179163378e-05,0.000101772538376728,5.77492239948026e-05,8.94841240249959e-05,8.30279092386341e-05,3.20435792678042e-05,0.00030760857991316,0.00057855722292533,0.000249459504407118,0.000319590923617769,0.000310821778245929,0.000486035817100983,0.0144229965739116,0.0182547442335896,0.00351297735162837,0.00588449626525779,0.00538417941867055,0.00288722826086957,0.000683924357966009,0.000166025205644857,0.000328655940098883,9.50581637139225e-05,5.8829296989901e-05,0.000677854917181435
Duncaniella,0.00167324388318863,0.00161139852429819,0.00144373059987006,0.00190899464586658,0.00153008575596911,0.00030441400304414,0.00403440483655336,0.00439341891158922,0.00440711791119242,0.00519335250878875,0.00524943447704236,0.00553333084084196,0,0,0,0.000145746037529605,0,0.000939098465473146,0.00351081170422551,0.00255075088672553,0.00314366551398931,0.00131893202153067,0.000911854103343465,0.0026458208057727
Dialister,0.00355169692186267,0.00347722839453821,0.000274308813975312,0.000298280413416653,0.000296528247280836,0.000520708163101818,0.00450764880565053,0.0050262158741638,0.00340927989356394,0.00457414509427932,0.00530123810675001,0.00474819605937114,0,0,0,0,0,0,0.00210876677039519,0.00374311372726587,0.001471807036095,0.00338644708230849,0.00262770859888224,0.00208823047067184
Mycoplasma,0.00383583267561168,0.00349419048426766,0.000101061141990904,7.45701033541633e-05,9.48890391298675e-05,2.40326844508532e-05,0.00641245578126664,0.00406798047369373,0.00638616331282222,0.00621204857782039,0.00588834591010344,0.00624369088122032,0,0,0,0,0,0,0.000159582350192069,0.00556939098935929,0.00135749192649538,0.000665407145997457,0.000460829493087558,9.83982944295632e-05
Butyrivibrio,0.00386740331491713,0.00415571198371639,0.00350826535768426,0.00346005279563317,0.0036888113961736,0.00177841864936313,0.000638879358281178,0.000614717049358163,0.000631964077831365,0.000299616490891659,0.000466232667368894,0.000523423187647213,0.000718642934737194,0.000633305186436158,0.000185981153909737,0.00061031153215522,0.000657841470326289,0.000869165601023018,0.00207457055249689,0.00218851407440948,0.00480123460318368,0.0044796159650186,0.00628492989508775,0.00306128027114197
Enterocloster,0.00292028413575375,0.00323975913832584,0.00353713996968166,0.00241607134867489,0.00252642066683272,0.000536729952735721,0.00127775871656236,0.00160911227626107,0.00134708132379844,0.000998721636305529,0.000949733211307006,0.00110292743111377,0.000986044956964987,0.00123327852095462,0.00105389320548851,0.00031881945709601,0.00459476965427901,0.00159846547314578,0.00460509067697113,0.00126782884310618,0.000900231488096939,0.00217445549495598,0.00241200117658594,0.00517137702946482
Anaerosporobacter,0.000662983425414365,0.000797218217284369,0.00111167256189995,0.000626388868174971,0.000877723611951274,6.40871585356084e-05,0.000473243969097169,0.00063279696257458,0.000565441543322801,0.00035953978906999,0.000552572050214985,0.000486035817100983,0.0083396005682293,0.0111550597751211,0.00150851380393453,0.00331572235379851,0.00195328313496883,0.000449568414322251,0.000148183610892635,0.000437702814881896,0.00115744048469606,0.00263786404306135,0.00393175801549172,0.000196796588859126
Bacillus,0.00176795580110497,0.0016453227037571,0.000245434201977911,0.000462334640795812,0.000510028585323038,0.000120163422254266,0.00220058445630184,0.00117519435906708,0.00267753201396973,0.00289629274528603,0.00165771615064496,0.00153288219239541,0.00563215509317289,0.00748855606417493,0.000805918333608861,0.00204955365276007,0.00155857825277305,0.000739290281329923,0.00215436172759293,0.000709380424118934,0.000285787773999028,0.00040399719578417,0.000392195313266006,0.00131197725906084
Succiniclasticum,0.00290449881610103,0.00242557883131202,0.000245434201977911,0.000447420620124979,0.000367695026628237,0.00083313306096291,0.00345468097440933,0.0031639848128729,0.00281057708298686,0.00333573026526047,0.00357445044982818,0.00385089916626164,0,0,0,0,0,0,0.00163001971981899,0.00279224209493623,0.000914520876796891,0.00243586544516926,0.00179429355819198,0.00149784070409446
Acetatifactor,0.00135753749013418,0.0014587397167331,0.00508193171154263,0.00323634248557068,0.00479189647605831,0.000160217896339021,0.000354932976822877,0.000216958958596999,0.000365873939797106,0.000479386385426654,0.000328089654815147,0.000261711593823606,0.0034260884097936,0.00103328740944847,9.29905769548686e-05,0,3.03619140150595e-05,0.00747282608695652,0.000889101665355812,0.000981058033355973,0.00181475236489383,0.00135457883292339,0.00111775664280812,0.00111518067020172
Vallitalea,0.000299921073401736,0.000237469256212365,0.000736302605933733,0.000462334640795812,0.000581195364670439,0,0.000331270778368018,0.000235038871813415,0.000315982038915683,0.000199744327261106,0.000345357531384366,0.000373873705462295,0.00979359906409292,0.0132882982978534,0.00168416267151595,0.00391692475860813,0.0027022103473403,0.000609414961636829,9.11899143954679e-05,3.01864010263376e-05,8.57363321997085e-05,0.000154469516035124,0.000107853711148152,0.000251462307986662
Alistipes,0.00345698500394633,0.00464761258587058,0.0045188767775933,0.00718855796334134,0.00518331376246901,0.00120964511735961,0.00195213137252582,0.00131983366479841,0.00124729752203559,0.00155800575263663,0.00162318039750652,0.00162635061876098,0,0,0,0,0,0,5.69936964971674e-05,4.52796015395065e-05,0.000328655940098883,8.31758932496822e-05,5.8829296989901e-05,0
Clostridioides,0.000962904498816101,0.000848104486472733,0.00102504872590775,0.000820271136895796,0.000687945533691539,0.00100136185211888,0.00127775871656236,0.00133791357801483,0.00116414435389988,0.00135826142537552,0.00120875135984528,0.00114031480166,0.00456254700426172,0.00601084396249056,0.00112621920978674,0.00172162506831846,0.00125495911262246,0.000519501278772379,0.00120826636573995,0.00123764244207984,0.00137178131519534,0.00103375753038891,0.000990293165996666,0.00100584923194665
Cohnella,0.00074191002367798,0.000644559409719277,2.88746119974013e-05,2.98280413416653e-05,0,3.20435792678042e-05,0.00075719035055547,0.00057855722292533,0.000482288375187095,0.000659156279961649,0.00060437567992264,0.000598197928739672,0.00526447731260968,0.0062441669259144,0.00337865762936022,0.00407177992348333,0.00415958222006315,0.00165840792838875,5.69936964971674e-05,0.000120745604105351,0.000371524106198737,0.000237645409284806,0.000313756250612805,0.000174930301208112
Paramuribaculum,0.000331491712707182,0.000390128063777457,0.0021511585938064,0.00307228825819153,0.00232478145868175,0.000472642794200112,0.00440116891260367,0.00148255288374616,0.00400798270414103,0.00401486097794823,0.00347084319041288,0.00358918757243803,0,0,0,0,0,0.000329683503836317,3.41962178983004e-05,0,0.00030007716269898,0.000332703572998729,0.000137268359643102,0
Butyricicoccus,0.000789265982636148,0.000610635230260368,0.00262758969176352,0.00232658722464989,0.0032618107200892,0.00144196106705119,0.0010529678312412,0.00113903453263424,0.000981207384001331,0.000898849472674976,0.00112241197699919,0.000878603207836393,0.0019386646611515,0.000377760988400516,0.000495949743759299,0.000482783749316815,0.0013258035786576,0.000349664322250639,0.00112847519064391,0.00202248886876462,0.000771626989797377,0.00172292921731484,0.000843219923521914,0.00160717214234953
Acholeplasma,0.00513022888713496,0.00424052243236367,0.000909550277918141,0.00165545629446242,0.00137589106738308,0,0.00192846917407096,0.000289278611462665,0.0016963246299684,0.00141818472355385,0.00143323375524512,0.00162635061876098,0,0,0,0,0,0,0.000330563439683571,0.0018866500641461,0.00030007716269898,0.00148528380803004,8.82439454848515e-05,0.000983982944295632
Anaeromassilibacillus,0.00110497237569061,0.00159443643456874,0.000938424889915542,0.000939583302262457,0.000818417962495107,0.000664904269806937,0.000236621984548584,5.42397396492497e-05,4.98919008814236e-05,0.000159795461808885,0.000259018148538274,9.34684263655737e-05,0.00493022478482494,0.00622194569130261,0.000878244337907092,0.00264164693022408,0.0012245971986074,0.000379635549872123,0.000512943268474507,0.00101124443438231,0.000571575547998057,0.000237645409284806,0.000186292773801353,0.000568523478926365
Lachnotalea,0.00195737963693765,0.00203545076753456,0.00128492023388436,0.000865013198908294,0.00134030767770938,0.000128174317071217,0.000272115282230872,0.000325438437895498,0.000266090138034259,0.000259667625439438,0.000138143012553746,0.000149549482184918,0.000885769198629565,0.00143326963246078,0.000981567201190279,0.00110220440881764,0.00123471783661242,0.00258751598465473,0.00133365249803372,0.000558448418987246,0.00160041153439456,0.00131893202153067,0.00118639082262967,0.001552506423222
Thermovirga,0,0,0,0,0,0,0,0,0,0,0,0,0,0,0,0.0241482965931864,0,0,0,0,0,0,0,0
Acetivibrio,0.000536700868192581,0.00076329403782546,0.000692990687937631,0.000760615054212465,0.000830279092386341,0.000328446687494993,2.36621984548584e-05,0.000361598264328331,0.00013304506901713,3.99488654522212e-05,0.000241750271969056,0.000168243167458033,0.00457925963065096,0.00565530420870184,0.00109522235080179,0.00188558936053926,0.00126507975062748,0.000229779411764706,0.000319164700384137,7.54660025658441e-05,0.0010288359863965,0.00036835038439145,0.000362780664771056,0.00040452632154376
Massiliimalia,4.73559589581689e-05,0.000101772538376728,0.000288746119974013,0.000477248661466645,0.000189778078259735,4.80653689017063e-05,0.000402257373732593,0.000361598264328331,0.000216198237152836,0.000319590923617769,0.000224482395399838,0.000186936852731147,0.00463775382301329,0.00599973334518466,0.00120887750041329,0.00182182546912006,0.00202412760100397,0.000569453324808184,7.97911750960344e-05,7.54660025658441e-05,0.00010002572089966,0.000308939032070248,0.000254926953622904,0.00010933143825507
Acetomicrobium,0,0,0,0,0,0,0,0,0,0,0,0,0,0,0,0.0196757150664966,0,0,0,0,0,0,0,0
Pygmaiobacter,0,0.000203545076753456,0.000490868403955822,0.000805357116224963,0.000628639884235372,0.000120163422254266,0.000130142091501721,0.000307358524679082,0.000299351405288541,7.98977309044423e-05,0.000138143012553746,0.000149549482184918,0.00437870811398011,0.00568863606061953,0.000971234914861961,0.00218619056294407,0.00156869889077807,0.000299712276214834,7.97911750960344e-05,0.000286770809750208,0.000257208996599125,0.000273292220677527,0.000156878125306403,0.000153064013557098
Anaerobacterium,6.31412786108919e-05,6.78483589178187e-05,0,0,0,0,0.000378595175277735,0.000180799132164166,0.00069848661233993,0.000499360818152764,0.000241750271969056,0.000243017908550492,0.00498871897718726,0.00743300297764544,0.000805918333608861,0.00212242667152487,0.0012752003886325,0.000219789002557545,0,0,0.00010002572089966,0,3.92195313266006e-05,3.27994314765211e-05
Shigella,0,0,0,0,0,1.60217896339021e-05,0.00137240751038179,0.00057855722292533,0.00146349575918843,0.00171780121444551,0.00157137676779886,0.00130855796911803,0,0,0,0,0,0,0.00316884952524251,0.00211304807184363,0.000843073933297134,0.00146151926710156,0.00165702519854888,0.00206636418302083
Lacrimispora,0.0011681136543015,0.00125519463997965,0.000635241463942828,0.000551818764820808,0.000735390053256473,8.01089481695105e-06,0.00030760857991316,0.000668956789007413,0.0002827207716614,0.000219718759987216,0.000483500543938112,0.00035518002018918,0.000793849753488761,0.000144438024976668,0.000836915192593817,0.00031881945709601,0.00124483847461744,0.000329683503836317,0.00177820333071162,0.000347143611802883,0.001471807036095,0.00169916467638636,0.00133346406510442,0.00169463729295359
Anaerotignum,0.000805051302288871,0.00103468747349673,0.000375369955966217,0.000387764537441649,0.000498167455431804,8.01089481695105e-05,0.000875501342829762,0.000379678177544748,0.000731747879594213,0.000439437519974433,0.000224482395399838,0.00039256739073541,0.00240661820005014,0,8.26582906265498e-05,0.00503734742211696,0,0.000149856138107417,0.000535740747073374,0.00051316881744774,0.000514417993198251,0.000689171686925938,0.000764780860868713,0.00147597441644345
Mucispirillum,0.00277821625887924,0.00476634721397676,0,0,0,0,0.00236621984548584,0.00357982281685048,0.000864792948611342,0.00161792905081496,0.00100153684101466,0.00119639585747934,0,0,0,0,0,0,0,0,0,0,0,0
Butyricimonas,0.000284135753749013,0.000780256127554915,0,0,0,0,0.00334820108136247,0.00057855722292533,0.00249459504407118,0.00299616490891659,0.00238296696655212,0.00205630538004262,0,0,0,0,0,0,0.000250772264587537,0.000860312429250623,0.000857363321997085,0.000249527679749046,4.90244141582508e-05,0.000481058328322309
Sporomusa,0.00121546961325967,0.000932914935120007,0.000577492239948026,0.000596560826833306,0.000569334234779205,0.000192261475606825,0.0013369142126995,0.00131983366479841,0.000931315483119907,0.00117849153084052,0.00157137676779886,0.00160765693348787,0,0,0,0,0,0,0.000512943268474507,0.00107161723643499,0.000385813494898688,0.00100999298946043,0.000862829689185214,0.000491991472147816
Muribaculum,0.000899763220205209,0.000780256127554915,0.000418681873962319,0.000566732785491641,0.000545611974996738,5.60762637186574e-05,0.0015380428995658,0.000614717049358163,0.00139697322467986,0.00141818472355385,0.00148503738495277,0.00136463902493738,0,0,0,0,0,0,0.000626930661468842,0.000799939627197947,0.00188619930839359,0.000570348982283535,0.000294146484949505,0.00051385775979883
Kineothrix,0.000631412786108919,0.000491900602154185,0.000808489135927236,0.000760615054212465,0.00079469570271264,8.01089481695105e-05,0.000295777480685731,0.000180799132164166,0.000315982038915683,0.000259667625439438,0.000172678765692183,0.000243017908550492,1.67126263892371e-05,0,0,0,4.04825520200793e-05,0,0.000250772264587537,0.000467889215908233,0.00161470092309451,0.00329138891859457,0.00432395332875772,0.000645055485704914
Acetanaerobacterium,6.31412786108919e-05,8.48104486472733e-05,4.33119179961019e-05,5.96560826833306e-05,3.55833896737003e-05,0,5.91554961371461e-05,0.000198879045380582,6.65225345085648e-05,7.98977309044423e-05,0.000120875135984528,0.000130855796911803,0.00416980028411465,0.00562197235678414,0.000712927756653992,0.00153033339406085,0.00193304185895879,0.000289721867007673,5.69936964971674e-05,7.54660025658441e-05,0.00010002572089966,8.31758932496822e-05,3.92195313266006e-05,4.37325753020281e-05
Anaerocolumna,0.000363062352012628,0.000288355525400729,0.00193459900382589,0.00174494041848742,0.00180289174346748,0.000881198429864616,0.000579723862144032,0.000687036702223829,0.000848162314984201,0.000639181847235539,0.000224482395399838,0.000411261076008524,7.52068187515668e-05,0,2.06645726566375e-05,0,0.000172050846085337,7.9923273657289e-05,0.00106008275484731,0.000528262017960909,0.000800205767197279,0.000629760334604736,0.000754975978037062,0.00103864866342317
Anaerostipes,0.00165745856353591,0.00128911881943855,0.000548617627950624,0.000656216909516637,0.000711667793474006,0.000184250580789874,0.000970150136649196,0.00110287470620141,0.000715117245967071,0.000958772770853308,0.00120875135984528,0.00112162111638688,0,0,0,2.73273820368009e-05,2.02412760100397e-05,0,0.000535740747073374,0.00107161723643499,0.000442971049698494,0.000748583039247139,0.000931463869006765,0.000502924615973323
Ileibacterium,3.15706393054459e-05,0.000135696717835637,0,0,0,9.61307378034126e-05,0.000130142091501721,0,0,0,0,0,0,0,0,0,0,0,0.00276989364976234,0.00132820164515886,0.00251493241119145,0.0032438598367376,0.0032454162172762,0.00184770130651069
Helicobacter,0,0,0.00269977622175702,0.0051155090900956,0.00512400811301285,0.00221100696947849,0,0,0,0,0,0,0,0,0,0,0,0,0,0,0,0,0,0
Coprococcus,0.00108918705603788,0.00101772538376728,0.00066411607594023,0.000760615054212465,0.000498167455431804,0.00108948169510534,0.000709865953645753,0.000614717049358163,0.00083153168135706,0.000539309683604986,0.000518036297076549,0.000635585299285901,0,0,0,0,8.09651040401587e-05,6.99328644501279e-05,0.000889101665355812,0.00113199003848766,0.000242919607899174,0.000831758932496821,0.00123541523678792,0.00137757612201389
Fusobacterium,4.73559589581689e-05,5.0886269188364e-05,0.000389807261964917,0.000641302888845804,0.000474445195649338,0,0.000615217159826319,0.000198879045380582,0.00083153168135706,0.000838926174496644,0.000518036297076549,0.00074774741092459,0,0,0,0,0,2.99712276214834e-05,4.55949571977339e-05,0.000211304807184363,0.00137178131519534,0.00287550945234615,0.00482400235317188,0.00010933143825507
Gemmiger,0.000284135753749013,0.000288355525400729,0.00119829639789215,0.000835185157566628,0.000925168131516208,0.000280381318593287,0.000840008045147475,0.00113903453263424,0.000382504573424247,0.000499360818152764,0.000949733211307006,0.000598197928739672,0.000300827275006267,5.55530865294876e-05,7.23260042982311e-05,0,0.00123471783661242,0.000119884910485934,0.000615531922169408,0.00153950645234322,0.000628733102797862,0.000736700768782899,0.000343170899107756,0.000568523478926365
Marvinbryantia,0.000615627466456196,0.000271393435671275,0.00106836064390385,0.000760615054212465,0.00103191830053731,0.000584795321637427,0.00044958177064231,0.000560477309708913,0.000582072176949942,0.000399488654522212,0.000466232667368894,0.000598197928739672,0.000158769950697752,0,0,0.000173073419566406,0.000242895312120476,0,0.00136784871593202,0.00063391442155309,0.00124317681689577,0.000926817096210744,0.000656927149720561,0.00141037555349041
Pseudanabaena,0,0,0,0,0,0,0,0,0,0,0,0,0.00460432857023481,0.00612195013554953,0.000640601752355761,0.00158498815813445,0.00106266699052708,0.0001798273657289,0,0,0,0,0,0
Pelolinea,0,0,5.77492239948026e-05,0,0,0,0,0,0,0,0,0,0.00214757249101696,0.00145549086707257,0.00120887750041329,0.000865367097832028,0.00269208970933528,0.00517503196930946,0,0,0,0,0,0
Treponema,0.00104183109707972,0.000848104486472733,0.000346495343968815,0.000134226186037494,0.000225361467933435,2.40326844508532e-05,0.00112395442660578,0.00126559392514916,0.00101446865125561,0.00103867050175775,0.000846125951891696,0.00115900848693311,0.000217264143060082,8.88849384471801e-05,1.03322863283187e-05,5.46547640736017e-05,0.000172050846085337,7.9923273657289e-05,0.000319164700384137,0.00111689683797449,0.000685890657597668,0.000653524875533217,0.00063731738405726,0.00040452632154376
Collinsella,0.000441988950276243,0.000457976422695276,0.000101061141990904,0,0.000106750169021101,0,0.00101747453355891,0.000198879045380582,0.0011308830866456,0.00173777564717162,0.000241750271969056,9.34684263655737e-05,0.000142057324308515,0,0.000588940320714168,0,0.000759047850376488,0.000299712276214834,0.000843506708158078,0.000784846426684779,0.00124317681689577,0.0014734015375658,0.00133346406510442,0.000459192040671295
Parolsenella,0,0,0,0,0,0,0.00134874531192693,0.000687036702223829,0.0013304506901713,0.00235698306168105,0.000362625407953584,0.000224324223277377,0,0,0,0,0,0,0.000946095361852979,0.000573541619500415,0.00148609642479495,0.00150904834895852,0.00169624472987548,0.000743453780134478
Allobaculum,0.000994475138121547,0.00130608090916801,0.000115498447989605,0.000178968248049992,4.74445195649338e-05,0.000128174317071217,7.09865953645753e-05,1.80799132164166e-05,0.000149675702644271,0.000239693192713327,6.90715062768731e-05,0.000149549482184918,0.000208907829865463,5.55530865294876e-05,0.00040295916680443,0.00061031153215522,0.00060723828030119,0.000259750639386189,0.00133365249803372,0.000573541619500415,0.00160041153439456,0.00148528380803004,0.00155897637023238,0.00100584923194665
Anaeroplasma,0,0,0.00167472749584927,0.00322142846489985,0.00233664258857299,0,2.36621984548584e-05,0.000216958958596999,0,3.99488654522212e-05,0,0,0,0,0,0,0,0,0.000832107968858644,0.000437702814881896,0.000285787773999028,0.00231704274052686,8.82439454848515e-05,0.00169463729295359
Intestinibacillus,0.000142067876874507,0.00025443134594182,0.00141485598787266,0.000357936496099984,0.000462584065758104,0,7.09865953645753e-05,0.000108479479298499,0.000232828870779977,3.99488654522212e-05,0.00010360725941531,3.73873705462295e-05,0.000877412885434946,0.000466645926847696,0.000919573483220367,0.00106576789943523,0.00101206380050198,0.000689338235294118,0.000250772264587537,0.000860312429250623,8.57363321997085e-05,0.00140210791478036,0.000862829689185214,0.000546657191275351
Anaerolactibacter,0.000552486187845304,0.000474938512424731,8.66238359922038e-05,8.94841240249959e-05,2.37222597824669e-05,0.000184250580789874,4.73243969097169e-05,5.42397396492497e-05,0,5.99232981783317e-05,6.90715062768731e-05,0.000130855796911803,0.00172140051809142,0.00166659259588463,0.0014361877996363,0.000819821461104026,0.001528216338758,0.00253756393861893,0.000148183610892635,0.000105652403592182,0.000214340830499271,0.000106940434178163,6.86341798215511e-05,0.000120264582080577
Elusimicrobium,0.000820836621941594,0.00118734628106183,0.00127048292788566,0.00222218907995406,0.00182661400324995,0.000496675478650965,0.000567892762916603,0.000831676007955162,0.00083153168135706,0.000719079578139981,0.000742518692476386,0.000598197928739672,0,0,0,0,0,0,0,0,0,0,0,0
Pseudoclostridium,0.00074191002367798,0.000983801204308371,0,4.47420620124979e-05,0.000106750169021101,8.01089481695105e-06,0.000473243969097169,0.000289278611462665,0.000465657741559953,0.000619207414509428,0.000276286025107493,0.000373873705462295,0.000359321467368597,4.44424692235901e-05,0.00151884609026285,0.00220440881763527,0.000829892316411627,0.000919117647058824,0.000136784871593202,7.54660025658441e-05,0.000814495155897231,0.000273292220677527,0.000254926953622904,0.000207729732684633
Robinsoniella,0.00042620363062352,0.000424052243236367,0.000996174113910344,0.000641302888845804,0.000996334910863609,0.000648882480173035,0.000425919572187452,0.000705116615440246,0.000515549642441377,0.000459411952700543,0.000535304173645767,0.000598197928739672,0,0,2.06645726566375e-05,3.64365093824012e-05,0,6.99328644501279e-05,0.00106008275484731,0.000362236812316052,0.000414392272298591,0.000558466711819294,0.000843219923521914,0.00126824468375881
Coprobacillus,4.73559589581689e-05,0.000169620897294547,0.000707427993936332,0.00158088619110826,0.00115052959944964,6.40871585356084e-05,0.00120677212119778,0.000325438437895498,0.000931315483119907,0.000898849472674976,0.000846125951891696,0.000915990578382622,0,0,0,0,0,0,0.000284968482485837,0.000528262017960909,0.000228630219199223,0.000938699366674984,0.000127463476811452,0.000601322910402886
Marinitenerispora,0,0,0,0,0,0,0,0,0,0,0,0,0.00381883512994067,0.00477756544153593,0.000537278889072574,0.00140280561122244,0.000829892316411627,0.000129875319693095,0,0,0,0,0,0
Ruminiclostridium,0.000363062352012628,0.00025443134594182,0.000404244567963618,0.000715872992199967,0.000640501014126606,0.000384522951213651,0.000130142091501721,0.000596637136141747,0.000249459504407118,0.000199744327261106,0.000276286025107493,0.000317792649642951,5.84941923623297e-05,2.2221234611795e-05,0.00167383038518763,0.00227728183640007,5.06031900250992e-05,0.000149856138107417,0.000353360918282438,0.00025658440872387,0.000743048212397474,0.000320821302534488,0.000411805078929307,0.000557590335100858
Fusicatenibacter,0.000331491712707182,0.000390128063777457,0.00124160831588826,0.00079044309555413,0.000747251183147707,8.81198429864616e-05,0.000201128686866297,0.000126559392514916,0.000232828870779977,0.000259667625439438,0.000224482395399838,0.000130855796911803,0.000142057324308515,0.000399982223012311,0.000599272607042486,5.46547640736017e-05,0.00205448951501903,0.0013886668797954,0.000273569743186404,0.000422609614368727,0,0.00040399719578417,0.000362780664771056,0.00040452632154376
Anaerobium,0.000236779794790845,0.000339241794589093,0.00115498447989605,0.0007307870128708,0.00115052959944964,0.000216294160057678,0.000686203755190895,0.000668956789007413,0.000781639780475636,0.000579258549057207,0.00050076842050733,0.000467342131827869,0,0,0,2.73273820368009e-05,0,0,0.000763715533062043,0.000271677609237039,0.000457260438398445,0.000510937629962333,0.000804000392195313,0.000721587492483464
Holdemania,0.000315706393054459,0.000407090153506912,0.000144373059987006,8.94841240249959e-05,0.000118611298912334,0,0.000224790885321155,0.000325438437895498,0.0002827207716614,3.99488654522212e-05,0.000120875135984528,0.000112162111638688,0.00102782652293808,0.00116661481711924,0.000909241196892048,0.00162142466751685,0.00118411464658732,0.00070931905370844,0.000148183610892635,0.000301864010263376,0.000857363321997085,0.000356468113927209,0.000352975781939406,0.000240529164161155
Odoribacter,0.000205209155485399,0.000169620897294547,5.77492239948026e-05,4.47420620124979e-05,7.11667793474006e-05,0,0.000828176945920045,0.000433917917193997,0.00108099118576418,0.000818951741770534,0.000759786569045605,0.000934684263655737,0,0,0,0,0,0,0.00102588653694901,0.000603728020526753,0.000414392272298591,0.00116446250549555,0.000196097656633003,0.00169463729295359
Drancourtella,0.000110497237569061,0.000118734628106183,0.000173247671984408,5.96560826833306e-05,0.000154194688586035,5.60762637186574e-05,0.000106479893046863,0.000144639305731332,4.98919008814236e-05,7.98977309044423e-05,0.000224482395399838,0.000130855796911803,0,0,0,0,0,0,6.83924357966009e-05,1.50932005131688e-05,0.00134320253779543,0.00286362718188191,0.00459849004804393,9.83982944295632e-05
Olsenella,7.89265982636148e-05,0,4.33119179961019e-05,5.96560826833306e-05,0.000130472428803568,0,0.00091099464051205,0.000379678177544748,0.000997838017628472,0.0013183125599233,0.000276286025107493,0.000168243167458033,0,0,2.06645726566375e-05,6.3763891419202e-05,3.03619140150595e-05,0.000129875319693095,0.00078651301166091,0.000543355218474077,0.00104312537509645,0.00118822704642403,0.00121580547112462,0.000546657191275351
Pseudobutyrivibrio,0.000331491712707182,0.000610635230260368,0.00108279794990255,0.000686044950858302,0.00111494620977594,0.000368501161579748,0.000378595175277735,0.000361598264328331,0.000232828870779977,0.000139821029082774,0.000276286025107493,0.000168243167458033,9.19194451408039e-05,0.00142215901515488,0.000433956025789387,0.000154855164875205,0,0.000259750639386189,0.000159582350192069,0.000452796015395065,0.000228630219199223,0.000273292220677527,0.000196097656633003,0.00021866287651014
Desulfitobacterium,0.00143646408839779,0.00113646001187346,0.000360932649967516,0.000328108454758318,0.000450722935866871,6.40871585356084e-05,0.000224790885321155,0.000397758090761164,0.000266090138034259,0.000179769894534995,0.000293553901676711,0.000224324223277377,0.000217264143060082,0,3.09968589849562e-05,0.000473674621971215,0.000718565298356408,0.000129875319693095,0.000501544529175073,0.000362236812316052,0.000771626989797377,0.000427761736712651,0.000137268359643102,0.000459192040671295
Caldicoprobacter,0.000773480662983425,0.000814180307013824,4.33119179961019e-05,7.45701033541633e-05,0.000201639208150968,4.80653689017063e-05,0.0010529678312412,0.000614717049358163,0.000898054215865624,0.000838926174496644,0.000811590198753259,0.000785134781470819,0.000518091418066349,5.55530865294876e-05,0.000175648867581418,0.00063763891419202,0.000242895312120476,0.000129875319693095,0.000113987392994335,0.000105652403592182,0.000314366551398931,9.50581637139225e-05,0.000186292773801353,4.37325753020281e-05
Acidaminococcus,0.000710339384372534,0.00050886269188364,0.000360932649967516,0.00022371031006249,0.000284667117389603,0.000296403108227189,0.000769021449782899,0.00101247514011933,0.000532180276068518,0.000858900607222755,0.000967001087876224,0.00102815269002131,0,0,0,0,0,0,0.000136784871593202,0.000664100822579428,0.000171472664399417,0.000475290818569612,0.000382390430434356,0.000131197725906084
Oribacterium,0.000536700868192581,0.000729369858366551,0.00210784667581029,0.00143174598439993,0.00188591965270612,0.000200272370423776,0.000189297587638868,0.000560477309708913,0.000232828870779977,0,0.000431696914230457,0.000186936852731147,0,0,0,0,0,0,2.2797478598867e-05,0.000301864010263376,0,0.000213880868356326,0.000137268359643102,0.000174930301208112
Candidatus_Amulumruptor,0.000220994475138122,0.000152658807565092,0.000794051829928535,0.00122294969500828,0.000877723611951274,0.000136185211888168,0.00130142091501721,0.000126559392514916,0.000864792948611342,0.00105864493448386,0.000863393828460914,0.000841215837290163,0,0,0,0,0,0,3.41962178983004e-05,0.000166025205644857,7.14469434997571e-05,0,0,0
Emergencia,7.89265982636148e-05,0.000152658807565092,0.000101061141990904,7.45701033541633e-05,0.000118611298912334,1.60217896339021e-05,9.46487938194338e-05,0.000596637136141747,3.32612672542824e-05,7.98977309044423e-05,0.000276286025107493,0.000112162111638688,0,0,0,0,0,0,4.55949571977339e-05,0,0.00107170415249636,0.0022101023063487,0.00342190410824591,4.37325753020281e-05
Mahella,0.000694554064719811,0.000559748961072004,0,0,3.55833896737003e-05,8.81198429864616e-05,0.00030760857991316,0.000397758090761164,0.000232828870779977,0.000259667625439438,0.000293553901676711,0.000373873705462295,4.17815659730927e-05,3.33318519176925e-05,0.000299636303521243,0,0.000941219334466845,0.000489530051150895,0.000250772264587537,4.52796015395065e-05,0.00177188419879398,0.000594113523212015,0.000656927149720561,0.000153064013557098
Tyzzerella,0.00107340173638516,0.000966839114578916,0.000144373059987006,0.000208796289391657,7.11667793474006e-05,8.01089481695105e-05,0.000224790885321155,0.000108479479298499,0.000399135207051389,0.000419463087248322,0.000310821778245929,0.000486035817100983,3.34252527784741e-05,2.2221234611795e-05,0.000134319722268143,9.10912734560029e-06,0.000647720832321269,2.99712276214834e-05,0.000250772264587537,0.000271677609237039,0.00195764625189334,0.000118822704642403,4.90244141582508e-05,0.000306128027114197
Monoglobus,0.00042620363062352,0.000695445678907641,0,2.98280413416653e-05,0.000106750169021101,0,0.000224790885321155,0.000289278611462665,0.000299351405288541,0.000199744327261106,0.000224482395399838,0.000299098964369836,0.000200551516670845,3.33318519176925e-05,0.00109522235080179,9.10912734560029e-05,0.00061735891830621,0.000729299872122762,0.000444550832677906,0.000316957210776545,0.000157183275699466,0.000558466711819294,0.000441219727424257,0.000634122341879407
Christensenella,0.000615627466456196,0.000661521499448732,0.000505305709954523,0.000611474847504139,0.000593056494561672,7.20980533525595e-05,0.000295777480685731,0.000958235400470078,0.000266090138034259,0.000379514221796101,0.000138143012553746,0.000149549482184918,0.000150413637503134,0.000188880494200258,1.03322863283187e-05,0,5.06031900250992e-05,0.000139865728900256,0.000284968482485837,0.000150932005131688,0.000257208996599125,0.000225763138820566,0.000725561329542112,0.000601322910402886
Faecalicatena,0.000457774269928966,0.000390128063777457,0.000563054933949325,0.000566732785491641,0.00041513954619317,0.000496675478650965,0.00030760857991316,0.00121135418549991,0.0002827207716614,0.000639181847235539,0.000293553901676711,5.60810558193442e-05,0.000125344697919278,6.66637038353851e-05,0.000103322863283187,7.28730187648023e-05,0.000141688932070278,9.99040920716113e-05,0.000136784871593202,0.000166025205644857,0.00010002572089966,0.000439644007176891,0.000509853907245808,0.000284261739463183
Andreesenia,0.000441988950276243,0.000474938512424731,0,0,0,6.40871585356084e-05,0.000709865953645753,0.00108479479298499,0.000532180276068518,0.00069910514541387,0.000897929581599351,0.000785134781470819,0,0,0,0,0,0,0.000170981089491502,0.00063391442155309,0.000142893886999514,0.000499055359498093,0.000421609961760957,0.000120264582080577
Angelakisella,0.000347277032359905,0.000424052243236367,0.000129935753988306,0.000164054227379159,9.48890391298675e-05,4.80653689017063e-05,0.000520568366006886,0.000668956789007413,0.000399135207051389,0.000259667625439438,0.000552572050214985,0.000336486334916065,8.35631319461853e-05,0,0,0,0.000202412760100397,0.000239769820971867,0.000455949571977339,0.000437702814881896,0.000385813494898688,0.000522819900426573,0.000303951367781155,0.000590389766577379
Xylanivirga,0.000473559589581689,0.00050886269188364,0.000144373059987006,0.000119312165366661,7.11667793474006e-05,4.00544740847553e-05,0.000899163541284621,0.000415838003977581,0.000631964077831365,0.00103867050175775,0.000690715062768731,0.000691666355105245,1.67126263892371e-05,6.66637038353851e-05,0.000175648867581418,6.3763891419202e-05,0.000111327018055218,8.99136828644501e-05,6.83924357966009e-05,9.05592030790129e-05,0.000214340830499271,0.000213880868356326,0.000117658593979802,0.000185863445033619
Cellulosilyticum,0.000331491712707182,0.000407090153506912,0.000360932649967516,0.000536904744149975,0.000498167455431804,0,2.36621984548584e-05,0.000144639305731332,8.3153168135706e-05,0,5.18036297076548e-05,9.34684263655737e-05,0,0,0,0,0.000789409764391547,8.99136828644501e-05,0.000672525618666575,0.000241491208210701,0.000743048212397474,0.000261409950213287,0.000294146484949505,0.00106051495107418
Ruthenibacterium,4.73559589581689e-05,0.000118734628106183,4.33119179961019e-05,4.47420620124979e-05,4.74445195649338e-05,3.20435792678042e-05,5.91554961371461e-05,0.000180799132164166,9.97838017628472e-05,0,8.63393828460914e-05,5.60810558193442e-05,0.00228127350213086,0.000844406915248211,0.000929905769548686,0.00100200400801603,0.000141688932070278,3.99616368286445e-05,6.83924357966009e-05,7.54660025658441e-05,4.28681660998542e-05,0.000178234056963605,0.000147073242474752,8.74651506040562e-05
Petroclostridium,0.000284135753749013,0.000237469256212365,0,0,0,0,0.000674372655963466,0.00063279696257458,0.000798270414102777,0.000918823905401087,0.000569839926784203,0.000598197928739672,0.000242333082643937,5.55530865294876e-05,0.000289304017192924,0.000710511932956823,0.000232774674115456,0.000139865728900256,3.41962178983004e-05,7.54660025658441e-05,8.57363321997085e-05,0,0,3.27994314765211e-05
Prevotellamassilia,0.000962904498816101,0.000814180307013824,2.88746119974013e-05,0.000372850516770816,0.00034397276684577,0.00256348634142434,0.000248453083776014,3.61598264328331e-05,0.000548810909695659,0.00033956535634388,0.00010360725941531,0.000112162111638688,0,0,0,0,0,0,0,4.52796015395065e-05,0,0,0,0
Lactonifactor,0.00058405682715075,0.00050886269188364,0.000794051829928535,0.000566732785491641,0.000676084403800306,0.000592806216454378,0.000212959786093726,0.000470077743626831,0.000216198237152836,0.000119846596356663,0.000155410889122965,9.34684263655737e-05,9.19194451408039e-05,4.44424692235901e-05,4.13291453132749e-05,5.46547640736017e-05,1.01206380050198e-05,3.99616368286445e-05,6.83924357966009e-05,0.000437702814881896,0.000242919607899174,8.31758932496822e-05,8.82439454848515e-05,0.000240529164161155
Herbinix,0.000315706393054459,0.000390128063777457,8.66238359922038e-05,8.94841240249959e-05,0.000154194688586035,3.20435792678042e-05,0.00015380428995658,7.23196528656662e-05,0.000199567603525694,0.000159795461808885,8.63393828460914e-05,0.000112162111638688,0.000167126263892371,0.000344429136482823,0.000764589188295586,0.000236837310985608,0.00163954335681321,0.000789242327365729,4.55949571977339e-05,0.000166025205644857,0.000171472664399417,4.75290818569612e-05,1.96097656633003e-05,0.00010933143825507
Mediterraneibacter,0.000284135753749013,0.000441014332965821,0.000563054933949325,0.000462334640795812,0.000403278416301937,0.000488664583834014,8.28176945920045e-05,0.000144639305731332,0.000232828870779977,3.99488654522212e-05,0.000172678765692183,0.000261711593823606,0.000150413637503134,3.33318519176925e-05,8.26582906265498e-05,4.55456367280015e-05,2.02412760100397e-05,7.9923273657289e-05,0.000284968482485837,0.000211304807184363,0.000257208996599125,0.000356468113927209,0.000470634375919208,0.000481058328322309
Adlercreutzia,0.000142067876874507,0,0,0,0,0,0.000615217159826319,0.000144639305731332,0.000149675702644271,0.000838926174496644,0,0.000112162111638688,0,0,0,0,0,8.99136828644501e-05,0.000695323097265442,0.000150932005131688,0.000728758823697522,0.00118822704642403,0.000784390626532013,0.000174930301208112
Papillibacter,0.000173638516179953,0.000237469256212365,0,0,0,0,8.28176945920045e-05,0.000198879045380582,0,0,0.000120875135984528,3.73873705462295e-05,0.000518091418066349,0.00142215901515488,0.000805918333608861,0.000810712333758426,0.000485790624240952,0.000409606777493606,6.83924357966009e-05,6.03728020526753e-05,0.00010002572089966,7.12936227854418e-05,5.8829296989901e-05,7.65320067785492e-05
Sedimentibacter,0.000205209155485399,0.000101772538376728,5.77492239948026e-05,7.45701033541633e-05,5.93056494561672e-05,0,0,7.23196528656662e-05,0,0,3.45357531384366e-05,0,0.000869056572240328,0.000799964446024621,0.000836915192593817,0.000701402805611222,0.000475669986235932,0.000339673913043478,9.11899143954679e-05,4.52796015395065e-05,0.000171472664399417,0.000237645409284806,0.000274536719286205,0.000196796588859126
Staphylococcus,6.31412786108919e-05,0,0.000591929545946726,0.00135717588104577,0.000901445871733741,0.000488664583834014,2.36621984548584e-05,3.61598264328331e-05,0,0,3.45357531384366e-05,3.73873705462295e-05,0,0,0,0,0,0,0.000296367221785271,0.000362236812316052,0.000214340830499271,0.000701053957390178,1.96097656633003e-05,0.00051385775979883
Negativibacillus,0.000110497237569061,0.000203545076753456,0,8.94841240249959e-05,4.74445195649338e-05,0.000168228791155972,0.000106479893046863,0.000126559392514916,0.00013304506901713,0,0.000138143012553746,0.000149549482184918,0,0,0.000578608034385849,0.00126616870103844,0.000799530402396567,0.000499520460358056,0.000159582350192069,0.00037733001282922,4.28681660998542e-05,0.000237645409284806,0.000215707422296304,6.55988629530421e-05
Coprobacter,9.47119179163378e-05,0,0.000202122283981809,0.00028336639274582,0.000166055818477268,4.80653689017063e-05,0.000721697052873182,0.000415838003977581,0.000648594711458507,0.000759028443592202,0.000673447186199513,0.000579504243466557,0,0,0,0,0,0,0.000216576046689236,0.000241491208210701,4.28681660998542e-05,2.37645409284806e-05,3.92195313266006e-05,0.000251462307986662
Parasporobacterium,0.00115232833464878,0.000797218217284369,0,0,0,6.40871585356084e-05,0.000437750671414881,0.000271198698246248,0.000399135207051389,0.000299616490891659,0.000552572050214985,0.000299098964369836,0,0,0,0,0,0,4.55949571977339e-05,0.000467889215908233,0,0.000225763138820566,4.90244141582508e-05,8.74651506040562e-05
Faecalitalea,0,0,0,0,0,0,0,0.000144639305731332,4.98919008814236e-05,5.99232981783317e-05,0,3.73873705462295e-05,0,0,0,0,0,0,0.000695323097265442,0.000482982416421402,0.000857363321997085,0.000962463907603465,0.00106873222864987,0.000568523478926365
Parafannyhessea,0,0,0,0,0,0,0.000485075068324598,0.000253118785029832,0.000449027107932812,0.00069910514541387,0.000138143012553746,0.000205630538004262,0,0,0,0,0,0,0.000421753354079039,0.00025658440872387,0.000600154325397959,0.000487173089033853,0.00058829296989901,0.000306128027114197
Erysipelatoclostridium,0,0,7.21865299935032e-05,0.000164054227379159,0.000106750169021101,0,1.18310992274292e-05,0.000903995660820828,0,0,0.000172678765692183,5.60810558193442e-05,0,0,0,0,0,0,0.000718120575864309,0.000316957210776545,0.000471549827098397,0.000605995793676256,0.000451024610255907,0.000819985786913027
Cuneatibacter,4.73559589581689e-05,5.0886269188364e-05,0.00067855338193893,0.000447420620124979,0.000367695026628237,2.40326844508532e-05,2.36621984548584e-05,0.000216958958596999,0.000149675702644271,0,0,0,0,0,0,0.000127527782838404,6.0723828030119e-05,3.99616368286445e-05,0.000376158396881305,0.000241491208210701,0.000114315109599611,0.000570348982283535,0.000735366212373762,0.000546657191275351
Corallococcus,0.000110497237569061,0.000101772538376728,0.000707427993936332,0.00180459650117075,0.00124541863857951,5.60762637186574e-05,0,7.23196528656662e-05,0,0,0,0,0,0,0,0,0,0,9.11899143954679e-05,6.03728020526753e-05,0,0.000273292220677527,2.94146484949505e-05,0.000185863445033619
Bacilliculturomica,0.000220994475138122,0.000203545076753456,0.000721865299935032,0.000850099178237461,0.00079469570271264,0,0.000283946381458301,0.000144639305731332,0.000232828870779977,0.000219718759987216,0.000241750271969056,0.000186936852731147,0,0,0,0,0,4.99520460358056e-05,0.000125386132293768,0.000135838804618519,0,8.31758932496822e-05,3.92195313266006e-05,0.000142130869731591
Epulopiscium,0.000126282557221784,0.000356203884318548,1.44373059987006e-05,0,0,0,0.000189297587638868,0.000144639305731332,0.000166306336271412,0.000219718759987216,0.000189946642261401,9.34684263655737e-05,3.34252527784741e-05,0,0.000309968589849562,0,0.000455428710225893,0.00026974104859335,5.69936964971674e-05,0.000105652403592182,0.000957389042896745,0.000320821302534488,0.000421609961760957,0.000142130869731591
Bosea,0,0,0,1.49140206708326e-05,0,1.60217896339021e-05,0,0,0,0,0,0,0,0.000477756544153593,5.16614316415936e-05,0,0,0.00324688299232737,0.000102588653694901,0.000196211606671195,0,0,0,0.000196796588859126
Cloacibacillus,4.73559589581689e-05,3.39241794589093e-05,0,0,0,0,0,0,0,0,0,0,0.000701930308347957,0.00138882716323719,0.000599272607042486,0.000592093277464019,0.000232774674115456,0.000339673913043478,4.55949571977339e-05,7.54660025658441e-05,4.28681660998542e-05,7.12936227854418e-05,6.86341798215511e-05,5.46657191275351e-05
Candidatus_Borkfalkia,0.000284135753749013,0.000186582987024001,0.000461993791958421,0.000745701033541632,0.000830279092386341,0.000576784426820476,0,0,0,0,0,0,5.01378791677112e-05,5.55530865294876e-05,0.000113655149611506,0.000419019857897613,4.04825520200793e-05,0,5.69936964971674e-05,6.03728020526753e-05,0,0.000201998597892085,2.94146484949505e-05,0.000142130869731591
Anoxybacillus,0.000331491712707182,0.000203545076753456,0,0,0,0,1.18310992274292e-05,0.000180799132164166,4.98919008814236e-05,5.99232981783317e-05,0.000189946642261401,0,0,0,0,0,0,0,0.000113987392994335,7.54660025658441e-05,0.0020290931953931,0.000308939032070248,0.000333366016276105,0.000131197725906084
Dubosiella,0,0,0,0,0,0,3.54932976822877e-05,0.000108479479298499,4.98919008814236e-05,3.99488654522212e-05,5.18036297076548e-05,0,0,0,0,0,0,0,0.00049014578987564,0.000452796015395065,0.000743048212397474,0.000819876662032581,0.000853024806353564,0.000327994314765211
Oceanobacillus,0,0,0,0,0,0,4.73243969097169e-05,0,0,0,0,0,0,0,0.001653165812531,0.00207688103479687,2.02412760100397e-05,6.99328644501279e-05,0,0,4.28681660998542e-05,0,0,0
Thermoclostridium,0.000189423835832676,0.000237469256212365,4.33119179961019e-05,0,3.55833896737003e-05,7.20980533525595e-05,0.000201128686866297,9.03995660820828e-05,0.000149675702644271,9.98721636305529e-05,0.000172678765692183,0.000130855796911803,0.000267402022227793,3.33318519176925e-05,0.000330633162506199,2.73273820368009e-05,0.000910857420451785,0.000609414961636829,3.41962178983004e-05,0,0.00010002572089966,3.56468113927209e-05,5.8829296989901e-05,5.46657191275351e-05
Dethiosulfovibrio,6.31412786108919e-05,6.78483589178187e-05,0,0,1.18611298912334e-05,3.20435792678042e-05,0,0,0,0,0,0,0.000509735104871731,0.00131105284209591,0.000506282030087618,0.000409910730552013,0.000172050846085337,0.000439578005115089,3.41962178983004e-05,9.05592030790129e-05,0,0.000106940434178163,5.8829296989901e-05,6.55988629530421e-05
Pelotomaculum,0.000142067876874507,0.000237469256212365,0.000288746119974013,0.000939583302262457,0.000545611974996738,0,0,0,0,0,0,0,0,0,0.000661266325012399,0,0.000688203384341349,0.000279731457800511,2.2797478598867e-05,0,0,0,1.96097656633003e-05,4.37325753020281e-05
Proteiniborus,0,0,4.33119179961019e-05,0,0,3.20435792678042e-05,4.73243969097169e-05,0,4.98919008814236e-05,3.99488654522212e-05,3.45357531384366e-05,3.73873705462295e-05,1.67126263892371e-05,0,0.00158083980823277,0.00182182546912006,3.03619140150595e-05,5.99424552429668e-05,0,0,0,0,0,4.37325753020281e-05
Candidatus_Accumulibacter,0,0,0,0,0,0,0,0,0,0,0,0,0,0.000511088396071286,3.09968589849562e-05,0,0,0.00317695012787724,0,0,0,0,0,0
Niameybacter,0,0,0,0,0,0,0,0,0,0,0,0,0.000927550764602657,0.000255544198035643,0.000743924615638949,0.000674075423574422,0.000303619140150595,0.0001798273657289,4.55949571977339e-05,0,8.57363321997085e-05,0.000154469516035124,0.000137268359643102,5.46657191275351e-05
Chlamydia,0.00026835043409629,0.000322279704859639,0,0,2.37222597824669e-05,0,0.00046141286986974,0.000235038871813415,0.000299351405288541,0.000559284116331096,0.000379893284522802,0.000243017908550492,4.17815659730927e-05,0,1.03322863283187e-05,0,0.000121447656060238,7.9923273657289e-05,2.2797478598867e-05,3.01864010263376e-05,0.000228630219199223,5.94113523212015e-05,7.84390626532013e-05,4.37325753020281e-05
Fournierella,0.000252565114443567,0.000186582987024001,0.000158810365985707,0.000208796289391657,0.000284667117389603,2.40326844508532e-05,0.000141973190729151,3.61598264328331e-05,4.98919008814236e-05,3.99488654522212e-05,8.63393828460914e-05,0.000112162111638688,0.000217264143060082,3.33318519176925e-05,4.13291453132749e-05,0,0.000566755728281111,0,6.83924357966009e-05,0.000649007622066259,0.00020005144179932,2.37645409284806e-05,1.96097656633003e-05,9.83982944295632e-05
Desulfosporosinus,0.000205209155485399,0.000169620897294547,0,8.94841240249959e-05,8.30279092386341e-05,3.20435792678042e-05,5.91554961371461e-05,0.000198879045380582,8.3153168135706e-05,9.98721636305529e-05,0.000172678765692183,7.4774741092459e-05,0.000242333082643937,3.33318519176925e-05,0.000351297735162837,6.3763891419202e-05,0.000495911262245972,0.00026974104859335,7.97911750960344e-05,0.000135838804618519,0.000171472664399417,0.000106940434178163,5.8829296989901e-05,5.46657191275351e-05
Phocea,0.000331491712707182,0.000390128063777457,0,0,0,2.40326844508532e-05,0.00015380428995658,0.000325438437895498,0.00013304506901713,7.98977309044423e-05,0.000207214518830619,0.000149549482184918,0.000108632071530041,0.000777743211412826,9.29905769548686e-05,0.000127527782838404,0.000172050846085337,4.99520460358056e-05,4.55949571977339e-05,6.03728020526753e-05,0,0,0,5.46657191275351e-05
Oxobacter,9.47119179163378e-05,0.000118734628106183,0,0,0,0,0,0,0,1.99744327261106e-05,0,0,0.000200551516670845,4.44424692235901e-05,0.00113655149611506,8.19821461104026e-05,0.000789409764391547,0.000489530051150895,0,0,7.14469434997571e-05,2.37645409284806e-05,0,4.37325753020281e-05
Streptococcus,0,0,0.000360932649967516,0.000387764537441649,0.000486306325540571,0,0.000201128686866297,5.42397396492497e-05,0.000182936969898553,0.00035953978906999,0,0,8.35631319461853e-06,0,0,0,0,0,0.000581335704271108,0,0,4.75290818569612e-05,9.80488283165016e-05,0.000142130869731591
Eggerthella,0.000173638516179953,0.000169620897294547,0,0,3.55833896737003e-05,0,5.91554961371461e-05,0.000198879045380582,6.65225345085648e-05,0.000279642058165548,0.000207214518830619,0.000205630538004262,6.68505055569483e-05,3.33318519176925e-05,0,3.64365093824012e-05,0.000374463606185734,9.99040920716113e-05,6.83924357966009e-05,9.05592030790129e-05,0.00020005144179932,0.000213880868356326,0.000264731836454554,6.55988629530421e-05
Merdimonas,0.000394632991318074,0.000441014332965821,0,0.000119312165366661,4.74445195649338e-05,6.40871585356084e-05,7.09865953645753e-05,0.000126559392514916,0.00013304506901713,0.000119846596356663,8.63393828460914e-05,0.000149549482184918,0,0,0,0,0,0,0.000113987392994335,0,0.000743048212397474,3.56468113927209e-05,1.96097656633003e-05,0.000240529164161155
Candidatus_Nanosyncoccus,0.000110497237569061,8.48104486472733e-05,0,0,2.37222597824669e-05,0,0.00030760857991316,0.000506237570059664,0.000232828870779977,0.000199744327261106,0.000448964790799675,0.000429954761281639,0,0,0,0,0,0,0,0.000286770809750208,0.000214340830499271,0,0,0
Desulfonispora,0.000220994475138122,0.000101772538376728,0,4.47420620124979e-05,3.55833896737003e-05,0,0.000201128686866297,0.000144639305731332,0.000299351405288541,0.000179769894534995,0.000241750271969056,0.000224324223277377,5.01378791677112e-05,0,0,0,0.000263136588130516,2.99712276214834e-05,0.000125386132293768,0.000226398007697532,0.000185762053099368,5.94113523212015e-05,8.82439454848515e-05,7.65320067785492e-05
Enorma,0,0,0,0,3.55833896737003e-05,0,0.000212959786093726,9.03995660820828e-05,0.000232828870779977,0.000399488654522212,0.000328089654815147,7.4774741092459e-05,2.50689395838556e-05,0,0,0,0,0,0.000148183610892635,9.05592030790129e-05,0.000271498385299077,0.000356468113927209,0.000264731836454554,0.000185863445033619
Gudongella,0,3.39241794589093e-05,0,0,0,0,0.000343101877595447,0,0.0002827207716614,0.000179769894534995,0.000362625407953584,0.000186936852731147,0.00040110303334169,0,4.13291453132749e-05,0.000209509928948807,0.000222654036110436,0,0,7.54660025658441e-05,0.000185762053099368,4.75290818569612e-05,5.8829296989901e-05,7.65320067785492e-05
Lachnoanaerobaculum,0.00015785319652723,0.000169620897294547,8.66238359922038e-05,4.47420620124979e-05,0,0,0.000248453083776014,0.000180799132164166,0.000166306336271412,0.000279642058165548,0.000207214518830619,0.000186936852731147,0.000167126263892371,3.33318519176925e-05,0.000103322863283187,6.3763891419202e-05,0.000333981054165655,0,2.2797478598867e-05,4.52796015395065e-05,7.14469434997571e-05,4.75290818569612e-05,1.96097656633003e-05,6.55988629530421e-05
Vagococcus,0,0,0.000332058037970115,0.000193882268720824,0.000391417286410703,0,3.54932976822877e-05,0,0,0,0,0,5.01378791677112e-05,6.66637038353851e-05,0.000506282030087618,2.73273820368009e-05,0.00108290826653712,0,0,0,0,0,0,0
Selenomonas,0.000220994475138122,0.000237469256212365,0,2.98280413416653e-05,2.37222597824669e-05,0.000144196106705119,8.28176945920045e-05,0.000325438437895498,0.000116414435389988,0.000139821029082774,0.000207214518830619,0.000205630538004262,6.68505055569483e-05,0,0,1.82182546912006e-05,0.000273257226135536,2.99712276214834e-05,4.55949571977339e-05,0.000120745604105351,0.000142893886999514,7.12936227854418e-05,4.90244141582508e-05,0.000120264582080577
Gardnerella,0.000142067876874507,0.000101772538376728,0.00023099689597921,0.000208796289391657,0.000249083727715902,0.000168228791155972,0.000272115282230872,0,0.000399135207051389,0.000299616490891659,0.000155410889122965,0.000224324223277377,1.67126263892371e-05,0,0,0,0,0,0.000125386132293768,0,0,0,0,6.55988629530421e-05
Paucilactobacillus,0.000110497237569061,5.0886269188364e-05,0.000245434201977911,0.000178968248049992,0.000249083727715902,0.000200272370423776,0.000319439679140589,0,0.000365873939797106,0.000439437519974433,0.000207214518830619,7.4774741092459e-05,0,0,0,0,0,0,0.000136784871593202,0,0,0,0,2.1866287651014e-05
Actinomyces,0,0,0.000129935753988306,0,4.74445195649338e-05,0,0.000248453083776014,0.000144639305731332,0.000315982038915683,0.000439437519974433,6.90715062768731e-05,1.86936852731147e-05,0,0,0,0,0,0,0.000170981089491502,0.000105652403592182,0.000185762053099368,0.000225763138820566,0.000313756250612805,0.000153064013557098
Desulfotomaculum,0.00015785319652723,0.000152658807565092,0,0,0,0,0.000165635389184009,0.000108479479298499,0.000149675702644271,0.000219718759987216,0.000241750271969056,0.000149549482184918,7.52068187515668e-05,0,4.13291453132749e-05,3.64365093824012e-05,0.000263136588130516,2.99712276214834e-05,0.000102588653694901,0.000120745604105351,0.000185762053099368,0.000118822704642403,6.86341798215511e-05,0.00010933143825507
Thermophilibacter,0,0,0,0,0,0,0.000319439679140589,0.000126559392514916,0.0002827207716614,0.000439437519974433,8.63393828460914e-05,7.4774741092459e-05,0,0,0,0,0,0,0.000125386132293768,9.05592030790129e-05,0.000242919607899174,0.000261409950213287,0.000264731836454554,0.00010933143825507
Phoenicibacter,0,0,0,0,0,0,0.000248453083776014,0.000144639305731332,0.000232828870779977,0.00033956535634388,0,3.73873705462295e-05,0,0,0,0,0,0,0.000182379828790936,9.05592030790129e-05,0.000242919607899174,0.000332703572998729,0.000313756250612805,0.000131197725906084
Bariatricus,0.000110497237569061,0.000101772538376728,0,4.47420620124979e-05,0,8.81198429864616e-05,4.73243969097169e-05,9.03995660820828e-05,6.65225345085648e-05,0.000119846596356663,5.18036297076548e-05,0,0,0,0,0,0,0,0.000626930661468842,0,0,0.000142587245570884,0.000205902539464653,0.000568523478926365
Agathobaculum,0.000252565114443567,0.000169620897294547,0.000158810365985707,0.000149140206708327,4.74445195649338e-05,4.80653689017063e-05,0,0,4.98919008814236e-05,0,0,0,0.000309183588200886,4.44424692235901e-05,0.000340965448834518,0.000218619056294407,5.06031900250992e-05,1.99808184143223e-05,2.2797478598867e-05,6.03728020526753e-05,0,0.000213880868356326,9.80488283165016e-05,0
Enterococcus,7.89265982636148e-05,0.000152658807565092,0.000577492239948026,0.000328108454758318,0.000332111636954536,2.40326844508532e-05,3.54932976822877e-05,0.000144639305731332,4.98919008814236e-05,0,1.72678765692183e-05,3.73873705462295e-05,3.34252527784741e-05,0,3.09968589849562e-05,3.64365093824012e-05,0.000242895312120476,2.99712276214834e-05,3.41962178983004e-05,0,0,0,0,0
Paratractidigestivibacter,0,0,0,0,0,0,0.000260284183003443,9.03995660820828e-05,0.000232828870779977,0.000379514221796101,5.18036297076548e-05,7.4774741092459e-05,0,0,0,0,0,0,0.000102588653694901,6.03728020526753e-05,0.000242919607899174,0.000261409950213287,0.000284341602117855,9.83982944295632e-05
Alkaliphilus,0.000126282557221784,0.000101772538376728,0,0,0,0,0.000130142091501721,7.23196528656662e-05,8.3153168135706e-05,5.99232981783317e-05,5.18036297076548e-05,5.60810558193442e-05,0.000259045709033175,7.77743211412826e-05,0.000103322863283187,0.00062852978684642,0.000232774674115456,9.99040920716113e-05,0,0,0,0,0,5.46657191275351e-05
Atopobium,0,0,0,0,0,0,0.000224790885321155,0.000108479479298499,0.000232828870779977,0.000399488654522212,0,3.73873705462295e-05,0,0,0,0,0,0,0.000136784871593202,7.54660025658441e-05,0.000214340830499271,0.000237645409284806,0.000264731836454554,0.00010933143825507
Anaerofilum,4.73559589581689e-05,0,0.000389807261964917,0.000193882268720824,0.000154194688586035,0,7.09865953645753e-05,5.42397396492497e-05,4.98919008814236e-05,0.000139821029082774,5.18036297076548e-05,5.60810558193442e-05,9.19194451408039e-05,0,0,0,3.03619140150595e-05,0,3.41962178983004e-05,0.000226398007697532,0.000157183275699466,3.56468113927209e-05,0.000166683008138053,7.65320067785492e-05
Traorella,6.31412786108919e-05,0.000203545076753456,0.000144373059987006,0.000104398144695829,0.000106750169021101,6.40871585356084e-05,0,0,0,9.98721636305529e-05,0,5.60810558193442e-05,0,0,0,0,0.000425066796210833,0.000109894501278772,0,4.52796015395065e-05,4.28681660998542e-05,0.000213880868356326,0.000245122070791254,7.65320067785492e-05
Sphaerochaeta,6.31412786108919e-05,0.000118734628106183,4.33119179961019e-05,0,4.74445195649338e-05,2.40326844508532e-05,0.000248453083776014,9.03995660820828e-05,8.3153168135706e-05,0.000239693192713327,0.000189946642261401,0.000149549482184918,0,0,0,0,3.03619140150595e-05,0,3.41962178983004e-05,0.000120745604105351,0.000128604498299563,9.50581637139225e-05,9.80488283165016e-05,6.55988629530421e-05
Gottfriedia,0,0,0.00089511297191944,0.000521990723479143,0.00037955615651947,0,0,0,0,0,0,0,0,0,0,0,0,0,0,0,0,0,0,0
Sporobacter,4.73559589581689e-05,0.000152658807565092,0,0,0,0,0.000248453083776014,9.03995660820828e-05,0.000266090138034259,9.98721636305529e-05,0.000224482395399838,0.000149549482184918,0.000116988384724659,2.2221234611795e-05,7.23260042982311e-05,9.10912734560029e-05,0,4.99520460358056e-05,0,4.52796015395065e-05,0.000114315109599611,0,0,0
Caproiciproducens,0.000331491712707182,0.000135696717835637,0.000476431097957121,0.000193882268720824,0.000166055818477268,0,0.00015380428995658,0,0.00013304506901713,7.98977309044423e-05,0,0,0,0,0,0,0,0,2.2797478598867e-05,4.52796015395065e-05,0,0,0,4.37325753020281e-05
Brachyspira,4.73559589581689e-05,0,7.21865299935032e-05,0.000164054227379159,9.48890391298675e-05,0,3.54932976822877e-05,0,9.97838017628472e-05,5.99232981783317e-05,0.000120875135984528,7.4774741092459e-05,0,0,0,0,0.000485790624240952,0.000109894501278772,2.2797478598867e-05,0.000120745604105351,8.57363321997085e-05,9.50581637139225e-05,7.84390626532013e-05,0
Candidatus_Stoquefichus,0.000110497237569061,0.000101772538376728,8.66238359922038e-05,0,3.55833896737003e-05,8.01089481695105e-05,0.00015380428995658,0.000198879045380582,0,5.99232981783317e-05,3.45357531384366e-05,0.000130855796911803,0,0,0,0,0,0,5.69936964971674e-05,0.000211304807184363,0,0.000344585843462969,8.82439454848515e-05,6.55988629530421e-05
Tractidigestivibacter,0,0,0,0,0,0,0.000260284183003443,3.61598264328331e-05,0.000166306336271412,0.000299616490891659,0,0,0,0,0,0,0,0,0.000148183610892635,7.54660025658441e-05,0.00020005144179932,0.000201998597892085,0.000235317187959604,0.00010933143825507
Varibaculum,6.31412786108919e-05,5.0886269188364e-05,0,0,2.37222597824669e-05,0,3.54932976822877e-05,0.000198879045380582,4.98919008814236e-05,7.98977309044423e-05,0.000120875135984528,0.000149549482184918,5.84941923623297e-05,0,0,0,0.000364342968180714,1.99808184143223e-05,4.55949571977339e-05,9.05592030790129e-05,0.000128604498299563,7.12936227854418e-05,2.94146484949505e-05,8.74651506040562e-05
Fretibacterium,3.15706393054459e-05,6.78483589178187e-05,0,0.000149140206708327,0,0,8.28176945920045e-05,0,4.98919008814236e-05,0.000199744327261106,0,0,0,0,0,0,2.02412760100397e-05,0,0.000102588653694901,0.000211304807184363,0.000185762053099368,0.000106940434178163,0.000117658593979802,0.000338927458590718
Defluviitalea,4.73559589581689e-05,0,0.000144373059987006,7.45701033541633e-05,9.48890391298675e-05,0,0,0,0,0,0,0,6.68505055569483e-05,0,9.29905769548686e-05,0.000400801603206413,4.04825520200793e-05,0,9.11899143954679e-05,4.52796015395065e-05,0,0.000297056761606008,4.90244141582508e-05,0.000185863445033619
Corynebacterium,0,0,0,0,0,0,0,0,0,0,0,0,1.67126263892371e-05,0,3.09968589849562e-05,0,0,0,0.00113987392994335,6.03728020526753e-05,0,0,0,0.000371726890067239
Brevibacillus,7.89265982636148e-05,8.48104486472733e-05,0.000187684977983108,0.000134226186037494,0.000166055818477268,2.40326844508532e-05,0,0,3.32612672542824e-05,0,0,0,0,0,0,0,3.03619140150595e-05,6.99328644501279e-05,2.2797478598867e-05,4.52796015395065e-05,0.000242919607899174,0.000237645409284806,0.000166683008138053,0
Thermoanaerosceptrum,6.31412786108919e-05,5.0886269188364e-05,0,4.47420620124979e-05,2.37222597824669e-05,0,5.91554961371461e-05,0.000162719218947749,8.3153168135706e-05,7.98977309044423e-05,8.63393828460914e-05,0.000112162111638688,6.68505055569483e-05,0,0,0,0.000283377864140555,2.99712276214834e-05,4.55949571977339e-05,9.05592030790129e-05,0.000114315109599611,5.94113523212015e-05,3.92195313266006e-05,2.1866287651014e-05
Paeniclostridium,0.000142067876874507,8.48104486472733e-05,0,0,0,0,0.000224790885321155,5.42397396492497e-05,0.00013304506901713,0.000259667625439438,0.000189946642261401,0.000280405279096721,0,0,0,0,0,0,2.2797478598867e-05,0.000120745604105351,0,0,0,0
Luxibacter,0.000363062352012628,0.000593673140530913,4.33119179961019e-05,0,0,0,0,5.42397396492497e-05,0,0,0,0,0,0,0,0,0,0,0,0,0.00010002572089966,0.000213880868356326,0.000137268359643102,0
Mobilisporobacter,0,6.78483589178187e-05,0.00021655958998051,0.000164054227379159,5.93056494561672e-05,4.00544740847553e-05,0.000130142091501721,0.000144639305731332,4.98919008814236e-05,0.000139821029082774,0,0.000112162111638688,0,0,0,0,0,0,0.000148183610892635,7.54660025658441e-05,4.28681660998542e-05,0,0,0.00010933143825507
Brevefilum,0.000347277032359905,0.000491900602154185,0,0,0,5.60762637186574e-05,0,0.000397758090761164,0,0,0.000120875135984528,0,0,0,0,0,0,0,2.2797478598867e-05,3.01864010263376e-05,0,0,0,0
Denitrobacterium,0.000473559589581689,0.000339241794589093,0,0,3.55833896737003e-05,8.81198429864616e-05,3.54932976822877e-05,0,4.98919008814236e-05,9.98721636305529e-05,0,5.60810558193442e-05,0,0,0,0,0,0,0,0,0.000185762053099368,4.75290818569612e-05,3.92195313266006e-05,0
Lederbergia,7.89265982636148e-05,5.0886269188364e-05,0,0,0,0,0.000189297587638868,7.23196528656662e-05,0.000199567603525694,0.000239693192713327,0.000172678765692183,0.000186936852731147,0,0,4.13291453132749e-05,0,6.0723828030119e-05,2.99712276214834e-05,9.11899143954679e-05,0,0,0,0,3.27994314765211e-05
Acetobacterium,0,3.39241794589093e-05,0,0,0,0,0,0,0,0,0,0,0.000208907829865463,5.55530865294876e-05,0.000516614316415937,4.55456367280015e-05,0.000141688932070278,0.000389625959079284,0,0,0,3.56468113927209e-05,0,0
Litchfieldia,0,0,0,0,0,0,0,0,0,0,0,0,3.34252527784741e-05,3.33318519176925e-05,0.000258307158207968,0,0.000779289126386527,0.000319693094629156,0,0,0,0,0,0
Fontibacillus,0,0,0,0,0,0,2.36621984548584e-05,5.42397396492497e-05,0.0002827207716614,7.98977309044423e-05,3.45357531384366e-05,5.60810558193442e-05,7.52068187515668e-05,0,0,0,0,0,0.000159582350192069,0.000211304807184363,5.71575547998057e-05,9.50581637139225e-05,4.90244141582508e-05,0.000229596020335648
Massilistercora,1.5785319652723e-05,6.78483589178187e-05,0,0,0,0.000128174317071217,0.000118310992274292,0,9.97838017628472e-05,3.99488654522212e-05,5.18036297076548e-05,0.000130855796911803,0,0,0,0,0,0,3.41962178983004e-05,9.05592030790129e-05,0.000171472664399417,0.000106940434178163,0.000137268359643102,0.000153064013557098
Anaerobutyricum,6.31412786108919e-05,1.69620897294547e-05,0,1.49140206708326e-05,5.93056494561672e-05,3.20435792678042e-05,8.28176945920045e-05,5.42397396492497e-05,6.65225345085648e-05,0.000199744327261106,6.90715062768731e-05,5.60810558193442e-05,0,0,0,0,0,0,0.000170981089491502,0.000196211606671195,0,0,0,0.000240529164161155
Peptococcus,0,0,0,0,0,0,0,0.000162719218947749,4.98919008814236e-05,0,6.90715062768731e-05,7.4774741092459e-05,0,0,0,0,0,0,0.00026217100388697,3.01864010263376e-05,0.000142893886999514,0.000166351786499364,0.000166683008138053,0.000196796588859126
Peptoniphilus,0,0,0.00023099689597921,0.000149140206708327,0.000130472428803568,0,0,0,4.98919008814236e-05,0,0,0,0,0,0,0.000391692475860813,0,0,5.69936964971674e-05,0,0.000142893886999514,5.94113523212015e-05,6.86341798215511e-05,0
Sediminispirochaeta,0.000205209155485399,0.000271393435671275,0.000274308813975312,0.00022371031006249,0.000225361467933435,0,0,0,0,0,0,0,0,0,0,0,0,0,0,0,0,3.56468113927209e-05,0,4.37325753020281e-05
Petrotoga,0,0,0,8.94841240249959e-05,0,2.40326844508532e-05,0.000106479893046863,0.000144639305731332,0.000116414435389988,7.98977309044423e-05,0.000155410889122965,0.000130855796911803,0,0,0,0,0,0,0.000193778568090369,0,1.42893886999514e-05,0,0,0.00021866287651014
Propionicimonas,4.73559589581689e-05,3.39241794589093e-05,0,0,0,0,0.000130142091501721,0.000144639305731332,8.3153168135706e-05,7.98977309044423e-05,0.000120875135984528,7.4774741092459e-05,0,0,0,0,0,0,0.000102588653694901,4.52796015395065e-05,0.00010002572089966,9.50581637139225e-05,0.000147073242474752,5.46657191275351e-05
Paracholeplasma,0,0,0.000187684977983108,0.00028336639274582,0.000213500338042202,0,3.54932976822877e-05,0,0,0,0,0,0,0,0,0,0,0,6.83924357966009e-05,4.52796015395065e-05,0,0.000225763138820566,0,0.000153064013557098
Schnuerera,4.73559589581689e-05,5.0886269188364e-05,4.33119179961019e-05,0,0,0,0,7.23196528656662e-05,4.98919008814236e-05,0,0,0,0,0,0,2.73273820368009e-05,0,0,0.000239373525288103,0.000105652403592182,0.000157183275699466,0,0,0.000382660033892746
Barnesiella,9.47119179163378e-05,0,0.00044755648595972,0.000402678558112482,0.000166055818477268,6.40871585356084e-05,0,0,0,0,0,0,0,0,0,0,0,0,0,0,0,0,0,0
Leminorella,6.31412786108919e-05,8.48104486472733e-05,0,0,0,0,7.09865953645753e-05,0.000162719218947749,8.3153168135706e-05,5.99232981783317e-05,8.63393828460914e-05,0.000112162111638688,0,0,0,0,0,0,7.97911750960344e-05,6.03728020526753e-05,5.71575547998057e-05,8.31758932496822e-05,8.82439454848515e-05,6.55988629530421e-05
Desulfallas,0.000205209155485399,0.000203545076753456,0,0,0,0,0,0,0,0,0,0,8.35631319461853e-05,0,4.13291453132749e-05,0,0.000455428710225893,0.000109894501278772,0,0,0,0,4.90244141582508e-05,0
Liquorilactobacillus,0,0,5.77492239948026e-05,8.94841240249959e-05,7.11667793474006e-05,0.000929263798766322,0,0,0,0,0,0,0,0,0,0,0,0,0,0,0,0,0,0
Stomatobaculum,6.31412786108919e-05,0,0.000129935753988306,7.45701033541633e-05,0.000130472428803568,0.000136185211888168,9.46487938194338e-05,0,0.000149675702644271,0.000299616490891659,0,5.60810558193442e-05,0,0,0,0,0,0,0,0,0,0,0,0
Fusibacter,0,6.78483589178187e-05,0,0,0,0,2.36621984548584e-05,3.61598264328331e-05,8.3153168135706e-05,0,3.45357531384366e-05,7.4774741092459e-05,0,0,6.19937179699124e-05,0,5.06031900250992e-05,2.99712276214834e-05,6.83924357966009e-05,6.03728020526753e-05,2.85787773999028e-05,0.000308939032070248,2.94146484949505e-05,0.000163997157382605
Succinivibrio,0,0,0,0,0,0,7.09865953645753e-05,0.000180799132164166,0.000116414435389988,5.99232981783317e-05,0.00010360725941531,9.34684263655737e-05,0,0,0,0,0,0,0.000216576046689236,0,0,0,0,0.000240529164161155
Slackia,0.00015785319652723,0.000237469256212365,0,0,3.55833896737003e-05,0,1.18310992274292e-05,5.42397396492497e-05,3.32612672542824e-05,0,0,5.60810558193442e-05,0,0,0,0,0,0,3.41962178983004e-05,0,0.000171472664399417,0.000106940434178163,0.000107853711148152,4.37325753020281e-05
Klebsiella,0,0,0,0,0,2.40326844508532e-05,0.000201128686866297,5.42397396492497e-05,0.000182936969898553,0.000319590923617769,0.000189946642261401,7.4774741092459e-05,0,0,0,0,0,0,0,0,0,0,0,0
Numidum,6.31412786108919e-05,5.0886269188364e-05,0,2.98280413416653e-05,3.55833896737003e-05,0,0.00015380428995658,0.000144639305731332,0.000116414435389988,0.000139821029082774,0.000138143012553746,0.000149549482184918,0,0,0,0,0,0,0,0,1.42893886999514e-05,0,0,0
Ndongobacter,0,3.39241794589093e-05,5.77492239948026e-05,0.000104398144695829,0,0,0.00015380428995658,0.000126559392514916,0,0.000179769894534995,8.63393828460914e-05,5.60810558193442e-05,0,0,0,0,0,0,2.2797478598867e-05,4.52796015395065e-05,0,5.94113523212015e-05,5.8829296989901e-05,3.27994314765211e-05
Methanosphaera,0,0,0,0,0,0,0,0,0,0,0,0,0.000116988384724659,0,0,0,2.02412760100397e-05,0.000129875319693095,0.000182379828790936,6.03728020526753e-05,0.00010002572089966,0.000118822704642403,8.82439454848515e-05,0.000196796588859126
Agathobacter,0,0,0.000202122283981809,0.000178968248049992,0.000272805987498369,0,0,0,0,0,3.45357531384366e-05,0,0,0,0,0,0,0,0,0,7.14469434997571e-05,0.000130704975106643,9.80488283165016e-05,0
Lachnobacterium,0,0,0.000534180321951924,0.000268452372074988,0.000166055818477268,0,0,0,0,0,0,0,0,0,0,0,0,0,0,0,0,0,0,0
Anaerobranca,0,0,2.88746119974013e-05,4.47420620124979e-05,3.55833896737003e-05,0,4.73243969097169e-05,9.03995660820828e-05,9.97838017628472e-05,5.99232981783317e-05,6.90715062768731e-05,7.4774741092459e-05,0,0,0,0,0,0,0,0.000226398007697532,0,0.000106940434178163,2.94146484949505e-05,4.37325753020281e-05
Caldanaerobius,0,0,8.66238359922038e-05,0.000119312165366661,0.000142333558694801,0,0,0,0,9.98721636305529e-05,0,0,0,0,0,0,0.000344101692170674,0.000119884910485934,0,0,0,0,0,3.27994314765211e-05
Rothia,4.73559589581689e-05,3.39241794589093e-05,0,0,0,0,2.36621984548584e-05,0,0,3.99488654522212e-05,0,3.73873705462295e-05,0.000392746720147071,5.55530865294876e-05,0,0,5.06031900250992e-05,0,0.000136784871593202,0,0,2.37645409284806e-05,6.86341798215511e-05,1.0933143825507e-05
Kallipyga,0,0,0,0,3.55833896737003e-05,0,0,0.000108479479298499,0,0,0,0,0,0.000166659259588463,1.03322863283187e-05,0,0,2.99712276214834e-05,0.000136784871593202,0.000105652403592182,2.85787773999028e-05,0.000166351786499364,4.90244141582508e-05,7.65320067785492e-05
Turicimonas,0,5.0886269188364e-05,0,0,4.74445195649338e-05,5.60762637186574e-05,5.91554961371461e-05,0,8.3153168135706e-05,5.99232981783317e-05,5.18036297076548e-05,5.60810558193442e-05,0,0,0,0,0,0,4.55949571977339e-05,0.000120745604105351,7.14469434997571e-05,0.000106940434178163,4.90244141582508e-05,4.37325753020281e-05
Thermobacillus,7.89265982636148e-05,5.0886269188364e-05,0,0,0,0,0.00015380428995658,9.03995660820828e-05,8.3153168135706e-05,0.000139821029082774,0.000120875135984528,5.60810558193442e-05,0,0,0,2.73273820368009e-05,0,0,0,0,0,4.75290818569612e-05,0,3.27994314765211e-05
Azospirillum,0,0,0,4.47420620124979e-05,0,0,3.54932976822877e-05,0.000216958958596999,4.98919008814236e-05,0,0,3.73873705462295e-05,0,0,0,0,0,0,7.97911750960344e-05,0.000226398007697532,4.28681660998542e-05,0,0,0.000142130869731591
Proteocatella,0.000252565114443567,0.000237469256212365,0,0,0,0,3.54932976822877e-05,0.000126559392514916,0,0,5.18036297076548e-05,3.73873705462295e-05,0,0,0,0,6.0723828030119e-05,6.99328644501279e-05,0,0,0,0,0,0
Anaerorhabdus,0,1.69620897294547e-05,5.77492239948026e-05,7.45701033541633e-05,7.11667793474006e-05,0,3.54932976822877e-05,0.000108479479298499,0,0.000119846596356663,8.63393828460914e-05,5.60810558193442e-05,0,0,0,0,0,0,4.55949571977339e-05,9.05592030790129e-05,0,0,1.96097656633003e-05,4.37325753020281e-05
Desulfobulbus,4.73559589581689e-05,0,4.33119179961019e-05,0,0,0,7.09865953645753e-05,5.42397396492497e-05,3.32612672542824e-05,3.99488654522212e-05,8.63393828460914e-05,3.73873705462295e-05,0,0,0,0,0,0,0.000182379828790936,0,0,5.94113523212015e-05,9.80488283165016e-05,6.55988629530421e-05
Legionella,0,0,0,0,0,0,0,0,0,0,0,0,0,0,0,0,0.000303619140150595,4.99520460358056e-05,0.000136784871593202,0.000105652403592182,0,0,0,0.000207729732684633
Jinshanibacter,0,0.000101772538376728,0,0,0,0,4.73243969097169e-05,7.23196528656662e-05,8.3153168135706e-05,5.99232981783317e-05,6.90715062768731e-05,7.4774741092459e-05,0,0,0,0,0,0,4.55949571977339e-05,4.52796015395065e-05,4.28681660998542e-05,5.94113523212015e-05,6.86341798215511e-05,3.27994314765211e-05
Lutispora,0,0,0,0,0,0,0,0,0,0,0,0,0.000116988384724659,4.44424692235901e-05,0.000134319722268143,0.000373474221169612,6.0723828030119e-05,5.99424552429668e-05,0,0,0,0,0,0
Caldicellulosiruptor,0.00015785319652723,0.000169620897294547,0,0,2.37222597824669e-05,0,0,0,0,0,0,0,9.19194451408039e-05,0,0,0,0.000232774674115456,7.9923273657289e-05,0,0,0,1.18822704642403e-05,9.80488283165016e-06,0
Hespellia,0,0,0.000101061141990904,0,0,5.60762637186574e-05,0,0.000108479479298499,0,5.99232981783317e-05,0,9.34684263655737e-05,0,0,0,0,0,0,0,0.000135838804618519,0,3.56468113927209e-05,6.86341798215511e-05,0.00010933143825507
Acidiphilium,0.000189423835832676,0.000152658807565092,0,0,0,0,2.36621984548584e-05,0,0,5.99232981783317e-05,3.45357531384366e-05,3.73873705462295e-05,0,0,0,0,0,0,0,0,0.000257208996599125,0,0,0
Merdibacter,0,0,0.000245434201977911,0.000164054227379159,0.000249083727715902,0,0,0,0,0,0,0,0,0,0,0,0,0,0,0,0,3.56468113927209e-05,2.94146484949505e-05,0
Parvibacter,0,0,0,0,0,0,0,0,0,0,0,0,0,0,0,0,0,0,7.97911750960344e-05,4.52796015395065e-05,0.000457260438398445,4.75290818569612e-05,5.8829296989901e-05,3.27994314765211e-05
Haloplasma,0,0,0,0,0,0,0,0,0,0,0,0,0,0,0,0,0,0,6.83924357966009e-05,4.52796015395065e-05,4.28681660998542e-05,0.000332703572998729,1.96097656633003e-05,0.000207729732684633
Raoultibacter,4.73559589581689e-05,5.0886269188364e-05,7.21865299935032e-05,0,4.74445195649338e-05,0,0,3.61598264328331e-05,0,0,0,0,0,0,0,0,0,0,2.2797478598867e-05,0,0.000114315109599611,0.000154469516035124,0.000147073242474752,0
Anoxybacter,0,0,0.000259871507976612,0.000193882268720824,0.000213500338042202,0,0,0,0,0,0,0,0,0,0,0,0,0,0,0,0,0,0,0
Ruania,0.000173638516179953,0.000135696717835637,0,0,0,0,2.36621984548584e-05,0,4.98919008814236e-05,0,5.18036297076548e-05,0,0,0,0,0,0,0,0,0,0.000228630219199223,0,0,0
Bradyrhizobium,0,0,0,0,0,0,0,7.23196528656662e-05,0,0,0,0,0,0,0,0,0,0,6.83924357966009e-05,0,0.000171472664399417,0.000142587245570884,0.000117658593979802,7.65320067785492e-05
Dictyoglomus,0,0,0.000202122283981809,0.000149140206708327,0.000296528247280836,0,0,0,0,0,0,0,0,0,0,0,0,0,0,0,0,0,0,0
Acetitomaculum,4.73559589581689e-05,6.78483589178187e-05,0.000129935753988306,0.000164054227379159,0.000142333558694801,0,0,0,0,0,0,0,0,0,0,1.82182546912006e-05,0,1.99808184143223e-05,0,0,5.71575547998057e-05,0,0,0
Thermoanaerobacter,0,0,0,0,0,0,0,5.42397396492497e-05,6.65225345085648e-05,0,0,0.000112162111638688,0.000259045709033175,0,2.06645726566375e-05,5.46547640736017e-05,0,0,0,0,0,3.56468113927209e-05,3.92195313266006e-05,0
Provencibacterium,0,0,0,0,0,0,0,0,0,0,0,0,5.01378791677112e-05,0,6.19937179699124e-05,0.000364365093824012,0.000131568294065258,2.99712276214834e-05,0,0,0,0,0,0
Tepidanaerobacter,0,0,0,0,0,0.000208283265240727,5.91554961371461e-05,3.61598264328331e-05,0,5.99232981783317e-05,0,0,0,0,0,0,0,0,0,9.05592030790129e-05,7.14469434997571e-05,3.56468113927209e-05,2.94146484949505e-05,3.27994314765211e-05
Unassigned,0.000110497237569061,5.0886269188364e-05,4.33119179961019e-05,2.98280413416653e-05,0.000130472428803568,0,0,0.000126559392514916,0,0,0,0,0,0,0,0,4.04825520200793e-05,0,4.55949571977339e-05,0,0,0,0,4.37325753020281e-05
Tenuibacillus,0,0,0,0,0,5.60762637186574e-05,0,7.23196528656662e-05,4.98919008814236e-05,0,1.72678765692183e-05,0,0,0,0,0,0,0,6.83924357966009e-05,0,0,9.50581637139225e-05,0.000107853711148152,0.000131197725906084
Alkalibaculum,4.73559589581689e-05,6.78483589178187e-05,0,0,0,0,8.28176945920045e-05,0,9.97838017628472e-05,0.000139821029082774,0.00010360725941531,5.60810558193442e-05,0,0,0,0,0,0,0,0,0,0,0,0
Halocella,6.31412786108919e-05,3.39241794589093e-05,0,0,0,1.60217896339021e-05,0,0.000198879045380582,3.32612672542824e-05,0,5.18036297076548e-05,3.73873705462295e-05,0,0,0,0,0,0,0,9.05592030790129e-05,0,0,0,6.55988629530421e-05
Rhodococcus,0,0,0.00021655958998051,0.000134226186037494,0.000225361467933435,0,0,0,0,0,0,0,0,0,0,0,0,0,0,0,0,0,0,0
Halothermothrix,0.000315706393054459,0.00025443134594182,0,0,0,0,0,0,0,0,0,0,0,0,0,0,0,0,0,0,0,0,0,0
Cuspidothrix,0,0,0,0,0,0,0,0,0,0,0,0,0,0,0,0,0,0,0.000170981089491502,0.000166025205644857,0,0,0,0.000229596020335648
Mailhella,0,0,0,0,0,0,5.91554961371461e-05,7.23196528656662e-05,3.32612672542824e-05,7.98977309044423e-05,6.90715062768731e-05,0,0,0,0,0,0,0,4.55949571977339e-05,0,5.71575547998057e-05,7.12936227854418e-05,0,6.55988629530421e-05
Biomaibacter,0,0,0.000245434201977911,0,0.000260944857607136,0,0,0,0,0,0,0,3.34252527784741e-05,0,0,0,0,0,0,0,0,0,0,0
Lawsonibacter,0,0,0.000187684977983108,5.96560826833306e-05,0.000213500338042202,0,0,0,0,0,0,0,0,0,0,0,0,0,0,0,0,0,7.84390626532013e-05,0
Faecalicoccus,9.47119179163378e-05,0.000305317615130184,0,0,0,0,9.46487938194338e-05,0,0,0,0,0,0,0,0,0,0,0,0,0,4.28681660998542e-05,0,0,0
Viridibacillus,0,0,0,0,0,0,0,0,0,0,0,0,3.34252527784741e-05,0,5.16614316415936e-05,0.000382583348515212,6.0723828030119e-05,0,0,0,0,0,0,0
Tissierella,0,0,0,0,0,2.40326844508532e-05,0,0,0,0,0,0,0,0,7.23260042982311e-05,0,0.000101206380050198,9.99040920716113e-05,4.55949571977339e-05,4.52796015395065e-05,0,0,8.82439454848515e-05,4.37325753020281e-05
Anaerofustis,0,0,0,0,0,0.000136185211888168,4.73243969097169e-05,0,6.65225345085648e-05,7.98977309044423e-05,5.18036297076548e-05,7.4774741092459e-05,0,0,0,0,0,0,0,0,0,0,0,5.46657191275351e-05
Enterobacter,0,0,0,0,0,0,8.28176945920045e-05,0,0.000116414435389988,0.000159795461808885,5.18036297076548e-05,7.4774741092459e-05,0,0,0,0,0,0,0,0,0,0,0,0
Youngiibacter,0,0,0,4.47420620124979e-05,9.48890391298675e-05,0,9.46487938194338e-05,5.42397396492497e-05,6.65225345085648e-05,0,0,0,0,0,0,0,0,0,0,0,0,5.94113523212015e-05,1.96097656633003e-05,4.37325753020281e-05
Gordonibacter,4.73559589581689e-05,0,2.88746119974013e-05,0,2.37222597824669e-05,0,0,0,0,0,0,0,0,0,0,0,0,2.99712276214834e-05,2.2797478598867e-05,3.01864010263376e-05,0.00010002572089966,3.56468113927209e-05,0.000156878125306403,0
Intestinibacter,0.000189423835832676,0.000101772538376728,0,0,0,0,0,7.23196528656662e-05,0,0,3.45357531384366e-05,5.60810558193442e-05,0,0,0,0,0,0,0,0,0,0,0,0
Thermoanaerobacterium,0,0,0,0,0,0,4.73243969097169e-05,0,3.32612672542824e-05,0,0,0,0.000142057324308515,0,1.03322863283187e-05,2.73273820368009e-05,0,0,3.41962178983004e-05,3.01864010263376e-05,5.71575547998057e-05,3.56468113927209e-05,1.96097656633003e-05,0
Candidatus_Nanoperiomorbus,0,0,0,0,0,0,0,0.000198879045380582,0,0,0.000120875135984528,5.60810558193442e-05,0,0,0,0,0,0,0,6.03728020526753e-05,0,0,0,0
Proteiniclasticum,0,0,0.000115498447989605,0.000119312165366661,8.30279092386341e-05,0,0,0,0,0,6.90715062768731e-05,0,0,0,0,0,0,0,0,4.52796015395065e-05,0,0,0,0
Dielma,4.73559589581689e-05,0,7.21865299935032e-05,0.000178968248049992,0.000130472428803568,0,0,0,0,0,0,0,0,0,0,0,0,0,0,0,0,0,0,0
Gleimia,0,0,5.77492239948026e-05,0.000104398144695829,0.000130472428803568,0,0,0,0,0,0,0,0,5.55530865294876e-05,0,0,0,6.99328644501279e-05,0,0,0,0,0,0
Lachnospira,0,0,0,0,0.000106750169021101,3.20435792678042e-05,0,0,0,0,3.45357531384366e-05,0,0,0,0,0,0,0,5.69936964971674e-05,4.52796015395065e-05,0,3.56468113927209e-05,6.86341798215511e-05,3.27994314765211e-05
Sarcina,0,0,0.000101061141990904,0,0,0,3.54932976822877e-05,7.23196528656662e-05,4.98919008814236e-05,0,0,0,0,0,0,0,0,0,0,0,7.14469434997571e-05,4.75290818569612e-05,2.94146484949505e-05,0
Candidatus_Arthromitus,0,0,0,4.47420620124979e-05,0,0.00030441400304414,0,0,0,0,0,0,0,0,0,0,0,0,0,3.01864010263376e-05,0,2.37645409284806e-05,0,0
Gottschalkia,0,0,0.000129935753988306,8.94841240249959e-05,7.11667793474006e-05,1.60217896339021e-05,0,0,0,0,0,0,0,0,0,0,0,0,0,0,0,3.56468113927209e-05,5.8829296989901e-05,0
Amedibacillus,0,3.39241794589093e-05,0,0,0,4.00544740847553e-05,0,0,0,0,0,0,0,0,0,0,0,0,0,9.05592030790129e-05,0.00010002572089966,4.75290818569612e-05,8.82439454848515e-05,0
Mycobacteroides,4.73559589581689e-05,0,0,0,0,0,0,0,0,0,5.18036297076548e-05,7.4774741092459e-05,0.000142057324308515,0,0,0,0,0,4.55949571977339e-05,0,0,0,2.94146484949505e-05,0
Gorillibacterium,1.5785319652723e-05,3.39241794589093e-05,0,0,0,0,0,0,0,0,0,0,0,0,0,0,0,0,0.000125386132293768,6.03728020526753e-05,0,4.75290818569612e-05,3.92195313266006e-05,5.46657191275351e-05
Caldisalinibacter,6.31412786108919e-05,0,0,0,0,3.20435792678042e-05,2.36621984548584e-05,9.03995660820828e-05,0,0,0,5.60810558193442e-05,0,0,0,0,0,0,0,0,0,5.94113523212015e-05,4.90244141582508e-05,0
Butyribacter,6.31412786108919e-05,0,0,0,0,0.00015220700152207,0,0,0,0,0,0,0,0,0,0,0,0,0,0.000150932005131688,0,0,0,0
Veillonella,0,0,0,0,0,0.000320435792678042,0,0,0,0,0,0,0,0,0,0,0,0,3.41962178983004e-05,0,0,0,0,0
Neobittarella,0,0,0,0,0,0,0,0,0,0,0,0,0,0,0,0,0.000323860416160635,2.99712276214834e-05,0,0,0,0,0,0
Longilinea,4.73559589581689e-05,6.78483589178187e-05,0,0,0,0,2.36621984548584e-05,0,6.65225345085648e-05,0,0,0,0,0,0,0,0,0,0,0,4.28681660998542e-05,5.94113523212015e-05,3.92195313266006e-05,0
Methylophaga,4.73559589581689e-05,6.78483589178187e-05,0,0,0,0,5.91554961371461e-05,5.42397396492497e-05,0,5.99232981783317e-05,0,0,0,0,0,0,0,0,0,0,5.71575547998057e-05,0,0,0
Carnobacterium,0,5.0886269188364e-05,0,0,0,0.00015220700152207,0,0,0,0,0,0,5.01378791677112e-05,0,0,0,0,2.99712276214834e-05,0,0,4.28681660998542e-05,0,0,0
Methanosarcina,0,0,0,7.45701033541633e-05,0,0.000248337739325483,0,0,0,0,0,0,0,0,0,0,0,0,0,0,0,0,0,0
Desulfomonile,0,0,0,0,0,0,0,0,0,0,0,0,0,0,0,0,0,0,2.2797478598867e-05,0,0.000114315109599611,8.31758932496822e-05,5.8829296989901e-05,3.27994314765211e-05
Orenia,0,0,0,0,0,0,8.28176945920045e-05,5.42397396492497e-05,4.98919008814236e-05,0,3.45357531384366e-05,5.60810558193442e-05,0,0,3.09968589849562e-05,0,0,0,0,0,0,0,0,0
Pyramidobacter,0,0,0,0,0,2.40326844508532e-05,9.46487938194338e-05,0,0,1.99744327261106e-05,0,0,0,0,0,0,0,0,5.69936964971674e-05,4.52796015395065e-05,0,0,1.96097656633003e-05,4.37325753020281e-05
Coprothermobacter,0,0,0,0,0,0,0,0,0,0,0,0,8.35631319461853e-05,2.2221234611795e-05,9.29905769548686e-05,5.46547640736017e-05,5.06031900250992e-05,0,0,0,0,0,0,0
Dehalobacterium,0.000110497237569061,3.39241794589093e-05,0,0,0,0.00015220700152207,0,0,0,0,0,0,0,0,0,0,0,0,0,0,0,0,0,0
Alloprevotella,0,0,0,0,0,0,4.73243969097169e-05,0,0,0.000139821029082774,5.18036297076548e-05,5.60810558193442e-05,0,0,0,0,0,0,0,0,0,0,0,0
Sharpea,0.000110497237569061,0,0,0,0,0,0,0,0,0,0,0,0,0,0,0,0,0,0,4.52796015395065e-05,0,0,4.90244141582508e-05,8.74651506040562e-05
Galactobacillus,0,0,0,0,0,0,0,3.61598264328331e-05,0,0,0,0,0,0,0,0,0,0,0,4.52796015395065e-05,8.57363321997085e-05,3.56468113927209e-05,0,8.74651506040562e-05
Longispora,0,0,0.000158810365985707,7.45701033541633e-05,4.74445195649338e-05,0,0,0,0,0,0,0,0,0,0,0,0,0,0,0,0,0,0,0
Anaerovibrio,0,0,0,0,0,2.40326844508532e-05,0,0,0,0,0,0,0,0,0,0,0,0,0.000125386132293768,0,0,0,0,0.000131197725906084
Caloramator,0,0,0,0,0,0,3.54932976822877e-05,0,0,0,0,0,0,5.55530865294876e-05,0,6.3763891419202e-05,0,0.000119884910485934,0,0,0,0,0,0
Catenibacterium,0,0,0,0,0,0,0.000106479893046863,0,9.97838017628472e-05,5.99232981783317e-05,0,0,0,0,0,0,0,0,0,0,0,0,0,0
Thermotoga,0,0,5.77492239948026e-05,5.96560826833306e-05,0,0,0,5.42397396492497e-05,4.98919008814236e-05,0,0,0,0,0,0,0,0,0,0,0,0,3.56468113927209e-05,0,0
Pseudothermotoga,0,0,0,0,0,0,3.54932976822877e-05,0,3.32612672542824e-05,5.99232981783317e-05,3.45357531384366e-05,5.60810558193442e-05,0,0,0,0,0,0,0,0,0,3.56468113927209e-05,0,0
Pasteurella,7.89265982636148e-05,0.000101772538376728,0,0,0,0,0,7.23196528656662e-05,0,0,0,0,0,0,0,0,0,0,0,0,0,0,0,0
Acinetobacter,0,0,0,0,0,1.60217896339021e-05,3.54932976822877e-05,0,0,0,0,0,0,0,0,0,0,0,0.000113987392994335,0,0,0,0,8.74651506040562e-05
Sutterella,0,0,0,0,0,0.000240326844508532,0,0,0,0,0,0,0,0,0,0,0,0,0,0,0,0,0,0
Flaviflexus,0,0,5.77492239948026e-05,2.98280413416653e-05,8.30279092386341e-05,0,0,0,0,0,0,0,0,6.66637038353851e-05,0,0,0,0,0,0,0,0,0,0
Tardiphaga,0,0,0,0,0,0,0,0,9.97838017628472e-05,7.98977309044423e-05,0,0,0,0,0,0,4.04825520200793e-05,0,0,0,0,1.18822704642403e-05,0,0
Vibrio,0,0,0,0,0.000189778078259735,0,0,0,0,0,0,0,0,0,0,0,0,0,0,0,0,0,3.92195313266006e-05,0
Moorella,0,0,0,0,0,0,3.54932976822877e-05,0,3.32612672542824e-05,0,0.00010360725941531,0,0,0,0,0,0,0,0,0,0,0,0,5.46657191275351e-05
Anaerovirgula,0,0,0,0,0,0,3.54932976822877e-05,0,6.65225345085648e-05,3.99488654522212e-05,0,3.73873705462295e-05,0,0,0,0,0,0,0,4.52796015395065e-05,0,0,0,0
Desulfofaba,0,0,0.000115498447989605,4.47420620124979e-05,4.74445195649338e-05,1.60217896339021e-05,0,0,0,0,0,0,0,0,0,0,0,0,0,0,0,0,0,0
Thermohalobacter,4.73559589581689e-05,6.78483589178187e-05,0,0,0,0,7.09865953645753e-05,0,0,0,0,0,0,0,0,3.64365093824012e-05,0,0,0,0,0,0,0,0
Brachybacterium,0,0,0,0,0,0,0,9.03995660820828e-05,0,0,0,0,0,0,3.09968589849562e-05,0,4.04825520200793e-05,0,0,0,5.71575547998057e-05,0,0,0
Dictyobacter,0,0,0,0,0,0,5.91554961371461e-05,7.23196528656662e-05,4.98919008814236e-05,0,0,3.73873705462295e-05,0,0,0,0,0,0,0,0,0,0,0,0
Fredinandcohnia,0,0,0,0,3.55833896737003e-05,0,0,0,0,0,0,0,0,0,0,0,0,0,3.41962178983004e-05,4.52796015395065e-05,0,2.37645409284806e-05,3.92195313266006e-05,3.27994314765211e-05
Marasmitruncus,0,0,0,0,0,0,4.73243969097169e-05,0,0,3.99488654522212e-05,0,7.4774741092459e-05,0,0,0,0,4.04825520200793e-05,0,0,0,0,0,0,0
Anaerosacchariphilus,0,0,0,0,0,2.40326844508532e-05,4.73243969097169e-05,0,3.32612672542824e-05,0,5.18036297076548e-05,0,0,0,0,0,0,0,0,0,4.28681660998542e-05,0,0,0
Lactococcus,0,0,0,0,0,0,0,0,4.98919008814236e-05,0,0,0,0,0,0,0,0,0,3.41962178983004e-05,0,4.28681660998542e-05,0,6.86341798215511e-05,0
Candidatus_Moduliflexus,0,0,0,0,0,0,0,0,0,0,0,0,0,0.000155548642282565,0,0,0,3.99616368286445e-05,0,0,0,0,0,0
Senegalimassilia,0,5.0886269188364e-05,0,0,0,0,0,3.61598264328331e-05,0,0,0,0,0,0,0,0,0,0,0,0,4.28681660998542e-05,3.56468113927209e-05,2.94146484949505e-05,0
Saccharomonospora,0,0,0,0,0,0,0,0,0,0,0,0,5.01378791677112e-05,3.33318519176925e-05,5.16614316415936e-05,4.55456367280015e-05,1.01206380050198e-05,0,0,0,0,0,0,0
Mitsuokella,0,0,0,0,0,0,0,0,9.97838017628472e-05,5.99232981783317e-05,0,0,0,0,0,0,0,0,0,3.01864010263376e-05,0,0,0,0
Jannaschia,0,0,0,0,0,0,2.36621984548584e-05,0,6.65225345085648e-05,0,5.18036297076548e-05,0,0,0,0,0,0,0,0,0,0,4.75290818569612e-05,0,0
Phaeomoniella,0,0,0,8.94841240249959e-05,9.48890391298675e-05,0,0,0,0,0,0,0,0,0,0,0,0,0,0,0,0,0,0,0
Archaeoglobus,4.73559589581689e-05,0.000135696717835637,0,0,0,0,0,0,0,0,0,0,0,0,0,0,0,0,0,0,0,0,0,0
Desulfotignum,0,0,0.000101061141990904,4.47420620124979e-05,3.55833896737003e-05,0,0,0,0,0,0,0,0,0,0,0,0,0,0,0,0,0,0,0
Anaerovorax,0,0,0,0,3.55833896737003e-05,0,0,3.61598264328331e-05,0,0,0,0,0,0,0,0,0,0,3.41962178983004e-05,0,0,3.56468113927209e-05,3.92195313266006e-05,0
Pontibacillus,3.15706393054459e-05,0,0,0,0,0,0,5.42397396492497e-05,0,0,1.72678765692183e-05,0,0,0,0,0,0,0,0,7.54660025658441e-05,0,0,0,0
Erysipelothrix,0,0,4.33119179961019e-05,7.45701033541633e-05,5.93056494561672e-05,0,0,0,0,0,0,0,0,0,0,0,0,0,0,0,0,0,0,0
Paraclostridium,0,8.48104486472733e-05,0,0,0,0,0,0,0,0,0,0,0,0,0,0,0,0,0,9.05592030790129e-05,0,0,0,0
Lampropedia,4.73559589581689e-05,6.78483589178187e-05,0,0,0,0,0,0,0,0,0,0,0,0,0,0,0,0,5.69936964971674e-05,0,0,0,0,0
Paraeggerthella,0,0,0,0,0,0,0,0,0,3.99488654522212e-05,0,0,0,0,0,0,0,0,3.41962178983004e-05,0,0,0,9.80488283165016e-05,0
Tessaracoccus,0,0,0,0,0,0,0,0,0,0,0,0,0,0,0,0,0.000151809570075298,1.99808184143223e-05,0,0,0,0,0,0
Saezia,0,0,0,0,0,0,0,0,0,0,8.63393828460914e-05,0,0,0,0,0,0,0,0,0,2.85787773999028e-05,4.75290818569612e-05,0,0
Fervidicella,0,0,0,8.94841240249959e-05,7.11667793474006e-05,0,0,0,0,0,0,0,0,0,0,0,0,0,0,0,0,0,0,0
Tepidibacter,0,0,4.33119179961019e-05,4.47420620124979e-05,7.11667793474006e-05,0,0,0,0,0,0,0,0,0,0,0,0,0,0,0,0,0,0,0
Hornefia,0,0,0,0,0,0,0,0,0,0,0,0,5.84941923623297e-05,0,0,0,0,9.99040920716113e-05,0,0,0,0,0,0
Marispirochaeta,0,0,0,0,0,0,0,0,0,0,0,0,0,0,0,0,5.06031900250992e-05,9.99040920716113e-06,0,0,0,9.50581637139225e-05,0,0
Tepidimicrobium,0,0,0,0,0,0,0,0,0,0,0,0,0,0,5.16614316415936e-05,0,5.06031900250992e-05,4.99520460358056e-05,0,0,0,0,0,0
Thermaerobacter,0,0,4.33119179961019e-05,0,0,4.00544740847553e-05,3.54932976822877e-05,0,3.32612672542824e-05,0,0,0,0,0,0,0,0,0,0,0,0,0,0,0
Schleiferilactobacillus,0,0,0,0,0,0,0,0,0,0,0,0,0,4.44424692235901e-05,6.19937179699124e-05,4.55456367280015e-05,0,0,0,0,0,0,0,0
Flexilinea,7.89265982636148e-05,5.0886269188364e-05,0,0,0,0,0,0,0,0,0,0,0,0,0,0,0,0,0,0,0,0,0,2.1866287651014e-05
Neobacillus,4.73559589581689e-05,3.39241794589093e-05,0,0,0,0,3.54932976822877e-05,0,0,0,0,0,0,0,0,0,0,0,0,0,0,0,0,3.27994314765211e-05
Thermobrachium,0,0,0,0,0,0,5.91554961371461e-05,0,0,0,5.18036297076548e-05,3.73873705462295e-05,0,0,0,0,0,0,0,0,0,0,0,0
Ornatilinea,0,0,0,0,0,0,0,5.42397396492497e-05,0,0,0,0,0,0,0,0,0,0,0,4.52796015395065e-05,0,4.75290818569612e-05,0,0
Desulfonauticus,0.000110497237569061,3.39241794589093e-05,0,0,0,0,0,0,0,0,0,0,0,0,0,0,0,0,0,0,0,0,0,0
Megamonas,0,0,0,0,0,0,0,0,0,0,0,0,0,0,0,0,0.000141688932070278,0,0,0,0,0,0,0
Terrisporobacter,0,0,0,0,0,0,0,7.23196528656662e-05,0,0,1.72678765692183e-05,0,0,0,0,0,0,4.99520460358056e-05,0,0,0,0,0,0
Halomonas,0,0,4.33119179961019e-05,0,0,0,0,0,0,0,0,0,0,0,0,0,0,0,0,4.52796015395065e-05,0,0,4.90244141582508e-05,0
Thermovenabulum,0,0,0,0,0,2.40326844508532e-05,4.73243969097169e-05,0,3.32612672542824e-05,0,0,0,0,0,0,0,0,0,0,0,0,0,0,3.27994314765211e-05
Desmospora,0,0,0,0,0,2.40326844508532e-05,0,0,0,0,0,0,0,0,4.13291453132749e-05,0,0,0,0,0,7.14469434997571e-05,0,0,0
Berryella,3.15706393054459e-05,0,0,0,0,0,0,0,0,0,0,0,0,0,0,0,0,0,0,0,0,5.94113523212015e-05,0,4.37325753020281e-05
Halanaerobium,0,0,8.66238359922038e-05,0,0,0,4.73243969097169e-05,0,0,0,0,0,0,0,0,0,0,0,0,0,0,0,0,0
Methylobacterium,0,0,5.77492239948026e-05,0,4.74445195649338e-05,0,0,0,0,0,0,0,0,0,0,2.73273820368009e-05,0,0,0,0,0,0,0,0
Geminicoccus,0,3.39241794589093e-05,0,0,0,0,2.36621984548584e-05,7.23196528656662e-05,0,0,0,0,0,0,0,0,0,0,0,0,0,0,0,0
Rhizobium,0,3.39241794589093e-05,0,0,0,0,0,0,0,3.99488654522212e-05,0,0,0,0,0,0,0,0,0,0,0,0,0,5.46657191275351e-05
Anaeromicrobium,0,0,0,0,3.55833896737003e-05,0,0,9.03995660820828e-05,0,0,0,0,0,0,0,0,0,0,0,0,0,0,0,0
Pseudomonas,0,0,0,0,0,0,0,0,0,0,0,0,0,0,0,0,0,0,0,0,5.71575547998057e-05,0,6.86341798215511e-05,0
Alkalihalobacillus,0,0,0,0,0,0,0,0,0,0,0,0,0,0,0,0,0,0,0,0,0,2.37645409284806e-05,7.84390626532013e-05,2.1866287651014e-05
Sporanaerobacter,0,0,0,0,0,0,0,0,0,0,0,0,0,0,0,2.73273820368009e-05,0,3.99616368286445e-05,3.41962178983004e-05,0,0,0,0,2.1866287651014e-05
Caldibacillus,0,0,0,0,0,0,0,0,0,0,0,0,0,0,0,3.64365093824012e-05,0,0,0,0,8.57363321997085e-05,0,0,0
Mesotoga,0,0,0,4.47420620124979e-05,0,0,0,0,0,0,0,0,0,0,0,0,0,0,0,0,0,2.37645409284806e-05,4.90244141582508e-05,0
Maledivibacter,0,0,0,0,0,0,0,0,4.98919008814236e-05,0,0,3.73873705462295e-05,0,0,0,0,0,2.99712276214834e-05,0,0,0,0,0,0
Absiella,0,0,0,0,0,0,0,0,0,0,0,0,0,0,0,0,0,0,0,0,0,3.56468113927209e-05,7.84390626532013e-05,0
Aggregatilinea,0,0,0,0,0,0,0,0,0,0,0,0,0,0,0,0,2.02412760100397e-05,1.99808184143223e-05,0,0,0,7.12936227854418e-05,0,0
Burkholderia,0,6.78483589178187e-05,0,0,0,0,0,0,0,0,0,0,0,0,4.13291453132749e-05,0,0,0,0,0,0,0,0,0
Gracilibacter,0,0,0,0,0,0,0,0,0,0,0,0,0,0,0,0,0,0,3.41962178983004e-05,0,0,3.56468113927209e-05,3.92195313266006e-05,0
Synergistes,0,0,0,0,4.74445195649338e-05,0,0,0,0,0,0,0,0,0,0,0,0,0,0,0,0,5.94113523212015e-05,0,0
Trichococcus,0,0,0,0,0,0,0,0,0,0,0,0,0,0,0,0,0,0,0,0.000105652403592182,0,0,0,0
Lactimicrobium,0,5.0886269188364e-05,0,0,0,0,0,5.42397396492497e-05,0,0,0,0,0,0,0,0,0,0,0,0,0,0,0,0
Fictibacillus,0,3.39241794589093e-05,0,0,0,0,7.09865953645753e-05,0,0,0,0,0,0,0,0,0,0,0,0,0,0,0,0,0
Salipaludibacillus,0,0,0,0,0,2.40326844508532e-05,0,0,0,0,0,0,0,0,0,0,5.06031900250992e-05,2.99712276214834e-05,0,0,0,0,0,0
Aneurinibacillus,0,0,0,0,0,0,4.73243969097169e-05,0,0,0,0,0,0,0,0,0,0,0,0,0,5.71575547998057e-05,0,0,0
Rodentibacter,0,0,0,4.47420620124979e-05,0,2.40326844508532e-05,0,0,0,0,0,0,0,0,0,0,0,0,3.41962178983004e-05,0,0,0,0,0
Beduini,0,0,0,0,0,0,0,0,6.65225345085648e-05,0,0,0,0,0,0,0,0,0,0,0,0,3.56468113927209e-05,0,0
Roseivivax,0,0,0,0,0,0,3.54932976822877e-05,0,6.65225345085648e-05,0,0,0,0,0,0,0,0,0,0,0,0,0,0,0
Yonghaparkia,0,0,0,0,0,0,0,0,9.97838017628472e-05,0,0,0,0,0,0,0,0,0,0,0,0,0,0,0
Massilimicrobiota,0,0,0,0,0,0,0,0,0,0,0,0,0,0,0,0,0,0,0,6.03728020526753e-05,0,0,3.92195313266006e-05,0
Desnuesiella,6.31412786108919e-05,0,0,0,3.55833896737003e-05,0,0,0,0,0,0,0,0,0,0,0,0,0,0,0,0,0,0,0
Bhargavaea,0,0,0,0,0,0,2.36621984548584e-05,0,0,0,0,0,0,0,0,0,0,0,2.2797478598867e-05,3.01864010263376e-05,0,0,0,2.1866287651014e-05
Megasphaera,4.73559589581689e-05,5.0886269188364e-05,0,0,0,0,0,0,0,0,0,0,0,0,0,0,0,0,0,0,0,0,0,0
Fenollaria,0,0,0,0,0,0,0,0,0,0,0,0,6.68505055569483e-05,0,0,0,0,2.99712276214834e-05,0,0,0,0,0,0
Haemophilus,0,5.0886269188364e-05,0,0,0,0,0,0,0,0,0,0,0,0,0,0,0,0,0,0,0,0,0,4.37325753020281e-05
Garciella,0,0,0,0,0,0,0,0,0,0,0,0,0,0,5.16614316415936e-05,0,0,0,0,0,4.28681660998542e-05,0,0,0
Thermanaeromonas,0,0,0,0,0,0,0,5.42397396492497e-05,0,3.99488654522212e-05,0,0,0,0,0,0,0,0,0,0,0,0,0,0
Runella,0,0,0,0,0,0,0,3.61598264328331e-05,0,0,0,5.60810558193442e-05,0,0,0,0,0,0,0,0,0,0,0,0
Massilicoli,0,3.39241794589093e-05,1.44373059987006e-05,0,2.37222597824669e-05,0,0,0,0,0,0,0,0,0,0,0,0,0,0,0,0,0,1.96097656633003e-05,0
Alterileibacterium,0,0,0,0,0,0,0,0,0,0,0,0,0,2.2221234611795e-05,4.13291453132749e-05,2.73273820368009e-05,0,0,0,0,0,0,0,0
Mesobacillus,0,0,0,0,0,0,0,0,0,0,0,0,0,0,0,0,6.0723828030119e-05,2.99712276214834e-05,0,0,0,0,0,0
Tepidibacillus,0,0,0,0,0,0,0,0,0,0,0,0,0,0,0,0,6.0723828030119e-05,2.99712276214834e-05,0,0,0,0,0,0
Virgibacillus,0,0,0,0,0,0,0,0,0,0,0,0,0,0,0,0,5.06031900250992e-05,3.99616368286445e-05,0,0,0,0,0,0
Weissella,0,0,0,0,0,0,0,0,0,0,0,0,0,0,0,0,0,0,3.41962178983004e-05,0,0,0,0,5.46657191275351e-05
Ktedonosporobacter,0,0,0,0,0,0,0,0,0,0,0,0,0,0,0,0,0,0,2.2797478598867e-05,0,0,0,0,6.55988629530421e-05
Candidatus_Vecturithrix,0,0,0,0,0,0,0,0,0,0,0,0,0,0,0,0,0,0,0,4.52796015395065e-05,4.28681660998542e-05,0,0,0
Methanomassiliicoccus,0,0,0,0,0,8.81198429864616e-05,0,0,0,0,0,0,0,0,0,0,0,0,0,0,0,0,0,0
Catonella,0,0,0,0,0,8.81198429864616e-05,0,0,0,0,0,0,0,0,0,0,0,0,0,0,0,0,0,0
Ancylomarina,0,0,0,0,0,0,0,3.61598264328331e-05,0,0,5.18036297076548e-05,0,0,0,0,0,0,0,0,0,0,0,0,0
Candidatus_Formimonas,0,0,0,0,0,0,0,5.42397396492497e-05,0,0,0,0,0,0,0,0,0,0,0,0,0,0,0,3.27994314765211e-05
Chthonomonas,0,0,0,0,0,0,0,0,0,0,0,0,0,0,0,0,0,0,0,0,8.57363321997085e-05,0,0,0
Erwinia,0,0,0,0,0,0,0,0,0,0,0,0,0,0,0,0,0,0,3.41962178983004e-05,0,0,1.18822704642403e-05,3.92195313266006e-05,0
Candidatus_Cryosericum,0,0,0,0,0,0,2.36621984548584e-05,0,0,0,0,0,0,0,0,0,0,0,0,0,2.85787773999028e-05,0,0,3.27994314765211e-05
Caminicella,0,0,0,0,5.93056494561672e-05,0,0,0,0,0,0,0,2.50689395838556e-05,0,0,0,0,0,0,0,0,0,0,0
Actinotalea,0,0,0,0,0,0,0,0,8.3153168135706e-05,0,0,0,0,0,0,0,0,0,0,0,0,0,0,0
Anaerobiospirillum,0,0,0,0,0,0,0,0,0,0,0,0,4.17815659730927e-05,0,4.13291453132749e-05,0,0,0,0,0,0,0,0,0
Macellibacteroides,4.73559589581689e-05,3.39241794589093e-05,0,0,0,0,0,0,0,0,0,0,0,0,0,0,0,0,0,0,0,0,0,0
Cytobacillus,0,0,0,0,0,0,0,0,0,0,0,0,0,0,0,0,5.06031900250992e-05,2.99712276214834e-05,0,0,0,0,0,0
Propionispira,0,0,0,0,0,8.01089481695105e-05,0,0,0,0,0,0,0,0,0,0,0,0,0,0,0,0,0,0
Candidatus_Phytoplasma,0,0,0,0,0,0,0,0,0,7.98977309044423e-05,0,0,0,0,0,0,0,0,0,0,0,0,0,0
Mageeibacillus,0,0,0,0,0,0,0,0,0,0,0,0,2.50689395838556e-05,0,0,0,0,0,0,0,0,0,0,5.46657191275351e-05
Gemella,4.73559589581689e-05,0,0,0,0,0,0,0,0,0,0,0,0,0,0,0,0,0,0,3.01864010263376e-05,0,0,0,0
Ureibacillus,0,0,0,0,0,0,0,0,0,0,0,0,0,0,0,0,0,0,0,7.54660025658441e-05,0,0,0,0
Nitrospirillum,0,0,0,0,0,0,0,0,0,0,0,0,0,0,0,0,0,0,0,7.54660025658441e-05,0,0,0,0
Glaesserella,0,0,0,0,0,0,0,0,0,0,0,0,0,0,0,0,0,0,0,7.54660025658441e-05,0,0,0,0
Propionimicrobium,0,0,0,0,0,0,0,0,0,0,0,7.4774741092459e-05,0,0,0,0,0,0,0,0,0,0,0,0
Sporolactobacillus,0,0,0,0,0,4.00544740847553e-05,0,0,0,0,0,0,0,0,0,0,0,0,0,0,0,0,0,3.27994314765211e-05
Lentibacillus,0,0,0,0,0,0,0,7.23196528656662e-05,0,0,0,0,0,0,0,0,0,0,0,0,0,0,0,0
Clostridiisalibacter,0,0,0,0,0,0,0,0,0,0,0,0,0,0,0,0,0,0,0,0,4.28681660998542e-05,0,2.94146484949505e-05,0
Asanoa,0,0,7.21865299935032e-05,0,0,0,0,0,0,0,0,0,0,0,0,0,0,0,0,0,0,0,0,0
Prauserella,0,0,7.21865299935032e-05,0,0,0,0,0,0,0,0,0,0,0,0,0,0,0,0,0,0,0,0,0
Paraburkholderia,0,0,0,0,0,7.20980533525595e-05,0,0,0,0,0,0,0,0,0,0,0,0,0,0,0,0,0,0
Tindallia,0,0,0,0,0,0,0,0,0,0,0,0,4.17815659730927e-05,0,0,2.73273820368009e-05,0,0,0,0,0,0,0,0
Salmonella,0,6.78483589178187e-05,0,0,0,0,0,0,0,0,0,0,0,0,0,0,0,0,0,0,0,0,0,0
Methanocorpusculum,0,0,0,0,2.37222597824669e-05,0,0,0,0,0,0,0,0,0,0,0,0,0,0,0,0,0,0,4.37325753020281e-05
Massilibacillus,0,0,0,0,0,0,0,0,0,0,0,0,0,0,0,0,0,0,0,0,0,4.75290818569612e-05,1.96097656633003e-05,0
Desulfuromonas,0,0,0,0,0,0,0,0,0,0,0,0,0,6.66637038353851e-05,0,0,0,0,0,0,0,0,0,0
Propionicicella,0,0,0,0,0,0,0,0,6.65225345085648e-05,0,0,0,0,0,0,0,0,0,0,0,0,0,0,0
Mesorhizobium,0,0,0,0,0,0,3.54932976822877e-05,0,0,0,0,0,0,0,2.06645726566375e-05,0,0,9.99040920716113e-06,0,0,0,0,0,0
Carboxydocella,3.15706393054459e-05,0,0,0,0,0,0,0,0,0,3.45357531384366e-05,0,0,0,0,0,0,0,0,0,0,0,0,0
Nafulsella,6.31412786108919e-05,0,0,0,0,0,0,0,0,0,0,0,0,0,0,0,0,0,0,0,0,0,0,0
Streptomyces,0,0,0,0,0,0,0,0,0,0,0,0,0,0,0,0,0,0,0,0,0,0,2.94146484949505e-05,3.27994314765211e-05
Fermentimonas,3.15706393054459e-05,0,0,0,0,0,0,0,0,0,0,0,0,0,0,0,0,0,0,0,2.85787773999028e-05,0,0,0
Inmirania,0,0,0,0,0,0,0,0,0,5.99232981783317e-05,0,0,0,0,0,0,0,0,0,0,0,0,0,0
Spiroplasma,0,0,0,5.96560826833306e-05,0,0,0,0,0,0,0,0,0,0,0,0,0,0,0,0,0,0,0,0
Terrimicrobium,0,0,0,0,5.93056494561672e-05,0,0,0,0,0,0,0,0,0,0,0,0,0,0,0,0,0,0,0
Kandleria,0,0,0,0,0,0,0,0,0,0,0,0,0,0,0,0,0,0,0,0,0,0,5.8829296989901e-05,0
Miniimonas,0,0,0,0,0,0,0,0,0,0,0,0,0,0,3.09968589849562e-05,2.73273820368009e-05,0,0,0,0,0,0,0,0
Cryptobacterium,0,0,0,0,0,2.40326844508532e-05,0,0,3.32612672542824e-05,0,0,0,0,0,0,0,0,0,0,0,0,0,0,0
Planifilum,0,0,0,0,0,0,0,0,0,0,0,0,0,0,0,0,0,0,0,0,0,2.37645409284806e-05,0,3.27994314765211e-05
Tsukamurella,0,0,0,0,0,0,0,0,0,0,0,5.60810558193442e-05,0,0,0,0,0,0,0,0,0,0,0,0
Alkalibacter,0,0,0,0,0,0,0,0,0,0,0,0,0,0,0,0,0,0,2.2797478598867e-05,0,0,0,0,3.27994314765211e-05
Campylobacter,0,0,0,0,0,0,0,0,0,0,0,0,0,0,0,0,0,0,0,0,0,0,0,5.46657191275351e-05
Intestinibaculum,0,0,0,0,0,0,0,5.42397396492497e-05,0,0,0,0,0,0,0,0,0,0,0,0,0,0,0,0
Domibacillus,0,0,0,2.98280413416653e-05,2.37222597824669e-05,0,0,0,0,0,0,0,0,0,0,0,0,0,0,0,0,0,0,0
Rikenella,0,0,0,0,0,0,0,0,0,0,5.18036297076548e-05,0,0,0,0,0,0,0,0,0,0,0,0,0
Candidatus_Omnitrophus,0,0,0,0,0,0,0,0,0,0,5.18036297076548e-05,0,0,0,0,0,0,0,0,0,0,0,0,0
Alkalispirochaeta,0,0,0,0,0,0,0,0,0,0,5.18036297076548e-05,0,0,0,0,0,0,0,0,0,0,0,0,0
Methanothermobacter,0,0,0,0,0,0,0,0,0,0,0,0,0,0,5.16614316415936e-05,0,0,0,0,0,0,0,0,0
Paenisporosarcina,0,5.0886269188364e-05,0,0,0,0,0,0,0,0,0,0,0,0,0,0,0,0,0,0,0,0,0,0
Aliarcobacter,0,5.0886269188364e-05,0,0,0,0,0,0,0,0,0,0,0,0,0,0,0,0,0,0,0,0,0,0
Saccharibacillus,0,0,0,0,0,0,0,0,0,0,0,0,0,0,0,0,5.06031900250992e-05,0,0,0,0,0,0,0
Gracilibacillus,0,0,0,0,0,0,0,0,0,0,0,0,0,0,0,0,4.04825520200793e-05,9.99040920716113e-06,0,0,0,0,0,0
Pseudarcicella,0,0,0,0,0,0,0,0,4.98919008814236e-05,0,0,0,0,0,0,0,0,0,0,0,0,0,0,0
Desulfitibacter,0,0,0,0,0,0,0,0,4.98919008814236e-05,0,0,0,0,0,0,0,0,0,0,0,0,0,0,0
Methanoculleus,0,0,0,0,0,0,0,0,0,0,0,0,0,0,0,0,0,0,0,0,0,0,4.90244141582508e-05,0
Alkalibacterium,0,0,0,0,0,4.80653689017063e-05,0,0,0,0,0,0,0,0,0,0,0,0,0,0,0,0,0,0
Methylorubrum,0,0,0,0,4.74445195649338e-05,0,0,0,0,0,0,0,0,0,0,0,0,0,0,0,0,0,0,0
Geobacter,0,0,0,0,4.74445195649338e-05,0,0,0,0,0,0,0,0,0,0,0,0,0,0,0,0,0,0,0
Pedobacter,4.73559589581689e-05,0,0,0,0,0,0,0,0,0,0,0,0,0,0,0,0,0,0,0,0,0,0,0
Gloeobacter,4.73559589581689e-05,0,0,0,0,0,0,0,0,0,0,0,0,0,0,0,0,0,0,0,0,0,0,0
Tumebacillus,4.73559589581689e-05,0,0,0,0,0,0,0,0,0,0,0,0,0,0,0,0,0,0,0,0,0,0,0
Kurthia,4.73559589581689e-05,0,0,0,0,0,0,0,0,0,0,0,0,0,0,0,0,0,0,0,0,0,0,0
Aminipila,4.73559589581689e-05,0,0,0,0,0,0,0,0,0,0,0,0,0,0,0,0,0,0,0,0,0,0,0
Desulfacinum,4.73559589581689e-05,0,0,0,0,0,0,0,0,0,0,0,0,0,0,0,0,0,0,0,0,0,0,0
Spirochaeta,0,0,0,0,0,0,4.73243969097169e-05,0,0,0,0,0,0,0,0,0,0,0,0,0,0,0,0,0
Caenibacillus,0,0,0,0,0,0,0,0,0,0,0,0,0,0,0,0,0,0,0,4.52796015395065e-05,0,0,0,0
Desulfofustis,0,0,0,0,0,0,0,0,0,0,0,0,0,0,0,0,0,0,0,4.52796015395065e-05,0,0,0,0
Secundilactobacillus,0,0,0,4.47420620124979e-05,0,0,0,0,0,0,0,0,0,0,0,0,0,0,0,0,0,0,0,0
Pseudobacteroides,0,0,0,4.47420620124979e-05,0,0,0,0,0,0,0,0,0,0,0,0,0,0,0,0,0,0,0,0
Tistrella,0,0,0,4.47420620124979e-05,0,0,0,0,0,0,0,0,0,0,0,0,0,0,0,0,0,0,0,0
Geotoga,0,0,0,4.47420620124979e-05,0,0,0,0,0,0,0,0,0,0,0,0,0,0,0,0,0,0,0,0
Tannerella,0,0,0,0,0,0,0,0,0,0,0,0,0,0,0,0,0,0,0,0,0,0,0,4.37325753020281e-05
Ohtaekwangia,0,0,0,0,0,0,0,0,0,0,0,0,0,0,0,0,0,0,0,0,0,0,0,4.37325753020281e-05
Candidatus_Adiutrix,0,0,4.33119179961019e-05,0,0,0,0,0,0,0,0,0,0,0,0,0,0,0,0,0,0,0,0,0
Maribacter,0,0,0,0,0,0,0,0,0,0,0,0,0,0,0,0,0,0,0,0,4.28681660998542e-05,0,0,0
Pokkaliibacter,0,0,0,0,0,0,0,0,0,0,0,0,0,0,0,0,0,0,0,0,4.28681660998542e-05,0,0,0
Dehalogenimonas,0,0,0,0,0,4.00544740847553e-05,0,0,0,0,0,0,0,0,0,0,0,0,0,0,0,0,0,0
Glycomyces,0,0,0,0,0,0,0,0,0,0,0,0,0,0,0,0,0,3.99616368286445e-05,0,0,0,0,0,0
Psychrobacillus,0,0,0,0,0,0,0,0,0,0,0,0,0,0,0,0,0,3.99616368286445e-05,0,0,0,0,0,0
Arabia,0,0,0,0,0,0,0,0,0,0,0,0,0,0,0,0,0,0,0,0,0,0,3.92195313266006e-05,0
Tetragenococcus,0,0,0,0,0,0,0,0,0,0,0,0,0,0,0,0,0,0,0,0,0,0,3.92195313266006e-05,0
Natronincola,0,0,0,0,0,0,0,0,0,0,0,0,0,0,0,0,0,0,0,0,0,0,3.92195313266006e-05,0
Pleomorphomonas,0,0,0,0,0,0,0,0,0,0,0,0,0,0,0,0,0,0,0,0,0,0,3.92195313266006e-05,0
Halodesulfovibrio,0,0,0,0,1.18611298912334e-05,2.40326844508532e-05,0,0,0,0,0,0,0,0,0,0,0,0,0,0,0,0,0,0
Rubeoparvulum,0,0,0,0,0,0,0,0,0,0,0,0,0,0,0,0,0,0,0,0,0,3.56468113927209e-05,0,0
Companilactobacillus,0,0,0,0,3.55833896737003e-05,0,0,0,0,0,0,0,0,0,0,0,0,0,0,0,0,0,0,0
Symbiobacterium,0,0,0,0,3.55833896737003e-05,0,0,0,0,0,0,0,0,0,0,0,0,0,0,0,0,0,0,0
Pseudorhodobacter,0,0,0,0,3.55833896737003e-05,0,0,0,0,0,0,0,0,0,0,0,0,0,0,0,0,0,0,0
Algihabitans,0,0,0,0,3.55833896737003e-05,0,0,0,0,0,0,0,0,0,0,0,0,0,0,0,0,0,0,0
Bordetella,0,0,0,0,3.55833896737003e-05,0,0,0,0,0,0,0,0,0,0,0,0,0,0,0,0,0,0,0
Cupriavidus,0,0,0,0,3.55833896737003e-05,0,0,0,0,0,0,0,0,0,0,0,0,0,0,0,0,0,0,0
Rubrivivax,0,0,0,0,3.55833896737003e-05,0,0,0,0,0,0,0,0,0,0,0,0,0,0,0,0,0,0,0
Desulfoplanes,0,0,0,0,3.55833896737003e-05,0,0,0,0,0,0,0,0,0,0,0,0,0,0,0,0,0,0,0
Hyphomicrobium,0,0,0,0,0,0,3.54932976822877e-05,0,0,0,0,0,0,0,0,0,0,0,0,0,0,0,0,0
Caenispirillum,0,0,0,0,0,0,3.54932976822877e-05,0,0,0,0,0,0,0,0,0,0,0,0,0,0,0,0,0
Spirosoma,0,0,0,0,0,0,0,0,0,0,0,0,0,0,0,0,0,0,3.41962178983004e-05,0,0,0,0,0
Mammaliicoccus,0,0,0,0,0,0,0,0,0,0,0,0,0,0,0,0,0,0,3.41962178983004e-05,0,0,0,0,0
Desulfoscipio,0,0,0,0,0,0,0,0,0,0,0,0,0,0,0,0,0,0,3.41962178983004e-05,0,0,0,0,0
Neorhizobium,0,0,0,0,0,0,0,0,0,0,0,0,0,0,0,0,0,0,3.41962178983004e-05,0,0,0,0,0
Planococcus,0,0,0,0,0,0,0,0,0,0,0,0,0,0,0,0,0,0,0,0,0,1.18822704642403e-05,0,2.1866287651014e-05
Faecalimonas,0,0,0,0,0,0,0,0,0,0,0,0,3.34252527784741e-05,0,0,0,0,0,0,0,0,0,0,0
Reyranella,0,0,0,0,0,0,0,0,0,0,0,0,3.34252527784741e-05,0,0,0,0,0,0,0,0,0,0,0
Evansella,0,0,0,0,0,0,0,0,0,0,0,0,0,0,0,0,0,0,0,0,0,0,0,3.27994314765211e-05
Halolactibacillus,0,0,0,0,0,0,0,0,0,0,0,0,0,0,0,0,0,0,0,0,0,0,0,3.27994314765211e-05
Siminovitchia,0,0,0,0,0,0,0,0,0,0,0,0,0,0,0,0,0,0,0,0,0,0,0,3.27994314765211e-05
Jeotgalicoccus,0,0,0,0,0,0,0,0,0,0,0,0,0,0,0,0,0,0,0,0,0,0,0,3.27994314765211e-05
Melghirimyces,0,0,0,0,0,0,0,0,0,0,0,0,0,0,0,0,0,0,0,0,0,0,0,3.27994314765211e-05
Anaerosalibacter,0,0,0,0,0,0,0,0,0,0,0,0,0,0,0,0,0,0,0,0,0,0,0,3.27994314765211e-05
Acidocella,0,0,0,0,0,0,0,0,0,0,0,0,0,0,0,0,0,0,0,0,0,0,0,3.27994314765211e-05
Maridesulfovibrio,0,0,0,0,0,0,0,0,0,0,0,0,0,0,0,0,0,0,0,0,0,0,0,3.27994314765211e-05
Haploplasma,0,0,0,0,0,0,0,0,0,0,0,0,0,0,0,0,0,0,0,0,0,0,0,3.27994314765211e-05
Alloscardovia,0,0,0,0,0,3.20435792678042e-05,0,0,0,0,0,0,0,0,0,0,0,0,0,0,0,0,0,0
Suicoccus,0,0,0,0,0,3.20435792678042e-05,0,0,0,0,0,0,0,0,0,0,0,0,0,0,0,0,0,0
Gallibacterium,0,0,0,0,0,3.20435792678042e-05,0,0,0,0,0,0,0,0,0,0,0,0,0,0,0,0,0,0
Lysinibacillus,0,0,0,0,0,0,0,0,0,0,0,0,0,0,3.09968589849562e-05,0,0,0,0,0,0,0,0,0
Litorilinea,0,0,0,0,0,0,0,0,0,0,0,0,0,0,0,0,3.03619140150595e-05,0,0,0,0,0,0,0
Fibrobacter,0,0,0,0,0,0,0,0,0,0,0,0,0,0,0,0,3.03619140150595e-05,0,0,0,0,0,0,0
Massilioclostridium,0,0,0,0,0,0,0,0,0,0,0,0,0,0,0,0,3.03619140150595e-05,0,0,0,0,0,0,0
Actinopolymorpha,0,0,0,0,0,0,0,0,0,0,0,0,0,0,0,0,0,2.99712276214834e-05,0,0,0,0,0,0
Kribbella,0,0,0,0,0,0,0,0,0,0,0,0,0,0,0,0,0,2.99712276214834e-05,0,0,0,0,0,0
Parageobacillus,0,0,0,0,0,0,0,0,0,0,0,0,0,0,0,0,0,2.99712276214834e-05,0,0,0,0,0,0
Carbonactinospora,0,0,0,0,0,0,0,0,0,0,0,0,0,0,0,0,0,0,0,0,0,0,2.94146484949505e-05,0
Sporosarcina,0,0,0,0,0,0,0,0,0,0,0,0,0,0,0,0,0,0,0,0,0,0,2.94146484949505e-05,0
Aerococcus,0,0,0,0,0,0,0,0,0,0,0,0,0,0,0,0,0,0,0,0,0,0,2.94146484949505e-05,0
Limnochorda,0,0,0,0,0,0,0,0,0,0,0,0,0,0,0,0,0,0,0,0,0,0,2.94146484949505e-05,0
Anaeroarcus,0,0,0,0,0,0,0,0,0,0,0,0,0,0,0,0,0,0,0,0,0,0,2.94146484949505e-05,0
Arthrobacter,0,0,0,0,0,0,0,0,0,0,0,0,2.50689395838556e-05,0,0,0,0,0,0,0,0,0,0,0
Petrocella,0,0,0,0,0,0,0,0,0,0,0,0,2.50689395838556e-05,0,0,0,0,0,0,0,0,0,0,0
Alteracholeplasma,0,0,0,0,0,2.40326844508532e-05,0,0,0,0,0,0,0,0,0,0,0,0,0,0,0,0,0,0
Candidatus_Altiarchaeum,0,0,0,0,0,0,0,0,0,0,0,0,0,0,0,0,0,0,0,0,0,0,0,0
Candidatus_Huberarchaeum,0,0,0,0,0,0,0,0,0,0,0,0,0,0,0,0,0,0,0,0,0,0,0,0
Candidatus_Methanodesulfokores,0,0,0,0,0,0,0,0,0,0,0,0,0,0,0,0,0,0,0,0,0,0,0,0
Lokiarchaeum,0,0,0,0,0,0,0,0,0,0,0,0,0,0,0,0,0,0,0,0,0,0,0,0
Candidatus_Micrarchaeum,0,0,0,0,0,0,0,0,0,0,0,0,0,0,0,0,0,0,0,0,0,0,0,0
Candidatus_Mancarchaeum,0,0,0,0,0,0,0,0,0,0,0,0,0,0,0,0,0,0,0,0,0,0,0,0
Candidatus_Methanomethylophilus,0,0,0,0,0,0,0,0,0,0,0,0,0,0,0,0,0,0,0,0,0,0,0,0
Candidatus_Methanoplasma,0,0,0,0,0,0,0,0,0,0,0,0,0,0,0,0,0,0,0,0,0,0,0,0
Acidiplasma,0,0,0,0,0,0,0,0,0,0,0,0,0,0,0,0,0,0,0,0,0,0,0,0
Ferroplasma,0,0,0,0,0,0,0,0,0,0,0,0,0,0,0,0,0,0,0,0,0,0,0,0
Picrophilus,0,0,0,0,0,0,0,0,0,0,0,0,0,0,0,0,0,0,0,0,0,0,0,0
Thermoplasma,0,0,0,0,0,0,0,0,0,0,0,0,0,0,0,0,0,0,0,0,0,0,0,0
Aciduliprofundum,0,0,0,0,0,0,0,0,0,0,0,0,0,0,0,0,0,0,0,0,0,0,0,0
Candidatus_Methanosuratus,0,0,0,0,0,0,0,0,0,0,0,0,0,0,0,0,0,0,0,0,0,0,0,0
Caldisphaera,0,0,0,0,0,0,0,0,0,0,0,0,0,0,0,0,0,0,0,0,0,0,0,0
Aeropyrum,0,0,0,0,0,0,0,0,0,0,0,0,0,0,0,0,0,0,0,0,0,0,0,0
Desulfurococcus,0,0,0,0,0,0,0,0,0,0,0,0,0,0,0,0,0,0,0,0,0,0,0,0
Ignisphaera,0,0,0,0,0,0,0,0,0,0,0,0,0,0,0,0,0,0,0,0,0,0,0,0
Thermogladius,0,0,0,0,0,0,0,0,0,0,0,0,0,0,0,0,0,0,0,0,0,0,0,0
Zestosphaera,0,0,0,0,0,0,0,0,0,0,0,0,0,0,0,0,0,0,0,0,0,0,0,0
Pyrodictium,0,0,0,0,0,0,0,0,0,0,0,0,0,0,0,0,0,0,0,0,0,0,0,0
Acidianus,0,0,0,0,0,0,0,0,0,0,0,0,0,0,0,0,0,0,0,0,0,0,0,0
Sulfolobus,0,0,0,0,0,0,0,0,0,0,0,0,0,0,0,0,0,0,0,0,0,0,0,0
Sulfurisphaera,0,0,0,0,0,0,0,0,0,0,0,0,0,0,0,0,0,0,0,0,0,0,0,0
Thermofilum,0,0,0,0,0,0,0,0,0,0,0,0,0,0,0,0,0,0,0,0,0,0,0,0
Pyrobaculum,0,0,0,0,0,0,0,0,0,0,0,0,0,0,0,0,0,0,0,0,0,0,0,0
Ferroglobus,0,0,0,0,0,0,0,0,0,0,0,0,0,0,0,0,0,0,0,0,0,0,0,0
Geoglobus,0,0,0,0,0,0,0,0,0,0,0,0,0,0,0,0,0,0,0,0,0,0,0,0
Candidatus_Methanofastidiosum,0,0,0,0,0,0,0,0,0,0,0,0,0,0,0,0,0,0,0,0,0,0,0,0
Candidatus_Methanoliparum,0,0,0,0,0,0,0,0,0,0,0,0,0,0,0,0,0,0,0,0,0,0,0,0
Candidatus_Methanolliviera,0,0,0,0,0,0,0,0,0,0,0,0,0,0,0,0,0,0,0,0,0,0,0,0
Candidatus_Hadarchaeum,0,0,0,0,0,0,0,0,0,0,0,0,0,0,0,0,0,0,0,0,0,0,0,0
Haloarcula,0,0,0,0,0,0,0,0,0,0,0,0,0,0,0,0,0,0,0,0,0,0,0,0
Halomicrobium,0,0,0,0,0,0,0,0,0,0,0,0,0,0,0,0,0,0,0,0,0,0,0,0
Halorientalis,0,0,0,0,0,0,0,0,0,0,0,0,0,0,0,0,0,0,0,0,0,0,0,0
Halosimplex,0,0,0,0,0,0,0,0,0,0,0,0,0,0,0,0,0,0,0,0,0,0,0,0
Haladaptatus,0,0,0,0,0,0,0,0,0,0,0,0,0,0,0,0,0,0,0,0,0,0,0,0
Halalkalicoccus,0,0,0,0,0,0,0,0,0,0,0,0,0,0,0,0,0,0,0,0,0,0,0,0
Halanaeroarchaeum,0,0,0,0,0,0,0,0,0,0,0,0,0,0,0,0,0,0,0,0,0,0,0,0
Halobacterium,0,0,0,0,0,0,0,0,0,0,0,0,0,0,0,0,0,0,0,0,0,0,0,0
Halorussus,0,0,0,0,0,0,0,0,0,0,0,0,0,0,0,0,0,0,0,0,0,0,0,0
Halostella,0,0,0,0,0,0,0,0,0,0,0,0,0,0,0,0,0,0,0,0,0,0,0,0
Halegenticoccus,0,0,0,0,0,0,0,0,0,0,0,0,0,0,0,0,0,0,0,0,0,0,0,0
Halobellus,0,0,0,0,0,0,0,0,0,0,0,0,0,0,0,0,0,0,0,0,0,0,0,0
Haloferax,0,0,0,0,0,0,0,0,0,0,0,0,0,0,0,0,0,0,0,0,0,0,0,0
Halogeometricum,0,0,0,0,0,0,0,0,0,0,0,0,0,0,0,0,0,0,0,0,0,0,0,0
Halogranum,0,0,0,0,0,0,0,0,0,0,0,0,0,0,0,0,0,0,0,0,0,0,0,0
Haloplanus,0,0,0,0,0,0,0,0,0,0,0,0,0,0,0,0,0,0,0,0,0,0,0,0
Haloquadratum,0,0,0,0,0,0,0,0,0,0,0,0,0,0,0,0,0,0,0,0,0,0,0,0
Halolamina,0,0,0,0,0,0,0,0,0,0,0,0,0,0,0,0,0,0,0,0,0,0,0,0
Halonotius,0,0,0,0,0,0,0,0,0,0,0,0,0,0,0,0,0,0,0,0,0,0,0,0
Halorubrum,0,0,0,0,0,0,0,0,0,0,0,0,0,0,0,0,0,0,0,0,0,0,0,0
Haloterrigena,0,0,0,0,0,0,0,0,0,0,0,0,0,0,0,0,0,0,0,0,0,0,0,0
Natrialba,0,0,0,0,0,0,0,0,0,0,0,0,0,0,0,0,0,0,0,0,0,0,0,0
Natrinema,0,0,0,0,0,0,0,0,0,0,0,0,0,0,0,0,0,0,0,0,0,0,0,0
Natronococcus,0,0,0,0,0,0,0,0,0,0,0,0,0,0,0,0,0,0,0,0,0,0,0,0
Natronolimnobius,0,0,0,0,0,0,0,0,0,0,0,0,0,0,0,0,0,0,0,0,0,0,0,0
Natronolimnohabitans,0,0,0,0,0,0,0,0,0,0,0,0,0,0,0,0,0,0,0,0,0,0,0,0
Methanobacterium,0,0,0,0,0,0,0,0,0,0,0,0,0,0,0,0,0,0,0,0,0,0,0,0
Methanobrevibacter,0,0,0,0,0,0,0,0,0,0,0,0,0,0,0,0,0,0,0,0,0,0,0,0
Methanothermus,0,0,0,0,0,0,0,0,0,0,0,0,0,0,0,0,0,0,0,0,0,0,0,0
Methanocaldococcus,0,0,0,0,0,0,0,0,0,0,0,0,0,0,0,0,0,0,0,0,0,0,0,0
Methanotorris,0,0,0,0,0,0,0,0,0,0,0,0,0,0,0,0,0,0,0,0,0,0,0,0
Methanococcus,0,0,0,0,0,0,0,0,0,0,0,0,0,0,0,0,0,0,0,0,0,0,0,0
Methanothermococcus,0,0,0,0,0,0,0,0,0,0,0,0,0,0,0,0,0,0,0,0,0,0,0,0
Methanofervidicoccus,0,0,0,0,0,0,0,0,0,0,0,0,0,0,0,0,0,0,0,0,0,0,0,0
Methanocella,0,0,0,0,0,0,0,0,0,0,0,0,0,0,0,0,0,0,0,0,0,0,0,0
Methanocalculus,0,0,0,0,0,0,0,0,0,0,0,0,0,0,0,0,0,0,0,0,0,0,0,0
Methanofollis,0,0,0,0,0,0,0,0,0,0,0,0,0,0,0,0,0,0,0,0,0,0,0,0
Methanogenium,0,0,0,0,0,0,0,0,0,0,0,0,0,0,0,0,0,0,0,0,0,0,0,0
Methanolacinia,0,0,0,0,0,0,0,0,0,0,0,0,0,0,0,0,0,0,0,0,0,0,0,0
Methanomicrobium,0,0,0,0,0,0,0,0,0,0,0,0,0,0,0,0,0,0,0,0,0,0,0,0
Methanoplanus,0,0,0,0,0,0,0,0,0,0,0,0,0,0,0,0,0,0,0,0,0,0,0,0
Methanolinea,0,0,0,0,0,0,0,0,0,0,0,0,0,0,0,0,0,0,0,0,0,0,0,0
Methanoregula,0,0,0,0,0,0,0,0,0,0,0,0,0,0,0,0,0,0,0,0,0,0,0,0
Methanosphaerula,0,0,0,0,0,0,0,0,0,0,0,0,0,0,0,0,0,0,0,0,0,0,0,0
Methanospirillum,0,0,0,0,0,0,0,0,0,0,0,0,0,0,0,0,0,0,0,0,0,0,0,0
Candidatus_Methanoperedens,0,0,0,0,0,0,0,0,0,0,0,0,0,0,0,0,0,0,0,0,0,0,0,0
Methanococcoides,0,0,0,0,0,0,0,0,0,0,0,0,0,0,0,0,0,0,0,0,0,0,0,0
Methanohalobium,0,0,0,0,0,0,0,0,0,0,0,0,0,0,0,0,0,0,0,0,0,0,0,0
Methanohalophilus,0,0,0,0,0,0,0,0,0,0,0,0,0,0,0,0,0,0,0,0,0,0,0,0
Methanolobus,0,0,0,0,0,0,0,0,0,0,0,0,0,0,0,0,0,0,0,0,0,0,0,0
Methanomethylovorans,0,0,0,0,0,0,0,0,0,0,0,0,0,0,0,0,0,0,0,0,0,0,0,0
Methanosalsum,0,0,0,0,0,0,0,0,0,0,0,0,0,0,0,0,0,0,0,0,0,0,0,0
Methanothrix,0,0,0,0,0,0,0,0,0,0,0,0,0,0,0,0,0,0,0,0,0,0,0,0
Methermicoccus,0,0,0,0,0,0,0,0,0,0,0,0,0,0,0,0,0,0,0,0,0,0,0,0
Candidatus_Syntrophoarchaeum,0,0,0,0,0,0,0,0,0,0,0,0,0,0,0,0,0,0,0,0,0,0,0,0
Methanonatronarchaeum,0,0,0,0,0,0,0,0,0,0,0,0,0,0,0,0,0,0,0,0,0,0,0,0
Methanopyrus,0,0,0,0,0,0,0,0,0,0,0,0,0,0,0,0,0,0,0,0,0,0,0,0
Candidatus_Nanosalina,0,0,0,0,0,0,0,0,0,0,0,0,0,0,0,0,0,0,0,0,0,0,0,0
Pyrococcus,0,0,0,0,0,0,0,0,0,0,0,0,0,0,0,0,0,0,0,0,0,0,0,0
Thermococcus,0,0,0,0,0,0,0,0,0,0,0,0,0,0,0,0,0,0,0,0,0,0,0,0
Nanoarchaeum,0,0,0,0,0,0,0,0,0,0,0,0,0,0,0,0,0,0,0,0,0,0,0,0
Candidatus_Nitrosocaldus,0,0,0,0,0,0,0,0,0,0,0,0,0,0,0,0,0,0,0,0,0,0,0,0
Nitrososphaera,0,0,0,0,0,0,0,0,0,0,0,0,0,0,0,0,0,0,0,0,0,0,0,0
Nitrosopumilus,0,0,0,0,0,0,0,0,0,0,0,0,0,0,0,0,0,0,0,0,0,0,0,0
Candidatus_Caldarchaeum,0,0,0,0,0,0,0,0,0,0,0,0,0,0,0,0,0,0,0,0,0,0,0,0
Candidatus_Nitrosotalea,0,0,0,0,0,0,0,0,0,0,0,0,0,0,0,0,0,0,0,0,0,0,0,0
Abditibacterium,0,0,0,0,0,0,0,0,0,0,0,0,0,0,0,0,0,0,0,0,0,0,0,0
Acidipila,0,0,0,0,0,0,0,0,0,0,0,0,0,0,0,0,0,0,0,0,0,0,0,0
Acidisarcina,0,0,0,0,0,0,0,0,0,0,0,0,0,0,0,0,0,0,0,0,0,0,0,0
Bryocella,0,0,0,0,0,0,0,0,0,0,0,0,0,0,0,0,0,0,0,0,0,0,0,0
Candidatus_Koribacter,0,0,0,0,0,0,0,0,0,0,0,0,0,0,0,0,0,0,0,0,0,0,0,0
Candidatus_Sulfotelmatobacter,0,0,0,0,0,0,0,0,0,0,0,0,0,0,0,0,0,0,0,0,0,0,0,0
Candidatus_Sulfotelmatomonas,0,0,0,0,0,0,0,0,0,0,0,0,0,0,0,0,0,0,0,0,0,0,0,0
Edaphobacter,0,0,0,0,0,0,0,0,0,0,0,0,0,0,0,0,0,0,0,0,0,0,0,0
Granulicella,0,0,0,0,0,0,0,0,0,0,0,0,0,0,0,0,0,0,0,0,0,0,0,0
Occallatibacter,0,0,0,0,0,0,0,0,0,0,0,0,0,0,0,0,0,0,0,0,0,0,0,0
Silvibacterium,0,0,0,0,0,0,0,0,0,0,0,0,0,0,0,0,0,0,0,0,0,0,0,0
Terracidiphilus,0,0,0,0,0,0,0,0,0,0,0,0,0,0,0,0,0,0,0,0,0,0,0,0
Terriglobus,0,0,0,0,0,0,0,0,0,0,0,0,0,0,0,0,0,0,0,0,0,0,0,0
Bryobacter,0,0,0,0,0,0,0,0,0,0,0,0,0,0,0,0,0,0,0,0,0,0,0,0
Candidatus_Solibacter,0,0,0,0,0,0,0,0,0,0,0,0,0,0,0,0,0,0,0,0,0,0,0,0
Candidatus_Sulfopaludibacter,0,0,0,0,0,0,0,0,0,0,0,0,0,0,0,0,0,0,0,0,0,0,0,0
Pyrinomonas,0,0,0,0,0,0,0,0,0,0,0,0,0,0,0,0,0,0,0,0,0,0,0,0
Chloracidobacterium,0,0,0,0,0,0,0,0,0,0,0,0,0,0,0,0,0,0,0,0,0,0,0,0
Geothrix,0,0,0,0,0,0,0,0,0,0,0,0,0,0,0,0,0,0,0,0,0,0,0,0
Holophaga,0,0,0,0,0,0,0,0,0,0,0,0,0,0,0,0,0,0,0,0,0,0,0,0
Thermoanaerobaculum,0,0,0,0,0,0,0,0,0,0,0,0,0,0,0,0,0,0,0,0,0,0,0,0
Luteitalea,0,0,0,0,0,0,0,0,0,0,0,0,0,0,0,0,0,0,0,0,0,0,0,0
Acidithrix,0,0,0,0,0,0,0,0,0,0,0,0,0,0,0,0,0,0,0,0,0,0,0,0
Ferrimicrobium,0,0,0,0,0,0,0,0,0,0,0,0,0,0,0,0,0,0,0,0,0,0,0,0
Ferrithrix,0,0,0,0,0,0,0,0,0,0,0,0,0,0,0,0,0,0,0,0,0,0,0,0
Ilumatobacter,0,0,0,0,0,0,0,0,0,0,0,0,0,0,0,0,0,0,0,0,0,0,0,0
Actinobaculum,0,0,0,0,0,0,0,0,0,0,0,0,0,0,0,0,0,0,0,0,0,0,0,0
Actinotignum,0,0,0,0,0,0,0,0,0,0,0,0,0,0,0,0,0,0,0,0,0,0,0,0
Ancrocorticia,0,0,0,0,0,0,0,0,0,0,0,0,0,0,0,0,0,0,0,0,0,0,0,0
Arcanobacterium,0,0,0,0,0,0,0,0,0,0,0,0,0,0,0,0,0,0,0,0,0,0,0,0
Boudabousia,0,0,0,0,0,0,0,0,0,0,0,0,0,0,0,0,0,0,0,0,0,0,0,0
Bowdeniella,0,0,0,0,0,0,0,0,0,0,0,0,0,0,0,0,0,0,0,0,0,0,0,0
Buchananella,0,0,0,0,0,0,0,0,0,0,0,0,0,0,0,0,0,0,0,0,0,0,0,0
Fannyhessea,0,0,0,0,0,0,0,0,0,0,0,0,0,0,0,0,0,0,0,0,0,0,0,0
Mobiluncus,0,0,0,0,0,0,0,0,0,0,0,0,0,0,0,0,0,0,0,0,0,0,0,0
Neoactinobaculum,0,0,0,0,0,0,0,0,0,0,0,0,0,0,0,0,0,0,0,0,0,0,0,0
Schaalia,0,0,0,0,0,0,0,0,0,0,0,0,0,0,0,0,0,0,0,0,0,0,0,0
Trueperella,0,0,0,0,0,0,0,0,0,0,0,0,0,0,0,0,0,0,0,0,0,0,0,0
Winkia,0,0,0,0,0,0,0,0,0,0,0,0,0,0,0,0,0,0,0,0,0,0,0,0
Actinopolyspora,0,0,0,0,0,0,0,0,0,0,0,0,0,0,0,0,0,0,0,0,0,0,0,0
Aeriscardovia,0,0,0,0,0,0,0,0,0,0,0,0,0,0,0,0,0,0,0,0,0,0,0,0
Bombiscardovia,0,0,0,0,0,0,0,0,0,0,0,0,0,0,0,0,0,0,0,0,0,0,0,0
Parascardovia,0,0,0,0,0,0,0,0,0,0,0,0,0,0,0,0,0,0,0,0,0,0,0,0
Pseudoscardovia,0,0,0,0,0,0,0,0,0,0,0,0,0,0,0,0,0,0,0,0,0,0,0,0
Scardovia,0,0,0,0,0,0,0,0,0,0,0,0,0,0,0,0,0,0,0,0,0,0,0,0
Candidatus_Actinomarina,0,0,0,0,0,0,0,0,0,0,0,0,0,0,0,0,0,0,0,0,0,0,0,0
Actinospica,0,0,0,0,0,0,0,0,0,0,0,0,0,0,0,0,0,0,0,0,0,0,0,0
Dietzia,0,0,0,0,0,0,0,0,0,0,0,0,0,0,0,0,0,0,0,0,0,0,0,0
Gordonia,0,0,0,0,0,0,0,0,0,0,0,0,0,0,0,0,0,0,0,0,0,0,0,0
Jongsikchunia,0,0,0,0,0,0,0,0,0,0,0,0,0,0,0,0,0,0,0,0,0,0,0,0
Millisia,0,0,0,0,0,0,0,0,0,0,0,0,0,0,0,0,0,0,0,0,0,0,0,0
Lawsonella,0,0,0,0,0,0,0,0,0,0,0,0,0,0,0,0,0,0,0,0,0,0,0,0
Mycobacterium,0,0,0,0,0,0,0,0,0,0,0,0,0,0,0,0,0,0,0,0,0,0,0,0
Mycolicibacter,0,0,0,0,0,0,0,0,0,0,0,0,0,0,0,0,0,0,0,0,0,0,0,0
Mycolicibacterium,0,0,0,0,0,0,0,0,0,0,0,0,0,0,0,0,0,0,0,0,0,0,0,0
Nocardia,0,0,0,0,0,0,0,0,0,0,0,0,0,0,0,0,0,0,0,0,0,0,0,0
Williamsia,0,0,0,0,0,0,0,0,0,0,0,0,0,0,0,0,0,0,0,0,0,0,0,0
Segniliparus,0,0,0,0,0,0,0,0,0,0,0,0,0,0,0,0,0,0,0,0,0,0,0,0
Tomitella,0,0,0,0,0,0,0,0,0,0,0,0,0,0,0,0,0,0,0,0,0,0,0,0
Cryptosporangium,0,0,0,0,0,0,0,0,0,0,0,0,0,0,0,0,0,0,0,0,0,0,0,0
Frankia,0,0,0,0,0,0,0,0,0,0,0,0,0,0,0,0,0,0,0,0,0,0,0,0
Blastococcus,0,0,0,0,0,0,0,0,0,0,0,0,0,0,0,0,0,0,0,0,0,0,0,0
Geodermatophilus,0,0,0,0,0,0,0,0,0,0,0,0,0,0,0,0,0,0,0,0,0,0,0,0
Stackebrandtia,0,0,0,0,0,0,0,0,0,0,0,0,0,0,0,0,0,0,0,0,0,0,0,0
Jatrophihabitans,0,0,0,0,0,0,0,0,0,0,0,0,0,0,0,0,0,0,0,0,0,0,0,0
Haloactinopolyspora,0,0,0,0,0,0,0,0,0,0,0,0,0,0,0,0,0,0,0,0,0,0,0,0
Jiangella,0,0,0,0,0,0,0,0,0,0,0,0,0,0,0,0,0,0,0,0,0,0,0,0
Phytoactinopolyspora,0,0,0,0,0,0,0,0,0,0,0,0,0,0,0,0,0,0,0,0,0,0,0,0
Kineococcus,0,0,0,0,0,0,0,0,0,0,0,0,0,0,0,0,0,0,0,0,0,0,0,0
Pseudokineococcus,0,0,0,0,0,0,0,0,0,0,0,0,0,0,0,0,0,0,0,0,0,0,0,0
Beutenbergia,0,0,0,0,0,0,0,0,0,0,0,0,0,0,0,0,0,0,0,0,0,0,0,0
Salana,0,0,0,0,0,0,0,0,0,0,0,0,0,0,0,0,0,0,0,0,0,0,0,0
Serinibacter,0,0,0,0,0,0,0,0,0,0,0,0,0,0,0,0,0,0,0,0,0,0,0,0
Bogoriella,0,0,0,0,0,0,0,0,0,0,0,0,0,0,0,0,0,0,0,0,0,0,0,0
Georgenia,0,0,0,0,0,0,0,0,0,0,0,0,0,0,0,0,0,0,0,0,0,0,0,0
Brevibacterium,0,0,0,0,0,0,0,0,0,0,0,0,0,0,0,0,0,0,0,0,0,0,0,0
Cellulomonas,0,0,0,0,0,0,0,0,0,0,0,0,0,0,0,0,0,0,0,0,0,0,0,0
Sediminihabitans,0,0,0,0,0,0,0,0,0,0,0,0,0,0,0,0,0,0,0,0,0,0,0,0
Demequina,0,0,0,0,0,0,0,0,0,0,0,0,0,0,0,0,0,0,0,0,0,0,0,0
Dermabacter,0,0,0,0,0,0,0,0,0,0,0,0,0,0,0,0,0,0,0,0,0,0,0,0
Devriesea,0,0,0,0,0,0,0,0,0,0,0,0,0,0,0,0,0,0,0,0,0,0,0,0
Helcobacillus,0,0,0,0,0,0,0,0,0,0,0,0,0,0,0,0,0,0,0,0,0,0,0,0
Branchiibius,0,0,0,0,0,0,0,0,0,0,0,0,0,0,0,0,0,0,0,0,0,0,0,0
Dermacoccus,0,0,0,0,0,0,0,0,0,0,0,0,0,0,0,0,0,0,0,0,0,0,0,0
Luteipulveratus,0,0,0,0,0,0,0,0,0,0,0,0,0,0,0,0,0,0,0,0,0,0,0,0
Yimella,0,0,0,0,0,0,0,0,0,0,0,0,0,0,0,0,0,0,0,0,0,0,0,0
Austwickia,0,0,0,0,0,0,0,0,0,0,0,0,0,0,0,0,0,0,0,0,0,0,0,0
Dermatophilus,0,0,0,0,0,0,0,0,0,0,0,0,0,0,0,0,0,0,0,0,0,0,0,0
Kineosphaera,0,0,0,0,0,0,0,0,0,0,0,0,0,0,0,0,0,0,0,0,0,0,0,0
Mobilicoccus,0,0,0,0,0,0,0,0,0,0,0,0,0,0,0,0,0,0,0,0,0,0,0,0
Intrasporangium,0,0,0,0,0,0,0,0,0,0,0,0,0,0,0,0,0,0,0,0,0,0,0,0
Janibacter,0,0,0,0,0,0,0,0,0,0,0,0,0,0,0,0,0,0,0,0,0,0,0,0
Knoellia,0,0,0,0,0,0,0,0,0,0,0,0,0,0,0,0,0,0,0,0,0,0,0,0
Pedococcus,0,0,0,0,0,0,0,0,0,0,0,0,0,0,0,0,0,0,0,0,0,0,0,0
Phycicoccus,0,0,0,0,0,0,0,0,0,0,0,0,0,0,0,0,0,0,0,0,0,0,0,0
Terracoccus,0,0,0,0,0,0,0,0,0,0,0,0,0,0,0,0,0,0,0,0,0,0,0,0
Tetrasphaera,0,0,0,0,0,0,0,0,0,0,0,0,0,0,0,0,0,0,0,0,0,0,0,0
Flavimobilis,0,0,0,0,0,0,0,0,0,0,0,0,0,0,0,0,0,0,0,0,0,0,0,0
Jonesia,0,0,0,0,0,0,0,0,0,0,0,0,0,0,0,0,0,0,0,0,0,0,0,0
Kytococcus,0,0,0,0,0,0,0,0,0,0,0,0,0,0,0,0,0,0,0,0,0,0,0,0
Agreia,0,0,0,0,0,0,0,0,0,0,0,0,0,0,0,0,0,0,0,0,0,0,0,0
Agrococcus,0,0,0,0,0,0,0,0,0,0,0,0,0,0,0,0,0,0,0,0,0,0,0,0
Agromyces,0,0,0,0,0,0,0,0,0,0,0,0,0,0,0,0,0,0,0,0,0,0,0,0
Amnibacterium,0,0,0,0,0,0,0,0,0,0,0,0,0,0,0,0,0,0,0,0,0,0,0,0
Aquiluna,0,0,0,0,0,0,0,0,0,0,0,0,0,0,0,0,0,0,0,0,0,0,0,0
Aurantimicrobium,0,0,0,0,0,0,0,0,0,0,0,0,0,0,0,0,0,0,0,0,0,0,0,0
Candidatus_Lumbricidophila,0,0,0,0,0,0,0,0,0,0,0,0,0,0,0,0,0,0,0,0,0,0,0,0
Clavibacter,0,0,0,0,0,0,0,0,0,0,0,0,0,0,0,0,0,0,0,0,0,0,0,0
Cryobacterium,0,0,0,0,0,0,0,0,0,0,0,0,0,0,0,0,0,0,0,0,0,0,0,0
Curtobacterium,0,0,0,0,0,0,0,0,0,0,0,0,0,0,0,0,0,0,0,0,0,0,0,0
Diaminobutyricimonas,0,0,0,0,0,0,0,0,0,0,0,0,0,0,0,0,0,0,0,0,0,0,0,0
Frigoribacterium,0,0,0,0,0,0,0,0,0,0,0,0,0,0,0,0,0,0,0,0,0,0,0,0
Frondihabitans,0,0,0,0,0,0,0,0,0,0,0,0,0,0,0,0,0,0,0,0,0,0,0,0
Glaciibacter,0,0,0,0,0,0,0,0,0,0,0,0,0,0,0,0,0,0,0,0,0,0,0,0
Gryllotalpicola,0,0,0,0,0,0,0,0,0,0,0,0,0,0,0,0,0,0,0,0,0,0,0,0
Gulosibacter,0,0,0,0,0,0,0,0,0,0,0,0,0,0,0,0,0,0,0,0,0,0,0,0
Herbiconiux,0,0,0,0,0,0,0,0,0,0,0,0,0,0,0,0,0,0,0,0,0,0,0,0
Homoserinimonas,0,0,0,0,0,0,0,0,0,0,0,0,0,0,0,0,0,0,0,0,0,0,0,0
Humibacter,0,0,0,0,0,0,0,0,0,0,0,0,0,0,0,0,0,0,0,0,0,0,0,0
Labedella,0,0,0,0,0,0,0,0,0,0,0,0,0,0,0,0,0,0,0,0,0,0,0,0
Leifsonia,0,0,0,0,0,0,0,0,0,0,0,0,0,0,0,0,0,0,0,0,0,0,0,0
Leucobacter,0,0,0,0,0,0,0,0,0,0,0,0,0,0,0,0,0,0,0,0,0,0,0,0
Microbacterium,0,0,0,0,0,0,0,0,0,0,0,0,0,0,0,0,0,0,0,0,0,0,0,0
Microcella,0,0,0,0,0,0,0,0,0,0,0,0,0,0,0,0,0,0,0,0,0,0,0,0
Microterricola,0,0,0,0,0,0,0,0,0,0,0,0,0,0,0,0,0,0,0,0,0,0,0,0
Mycetocola,0,0,0,0,0,0,0,0,0,0,0,0,0,0,0,0,0,0,0,0,0,0,0,0
Plantibacter,0,0,0,0,0,0,0,0,0,0,0,0,0,0,0,0,0,0,0,0,0,0,0,0
Pontimonas,0,0,0,0,0,0,0,0,0,0,0,0,0,0,0,0,0,0,0,0,0,0,0,0
Pseudoclavibacter,0,0,0,0,0,0,0,0,0,0,0,0,0,0,0,0,0,0,0,0,0,0,0,0
Rathayibacter,0,0,0,0,0,0,0,0,0,0,0,0,0,0,0,0,0,0,0,0,0,0,0,0
Rhodoluna,0,0,0,0,0,0,0,0,0,0,0,0,0,0,0,0,0,0,0,0,0,0,0,0
Subtercola,0,0,0,0,0,0,0,0,0,0,0,0,0,0,0,0,0,0,0,0,0,0,0,0
Citricoccus,0,0,0,0,0,0,0,0,0,0,0,0,0,0,0,0,0,0,0,0,0,0,0,0
Enteractinococcus,0,0,0,0,0,0,0,0,0,0,0,0,0,0,0,0,0,0,0,0,0,0,0,0
Galactobacter,0,0,0,0,0,0,0,0,0,0,0,0,0,0,0,0,0,0,0,0,0,0,0,0
Glutamicibacter,0,0,0,0,0,0,0,0,0,0,0,0,0,0,0,0,0,0,0,0,0,0,0,0
Kocuria,0,0,0,0,0,0,0,0,0,0,0,0,0,0,0,0,0,0,0,0,0,0,0,0
Micrococcus,0,0,0,0,0,0,0,0,0,0,0,0,0,0,0,0,0,0,0,0,0,0,0,0
Neomicrococcus,0,0,0,0,0,0,0,0,0,0,0,0,0,0,0,0,0,0,0,0,0,0,0,0
Nesterenkonia,0,0,0,0,0,0,0,0,0,0,0,0,0,0,0,0,0,0,0,0,0,0,0,0
Paenarthrobacter,0,0,0,0,0,0,0,0,0,0,0,0,0,0,0,0,0,0,0,0,0,0,0,0
Paeniglutamicibacter,0,0,0,0,0,0,0,0,0,0,0,0,0,0,0,0,0,0,0,0,0,0,0,0
Pseudarthrobacter,0,0,0,0,0,0,0,0,0,0,0,0,0,0,0,0,0,0,0,0,0,0,0,0
Pseudoglutamicibacter,0,0,0,0,0,0,0,0,0,0,0,0,0,0,0,0,0,0,0,0,0,0,0,0
Sinomonas,0,0,0,0,0,0,0,0,0,0,0,0,0,0,0,0,0,0,0,0,0,0,0,0
Tersicoccus,0,0,0,0,0,0,0,0,0,0,0,0,0,0,0,0,0,0,0,0,0,0,0,0
Yaniella,0,0,0,0,0,0,0,0,0,0,0,0,0,0,0,0,0,0,0,0,0,0,0,0
Ornithinimicrobium,0,0,0,0,0,0,0,0,0,0,0,0,0,0,0,0,0,0,0,0,0,0,0,0
Serinicoccus,0,0,0,0,0,0,0,0,0,0,0,0,0,0,0,0,0,0,0,0,0,0,0,0
Antribacter,0,0,0,0,0,0,0,0,0,0,0,0,0,0,0,0,0,0,0,0,0,0,0,0
Cellulosimicrobium,0,0,0,0,0,0,0,0,0,0,0,0,0,0,0,0,0,0,0,0,0,0,0,0
Isoptericola,0,0,0,0,0,0,0,0,0,0,0,0,0,0,0,0,0,0,0,0,0,0,0,0
Krasilnikoviella,0,0,0,0,0,0,0,0,0,0,0,0,0,0,0,0,0,0,0,0,0,0,0,0
Promicromonospora,0,0,0,0,0,0,0,0,0,0,0,0,0,0,0,0,0,0,0,0,0,0,0,0
Xylanibacterium,0,0,0,0,0,0,0,0,0,0,0,0,0,0,0,0,0,0,0,0,0,0,0,0
Xylanimonas,0,0,0,0,0,0,0,0,0,0,0,0,0,0,0,0,0,0,0,0,0,0,0,0
Sanguibacter,0,0,0,0,0,0,0,0,0,0,0,0,0,0,0,0,0,0,0,0,0,0,0,0
Timonella,0,0,0,0,0,0,0,0,0,0,0,0,0,0,0,0,0,0,0,0,0,0,0,0
Actinoplanes,0,0,0,0,0,0,0,0,0,0,0,0,0,0,0,0,0,0,0,0,0,0,0,0
Allorhizocola,0,0,0,0,0,0,0,0,0,0,0,0,0,0,0,0,0,0,0,0,0,0,0,0
Catellatospora,0,0,0,0,0,0,0,0,0,0,0,0,0,0,0,0,0,0,0,0,0,0,0,0
Catelliglobosispora,0,0,0,0,0,0,0,0,0,0,0,0,0,0,0,0,0,0,0,0,0,0,0,0
Dactylosporangium,0,0,0,0,0,0,0,0,0,0,0,0,0,0,0,0,0,0,0,0,0,0,0,0
Hamadaea,0,0,0,0,0,0,0,0,0,0,0,0,0,0,0,0,0,0,0,0,0,0,0,0
Micromonospora,0,0,0,0,0,0,0,0,0,0,0,0,0,0,0,0,0,0,0,0,0,0,0,0
Plantactinospora,0,0,0,0,0,0,0,0,0,0,0,0,0,0,0,0,0,0,0,0,0,0,0,0
Salinispora,0,0,0,0,0,0,0,0,0,0,0,0,0,0,0,0,0,0,0,0,0,0,0,0
Verrucosispora,0,0,0,0,0,0,0,0,0,0,0,0,0,0,0,0,0,0,0,0,0,0,0,0
Motilibacter,0,0,0,0,0,0,0,0,0,0,0,0,0,0,0,0,0,0,0,0,0,0,0,0
Nakamurella,0,0,0,0,0,0,0,0,0,0,0,0,0,0,0,0,0,0,0,0,0,0,0,0
Aeromicrobium,0,0,0,0,0,0,0,0,0,0,0,0,0,0,0,0,0,0,0,0,0,0,0,0
Marmoricola,0,0,0,0,0,0,0,0,0,0,0,0,0,0,0,0,0,0,0,0,0,0,0,0
Micropruina,0,0,0,0,0,0,0,0,0,0,0,0,0,0,0,0,0,0,0,0,0,0,0,0
Nocardioides,0,0,0,0,0,0,0,0,0,0,0,0,0,0,0,0,0,0,0,0,0,0,0,0
Pimelobacter,0,0,0,0,0,0,0,0,0,0,0,0,0,0,0,0,0,0,0,0,0,0,0,0
Thermasporomyces,0,0,0,0,0,0,0,0,0,0,0,0,0,0,0,0,0,0,0,0,0,0,0,0
Acidipropionibacterium,0,0,0,0,0,0,0,0,0,0,0,0,0,0,0,0,0,0,0,0,0,0,0,0
Aestuariimicrobium,0,0,0,0,0,0,0,0,0,0,0,0,0,0,0,0,0,0,0,0,0,0,0,0
Arachnia,0,0,0,0,0,0,0,0,0,0,0,0,0,0,0,0,0,0,0,0,0,0,0,0
Brevilactibacter,0,0,0,0,0,0,0,0,0,0,0,0,0,0,0,0,0,0,0,0,0,0,0,0
Cutibacterium,0,0,0,0,0,0,0,0,0,0,0,0,0,0,0,0,0,0,0,0,0,0,0,0
Desertihabitans,0,0,0,0,0,0,0,0,0,0,0,0,0,0,0,0,0,0,0,0,0,0,0,0
Granulicoccus,0,0,0,0,0,0,0,0,0,0,0,0,0,0,0,0,0,0,0,0,0,0,0,0
Luteococcus,0,0,0,0,0,0,0,0,0,0,0,0,0,0,0,0,0,0,0,0,0,0,0,0
Microlunatus,0,0,0,0,0,0,0,0,0,0,0,0,0,0,0,0,0,0,0,0,0,0,0,0
Propionibacterium,0,0,0,0,0,0,0,0,0,0,0,0,0,0,0,0,0,0,0,0,0,0,0,0
Raineyella,0,0,0,0,0,0,0,0,0,0,0,0,0,0,0,0,0,0,0,0,0,0,0,0
Actinoalloteichus,0,0,0,0,0,0,0,0,0,0,0,0,0,0,0,0,0,0,0,0,0,0,0,0
Actinokineospora,0,0,0,0,0,0,0,0,0,0,0,0,0,0,0,0,0,0,0,0,0,0,0,0
Actinomycetospora,0,0,0,0,0,0,0,0,0,0,0,0,0,0,0,0,0,0,0,0,0,0,0,0
Actinophytocola,0,0,0,0,0,0,0,0,0,0,0,0,0,0,0,0,0,0,0,0,0,0,0,0
Actinosynnema,0,0,0,0,0,0,0,0,0,0,0,0,0,0,0,0,0,0,0,0,0,0,0,0
Allokutzneria,0,0,0,0,0,0,0,0,0,0,0,0,0,0,0,0,0,0,0,0,0,0,0,0
Amycolatopsis,0,0,0,0,0,0,0,0,0,0,0,0,0,0,0,0,0,0,0,0,0,0,0,0
Herbihabitans,0,0,0,0,0,0,0,0,0,0,0,0,0,0,0,0,0,0,0,0,0,0,0,0
Kibdelosporangium,0,0,0,0,0,0,0,0,0,0,0,0,0,0,0,0,0,0,0,0,0,0,0,0
Kutzneria,0,0,0,0,0,0,0,0,0,0,0,0,0,0,0,0,0,0,0,0,0,0,0,0
Lentzea,0,0,0,0,0,0,0,0,0,0,0,0,0,0,0,0,0,0,0,0,0,0,0,0
Pseudonocardia,0,0,0,0,0,0,0,0,0,0,0,0,0,0,0,0,0,0,0,0,0,0,0,0
Saccharopolyspora,0,0,0,0,0,0,0,0,0,0,0,0,0,0,0,0,0,0,0,0,0,0,0,0
Saccharothrix,0,0,0,0,0,0,0,0,0,0,0,0,0,0,0,0,0,0,0,0,0,0,0,0
Sciscionella,0,0,0,0,0,0,0,0,0,0,0,0,0,0,0,0,0,0,0,0,0,0,0,0
Thermocrispum,0,0,0,0,0,0,0,0,0,0,0,0,0,0,0,0,0,0,0,0,0,0,0,0
Sporichthya,0,0,0,0,0,0,0,0,0,0,0,0,0,0,0,0,0,0,0,0,0,0,0,0
Kitasatospora,0,0,0,0,0,0,0,0,0,0,0,0,0,0,0,0,0,0,0,0,0,0,0,0
Streptacidiphilus,0,0,0,0,0,0,0,0,0,0,0,0,0,0,0,0,0,0,0,0,0,0,0,0
Allosalinactinospora,0,0,0,0,0,0,0,0,0,0,0,0,0,0,0,0,0,0,0,0,0,0,0,0
Marinactinospora,0,0,0,0,0,0,0,0,0,0,0,0,0,0,0,0,0,0,0,0,0,0,0,0
Nocardiopsis,0,0,0,0,0,0,0,0,0,0,0,0,0,0,0,0,0,0,0,0,0,0,0,0
Thermobifida,0,0,0,0,0,0,0,0,0,0,0,0,0,0,0,0,0,0,0,0,0,0,0,0
Bailinhaonella,0,0,0,0,0,0,0,0,0,0,0,0,0,0,0,0,0,0,0,0,0,0,0,0
Herbidospora,0,0,0,0,0,0,0,0,0,0,0,0,0,0,0,0,0,0,0,0,0,0,0,0
Microbispora,0,0,0,0,0,0,0,0,0,0,0,0,0,0,0,0,0,0,0,0,0,0,0,0
Microtetraspora,0,0,0,0,0,0,0,0,0,0,0,0,0,0,0,0,0,0,0,0,0,0,0,0
Nonomuraea,0,0,0,0,0,0,0,0,0,0,0,0,0,0,0,0,0,0,0,0,0,0,0,0
Planomonospora,0,0,0,0,0,0,0,0,0,0,0,0,0,0,0,0,0,0,0,0,0,0,0,0
Sinosporangium,0,0,0,0,0,0,0,0,0,0,0,0,0,0,0,0,0,0,0,0,0,0,0,0
Spongiactinospora,0,0,0,0,0,0,0,0,0,0,0,0,0,0,0,0,0,0,0,0,0,0,0,0
Streptosporangium,0,0,0,0,0,0,0,0,0,0,0,0,0,0,0,0,0,0,0,0,0,0,0,0
Actinocorallia,0,0,0,0,0,0,0,0,0,0,0,0,0,0,0,0,0,0,0,0,0,0,0,0
Actinomadura,0,0,0,0,0,0,0,0,0,0,0,0,0,0,0,0,0,0,0,0,0,0,0,0
Thermomonospora,0,0,0,0,0,0,0,0,0,0,0,0,0,0,0,0,0,0,0,0,0,0,0,0
Thermostaphylospora,0,0,0,0,0,0,0,0,0,0,0,0,0,0,0,0,0,0,0,0,0,0,0,0
Candidatus_Aquicultor,0,0,0,0,0,0,0,0,0,0,0,0,0,0,0,0,0,0,0,0,0,0,0,0
Candidatus_Solincola,0,0,0,0,0,0,0,0,0,0,0,0,0,0,0,0,0,0,0,0,0,0,0,0
Candidatus_Hydromicrobium,0,0,0,0,0,0,0,0,0,0,0,0,0,0,0,0,0,0,0,0,0,0,0,0
Lancefieldella,0,0,0,0,0,0,0,0,0,0,0,0,0,0,0,0,0,0,0,0,0,0,0,0
Coriobacterium,0,0,0,0,0,0,0,0,0,0,0,0,0,0,0,0,0,0,0,0,0,0,0,0
Olegusella,0,0,0,0,0,0,0,0,0,0,0,0,0,0,0,0,0,0,0,0,0,0,0,0
Enterorhabdus,0,0,0,0,0,0,0,0,0,0,0,0,0,0,0,0,0,0,0,0,0,0,0,0
Enteroscipio,0,0,0,0,0,0,0,0,0,0,0,0,0,0,0,0,0,0,0,0,0,0,0,0
Rubneribacter,0,0,0,0,0,0,0,0,0,0,0,0,0,0,0,0,0,0,0,0,0,0,0,0
Euzebya,0,0,0,0,0,0,0,0,0,0,0,0,0,0,0,0,0,0,0,0,0,0,0,0
Nitriliruptor,0,0,0,0,0,0,0,0,0,0,0,0,0,0,0,0,0,0,0,0,0,0,0,0
Rubrobacter,0,0,0,0,0,0,0,0,0,0,0,0,0,0,0,0,0,0,0,0,0,0,0,0
Conexibacter,0,0,0,0,0,0,0,0,0,0,0,0,0,0,0,0,0,0,0,0,0,0,0,0
Patulibacter,0,0,0,0,0,0,0,0,0,0,0,0,0,0,0,0,0,0,0,0,0,0,0,0
Solirubrobacter,0,0,0,0,0,0,0,0,0,0,0,0,0,0,0,0,0,0,0,0,0,0,0,0
Thermoleophilum,0,0,0,0,0,0,0,0,0,0,0,0,0,0,0,0,0,0,0,0,0,0,0,0
Aquifex,0,0,0,0,0,0,0,0,0,0,0,0,0,0,0,0,0,0,0,0,0,0,0,0
Hydrogenivirga,0,0,0,0,0,0,0,0,0,0,0,0,0,0,0,0,0,0,0,0,0,0,0,0
Hydrogenobaculum,0,0,0,0,0,0,0,0,0,0,0,0,0,0,0,0,0,0,0,0,0,0,0,0
Thermocrinis,0,0,0,0,0,0,0,0,0,0,0,0,0,0,0,0,0,0,0,0,0,0,0,0
Hydrogenothermus,0,0,0,0,0,0,0,0,0,0,0,0,0,0,0,0,0,0,0,0,0,0,0,0
Persephonella,0,0,0,0,0,0,0,0,0,0,0,0,0,0,0,0,0,0,0,0,0,0,0,0
Sulfurihydrogenibium,0,0,0,0,0,0,0,0,0,0,0,0,0,0,0,0,0,0,0,0,0,0,0,0
Thermosulfidibacter,0,0,0,0,0,0,0,0,0,0,0,0,0,0,0,0,0,0,0,0,0,0,0,0
Desulfurobacterium,0,0,0,0,0,0,0,0,0,0,0,0,0,0,0,0,0,0,0,0,0,0,0,0
Thermovibrio,0,0,0,0,0,0,0,0,0,0,0,0,0,0,0,0,0,0,0,0,0,0,0,0
Capsulimonas,0,0,0,0,0,0,0,0,0,0,0,0,0,0,0,0,0,0,0,0,0,0,0,0
Fimbriimonas,0,0,0,0,0,0,0,0,0,0,0,0,0,0,0,0,0,0,0,0,0,0,0,0
Mediterranea,0,0,0,0,0,0,0,0,0,0,0,0,0,0,0,0,0,0,0,0,0,0,0,0
Balneicella,0,0,0,0,0,0,0,0,0,0,0,0,0,0,0,0,0,0,0,0,0,0,0,0
Dysgonomonas,0,0,0,0,0,0,0,0,0,0,0,0,0,0,0,0,0,0,0,0,0,0,0,0
Petrimonas,0,0,0,0,0,0,0,0,0,0,0,0,0,0,0,0,0,0,0,0,0,0,0,0
Proteiniphilum,0,0,0,0,0,0,0,0,0,0,0,0,0,0,0,0,0,0,0,0,0,0,0,0
Lentimicrobium,0,0,0,0,0,0,0,0,0,0,0,0,0,0,0,0,0,0,0,0,0,0,0,0
Culturomica,0,0,0,0,0,0,0,0,0,0,0,0,0,0,0,0,0,0,0,0,0,0,0,0
Paludibacter,0,0,0,0,0,0,0,0,0,0,0,0,0,0,0,0,0,0,0,0,0,0,0,0
Gabonia,0,0,0,0,0,0,0,0,0,0,0,0,0,0,0,0,0,0,0,0,0,0,0,0
Gabonibacter,0,0,0,0,0,0,0,0,0,0,0,0,0,0,0,0,0,0,0,0,0,0,0,0
Lascolabacillus,0,0,0,0,0,0,0,0,0,0,0,0,0,0,0,0,0,0,0,0,0,0,0,0
Massilibacteroides,0,0,0,0,0,0,0,0,0,0,0,0,0,0,0,0,0,0,0,0,0,0,0,0
Porphyromonas,0,0,0,0,0,0,0,0,0,0,0,0,0,0,0,0,0,0,0,0,0,0,0,0
Sanguibacteroides,0,0,0,0,0,0,0,0,0,0,0,0,0,0,0,0,0,0,0,0,0,0,0,0
Hallella,0,0,0,0,0,0,0,0,0,0,0,0,0,0,0,0,0,0,0,0,0,0,0,0
Metaprevotella,0,0,0,0,0,0,0,0,0,0,0,0,0,0,0,0,0,0,0,0,0,0,0,0
Paraprevotella,0,0,0,0,0,0,0,0,0,0,0,0,0,0,0,0,0,0,0,0,0,0,0,0
Pseudoprevotella,0,0,0,0,0,0,0,0,0,0,0,0,0,0,0,0,0,0,0,0,0,0,0,0
Millionella,0,0,0,0,0,0,0,0,0,0,0,0,0,0,0,0,0,0,0,0,0,0,0,0
Mucinivorans,0,0,0,0,0,0,0,0,0,0,0,0,0,0,0,0,0,0,0,0,0,0,0,0
Tidjanibacter,0,0,0,0,0,0,0,0,0,0,0,0,0,0,0,0,0,0,0,0,0,0,0,0
Salinivirga,0,0,0,0,0,0,0,0,0,0,0,0,0,0,0,0,0,0,0,0,0,0,0,0
Candidatus_Symbiothrix,0,0,0,0,0,0,0,0,0,0,0,0,0,0,0,0,0,0,0,0,0,0,0,0
Williamwhitmania,0,0,0,0,0,0,0,0,0,0,0,0,0,0,0,0,0,0,0,0,0,0,0,0
Labilibaculum,0,0,0,0,0,0,0,0,0,0,0,0,0,0,0,0,0,0,0,0,0,0,0,0
Marinifilum,0,0,0,0,0,0,0,0,0,0,0,0,0,0,0,0,0,0,0,0,0,0,0,0
Alkaliflexus,0,0,0,0,0,0,0,0,0,0,0,0,0,0,0,0,0,0,0,0,0,0,0,0
Alkalitalea,0,0,0,0,0,0,0,0,0,0,0,0,0,0,0,0,0,0,0,0,0,0,0,0
Anaerophaga,0,0,0,0,0,0,0,0,0,0,0,0,0,0,0,0,0,0,0,0,0,0,0,0
Breznakibacter,0,0,0,0,0,0,0,0,0,0,0,0,0,0,0,0,0,0,0,0,0,0,0,0
Geofilum,0,0,0,0,0,0,0,0,0,0,0,0,0,0,0,0,0,0,0,0,0,0,0,0
Labilibacter,0,0,0,0,0,0,0,0,0,0,0,0,0,0,0,0,0,0,0,0,0,0,0,0
Marinilabilia,0,0,0,0,0,0,0,0,0,0,0,0,0,0,0,0,0,0,0,0,0,0,0,0
Saccharicrinis,0,0,0,0,0,0,0,0,0,0,0,0,0,0,0,0,0,0,0,0,0,0,0,0
Thermophagus,0,0,0,0,0,0,0,0,0,0,0,0,0,0,0,0,0,0,0,0,0,0,0,0
Draconibacterium,0,0,0,0,0,0,0,0,0,0,0,0,0,0,0,0,0,0,0,0,0,0,0,0
Mangrovibacterium,0,0,0,0,0,0,0,0,0,0,0,0,0,0,0,0,0,0,0,0,0,0,0,0
Maribellus,0,0,0,0,0,0,0,0,0,0,0,0,0,0,0,0,0,0,0,0,0,0,0,0
Mariniphaga,0,0,0,0,0,0,0,0,0,0,0,0,0,0,0,0,0,0,0,0,0,0,0,0
Prolixibacter,0,0,0,0,0,0,0,0,0,0,0,0,0,0,0,0,0,0,0,0,0,0,0,0
Sunxiuqinia,0,0,0,0,0,0,0,0,0,0,0,0,0,0,0,0,0,0,0,0,0,0,0,0
Tangfeifania,0,0,0,0,0,0,0,0,0,0,0,0,0,0,0,0,0,0,0,0,0,0,0,0
Arachidicoccus,0,0,0,0,0,0,0,0,0,0,0,0,0,0,0,0,0,0,0,0,0,0,0,0
Asinibacterium,0,0,0,0,0,0,0,0,0,0,0,0,0,0,0,0,0,0,0,0,0,0,0,0
Chitinophaga,0,0,0,0,0,0,0,0,0,0,0,0,0,0,0,0,0,0,0,0,0,0,0,0
Deminuibacter,0,0,0,0,0,0,0,0,0,0,0,0,0,0,0,0,0,0,0,0,0,0,0,0
Edaphocola,0,0,0,0,0,0,0,0,0,0,0,0,0,0,0,0,0,0,0,0,0,0,0,0
Ferruginibacter,0,0,0,0,0,0,0,0,0,0,0,0,0,0,0,0,0,0,0,0,0,0,0,0
Filimonas,0,0,0,0,0,0,0,0,0,0,0,0,0,0,0,0,0,0,0,0,0,0,0,0
Flavihumibacter,0,0,0,0,0,0,0,0,0,0,0,0,0,0,0,0,0,0,0,0,0,0,0,0
Flavipsychrobacter,0,0,0,0,0,0,0,0,0,0,0,0,0,0,0,0,0,0,0,0,0,0,0,0
Flavisolibacter,0,0,0,0,0,0,0,0,0,0,0,0,0,0,0,0,0,0,0,0,0,0,0,0
Gynurincola,0,0,0,0,0,0,0,0,0,0,0,0,0,0,0,0,0,0,0,0,0,0,0,0
Hydrobacter,0,0,0,0,0,0,0,0,0,0,0,0,0,0,0,0,0,0,0,0,0,0,0,0
Hydrotalea,0,0,0,0,0,0,0,0,0,0,0,0,0,0,0,0,0,0,0,0,0,0,0,0
Lacibacter,0,0,0,0,0,0,0,0,0,0,0,0,0,0,0,0,0,0,0,0,0,0,0,0
Niabella,0,0,0,0,0,0,0,0,0,0,0,0,0,0,0,0,0,0,0,0,0,0,0,0
Niastella,0,0,0,0,0,0,0,0,0,0,0,0,0,0,0,0,0,0,0,0,0,0,0,0
Paracnuella,0,0,0,0,0,0,0,0,0,0,0,0,0,0,0,0,0,0,0,0,0,0,0,0
Parafilimonas,0,0,0,0,0,0,0,0,0,0,0,0,0,0,0,0,0,0,0,0,0,0,0,0
Paraflavitalea,0,0,0,0,0,0,0,0,0,0,0,0,0,0,0,0,0,0,0,0,0,0,0,0
Pseudobacter,0,0,0,0,0,0,0,0,0,0,0,0,0,0,0,0,0,0,0,0,0,0,0,0
Pseudoflavitalea,0,0,0,0,0,0,0,0,0,0,0,0,0,0,0,0,0,0,0,0,0,0,0,0
Sediminibacterium,0,0,0,0,0,0,0,0,0,0,0,0,0,0,0,0,0,0,0,0,0,0,0,0
Segetibacter,0,0,0,0,0,0,0,0,0,0,0,0,0,0,0,0,0,0,0,0,0,0,0,0
Taibaiella,0,0,0,0,0,0,0,0,0,0,0,0,0,0,0,0,0,0,0,0,0,0,0,0
Terrimonas,0,0,0,0,0,0,0,0,0,0,0,0,0,0,0,0,0,0,0,0,0,0,0,0
Thermoflavifilum,0,0,0,0,0,0,0,0,0,0,0,0,0,0,0,0,0,0,0,0,0,0,0,0
Candidatus_Amoebophilus,0,0,0,0,0,0,0,0,0,0,0,0,0,0,0,0,0,0,0,0,0,0,0,0
Candidatus_Cardinium,0,0,0,0,0,0,0,0,0,0,0,0,0,0,0,0,0,0,0,0,0,0,0,0
Bernardetia,0,0,0,0,0,0,0,0,0,0,0,0,0,0,0,0,0,0,0,0,0,0,0,0
Hugenholtzia,0,0,0,0,0,0,0,0,0,0,0,0,0,0,0,0,0,0,0,0,0,0,0,0
Catalinimonas,0,0,0,0,0,0,0,0,0,0,0,0,0,0,0,0,0,0,0,0,0,0,0,0
Cesiribacter,0,0,0,0,0,0,0,0,0,0,0,0,0,0,0,0,0,0,0,0,0,0,0,0
Algoriphagus,0,0,0,0,0,0,0,0,0,0,0,0,0,0,0,0,0,0,0,0,0,0,0,0
Aquiflexum,0,0,0,0,0,0,0,0,0,0,0,0,0,0,0,0,0,0,0,0,0,0,0,0
Belliella,0,0,0,0,0,0,0,0,0,0,0,0,0,0,0,0,0,0,0,0,0,0,0,0
Cecembia,0,0,0,0,0,0,0,0,0,0,0,0,0,0,0,0,0,0,0,0,0,0,0,0
Cyclobacterium,0,0,0,0,0,0,0,0,0,0,0,0,0,0,0,0,0,0,0,0,0,0,0,0
Echinicola,0,0,0,0,0,0,0,0,0,0,0,0,0,0,0,0,0,0,0,0,0,0,0,0
Indibacter,0,0,0,0,0,0,0,0,0,0,0,0,0,0,0,0,0,0,0,0,0,0,0,0
Lunatimonas,0,0,0,0,0,0,0,0,0,0,0,0,0,0,0,0,0,0,0,0,0,0,0,0
Mariniradius,0,0,0,0,0,0,0,0,0,0,0,0,0,0,0,0,0,0,0,0,0,0,0,0
Mongoliibacter,0,0,0,0,0,0,0,0,0,0,0,0,0,0,0,0,0,0,0,0,0,0,0,0
Negadavirga,0,0,0,0,0,0,0,0,0,0,0,0,0,0,0,0,0,0,0,0,0,0,0,0
Nitritalea,0,0,0,0,0,0,0,0,0,0,0,0,0,0,0,0,0,0,0,0,0,0,0,0
Anditalea,0,0,0,0,0,0,0,0,0,0,0,0,0,0,0,0,0,0,0,0,0,0,0,0
Aquirufa,0,0,0,0,0,0,0,0,0,0,0,0,0,0,0,0,0,0,0,0,0,0,0,0
Candidatus_Nephrothrix,0,0,0,0,0,0,0,0,0,0,0,0,0,0,0,0,0,0,0,0,0,0,0,0
Chryseotalea,0,0,0,0,0,0,0,0,0,0,0,0,0,0,0,0,0,0,0,0,0,0,0,0
Cytophaga,0,0,0,0,0,0,0,0,0,0,0,0,0,0,0,0,0,0,0,0,0,0,0,0
Rhodonellum,0,0,0,0,0,0,0,0,0,0,0,0,0,0,0,0,0,0,0,0,0,0,0,0
Rudanella,0,0,0,0,0,0,0,0,0,0,0,0,0,0,0,0,0,0,0,0,0,0,0,0
Siphonobacter,0,0,0,0,0,0,0,0,0,0,0,0,0,0,0,0,0,0,0,0,0,0,0,0
Sporocytophaga,0,0,0,0,0,0,0,0,0,0,0,0,0,0,0,0,0,0,0,0,0,0,0,0
Flammeovirga,0,0,0,0,0,0,0,0,0,0,0,0,0,0,0,0,0,0,0,0,0,0,0,0
Flexithrix,0,0,0,0,0,0,0,0,0,0,0,0,0,0,0,0,0,0,0,0,0,0,0,0
Sediminitomix,0,0,0,0,0,0,0,0,0,0,0,0,0,0,0,0,0,0,0,0,0,0,0,0
Flexibacter,0,0,0,0,0,0,0,0,0,0,0,0,0,0,0,0,0,0,0,0,0,0,0,0
Chryseolinea,0,0,0,0,0,0,0,0,0,0,0,0,0,0,0,0,0,0,0,0,0,0,0,0
Fulvivirga,0,0,0,0,0,0,0,0,0,0,0,0,0,0,0,0,0,0,0,0,0,0,0,0
Adhaeribacter,0,0,0,0,0,0,0,0,0,0,0,0,0,0,0,0,0,0,0,0,0,0,0,0
Botryobacter,0,0,0,0,0,0,0,0,0,0,0,0,0,0,0,0,0,0,0,0,0,0,0,0
Hymenobacter,0,0,0,0,0,0,0,0,0,0,0,0,0,0,0,0,0,0,0,0,0,0,0,0
Pontibacter,0,0,0,0,0,0,0,0,0,0,0,0,0,0,0,0,0,0,0,0,0,0,0,0
Rufibacter,0,0,0,0,0,0,0,0,0,0,0,0,0,0,0,0,0,0,0,0,0,0,0,0
Siccationidurans,0,0,0,0,0,0,0,0,0,0,0,0,0,0,0,0,0,0,0,0,0,0,0,0
Marivirga,0,0,0,0,0,0,0,0,0,0,0,0,0,0,0,0,0,0,0,0,0,0,0,0
Eisenibacter,0,0,0,0,0,0,0,0,0,0,0,0,0,0,0,0,0,0,0,0,0,0,0,0
Microscilla,0,0,0,0,0,0,0,0,0,0,0,0,0,0,0,0,0,0,0,0,0,0,0,0
Persicobacter,0,0,0,0,0,0,0,0,0,0,0,0,0,0,0,0,0,0,0,0,0,0,0,0
Raineya,0,0,0,0,0,0,0,0,0,0,0,0,0,0,0,0,0,0,0,0,0,0,0,0
Ekhidna,0,0,0,0,0,0,0,0,0,0,0,0,0,0,0,0,0,0,0,0,0,0,0,0
Marinoscillum,0,0,0,0,0,0,0,0,0,0,0,0,0,0,0,0,0,0,0,0,0,0,0,0
Reichenbachiella,0,0,0,0,0,0,0,0,0,0,0,0,0,0,0,0,0,0,0,0,0,0,0,0
Roseivirga,0,0,0,0,0,0,0,0,0,0,0,0,0,0,0,0,0,0,0,0,0,0,0,0
Arcicella,0,0,0,0,0,0,0,0,0,0,0,0,0,0,0,0,0,0,0,0,0,0,0,0
Arcticibacterium,0,0,0,0,0,0,0,0,0,0,0,0,0,0,0,0,0,0,0,0,0,0,0,0
Arsenicibacter,0,0,0,0,0,0,0,0,0,0,0,0,0,0,0,0,0,0,0,0,0,0,0,0
Dyadobacter,0,0,0,0,0,0,0,0,0,0,0,0,0,0,0,0,0,0,0,0,0,0,0,0
Emticicia,0,0,0,0,0,0,0,0,0,0,0,0,0,0,0,0,0,0,0,0,0,0,0,0
Fibrella,0,0,0,0,0,0,0,0,0,0,0,0,0,0,0,0,0,0,0,0,0,0,0,0
Fibrisoma,0,0,0,0,0,0,0,0,0,0,0,0,0,0,0,0,0,0,0,0,0,0,0,0
Flectobacillus,0,0,0,0,0,0,0,0,0,0,0,0,0,0,0,0,0,0,0,0,0,0,0,0
Jiulongibacter,0,0,0,0,0,0,0,0,0,0,0,0,0,0,0,0,0,0,0,0,0,0,0,0
Larkinella,0,0,0,0,0,0,0,0,0,0,0,0,0,0,0,0,0,0,0,0,0,0,0,0
Leadbetterella,0,0,0,0,0,0,0,0,0,0,0,0,0,0,0,0,0,0,0,0,0,0,0,0
Thermoflexibacter,0,0,0,0,0,0,0,0,0,0,0,0,0,0,0,0,0,0,0,0,0,0,0,0
Thermonema,0,0,0,0,0,0,0,0,0,0,0,0,0,0,0,0,0,0,0,0,0,0,0,0
Solirubrum,0,0,0,0,0,0,0,0,0,0,0,0,0,0,0,0,0,0,0,0,0,0,0,0
Blattabacterium,0,0,0,0,0,0,0,0,0,0,0,0,0,0,0,0,0,0,0,0,0,0,0,0
Brumimicrobium,0,0,0,0,0,0,0,0,0,0,0,0,0,0,0,0,0,0,0,0,0,0,0,0
Crocinitomix,0,0,0,0,0,0,0,0,0,0,0,0,0,0,0,0,0,0,0,0,0,0,0,0
Fluviicola,0,0,0,0,0,0,0,0,0,0,0,0,0,0,0,0,0,0,0,0,0,0,0,0
Lishizhenia,0,0,0,0,0,0,0,0,0,0,0,0,0,0,0,0,0,0,0,0,0,0,0,0
Putridiphycobacter,0,0,0,0,0,0,0,0,0,0,0,0,0,0,0,0,0,0,0,0,0,0,0,0
Aequorivita,0,0,0,0,0,0,0,0,0,0,0,0,0,0,0,0,0,0,0,0,0,0,0,0
Algibacter,0,0,0,0,0,0,0,0,0,0,0,0,0,0,0,0,0,0,0,0,0,0,0,0
Altibacter,0,0,0,0,0,0,0,0,0,0,0,0,0,0,0,0,0,0,0,0,0,0,0,0
Amniculibacterium,0,0,0,0,0,0,0,0,0,0,0,0,0,0,0,0,0,0,0,0,0,0,0,0
Aquimarina,0,0,0,0,0,0,0,0,0,0,0,0,0,0,0,0,0,0,0,0,0,0,0,0
Arenibacter,0,0,0,0,0,0,0,0,0,0,0,0,0,0,0,0,0,0,0,0,0,0,0,0
Aurantibacter,0,0,0,0,0,0,0,0,0,0,0,0,0,0,0,0,0,0,0,0,0,0,0,0
Aureicoccus,0,0,0,0,0,0,0,0,0,0,0,0,0,0,0,0,0,0,0,0,0,0,0,0
Avrilella,0,0,0,0,0,0,0,0,0,0,0,0,0,0,0,0,0,0,0,0,0,0,0,0
Bizionia,0,0,0,0,0,0,0,0,0,0,0,0,0,0,0,0,0,0,0,0,0,0,0,0
Capnocytophaga,0,0,0,0,0,0,0,0,0,0,0,0,0,0,0,0,0,0,0,0,0,0,0,0
Cellulophaga,0,0,0,0,0,0,0,0,0,0,0,0,0,0,0,0,0,0,0,0,0,0,0,0
Cochleicola,0,0,0,0,0,0,0,0,0,0,0,0,0,0,0,0,0,0,0,0,0,0,0,0
Confluentibacter,0,0,0,0,0,0,0,0,0,0,0,0,0,0,0,0,0,0,0,0,0,0,0,0
Croceitalea,0,0,0,0,0,0,0,0,0,0,0,0,0,0,0,0,0,0,0,0,0,0,0,0
Croceivirga,0,0,0,0,0,0,0,0,0,0,0,0,0,0,0,0,0,0,0,0,0,0,0,0
Dokdonia,0,0,0,0,0,0,0,0,0,0,0,0,0,0,0,0,0,0,0,0,0,0,0,0
Eudoraea,0,0,0,0,0,0,0,0,0,0,0,0,0,0,0,0,0,0,0,0,0,0,0,0
Euzebyella,0,0,0,0,0,0,0,0,0,0,0,0,0,0,0,0,0,0,0,0,0,0,0,0
Flagellimonas,0,0,0,0,0,0,0,0,0,0,0,0,0,0,0,0,0,0,0,0,0,0,0,0
Flavimarina,0,0,0,0,0,0,0,0,0,0,0,0,0,0,0,0,0,0,0,0,0,0,0,0
Flaviramulus,0,0,0,0,0,0,0,0,0,0,0,0,0,0,0,0,0,0,0,0,0,0,0,0
Flavivirga,0,0,0,0,0,0,0,0,0,0,0,0,0,0,0,0,0,0,0,0,0,0,0,0
Flavobacterium,0,0,0,0,0,0,0,0,0,0,0,0,0,0,0,0,0,0,0,0,0,0,0,0
Formosa,0,0,0,0,0,0,0,0,0,0,0,0,0,0,0,0,0,0,0,0,0,0,0,0
Gaetbulibacter,0,0,0,0,0,0,0,0,0,0,0,0,0,0,0,0,0,0,0,0,0,0,0,0
Galbibacter,0,0,0,0,0,0,0,0,0,0,0,0,0,0,0,0,0,0,0,0,0,0,0,0
Gelidibacter,0,0,0,0,0,0,0,0,0,0,0,0,0,0,0,0,0,0,0,0,0,0,0,0
Gillisia,0,0,0,0,0,0,0,0,0,0,0,0,0,0,0,0,0,0,0,0,0,0,0,0
Gilvibacter,0,0,0,0,0,0,0,0,0,0,0,0,0,0,0,0,0,0,0,0,0,0,0,0
Gramella,0,0,0,0,0,0,0,0,0,0,0,0,0,0,0,0,0,0,0,0,0,0,0,0
Hanstruepera,0,0,0,0,0,0,0,0,0,0,0,0,0,0,0,0,0,0,0,0,0,0,0,0
Hyunsoonleella,0,0,0,0,0,0,0,0,0,0,0,0,0,0,0,0,0,0,0,0,0,0,0,0
Imtechella,0,0,0,0,0,0,0,0,0,0,0,0,0,0,0,0,0,0,0,0,0,0,0,0
Jejuia,0,0,0,0,0,0,0,0,0,0,0,0,0,0,0,0,0,0,0,0,0,0,0,0
Joostella,0,0,0,0,0,0,0,0,0,0,0,0,0,0,0,0,0,0,0,0,0,0,0,0
Kordia,0,0,0,0,0,0,0,0,0,0,0,0,0,0,0,0,0,0,0,0,0,0,0,0
Kriegella,0,0,0,0,0,0,0,0,0,0,0,0,0,0,0,0,0,0,0,0,0,0,0,0
Lacinutrix,0,0,0,0,0,0,0,0,0,0,0,0,0,0,0,0,0,0,0,0,0,0,0,0
Leeuwenhoekiella,0,0,0,0,0,0,0,0,0,0,0,0,0,0,0,0,0,0,0,0,0,0,0,0
Lutibacter,0,0,0,0,0,0,0,0,0,0,0,0,0,0,0,0,0,0,0,0,0,0,0,0
Mangrovimonas,0,0,0,0,0,0,0,0,0,0,0,0,0,0,0,0,0,0,0,0,0,0,0,0
Mariniflexile,0,0,0,0,0,0,0,0,0,0,0,0,0,0,0,0,0,0,0,0,0,0,0,0
Marinirhabdus,0,0,0,0,0,0,0,0,0,0,0,0,0,0,0,0,0,0,0,0,0,0,0,0
Marixanthomonas,0,0,0,0,0,0,0,0,0,0,0,0,0,0,0,0,0,0,0,0,0,0,0,0
Mesoflavibacter,0,0,0,0,0,0,0,0,0,0,0,0,0,0,0,0,0,0,0,0,0,0,0,0
Mesonia,0,0,0,0,0,0,0,0,0,0,0,0,0,0,0,0,0,0,0,0,0,0,0,0
Muricauda,0,0,0,0,0,0,0,0,0,0,0,0,0,0,0,0,0,0,0,0,0,0,0,0
Muriicola,0,0,0,0,0,0,0,0,0,0,0,0,0,0,0,0,0,0,0,0,0,0,0,0
Myroides,0,0,0,0,0,0,0,0,0,0,0,0,0,0,0,0,0,0,0,0,0,0,0,0
Nonlabens,0,0,0,0,0,0,0,0,0,0,0,0,0,0,0,0,0,0,0,0,0,0,0,0
Ochrovirga,0,0,0,0,0,0,0,0,0,0,0,0,0,0,0,0,0,0,0,0,0,0,0,0
Olleya,0,0,0,0,0,0,0,0,0,0,0,0,0,0,0,0,0,0,0,0,0,0,0,0
Polaribacter,0,0,0,0,0,0,0,0,0,0,0,0,0,0,0,0,0,0,0,0,0,0,0,0
Pricia,0,0,0,0,0,0,0,0,0,0,0,0,0,0,0,0,0,0,0,0,0,0,0,0
Pseudozobellia,0,0,0,0,0,0,0,0,0,0,0,0,0,0,0,0,0,0,0,0,0,0,0,0
Psychroflexus,0,0,0,0,0,0,0,0,0,0,0,0,0,0,0,0,0,0,0,0,0,0,0,0
Psychroserpens,0,0,0,0,0,0,0,0,0,0,0,0,0,0,0,0,0,0,0,0,0,0,0,0
Pukyongia,0,0,0,0,0,0,0,0,0,0,0,0,0,0,0,0,0,0,0,0,0,0,0,0
Pustulibacterium,0,0,0,0,0,0,0,0,0,0,0,0,0,0,0,0,0,0,0,0,0,0,0,0
Robiginitalea,0,0,0,0,0,0,0,0,0,0,0,0,0,0,0,0,0,0,0,0,0,0,0,0
Salegentibacter,0,0,0,0,0,0,0,0,0,0,0,0,0,0,0,0,0,0,0,0,0,0,0,0
Salinimicrobium,0,0,0,0,0,0,0,0,0,0,0,0,0,0,0,0,0,0,0,0,0,0,0,0
Sediminibacter,0,0,0,0,0,0,0,0,0,0,0,0,0,0,0,0,0,0,0,0,0,0,0,0
Sediminicola,0,0,0,0,0,0,0,0,0,0,0,0,0,0,0,0,0,0,0,0,0,0,0,0
Seonamhaeicola,0,0,0,0,0,0,0,0,0,0,0,0,0,0,0,0,0,0,0,0,0,0,0,0
Siansivirga,0,0,0,0,0,0,0,0,0,0,0,0,0,0,0,0,0,0,0,0,0,0,0,0
Sinomicrobium,0,0,0,0,0,0,0,0,0,0,0,0,0,0,0,0,0,0,0,0,0,0,0,0
Tamlana,0,0,0,0,0,0,0,0,0,0,0,0,0,0,0,0,0,0,0,0,0,0,0,0
Tenacibaculum,0,0,0,0,0,0,0,0,0,0,0,0,0,0,0,0,0,0,0,0,0,0,0,0
Ulvibacter,0,0,0,0,0,0,0,0,0,0,0,0,0,0,0,0,0,0,0,0,0,0,0,0
Ulvibacterium,0,0,0,0,0,0,0,0,0,0,0,0,0,0,0,0,0,0,0,0,0,0,0,0
Urechidicola,0,0,0,0,0,0,0,0,0,0,0,0,0,0,0,0,0,0,0,0,0,0,0,0
Vaginella,0,0,0,0,0,0,0,0,0,0,0,0,0,0,0,0,0,0,0,0,0,0,0,0
Wenyingzhuangia,0,0,0,0,0,0,0,0,0,0,0,0,0,0,0,0,0,0,0,0,0,0,0,0
Winogradskyella,0,0,0,0,0,0,0,0,0,0,0,0,0,0,0,0,0,0,0,0,0,0,0,0
Xanthomarina,0,0,0,0,0,0,0,0,0,0,0,0,0,0,0,0,0,0,0,0,0,0,0,0
Zhouia,0,0,0,0,0,0,0,0,0,0,0,0,0,0,0,0,0,0,0,0,0,0,0,0
Zobellia,0,0,0,0,0,0,0,0,0,0,0,0,0,0,0,0,0,0,0,0,0,0,0,0
Zunongwangia,0,0,0,0,0,0,0,0,0,0,0,0,0,0,0,0,0,0,0,0,0,0,0,0
Owenweeksia,0,0,0,0,0,0,0,0,0,0,0,0,0,0,0,0,0,0,0,0,0,0,0,0
Schleiferia,0,0,0,0,0,0,0,0,0,0,0,0,0,0,0,0,0,0,0,0,0,0,0,0
Thermaurantimonas,0,0,0,0,0,0,0,0,0,0,0,0,0,0,0,0,0,0,0,0,0,0,0,0
Algoriella,0,0,0,0,0,0,0,0,0,0,0,0,0,0,0,0,0,0,0,0,0,0,0,0
Apibacter,0,0,0,0,0,0,0,0,0,0,0,0,0,0,0,0,0,0,0,0,0,0,0,0
Bergeyella,0,0,0,0,0,0,0,0,0,0,0,0,0,0,0,0,0,0,0,0,0,0,0,0
Chishuiella,0,0,0,0,0,0,0,0,0,0,0,0,0,0,0,0,0,0,0,0,0,0,0,0
Chryseobacterium,0,0,0,0,0,0,0,0,0,0,0,0,0,0,0,0,0,0,0,0,0,0,0,0
Cloacibacterium,0,0,0,0,0,0,0,0,0,0,0,0,0,0,0,0,0,0,0,0,0,0,0,0
Cruoricaptor,0,0,0,0,0,0,0,0,0,0,0,0,0,0,0,0,0,0,0,0,0,0,0,0
Elizabethkingia,0,0,0,0,0,0,0,0,0,0,0,0,0,0,0,0,0,0,0,0,0,0,0,0
Empedobacter,0,0,0,0,0,0,0,0,0,0,0,0,0,0,0,0,0,0,0,0,0,0,0,0
Epilithonimonas,0,0,0,0,0,0,0,0,0,0,0,0,0,0,0,0,0,0,0,0,0,0,0,0
Kaistella,0,0,0,0,0,0,0,0,0,0,0,0,0,0,0,0,0,0,0,0,0,0,0,0
Moheibacter,0,0,0,0,0,0,0,0,0,0,0,0,0,0,0,0,0,0,0,0,0,0,0,0
Ornithobacterium,0,0,0,0,0,0,0,0,0,0,0,0,0,0,0,0,0,0,0,0,0,0,0,0
Riemerella,0,0,0,0,0,0,0,0,0,0,0,0,0,0,0,0,0,0,0,0,0,0,0,0
Soonwooa,0,0,0,0,0,0,0,0,0,0,0,0,0,0,0,0,0,0,0,0,0,0,0,0
Weeksella,0,0,0,0,0,0,0,0,0,0,0,0,0,0,0,0,0,0,0,0,0,0,0,0
Haliscomenobacter,0,0,0,0,0,0,0,0,0,0,0,0,0,0,0,0,0,0,0,0,0,0,0,0
Phaeodactylibacter,0,0,0,0,0,0,0,0,0,0,0,0,0,0,0,0,0,0,0,0,0,0,0,0
Flavilitoribacter,0,0,0,0,0,0,0,0,0,0,0,0,0,0,0,0,0,0,0,0,0,0,0,0
Lewinella,0,0,0,0,0,0,0,0,0,0,0,0,0,0,0,0,0,0,0,0,0,0,0,0
Aureispira,0,0,0,0,0,0,0,0,0,0,0,0,0,0,0,0,0,0,0,0,0,0,0,0
Saprospira,0,0,0,0,0,0,0,0,0,0,0,0,0,0,0,0,0,0,0,0,0,0,0,0
Arcticibacter,0,0,0,0,0,0,0,0,0,0,0,0,0,0,0,0,0,0,0,0,0,0,0,0
Daejeonella,0,0,0,0,0,0,0,0,0,0,0,0,0,0,0,0,0,0,0,0,0,0,0,0
Mucilaginibacter,0,0,0,0,0,0,0,0,0,0,0,0,0,0,0,0,0,0,0,0,0,0,0,0
Nubsella,0,0,0,0,0,0,0,0,0,0,0,0,0,0,0,0,0,0,0,0,0,0,0,0
Olivibacter,0,0,0,0,0,0,0,0,0,0,0,0,0,0,0,0,0,0,0,0,0,0,0,0
Parapedobacter,0,0,0,0,0,0,0,0,0,0,0,0,0,0,0,0,0,0,0,0,0,0,0,0
Pararcticibacter,0,0,0,0,0,0,0,0,0,0,0,0,0,0,0,0,0,0,0,0,0,0,0,0
Pelobium,0,0,0,0,0,0,0,0,0,0,0,0,0,0,0,0,0,0,0,0,0,0,0,0
Pseudopedobacter,0,0,0,0,0,0,0,0,0,0,0,0,0,0,0,0,0,0,0,0,0,0,0,0
Solitalea,0,0,0,0,0,0,0,0,0,0,0,0,0,0,0,0,0,0,0,0,0,0,0,0
Sphingobacterium,0,0,0,0,0,0,0,0,0,0,0,0,0,0,0,0,0,0,0,0,0,0,0,0
Rhodothermus,0,0,0,0,0,0,0,0,0,0,0,0,0,0,0,0,0,0,0,0,0,0,0,0
Salinibacter,0,0,0,0,0,0,0,0,0,0,0,0,0,0,0,0,0,0,0,0,0,0,0,0
Aliifodinibius,0,0,0,0,0,0,0,0,0,0,0,0,0,0,0,0,0,0,0,0,0,0,0,0
Balneola,0,0,0,0,0,0,0,0,0,0,0,0,0,0,0,0,0,0,0,0,0,0,0,0
Gracilimonas,0,0,0,0,0,0,0,0,0,0,0,0,0,0,0,0,0,0,0,0,0,0,0,0
Rhodohalobacter,0,0,0,0,0,0,0,0,0,0,0,0,0,0,0,0,0,0,0,0,0,0,0,0
Candidatus_Cyclonatronum,0,0,0,0,0,0,0,0,0,0,0,0,0,0,0,0,0,0,0,0,0,0,0,0
Caldisericum,0,0,0,0,0,0,0,0,0,0,0,0,0,0,0,0,0,0,0,0,0,0,0,0
Caldithrix,0,0,0,0,0,0,0,0,0,0,0,0,0,0,0,0,0,0,0,0,0,0,0,0
Candidatus_Saccharicenans,0,0,0,0,0,0,0,0,0,0,0,0,0,0,0,0,0,0,0,0,0,0,0,0
Candidatus_Acetothermum,0,0,0,0,0,0,0,0,0,0,0,0,0,0,0,0,0,0,0,0,0,0,0,0
Candidatus_Bipolaricaulis,0,0,0,0,0,0,0,0,0,0,0,0,0,0,0,0,0,0,0,0,0,0,0,0
Candidatus_Cloacimonas,0,0,0,0,0,0,0,0,0,0,0,0,0,0,0,0,0,0,0,0,0,0,0,0
Candidatus_Fermentibacter,0,0,0,0,0,0,0,0,0,0,0,0,0,0,0,0,0,0,0,0,0,0,0,0
Candidatus_Kryptobacter,0,0,0,0,0,0,0,0,0,0,0,0,0,0,0,0,0,0,0,0,0,0,0,0
Candidatus_Kryptonium,0,0,0,0,0,0,0,0,0,0,0,0,0,0,0,0,0,0,0,0,0,0,0,0
Candidatus_Termititenax,0,0,0,0,0,0,0,0,0,0,0,0,0,0,0,0,0,0,0,0,0,0,0,0
Candidatus_Muirbacterium,0,0,0,0,0,0,0,0,0,0,0,0,0,0,0,0,0,0,0,0,0,0,0,0
Candidatus_Vampirococcus,0,0,0,0,0,0,0,0,0,0,0,0,0,0,0,0,0,0,0,0,0,0,0,0
Candidatus_Nanogingivalis,0,0,0,0,0,0,0,0,0,0,0,0,0,0,0,0,0,0,0,0,0,0,0,0
Candidatus_Nanosynbacter,0,0,0,0,0,0,0,0,0,0,0,0,0,0,0,0,0,0,0,0,0,0,0,0
Candidatus_Nanosynsacchari,0,0,0,0,0,0,0,0,0,0,0,0,0,0,0,0,0,0,0,0,0,0,0,0
Candidatus_Saccharimonas,0,0,0,0,0,0,0,0,0,0,0,0,0,0,0,0,0,0,0,0,0,0,0,0
Candidatus_Entotheonella,0,0,0,0,0,0,0,0,0,0,0,0,0,0,0,0,0,0,0,0,0,0,0,0
Candidatus_Rubidus,0,0,0,0,0,0,0,0,0,0,0,0,0,0,0,0,0,0,0,0,0,0,0,0
Estrella,0,0,0,0,0,0,0,0,0,0,0,0,0,0,0,0,0,0,0,0,0,0,0,0
Candidatus_Protochlamydia,0,0,0,0,0,0,0,0,0,0,0,0,0,0,0,0,0,0,0,0,0,0,0,0
Neochlamydia,0,0,0,0,0,0,0,0,0,0,0,0,0,0,0,0,0,0,0,0,0,0,0,0
Parachlamydia,0,0,0,0,0,0,0,0,0,0,0,0,0,0,0,0,0,0,0,0,0,0,0,0
Simkania,0,0,0,0,0,0,0,0,0,0,0,0,0,0,0,0,0,0,0,0,0,0,0,0
Candidatus_Thermochlorobacter,0,0,0,0,0,0,0,0,0,0,0,0,0,0,0,0,0,0,0,0,0,0,0,0
Chlorobaculum,0,0,0,0,0,0,0,0,0,0,0,0,0,0,0,0,0,0,0,0,0,0,0,0
Chlorobium,0,0,0,0,0,0,0,0,0,0,0,0,0,0,0,0,0,0,0,0,0,0,0,0
Chloroherpeton,0,0,0,0,0,0,0,0,0,0,0,0,0,0,0,0,0,0,0,0,0,0,0,0
Pelodictyon,0,0,0,0,0,0,0,0,0,0,0,0,0,0,0,0,0,0,0,0,0,0,0,0
Prosthecochloris,0,0,0,0,0,0,0,0,0,0,0,0,0,0,0,0,0,0,0,0,0,0,0,0
Anaerolinea,0,0,0,0,0,0,0,0,0,0,0,0,0,0,0,0,0,0,0,0,0,0,0,0
Bellilinea,0,0,0,0,0,0,0,0,0,0,0,0,0,0,0,0,0,0,0,0,0,0,0,0
Leptolinea,0,0,0,0,0,0,0,0,0,0,0,0,0,0,0,0,0,0,0,0,0,0,0,0
Levilinea,0,0,0,0,0,0,0,0,0,0,0,0,0,0,0,0,0,0,0,0,0,0,0,0
Thermanaerothrix,0,0,0,0,0,0,0,0,0,0,0,0,0,0,0,0,0,0,0,0,0,0,0,0
Candidatus_Promineofilum,0,0,0,0,0,0,0,0,0,0,0,0,0,0,0,0,0,0,0,0,0,0,0,0
Caldilinea,0,0,0,0,0,0,0,0,0,0,0,0,0,0,0,0,0,0,0,0,0,0,0,0
Chloroflexus,0,0,0,0,0,0,0,0,0,0,0,0,0,0,0,0,0,0,0,0,0,0,0,0
Candidatus_Chloroploca,0,0,0,0,0,0,0,0,0,0,0,0,0,0,0,0,0,0,0,0,0,0,0,0
Candidatus_Viridilinea,0,0,0,0,0,0,0,0,0,0,0,0,0,0,0,0,0,0,0,0,0,0,0,0
Oscillochloris,0,0,0,0,0,0,0,0,0,0,0,0,0,0,0,0,0,0,0,0,0,0,0,0
Kouleothrix,0,0,0,0,0,0,0,0,0,0,0,0,0,0,0,0,0,0,0,0,0,0,0,0
Roseiflexus,0,0,0,0,0,0,0,0,0,0,0,0,0,0,0,0,0,0,0,0,0,0,0,0
Herpetosiphon,0,0,0,0,0,0,0,0,0,0,0,0,0,0,0,0,0,0,0,0,0,0,0,0
Dehalococcoides,0,0,0,0,0,0,0,0,0,0,0,0,0,0,0,0,0,0,0,0,0,0,0,0
Tengunoibacter,0,0,0,0,0,0,0,0,0,0,0,0,0,0,0,0,0,0,0,0,0,0,0,0
Ktedonobacter,0,0,0,0,0,0,0,0,0,0,0,0,0,0,0,0,0,0,0,0,0,0,0,0
Thermosporothrix,0,0,0,0,0,0,0,0,0,0,0,0,0,0,0,0,0,0,0,0,0,0,0,0
Thermogemmatispora,0,0,0,0,0,0,0,0,0,0,0,0,0,0,0,0,0,0,0,0,0,0,0,0
Thermoflexus,0,0,0,0,0,0,0,0,0,0,0,0,0,0,0,0,0,0,0,0,0,0,0,0
Nitrolancea,0,0,0,0,0,0,0,0,0,0,0,0,0,0,0,0,0,0,0,0,0,0,0,0
Sphaerobacter,0,0,0,0,0,0,0,0,0,0,0,0,0,0,0,0,0,0,0,0,0,0,0,0
Thermorudis,0,0,0,0,0,0,0,0,0,0,0,0,0,0,0,0,0,0,0,0,0,0,0,0
Thermobaculum,0,0,0,0,0,0,0,0,0,0,0,0,0,0,0,0,0,0,0,0,0,0,0,0
Chrysiogenes,0,0,0,0,0,0,0,0,0,0,0,0,0,0,0,0,0,0,0,0,0,0,0,0
Desulfurispirillum,0,0,0,0,0,0,0,0,0,0,0,0,0,0,0,0,0,0,0,0,0,0,0,0
Aphanothece,0,0,0,0,0,0,0,0,0,0,0,0,0,0,0,0,0,0,0,0,0,0,0,0
Crocosphaera,0,0,0,0,0,0,0,0,0,0,0,0,0,0,0,0,0,0,0,0,0,0,0,0
Euhalothece,0,0,0,0,0,0,0,0,0,0,0,0,0,0,0,0,0,0,0,0,0,0,0,0
Gloeothece,0,0,0,0,0,0,0,0,0,0,0,0,0,0,0,0,0,0,0,0,0,0,0,0
Halothece,0,0,0,0,0,0,0,0,0,0,0,0,0,0,0,0,0,0,0,0,0,0,0,0
Rippkaea,0,0,0,0,0,0,0,0,0,0,0,0,0,0,0,0,0,0,0,0,0,0,0,0
Chondrocystis,0,0,0,0,0,0,0,0,0,0,0,0,0,0,0,0,0,0,0,0,0,0,0,0
Geminocystis,0,0,0,0,0,0,0,0,0,0,0,0,0,0,0,0,0,0,0,0,0,0,0,0
Gloeocapsa,0,0,0,0,0,0,0,0,0,0,0,0,0,0,0,0,0,0,0,0,0,0,0,0
Gloeocapsopsis,0,0,0,0,0,0,0,0,0,0,0,0,0,0,0,0,0,0,0,0,0,0,0,0
Chlorogloea,0,0,0,0,0,0,0,0,0,0,0,0,0,0,0,0,0,0,0,0,0,0,0,0
Cyanobacterium,0,0,0,0,0,0,0,0,0,0,0,0,0,0,0,0,0,0,0,0,0,0,0,0
Microcystis,0,0,0,0,0,0,0,0,0,0,0,0,0,0,0,0,0,0,0,0,0,0,0,0
Aliterella,0,0,0,0,0,0,0,0,0,0,0,0,0,0,0,0,0,0,0,0,0,0,0,0
Gloeomargarita,0,0,0,0,0,0,0,0,0,0,0,0,0,0,0,0,0,0,0,0,0,0,0,0
Anabaenopsis,0,0,0,0,0,0,0,0,0,0,0,0,0,0,0,0,0,0,0,0,0,0,0,0
Aphanizomenon,0,0,0,0,0,0,0,0,0,0,0,0,0,0,0,0,0,0,0,0,0,0,0,0
Cylindrospermopsis,0,0,0,0,0,0,0,0,0,0,0,0,0,0,0,0,0,0,0,0,0,0,0,0
Dolichospermum,0,0,0,0,0,0,0,0,0,0,0,0,0,0,0,0,0,0,0,0,0,0,0,0
Nodularia,0,0,0,0,0,0,0,0,0,0,0,0,0,0,0,0,0,0,0,0,0,0,0,0
Sphaerospermopsis,0,0,0,0,0,0,0,0,0,0,0,0,0,0,0,0,0,0,0,0,0,0,0,0
Calothrix,0,0,0,0,0,0,0,0,0,0,0,0,0,0,0,0,0,0,0,0,0,0,0,0
Chlorogloeopsis,0,0,0,0,0,0,0,0,0,0,0,0,0,0,0,0,0,0,0,0,0,0,0,0
Fortiea,0,0,0,0,0,0,0,0,0,0,0,0,0,0,0,0,0,0,0,0,0,0,0,0
Fischerella,0,0,0,0,0,0,0,0,0,0,0,0,0,0,0,0,0,0,0,0,0,0,0,0
Mastigocoleus,0,0,0,0,0,0,0,0,0,0,0,0,0,0,0,0,0,0,0,0,0,0,0,0
Anabaena,0,0,0,0,0,0,0,0,0,0,0,0,0,0,0,0,0,0,0,0,0,0,0,0
Cylindrospermum,0,0,0,0,0,0,0,0,0,0,0,0,0,0,0,0,0,0,0,0,0,0,0,0
Nostoc,0,0,0,0,0,0,0,0,0,0,0,0,0,0,0,0,0,0,0,0,0,0,0,0
Trichormus,0,0,0,0,0,0,0,0,0,0,0,0,0,0,0,0,0,0,0,0,0,0,0,0
Microchaete,0,0,0,0,0,0,0,0,0,0,0,0,0,0,0,0,0,0,0,0,0,0,0,0
Rivularia,0,0,0,0,0,0,0,0,0,0,0,0,0,0,0,0,0,0,0,0,0,0,0,0
Scytonema,0,0,0,0,0,0,0,0,0,0,0,0,0,0,0,0,0,0,0,0,0,0,0,0
Mastigocladopsis,0,0,0,0,0,0,0,0,0,0,0,0,0,0,0,0,0,0,0,0,0,0,0,0
Hassalia,0,0,0,0,0,0,0,0,0,0,0,0,0,0,0,0,0,0,0,0,0,0,0,0
Tolypothrix,0,0,0,0,0,0,0,0,0,0,0,0,0,0,0,0,0,0,0,0,0,0,0,0
Allocoleopsis,0,0,0,0,0,0,0,0,0,0,0,0,0,0,0,0,0,0,0,0,0,0,0,0
Coleofasciculus,0,0,0,0,0,0,0,0,0,0,0,0,0,0,0,0,0,0,0,0,0,0,0,0
Geitlerinema,0,0,0,0,0,0,0,0,0,0,0,0,0,0,0,0,0,0,0,0,0,0,0,0
Roseofilum,0,0,0,0,0,0,0,0,0,0,0,0,0,0,0,0,0,0,0,0,0,0,0,0
Cyanothece,0,0,0,0,0,0,0,0,0,0,0,0,0,0,0,0,0,0,0,0,0,0,0,0
Desertifilum,0,0,0,0,0,0,0,0,0,0,0,0,0,0,0,0,0,0,0,0,0,0,0,0
Crinalium,0,0,0,0,0,0,0,0,0,0,0,0,0,0,0,0,0,0,0,0,0,0,0,0
Arthrospira,0,0,0,0,0,0,0,0,0,0,0,0,0,0,0,0,0,0,0,0,0,0,0,0
Baaleninema,0,0,0,0,0,0,0,0,0,0,0,0,0,0,0,0,0,0,0,0,0,0,0,0
Hydrocoleum,0,0,0,0,0,0,0,0,0,0,0,0,0,0,0,0,0,0,0,0,0,0,0,0
Kamptonema,0,0,0,0,0,0,0,0,0,0,0,0,0,0,0,0,0,0,0,0,0,0,0,0
Microcoleus,0,0,0,0,0,0,0,0,0,0,0,0,0,0,0,0,0,0,0,0,0,0,0,0
Planktothricoides,0,0,0,0,0,0,0,0,0,0,0,0,0,0,0,0,0,0,0,0,0,0,0,0
Planktothrix,0,0,0,0,0,0,0,0,0,0,0,0,0,0,0,0,0,0,0,0,0,0,0,0
Trichodesmium,0,0,0,0,0,0,0,0,0,0,0,0,0,0,0,0,0,0,0,0,0,0,0,0
Limnoraphis,0,0,0,0,0,0,0,0,0,0,0,0,0,0,0,0,0,0,0,0,0,0,0,0
Lyngbya,0,0,0,0,0,0,0,0,0,0,0,0,0,0,0,0,0,0,0,0,0,0,0,0
Moorena,0,0,0,0,0,0,0,0,0,0,0,0,0,0,0,0,0,0,0,0,0,0,0,0
Okeania,0,0,0,0,0,0,0,0,0,0,0,0,0,0,0,0,0,0,0,0,0,0,0,0
Oscillatoria,0,0,0,0,0,0,0,0,0,0,0,0,0,0,0,0,0,0,0,0,0,0,0,0
Phormidium,0,0,0,0,0,0,0,0,0,0,0,0,0,0,0,0,0,0,0,0,0,0,0,0
Stanieria,0,0,0,0,0,0,0,0,0,0,0,0,0,0,0,0,0,0,0,0,0,0,0,0
Myxosarcina,0,0,0,0,0,0,0,0,0,0,0,0,0,0,0,0,0,0,0,0,0,0,0,0
Pleurocapsa,0,0,0,0,0,0,0,0,0,0,0,0,0,0,0,0,0,0,0,0,0,0,0,0
Xenococcus,0,0,0,0,0,0,0,0,0,0,0,0,0,0,0,0,0,0,0,0,0,0,0,0
Alkalinema,0,0,0,0,0,0,0,0,0,0,0,0,0,0,0,0,0,0,0,0,0,0,0,0
Leptolyngbya,0,0,0,0,0,0,0,0,0,0,0,0,0,0,0,0,0,0,0,0,0,0,0,0
Neosynechococcus,0,0,0,0,0,0,0,0,0,0,0,0,0,0,0,0,0,0,0,0,0,0,0,0
Phormidesmis,0,0,0,0,0,0,0,0,0,0,0,0,0,0,0,0,0,0,0,0,0,0,0,0
Stenomitos,0,0,0,0,0,0,0,0,0,0,0,0,0,0,0,0,0,0,0,0,0,0,0,0
Halomicronema,0,0,0,0,0,0,0,0,0,0,0,0,0,0,0,0,0,0,0,0,0,0,0,0
Nodosilinea,0,0,0,0,0,0,0,0,0,0,0,0,0,0,0,0,0,0,0,0,0,0,0,0
Prochlorothrix,0,0,0,0,0,0,0,0,0,0,0,0,0,0,0,0,0,0,0,0,0,0,0,0
Limnothrix,0,0,0,0,0,0,0,0,0,0,0,0,0,0,0,0,0,0,0,0,0,0,0,0
Thermosynechococcus,0,0,0,0,0,0,0,0,0,0,0,0,0,0,0,0,0,0,0,0,0,0,0,0
Spirulina,0,0,0,0,0,0,0,0,0,0,0,0,0,0,0,0,0,0,0,0,0,0,0,0
Acaryochloris,0,0,0,0,0,0,0,0,0,0,0,0,0,0,0,0,0,0,0,0,0,0,0,0
Chamaesiphon,0,0,0,0,0,0,0,0,0,0,0,0,0,0,0,0,0,0,0,0,0,0,0,0
Snowella,0,0,0,0,0,0,0,0,0,0,0,0,0,0,0,0,0,0,0,0,0,0,0,0
Aphanocapsa,0,0,0,0,0,0,0,0,0,0,0,0,0,0,0,0,0,0,0,0,0,0,0,0
Merismopedia,0,0,0,0,0,0,0,0,0,0,0,0,0,0,0,0,0,0,0,0,0,0,0,0
Synechocystis,0,0,0,0,0,0,0,0,0,0,0,0,0,0,0,0,0,0,0,0,0,0,0,0
Cyanobium,0,0,0,0,0,0,0,0,0,0,0,0,0,0,0,0,0,0,0,0,0,0,0,0
Prochlorococcus,0,0,0,0,0,0,0,0,0,0,0,0,0,0,0,0,0,0,0,0,0,0,0,0
Dactylococcopsis,0,0,0,0,0,0,0,0,0,0,0,0,0,0,0,0,0,0,0,0,0,0,0,0
Synechococcus,0,0,0,0,0,0,0,0,0,0,0,0,0,0,0,0,0,0,0,0,0,0,0,0
Vulcanococcus,0,0,0,0,0,0,0,0,0,0,0,0,0,0,0,0,0,0,0,0,0,0,0,0
Thermostichus,0,0,0,0,0,0,0,0,0,0,0,0,0,0,0,0,0,0,0,0,0,0,0,0
Calditerrivibrio,0,0,0,0,0,0,0,0,0,0,0,0,0,0,0,0,0,0,0,0,0,0,0,0
Deferribacter,0,0,0,0,0,0,0,0,0,0,0,0,0,0,0,0,0,0,0,0,0,0,0,0
Denitrovibrio,0,0,0,0,0,0,0,0,0,0,0,0,0,0,0,0,0,0,0,0,0,0,0,0
Flexistipes,0,0,0,0,0,0,0,0,0,0,0,0,0,0,0,0,0,0,0,0,0,0,0,0
Geovibrio,0,0,0,0,0,0,0,0,0,0,0,0,0,0,0,0,0,0,0,0,0,0,0,0
Deinococcus,0,0,0,0,0,0,0,0,0,0,0,0,0,0,0,0,0,0,0,0,0,0,0,0
Calidithermus,0,0,0,0,0,0,0,0,0,0,0,0,0,0,0,0,0,0,0,0,0,0,0,0
Marinithermus,0,0,0,0,0,0,0,0,0,0,0,0,0,0,0,0,0,0,0,0,0,0,0,0
Meiothermus,0,0,0,0,0,0,0,0,0,0,0,0,0,0,0,0,0,0,0,0,0,0,0,0
Thermus,0,0,0,0,0,0,0,0,0,0,0,0,0,0,0,0,0,0,0,0,0,0,0,0
Truepera,0,0,0,0,0,0,0,0,0,0,0,0,0,0,0,0,0,0,0,0,0,0,0,0
Endomicrobium,0,0,0,0,0,0,0,0,0,0,0,0,0,0,0,0,0,0,0,0,0,0,0,0
Chitinispirillum,0,0,0,0,0,0,0,0,0,0,0,0,0,0,0,0,0,0,0,0,0,0,0,0
Chitinivibrio,0,0,0,0,0,0,0,0,0,0,0,0,0,0,0,0,0,0,0,0,0,0,0,0
Hallerella,0,0,0,0,0,0,0,0,0,0,0,0,0,0,0,0,0,0,0,0,0,0,0,0
Alicyclobacillus,0,0,0,0,0,0,0,0,0,0,0,0,0,0,0,0,0,0,0,0,0,0,0,0
Effusibacillus,0,0,0,0,0,0,0,0,0,0,0,0,0,0,0,0,0,0,0,0,0,0,0,0
Kyrpidia,0,0,0,0,0,0,0,0,0,0,0,0,0,0,0,0,0,0,0,0,0,0,0,0
Aeribacillus,0,0,0,0,0,0,0,0,0,0,0,0,0,0,0,0,0,0,0,0,0,0,0,0
Alkalibacillus,0,0,0,0,0,0,0,0,0,0,0,0,0,0,0,0,0,0,0,0,0,0,0,0
Alkalicoccus,0,0,0,0,0,0,0,0,0,0,0,0,0,0,0,0,0,0,0,0,0,0,0,0
Alteribacillus,0,0,0,0,0,0,0,0,0,0,0,0,0,0,0,0,0,0,0,0,0,0,0,0
Alteribacter,0,0,0,0,0,0,0,0,0,0,0,0,0,0,0,0,0,0,0,0,0,0,0,0
Amphibacillus,0,0,0,0,0,0,0,0,0,0,0,0,0,0,0,0,0,0,0,0,0,0,0,0
Anaerobacillus,0,0,0,0,0,0,0,0,0,0,0,0,0,0,0,0,0,0,0,0,0,0,0,0
Aquisalibacillus,0,0,0,0,0,0,0,0,0,0,0,0,0,0,0,0,0,0,0,0,0,0,0,0
Caldalkalibacillus,0,0,0,0,0,0,0,0,0,0,0,0,0,0,0,0,0,0,0,0,0,0,0,0
Calditerricola,0,0,0,0,0,0,0,0,0,0,0,0,0,0,0,0,0,0,0,0,0,0,0,0
Ectobacillus,0,0,0,0,0,0,0,0,0,0,0,0,0,0,0,0,0,0,0,0,0,0,0,0
Edaphobacillus,0,0,0,0,0,0,0,0,0,0,0,0,0,0,0,0,0,0,0,0,0,0,0,0
Falsibacillus,0,0,0,0,0,0,0,0,0,0,0,0,0,0,0,0,0,0,0,0,0,0,0,0
Geobacillus,0,0,0,0,0,0,0,0,0,0,0,0,0,0,0,0,0,0,0,0,0,0,0,0
Halalkalibacillus,0,0,0,0,0,0,0,0,0,0,0,0,0,0,0,0,0,0,0,0,0,0,0,0
Halobacillus,0,0,0,0,0,0,0,0,0,0,0,0,0,0,0,0,0,0,0,0,0,0,0,0
Heyndrickxia,0,0,0,0,0,0,0,0,0,0,0,0,0,0,0,0,0,0,0,0,0,0,0,0
Hydrogenibacillus,0,0,0,0,0,0,0,0,0,0,0,0,0,0,0,0,0,0,0,0,0,0,0,0
Lottiidibacillus,0,0,0,0,0,0,0,0,0,0,0,0,0,0,0,0,0,0,0,0,0,0,0,0
Margalitia,0,0,0,0,0,0,0,0,0,0,0,0,0,0,0,0,0,0,0,0,0,0,0,0
Marinococcus,0,0,0,0,0,0,0,0,0,0,0,0,0,0,0,0,0,0,0,0,0,0,0,0
Massilibacterium,0,0,0,0,0,0,0,0,0,0,0,0,0,0,0,0,0,0,0,0,0,0,0,0
Metabacillus,0,0,0,0,0,0,0,0,0,0,0,0,0,0,0,0,0,0,0,0,0,0,0,0
Natribacillus,0,0,0,0,0,0,0,0,0,0,0,0,0,0,0,0,0,0,0,0,0,0,0,0
Niallia,0,0,0,0,0,0,0,0,0,0,0,0,0,0,0,0,0,0,0,0,0,0,0,0
Ornithinibacillus,0,0,0,0,0,0,0,0,0,0,0,0,0,0,0,0,0,0,0,0,0,0,0,0
Paraliobacillus,0,0,0,0,0,0,0,0,0,0,0,0,0,0,0,0,0,0,0,0,0,0,0,0
Paucisalibacillus,0,0,0,0,0,0,0,0,0,0,0,0,0,0,0,0,0,0,0,0,0,0,0,0
Pelagirhabdus,0,0,0,0,0,0,0,0,0,0,0,0,0,0,0,0,0,0,0,0,0,0,0,0
Peribacillus,0,0,0,0,0,0,0,0,0,0,0,0,0,0,0,0,0,0,0,0,0,0,0,0
Piscibacillus,0,0,0,0,0,0,0,0,0,0,0,0,0,0,0,0,0,0,0,0,0,0,0,0
Pradoshia,0,0,0,0,0,0,0,0,0,0,0,0,0,0,0,0,0,0,0,0,0,0,0,0
Priestia,0,0,0,0,0,0,0,0,0,0,0,0,0,0,0,0,0,0,0,0,0,0,0,0
Pseudogracilibacillus,0,0,0,0,0,0,0,0,0,0,0,0,0,0,0,0,0,0,0,0,0,0,0,0
Pueribacillus,0,0,0,0,0,0,0,0,0,0,0,0,0,0,0,0,0,0,0,0,0,0,0,0
Quasibacillus,0,0,0,0,0,0,0,0,0,0,0,0,0,0,0,0,0,0,0,0,0,0,0,0
Robertmurraya,0,0,0,0,0,0,0,0,0,0,0,0,0,0,0,0,0,0,0,0,0,0,0,0
Rossellomorea,0,0,0,0,0,0,0,0,0,0,0,0,0,0,0,0,0,0,0,0,0,0,0,0
Salibacterium,0,0,0,0,0,0,0,0,0,0,0,0,0,0,0,0,0,0,0,0,0,0,0,0
Salicibibacter,0,0,0,0,0,0,0,0,0,0,0,0,0,0,0,0,0,0,0,0,0,0,0,0
Salimicrobium,0,0,0,0,0,0,0,0,0,0,0,0,0,0,0,0,0,0,0,0,0,0,0,0
Salinibacillus,0,0,0,0,0,0,0,0,0,0,0,0,0,0,0,0,0,0,0,0,0,0,0,0
Salirhabdus,0,0,0,0,0,0,0,0,0,0,0,0,0,0,0,0,0,0,0,0,0,0,0,0
Salisediminibacterium,0,0,0,0,0,0,0,0,0,0,0,0,0,0,0,0,0,0,0,0,0,0,0,0
Saliterribacillus,0,0,0,0,0,0,0,0,0,0,0,0,0,0,0,0,0,0,0,0,0,0,0,0
Salsuginibacillus,0,0,0,0,0,0,0,0,0,0,0,0,0,0,0,0,0,0,0,0,0,0,0,0
Schinkia,0,0,0,0,0,0,0,0,0,0,0,0,0,0,0,0,0,0,0,0,0,0,0,0
Sediminibacillus,0,0,0,0,0,0,0,0,0,0,0,0,0,0,0,0,0,0,0,0,0,0,0,0
Streptohalobacillus,0,0,0,0,0,0,0,0,0,0,0,0,0,0,0,0,0,0,0,0,0,0,0,0
Sutcliffiella,0,0,0,0,0,0,0,0,0,0,0,0,0,0,0,0,0,0,0,0,0,0,0,0
Terribacillus,0,0,0,0,0,0,0,0,0,0,0,0,0,0,0,0,0,0,0,0,0,0,0,0
Thalassobacillus,0,0,0,0,0,0,0,0,0,0,0,0,0,0,0,0,0,0,0,0,0,0,0,0
Vulcanibacillus,0,0,0,0,0,0,0,0,0,0,0,0,0,0,0,0,0,0,0,0,0,0,0,0
Weizmannia,0,0,0,0,0,0,0,0,0,0,0,0,0,0,0,0,0,0,0,0,0,0,0,0
Thermicanus,0,0,0,0,0,0,0,0,0,0,0,0,0,0,0,0,0,0,0,0,0,0,0,0
Brochothrix,0,0,0,0,0,0,0,0,0,0,0,0,0,0,0,0,0,0,0,0,0,0,0,0
Listeria,0,0,0,0,0,0,0,0,0,0,0,0,0,0,0,0,0,0,0,0,0,0,0,0
Ammoniphilus,0,0,0,0,0,0,0,0,0,0,0,0,0,0,0,0,0,0,0,0,0,0,0,0
Candidatus_Reconcilibacillus,0,0,0,0,0,0,0,0,0,0,0,0,0,0,0,0,0,0,0,0,0,0,0,0
Longirhabdus,0,0,0,0,0,0,0,0,0,0,0,0,0,0,0,0,0,0,0,0,0,0,0,0
Caryophanon,0,0,0,0,0,0,0,0,0,0,0,0,0,0,0,0,0,0,0,0,0,0,0,0
Chryseomicrobium,0,0,0,0,0,0,0,0,0,0,0,0,0,0,0,0,0,0,0,0,0,0,0,0
Filibacter,0,0,0,0,0,0,0,0,0,0,0,0,0,0,0,0,0,0,0,0,0,0,0,0
Jeotgalibacillus,0,0,0,0,0,0,0,0,0,0,0,0,0,0,0,0,0,0,0,0,0,0,0,0
Metalysinibacillus,0,0,0,0,0,0,0,0,0,0,0,0,0,0,0,0,0,0,0,0,0,0,0,0
Metasolibacillus,0,0,0,0,0,0,0,0,0,0,0,0,0,0,0,0,0,0,0,0,0,0,0,0
Planomicrobium,0,0,0,0,0,0,0,0,0,0,0,0,0,0,0,0,0,0,0,0,0,0,0,0
Rummeliibacillus,0,0,0,0,0,0,0,0,0,0,0,0,0,0,0,0,0,0,0,0,0,0,0,0
Solibacillus,0,0,0,0,0,0,0,0,0,0,0,0,0,0,0,0,0,0,0,0,0,0,0,0
Tetzosporium,0,0,0,0,0,0,0,0,0,0,0,0,0,0,0,0,0,0,0,0,0,0,0,0
Sinobaca,0,0,0,0,0,0,0,0,0,0,0,0,0,0,0,0,0,0,0,0,0,0,0,0
Tuberibacillus,0,0,0,0,0,0,0,0,0,0,0,0,0,0,0,0,0,0,0,0,0,0,0,0
Abyssicoccus,0,0,0,0,0,0,0,0,0,0,0,0,0,0,0,0,0,0,0,0,0,0,0,0
Aliicoccus,0,0,0,0,0,0,0,0,0,0,0,0,0,0,0,0,0,0,0,0,0,0,0,0
Macrococcus,0,0,0,0,0,0,0,0,0,0,0,0,0,0,0,0,0,0,0,0,0,0,0,0
Nosocomiicoccus,0,0,0,0,0,0,0,0,0,0,0,0,0,0,0,0,0,0,0,0,0,0,0,0
Salinicoccus,0,0,0,0,0,0,0,0,0,0,0,0,0,0,0,0,0,0,0,0,0,0,0,0
Kroppenstedtia,0,0,0,0,0,0,0,0,0,0,0,0,0,0,0,0,0,0,0,0,0,0,0,0
Laceyella,0,0,0,0,0,0,0,0,0,0,0,0,0,0,0,0,0,0,0,0,0,0,0,0
Lihuaxuella,0,0,0,0,0,0,0,0,0,0,0,0,0,0,0,0,0,0,0,0,0,0,0,0
Marininema,0,0,0,0,0,0,0,0,0,0,0,0,0,0,0,0,0,0,0,0,0,0,0,0
Novibacillus,0,0,0,0,0,0,0,0,0,0,0,0,0,0,0,0,0,0,0,0,0,0,0,0
Paludifilum,0,0,0,0,0,0,0,0,0,0,0,0,0,0,0,0,0,0,0,0,0,0,0,0
Risungbinella,0,0,0,0,0,0,0,0,0,0,0,0,0,0,0,0,0,0,0,0,0,0,0,0
Seinonella,0,0,0,0,0,0,0,0,0,0,0,0,0,0,0,0,0,0,0,0,0,0,0,0
Shimazuella,0,0,0,0,0,0,0,0,0,0,0,0,0,0,0,0,0,0,0,0,0,0,0,0
Staphylospora,0,0,0,0,0,0,0,0,0,0,0,0,0,0,0,0,0,0,0,0,0,0,0,0
Thermoactinomyces,0,0,0,0,0,0,0,0,0,0,0,0,0,0,0,0,0,0,0,0,0,0,0,0
Thermoflavimicrobium,0,0,0,0,0,0,0,0,0,0,0,0,0,0,0,0,0,0,0,0,0,0,0,0
Acidibacillus,0,0,0,0,0,0,0,0,0,0,0,0,0,0,0,0,0,0,0,0,0,0,0,0
Candidatus_Carbobacillus,0,0,0,0,0,0,0,0,0,0,0,0,0,0,0,0,0,0,0,0,0,0,0,0
Desulfuribacillus,0,0,0,0,0,0,0,0,0,0,0,0,0,0,0,0,0,0,0,0,0,0,0,0
Exiguobacterium,0,0,0,0,0,0,0,0,0,0,0,0,0,0,0,0,0,0,0,0,0,0,0,0
Geomicrobium,0,0,0,0,0,0,0,0,0,0,0,0,0,0,0,0,0,0,0,0,0,0,0,0
Abiotrophia,0,0,0,0,0,0,0,0,0,0,0,0,0,0,0,0,0,0,0,0,0,0,0,0
Dolosicoccus,0,0,0,0,0,0,0,0,0,0,0,0,0,0,0,0,0,0,0,0,0,0,0,0
Eremococcus,0,0,0,0,0,0,0,0,0,0,0,0,0,0,0,0,0,0,0,0,0,0,0,0
Facklamia,0,0,0,0,0,0,0,0,0,0,0,0,0,0,0,0,0,0,0,0,0,0,0,0
Globicatella,0,0,0,0,0,0,0,0,0,0,0,0,0,0,0,0,0,0,0,0,0,0,0,0
Ignavigranum,0,0,0,0,0,0,0,0,0,0,0,0,0,0,0,0,0,0,0,0,0,0,0,0
Vaginisenegalia,0,0,0,0,0,0,0,0,0,0,0,0,0,0,0,0,0,0,0,0,0,0,0,0
Allofustis,0,0,0,0,0,0,0,0,0,0,0,0,0,0,0,0,0,0,0,0,0,0,0,0
Alloiococcus,0,0,0,0,0,0,0,0,0,0,0,0,0,0,0,0,0,0,0,0,0,0,0,0
Atopobacter,0,0,0,0,0,0,0,0,0,0,0,0,0,0,0,0,0,0,0,0,0,0,0,0
Atopococcus,0,0,0,0,0,0,0,0,0,0,0,0,0,0,0,0,0,0,0,0,0,0,0,0
Atopostipes,0,0,0,0,0,0,0,0,0,0,0,0,0,0,0,0,0,0,0,0,0,0,0,0
Desemzia,0,0,0,0,0,0,0,0,0,0,0,0,0,0,0,0,0,0,0,0,0,0,0,0
Dolosigranulum,0,0,0,0,0,0,0,0,0,0,0,0,0,0,0,0,0,0,0,0,0,0,0,0
Granulicatella,0,0,0,0,0,0,0,0,0,0,0,0,0,0,0,0,0,0,0,0,0,0,0,0
Isobaculum,0,0,0,0,0,0,0,0,0,0,0,0,0,0,0,0,0,0,0,0,0,0,0,0
Jeotgalibaca,0,0,0,0,0,0,0,0,0,0,0,0,0,0,0,0,0,0,0,0,0,0,0,0
Lacticigenium,0,0,0,0,0,0,0,0,0,0,0,0,0,0,0,0,0,0,0,0,0,0,0,0
Marinilactibacillus,0,0,0,0,0,0,0,0,0,0,0,0,0,0,0,0,0,0,0,0,0,0,0,0
Pisciglobus,0,0,0,0,0,0,0,0,0,0,0,0,0,0,0,0,0,0,0,0,0,0,0,0
Bavariicoccus,0,0,0,0,0,0,0,0,0,0,0,0,0,0,0,0,0,0,0,0,0,0,0,0
Catellicoccus,0,0,0,0,0,0,0,0,0,0,0,0,0,0,0,0,0,0,0,0,0,0,0,0
Melissococcus,0,0,0,0,0,0,0,0,0,0,0,0,0,0,0,0,0,0,0,0,0,0,0,0
Pilibacter,0,0,0,0,0,0,0,0,0,0,0,0,0,0,0,0,0,0,0,0,0,0,0,0
Agrilactobacillus,0,0,0,0,0,0,0,0,0,0,0,0,0,0,0,0,0,0,0,0,0,0,0,0
Amylolactobacillus,0,0,0,0,0,0,0,0,0,0,0,0,0,0,0,0,0,0,0,0,0,0,0,0
Apilactobacillus,0,0,0,0,0,0,0,0,0,0,0,0,0,0,0,0,0,0,0,0,0,0,0,0
Bombilactobacillus,0,0,0,0,0,0,0,0,0,0,0,0,0,0,0,0,0,0,0,0,0,0,0,0
Convivina,0,0,0,0,0,0,0,0,0,0,0,0,0,0,0,0,0,0,0,0,0,0,0,0
Dellaglioa,0,0,0,0,0,0,0,0,0,0,0,0,0,0,0,0,0,0,0,0,0,0,0,0
Fructilactobacillus,0,0,0,0,0,0,0,0,0,0,0,0,0,0,0,0,0,0,0,0,0,0,0,0
Fructobacillus,0,0,0,0,0,0,0,0,0,0,0,0,0,0,0,0,0,0,0,0,0,0,0,0
Furfurilactobacillus,0,0,0,0,0,0,0,0,0,0,0,0,0,0,0,0,0,0,0,0,0,0,0,0
Holzapfelia,0,0,0,0,0,0,0,0,0,0,0,0,0,0,0,0,0,0,0,0,0,0,0,0
Lacticaseibacillus,0,0,0,0,0,0,0,0,0,0,0,0,0,0,0,0,0,0,0,0,0,0,0,0
Lactiplantibacillus,0,0,0,0,0,0,0,0,0,0,0,0,0,0,0,0,0,0,0,0,0,0,0,0
Lapidilactobacillus,0,0,0,0,0,0,0,0,0,0,0,0,0,0,0,0,0,0,0,0,0,0,0,0
Latilactobacillus,0,0,0,0,0,0,0,0,0,0,0,0,0,0,0,0,0,0,0,0,0,0,0,0
Lentilactobacillus,0,0,0,0,0,0,0,0,0,0,0,0,0,0,0,0,0,0,0,0,0,0,0,0
Leuconostoc,0,0,0,0,0,0,0,0,0,0,0,0,0,0,0,0,0,0,0,0,0,0,0,0
Levilactobacillus,0,0,0,0,0,0,0,0,0,0,0,0,0,0,0,0,0,0,0,0,0,0,0,0
Loigolactobacillus,0,0,0,0,0,0,0,0,0,0,0,0,0,0,0,0,0,0,0,0,0,0,0,0
Oenococcus,0,0,0,0,0,0,0,0,0,0,0,0,0,0,0,0,0,0,0,0,0,0,0,0
Pediococcus,0,0,0,0,0,0,0,0,0,0,0,0,0,0,0,0,0,0,0,0,0,0,0,0
Floricoccus,0,0,0,0,0,0,0,0,0,0,0,0,0,0,0,0,0,0,0,0,0,0,0,0
Abyssisolibacter,0,0,0,0,0,0,0,0,0,0,0,0,0,0,0,0,0,0,0,0,0,0,0,0
Anaerophilus,0,0,0,0,0,0,0,0,0,0,0,0,0,0,0,0,0,0,0,0,0,0,0,0
Geosporobacter,0,0,0,0,0,0,0,0,0,0,0,0,0,0,0,0,0,0,0,0,0,0,0,0
Haloimpatiens,0,0,0,0,0,0,0,0,0,0,0,0,0,0,0,0,0,0,0,0,0,0,0,0
Hathewaya,0,0,0,0,0,0,0,0,0,0,0,0,0,0,0,0,0,0,0,0,0,0,0,0
Inediibacterium,0,0,0,0,0,0,0,0,0,0,0,0,0,0,0,0,0,0,0,0,0,0,0,0
Paramaledivibacter,0,0,0,0,0,0,0,0,0,0,0,0,0,0,0,0,0,0,0,0,0,0,0,0
Senegalia,0,0,0,0,0,0,0,0,0,0,0,0,0,0,0,0,0,0,0,0,0,0,0,0
Thermotalea,0,0,0,0,0,0,0,0,0,0,0,0,0,0,0,0,0,0,0,0,0,0,0,0
Sulfobacillus,0,0,0,0,0,0,0,0,0,0,0,0,0,0,0,0,0,0,0,0,0,0,0,0
Pseudoramibacter,0,0,0,0,0,0,0,0,0,0,0,0,0,0,0,0,0,0,0,0,0,0,0,0
Acidaminobacter,0,0,0,0,0,0,0,0,0,0,0,0,0,0,0,0,0,0,0,0,0,0,0,0
Mobilibacterium,0,0,0,0,0,0,0,0,0,0,0,0,0,0,0,0,0,0,0,0,0,0,0,0
Mogibacterium,0,0,0,0,0,0,0,0,0,0,0,0,0,0,0,0,0,0,0,0,0,0,0,0
Heliobacterium,0,0,0,0,0,0,0,0,0,0,0,0,0,0,0,0,0,0,0,0,0,0,0,0
Heliomicrobium,0,0,0,0,0,0,0,0,0,0,0,0,0,0,0,0,0,0,0,0,0,0,0,0
Catenibacillus,0,0,0,0,0,0,0,0,0,0,0,0,0,0,0,0,0,0,0,0,0,0,0,0
Johnsonella,0,0,0,0,0,0,0,0,0,0,0,0,0,0,0,0,0,0,0,0,0,0,0,0
Sellimonas,0,0,0,0,0,0,0,0,0,0,0,0,0,0,0,0,0,0,0,0,0,0,0,0
Shuttleworthia,0,0,0,0,0,0,0,0,0,0,0,0,0,0,0,0,0,0,0,0,0,0,0,0
Bittarella,0,0,0,0,0,0,0,0,0,0,0,0,0,0,0,0,0,0,0,0,0,0,0,0
Ethanoligenens,0,0,0,0,0,0,0,0,0,0,0,0,0,0,0,0,0,0,0,0,0,0,0,0
Fastidiosipila,0,0,0,0,0,0,0,0,0,0,0,0,0,0,0,0,0,0,0,0,0,0,0,0
Harryflintia,0,0,0,0,0,0,0,0,0,0,0,0,0,0,0,0,0,0,0,0,0,0,0,0
Pseudoruminococcus,0,0,0,0,0,0,0,0,0,0,0,0,0,0,0,0,0,0,0,0,0,0,0,0
Candidatus_Desulforudis,0,0,0,0,0,0,0,0,0,0,0,0,0,0,0,0,0,0,0,0,0,0,0,0
Candidatus_Dichloromethanomonas,0,0,0,0,0,0,0,0,0,0,0,0,0,0,0,0,0,0,0,0,0,0,0,0
Dehalobacter,0,0,0,0,0,0,0,0,0,0,0,0,0,0,0,0,0,0,0,0,0,0,0,0
Desulfocucumis,0,0,0,0,0,0,0,0,0,0,0,0,0,0,0,0,0,0,0,0,0,0,0,0
Desulfofarcimen,0,0,0,0,0,0,0,0,0,0,0,0,0,0,0,0,0,0,0,0,0,0,0,0
Desulfofundulus,0,0,0,0,0,0,0,0,0,0,0,0,0,0,0,0,0,0,0,0,0,0,0,0
Desulfohalotomaculum,0,0,0,0,0,0,0,0,0,0,0,0,0,0,0,0,0,0,0,0,0,0,0,0
Desulfurispora,0,0,0,0,0,0,0,0,0,0,0,0,0,0,0,0,0,0,0,0,0,0,0,0
Syntrophobotulus,0,0,0,0,0,0,0,0,0,0,0,0,0,0,0,0,0,0,0,0,0,0,0,0
Thermincola,0,0,0,0,0,0,0,0,0,0,0,0,0,0,0,0,0,0,0,0,0,0,0,0
Acetoanaerobium,0,0,0,0,0,0,0,0,0,0,0,0,0,0,0,0,0,0,0,0,0,0,0,0
Asaccharospora,0,0,0,0,0,0,0,0,0,0,0,0,0,0,0,0,0,0,0,0,0,0,0,0
Criibacterium,0,0,0,0,0,0,0,0,0,0,0,0,0,0,0,0,0,0,0,0,0,0,0,0
Filifactor,0,0,0,0,0,0,0,0,0,0,0,0,0,0,0,0,0,0,0,0,0,0,0,0
Peptacetobacter,0,0,0,0,0,0,0,0,0,0,0,0,0,0,0,0,0,0,0,0,0,0,0,0
Peptoanaerobacter,0,0,0,0,0,0,0,0,0,0,0,0,0,0,0,0,0,0,0,0,0,0,0,0
Peptoclostridium,0,0,0,0,0,0,0,0,0,0,0,0,0,0,0,0,0,0,0,0,0,0,0,0
Peptostreptococcus,0,0,0,0,0,0,0,0,0,0,0,0,0,0,0,0,0,0,0,0,0,0,0,0
Candidatus_Syntrophonatronum,0,0,0,0,0,0,0,0,0,0,0,0,0,0,0,0,0,0,0,0,0,0,0,0
Dethiobacter,0,0,0,0,0,0,0,0,0,0,0,0,0,0,0,0,0,0,0,0,0,0,0,0
Syntrophomonas,0,0,0,0,0,0,0,0,0,0,0,0,0,0,0,0,0,0,0,0,0,0,0,0
Syntrophothermus,0,0,0,0,0,0,0,0,0,0,0,0,0,0,0,0,0,0,0,0,0,0,0,0
Thermosyntropha,0,0,0,0,0,0,0,0,0,0,0,0,0,0,0,0,0,0,0,0,0,0,0,0
Caloranaerobacter,0,0,0,0,0,0,0,0,0,0,0,0,0,0,0,0,0,0,0,0,0,0,0,0
Candidatus_Soleaferrea,0,0,0,0,0,0,0,0,0,0,0,0,0,0,0,0,0,0,0,0,0,0,0,0
Levyella,0,0,0,0,0,0,0,0,0,0,0,0,0,0,0,0,0,0,0,0,0,0,0,0
Neofamilia,0,0,0,0,0,0,0,0,0,0,0,0,0,0,0,0,0,0,0,0,0,0,0,0
Halarsenatibacter,0,0,0,0,0,0,0,0,0,0,0,0,0,0,0,0,0,0,0,0,0,0,0,0
Acetohalobium,0,0,0,0,0,0,0,0,0,0,0,0,0,0,0,0,0,0,0,0,0,0,0,0
Candidatus_Frackibacter,0,0,0,0,0,0,0,0,0,0,0,0,0,0,0,0,0,0,0,0,0,0,0,0
Halobacteroides,0,0,0,0,0,0,0,0,0,0,0,0,0,0,0,0,0,0,0,0,0,0,0,0
Halonatronum,0,0,0,0,0,0,0,0,0,0,0,0,0,0,0,0,0,0,0,0,0,0,0,0
Selenihalanaerobacter,0,0,0,0,0,0,0,0,0,0,0,0,0,0,0,0,0,0,0,0,0,0,0,0
Natranaerobius,0,0,0,0,0,0,0,0,0,0,0,0,0,0,0,0,0,0,0,0,0,0,0,0
Ammonifex,0,0,0,0,0,0,0,0,0,0,0,0,0,0,0,0,0,0,0,0,0,0,0,0
Brockia,0,0,0,0,0,0,0,0,0,0,0,0,0,0,0,0,0,0,0,0,0,0,0,0
Caldanaerobacter,0,0,0,0,0,0,0,0,0,0,0,0,0,0,0,0,0,0,0,0,0,0,0,0
Calderihabitans,0,0,0,0,0,0,0,0,0,0,0,0,0,0,0,0,0,0,0,0,0,0,0,0
Carboxydothermus,0,0,0,0,0,0,0,0,0,0,0,0,0,0,0,0,0,0,0,0,0,0,0,0
Desulfovirgula,0,0,0,0,0,0,0,0,0,0,0,0,0,0,0,0,0,0,0,0,0,0,0,0
Thermacetogenium,0,0,0,0,0,0,0,0,0,0,0,0,0,0,0,0,0,0,0,0,0,0,0,0
Thermodesulfitimonas,0,0,0,0,0,0,0,0,0,0,0,0,0,0,0,0,0,0,0,0,0,0,0,0
Syntrophaceticus,0,0,0,0,0,0,0,0,0,0,0,0,0,0,0,0,0,0,0,0,0,0,0,0
Thermodesulfobium,0,0,0,0,0,0,0,0,0,0,0,0,0,0,0,0,0,0,0,0,0,0,0,0
Caldanaerovirga,0,0,0,0,0,0,0,0,0,0,0,0,0,0,0,0,0,0,0,0,0,0,0,0
Fervidicola,0,0,0,0,0,0,0,0,0,0,0,0,0,0,0,0,0,0,0,0,0,0,0,0
Thermosediminibacter,0,0,0,0,0,0,0,0,0,0,0,0,0,0,0,0,0,0,0,0,0,0,0,0
Eggerthia,0,0,0,0,0,0,0,0,0,0,0,0,0,0,0,0,0,0,0,0,0,0,0,0
Absicoccus,0,0,0,0,0,0,0,0,0,0,0,0,0,0,0,0,0,0,0,0,0,0,0,0
Bulleidia,0,0,0,0,0,0,0,0,0,0,0,0,0,0,0,0,0,0,0,0,0,0,0,0
Faecalibacillus,0,0,0,0,0,0,0,0,0,0,0,0,0,0,0,0,0,0,0,0,0,0,0,0
Holdemanella,0,0,0,0,0,0,0,0,0,0,0,0,0,0,0,0,0,0,0,0,0,0,0,0
Solobacterium,0,0,0,0,0,0,0,0,0,0,0,0,0,0,0,0,0,0,0,0,0,0,0,0
Succinispira,0,0,0,0,0,0,0,0,0,0,0,0,0,0,0,0,0,0,0,0,0,0,0,0
Centipeda,0,0,0,0,0,0,0,0,0,0,0,0,0,0,0,0,0,0,0,0,0,0,0,0
Schwartzia,0,0,0,0,0,0,0,0,0,0,0,0,0,0,0,0,0,0,0,0,0,0,0,0
Acetonema,0,0,0,0,0,0,0,0,0,0,0,0,0,0,0,0,0,0,0,0,0,0,0,0
Anaeromusa,0,0,0,0,0,0,0,0,0,0,0,0,0,0,0,0,0,0,0,0,0,0,0,0
Anaerosporomusa,0,0,0,0,0,0,0,0,0,0,0,0,0,0,0,0,0,0,0,0,0,0,0,0
Dendrosporobacter,0,0,0,0,0,0,0,0,0,0,0,0,0,0,0,0,0,0,0,0,0,0,0,0
Methylomusa,0,0,0,0,0,0,0,0,0,0,0,0,0,0,0,0,0,0,0,0,0,0,0,0
Pelosinus,0,0,0,0,0,0,0,0,0,0,0,0,0,0,0,0,0,0,0,0,0,0,0,0
Propionispora,0,0,0,0,0,0,0,0,0,0,0,0,0,0,0,0,0,0,0,0,0,0,0,0
Sporolituus,0,0,0,0,0,0,0,0,0,0,0,0,0,0,0,0,0,0,0,0,0,0,0,0
Thermosinus,0,0,0,0,0,0,0,0,0,0,0,0,0,0,0,0,0,0,0,0,0,0,0,0
Allisonella,0,0,0,0,0,0,0,0,0,0,0,0,0,0,0,0,0,0,0,0,0,0,0,0
Anaeroglobus,0,0,0,0,0,0,0,0,0,0,0,0,0,0,0,0,0,0,0,0,0,0,0,0
Caecibacter,0,0,0,0,0,0,0,0,0,0,0,0,0,0,0,0,0,0,0,0,0,0,0,0
Colibacter,0,0,0,0,0,0,0,0,0,0,0,0,0,0,0,0,0,0,0,0,0,0,0,0
Lucifera,0,0,0,0,0,0,0,0,0,0,0,0,0,0,0,0,0,0,0,0,0,0,0,0
Negativicoccus,0,0,0,0,0,0,0,0,0,0,0,0,0,0,0,0,0,0,0,0,0,0,0,0
Anaerococcus,0,0,0,0,0,0,0,0,0,0,0,0,0,0,0,0,0,0,0,0,0,0,0,0
Anaerosphaera,0,0,0,0,0,0,0,0,0,0,0,0,0,0,0,0,0,0,0,0,0,0,0,0
Finegoldia,0,0,0,0,0,0,0,0,0,0,0,0,0,0,0,0,0,0,0,0,0,0,0,0
Helcococcus,0,0,0,0,0,0,0,0,0,0,0,0,0,0,0,0,0,0,0,0,0,0,0,0
Lagierella,0,0,0,0,0,0,0,0,0,0,0,0,0,0,0,0,0,0,0,0,0,0,0,0
Miniphocibacter,0,0,0,0,0,0,0,0,0,0,0,0,0,0,0,0,0,0,0,0,0,0,0,0
Murdochiella,0,0,0,0,0,0,0,0,0,0,0,0,0,0,0,0,0,0,0,0,0,0,0,0
Parvimonas,0,0,0,0,0,0,0,0,0,0,0,0,0,0,0,0,0,0,0,0,0,0,0,0
Urinicoccus,0,0,0,0,0,0,0,0,0,0,0,0,0,0,0,0,0,0,0,0,0,0,0,0
Dethiosulfatibacter,0,0,0,0,0,0,0,0,0,0,0,0,0,0,0,0,0,0,0,0,0,0,0,0
Ezakiella,0,0,0,0,0,0,0,0,0,0,0,0,0,0,0,0,0,0,0,0,0,0,0,0
Cetobacterium,0,0,0,0,0,0,0,0,0,0,0,0,0,0,0,0,0,0,0,0,0,0,0,0
Ilyobacter,0,0,0,0,0,0,0,0,0,0,0,0,0,0,0,0,0,0,0,0,0,0,0,0
Psychrilyobacter,0,0,0,0,0,0,0,0,0,0,0,0,0,0,0,0,0,0,0,0,0,0,0,0
Caviibacter,0,0,0,0,0,0,0,0,0,0,0,0,0,0,0,0,0,0,0,0,0,0,0,0
Leptotrichia,0,0,0,0,0,0,0,0,0,0,0,0,0,0,0,0,0,0,0,0,0,0,0,0
Oceanivirga,0,0,0,0,0,0,0,0,0,0,0,0,0,0,0,0,0,0,0,0,0,0,0,0
Pseudoleptotrichia,0,0,0,0,0,0,0,0,0,0,0,0,0,0,0,0,0,0,0,0,0,0,0,0
Sebaldella,0,0,0,0,0,0,0,0,0,0,0,0,0,0,0,0,0,0,0,0,0,0,0,0
Sneathia,0,0,0,0,0,0,0,0,0,0,0,0,0,0,0,0,0,0,0,0,0,0,0,0
Streptobacillus,0,0,0,0,0,0,0,0,0,0,0,0,0,0,0,0,0,0,0,0,0,0,0,0
Gemmatimonas,0,0,0,0,0,0,0,0,0,0,0,0,0,0,0,0,0,0,0,0,0,0,0,0
Gemmatirosa,0,0,0,0,0,0,0,0,0,0,0,0,0,0,0,0,0,0,0,0,0,0,0,0
Ignavibacterium,0,0,0,0,0,0,0,0,0,0,0,0,0,0,0,0,0,0,0,0,0,0,0,0
Melioribacter,0,0,0,0,0,0,0,0,0,0,0,0,0,0,0,0,0,0,0,0,0,0,0,0
Kiritimatiella,0,0,0,0,0,0,0,0,0,0,0,0,0,0,0,0,0,0,0,0,0,0,0,0
Lentisphaera,0,0,0,0,0,0,0,0,0,0,0,0,0,0,0,0,0,0,0,0,0,0,0,0
Victivallis,0,0,0,0,0,0,0,0,0,0,0,0,0,0,0,0,0,0,0,0,0,0,0,0
Candidatus_Nitromaritima,0,0,0,0,0,0,0,0,0,0,0,0,0,0,0,0,0,0,0,0,0,0,0,0
Nitrospina,0,0,0,0,0,0,0,0,0,0,0,0,0,0,0,0,0,0,0,0,0,0,0,0
Candidatus_Magnetobacterium,0,0,0,0,0,0,0,0,0,0,0,0,0,0,0,0,0,0,0,0,0,0,0,0
Candidatus_Magnetoovum,0,0,0,0,0,0,0,0,0,0,0,0,0,0,0,0,0,0,0,0,0,0,0,0
Candidatus_Sulfobium,0,0,0,0,0,0,0,0,0,0,0,0,0,0,0,0,0,0,0,0,0,0,0,0
Leptospirillum,0,0,0,0,0,0,0,0,0,0,0,0,0,0,0,0,0,0,0,0,0,0,0,0
Nitrospira,0,0,0,0,0,0,0,0,0,0,0,0,0,0,0,0,0,0,0,0,0,0,0,0
Thermodesulfovibrio,0,0,0,0,0,0,0,0,0,0,0,0,0,0,0,0,0,0,0,0,0,0,0,0
Candidatus_Brocadia,0,0,0,0,0,0,0,0,0,0,0,0,0,0,0,0,0,0,0,0,0,0,0,0
Candidatus_Jettenia,0,0,0,0,0,0,0,0,0,0,0,0,0,0,0,0,0,0,0,0,0,0,0,0
Candidatus_Kuenenia,0,0,0,0,0,0,0,0,0,0,0,0,0,0,0,0,0,0,0,0,0,0,0,0
Candidatus_Scalindua,0,0,0,0,0,0,0,0,0,0,0,0,0,0,0,0,0,0,0,0,0,0,0,0
Phycisphaera,0,0,0,0,0,0,0,0,0,0,0,0,0,0,0,0,0,0,0,0,0,0,0,0
Anaerohalosphaera,0,0,0,0,0,0,0,0,0,0,0,0,0,0,0,0,0,0,0,0,0,0,0,0
Limihaloglobus,0,0,0,0,0,0,0,0,0,0,0,0,0,0,0,0,0,0,0,0,0,0,0,0
Sedimentisphaera,0,0,0,0,0,0,0,0,0,0,0,0,0,0,0,0,0,0,0,0,0,0,0,0
Fimbriiglobus,0,0,0,0,0,0,0,0,0,0,0,0,0,0,0,0,0,0,0,0,0,0,0,0
Gemmata,0,0,0,0,0,0,0,0,0,0,0,0,0,0,0,0,0,0,0,0,0,0,0,0
Zavarzinella,0,0,0,0,0,0,0,0,0,0,0,0,0,0,0,0,0,0,0,0,0,0,0,0
Paludisphaera,0,0,0,0,0,0,0,0,0,0,0,0,0,0,0,0,0,0,0,0,0,0,0,0
Singulisphaera,0,0,0,0,0,0,0,0,0,0,0,0,0,0,0,0,0,0,0,0,0,0,0,0
Tautonia,0,0,0,0,0,0,0,0,0,0,0,0,0,0,0,0,0,0,0,0,0,0,0,0
Blastopirellula,0,0,0,0,0,0,0,0,0,0,0,0,0,0,0,0,0,0,0,0,0,0,0,0
Mariniblastus,0,0,0,0,0,0,0,0,0,0,0,0,0,0,0,0,0,0,0,0,0,0,0,0
Pirellula,0,0,0,0,0,0,0,0,0,0,0,0,0,0,0,0,0,0,0,0,0,0,0,0
Rhodopirellula,0,0,0,0,0,0,0,0,0,0,0,0,0,0,0,0,0,0,0,0,0,0,0,0
Roseimaritima,0,0,0,0,0,0,0,0,0,0,0,0,0,0,0,0,0,0,0,0,0,0,0,0
Rubripirellula,0,0,0,0,0,0,0,0,0,0,0,0,0,0,0,0,0,0,0,0,0,0,0,0
Thermogutta,0,0,0,0,0,0,0,0,0,0,0,0,0,0,0,0,0,0,0,0,0,0,0,0
Fuerstiella,0,0,0,0,0,0,0,0,0,0,0,0,0,0,0,0,0,0,0,0,0,0,0,0
Gimesia,0,0,0,0,0,0,0,0,0,0,0,0,0,0,0,0,0,0,0,0,0,0,0,0
Planctomicrobium,0,0,0,0,0,0,0,0,0,0,0,0,0,0,0,0,0,0,0,0,0,0,0,0
Planctomyces,0,0,0,0,0,0,0,0,0,0,0,0,0,0,0,0,0,0,0,0,0,0,0,0
Planctopirus,0,0,0,0,0,0,0,0,0,0,0,0,0,0,0,0,0,0,0,0,0,0,0,0
Rubinisphaera,0,0,0,0,0,0,0,0,0,0,0,0,0,0,0,0,0,0,0,0,0,0,0,0
Schlesneria,0,0,0,0,0,0,0,0,0,0,0,0,0,0,0,0,0,0,0,0,0,0,0,0
Acidithiobacillus,0,0,0,0,0,0,0,0,0,0,0,0,0,0,0,0,0,0,0,0,0,0,0,0
Aquidulcibacter,0,0,0,0,0,0,0,0,0,0,0,0,0,0,0,0,0,0,0,0,0,0,0,0
Asticcacaulis,0,0,0,0,0,0,0,0,0,0,0,0,0,0,0,0,0,0,0,0,0,0,0,0
Brevundimonas,0,0,0,0,0,0,0,0,0,0,0,0,0,0,0,0,0,0,0,0,0,0,0,0
Caulobacter,0,0,0,0,0,0,0,0,0,0,0,0,0,0,0,0,0,0,0,0,0,0,0,0
Phenylobacterium,0,0,0,0,0,0,0,0,0,0,0,0,0,0,0,0,0,0,0,0,0,0,0,0
Paremcibacter,0,0,0,0,0,0,0,0,0,0,0,0,0,0,0,0,0,0,0,0,0,0,0,0
Caedimonas,0,0,0,0,0,0,0,0,0,0,0,0,0,0,0,0,0,0,0,0,0,0,0,0
Candidatus_Nucleicultrix,0,0,0,0,0,0,0,0,0,0,0,0,0,0,0,0,0,0,0,0,0,0,0,0
Candidatus_Paracaedimonas,0,0,0,0,0,0,0,0,0,0,0,0,0,0,0,0,0,0,0,0,0,0,0,0
Candidatus_Finniella,0,0,0,0,0,0,0,0,0,0,0,0,0,0,0,0,0,0,0,0,0,0,0,0
Candidatus_Odyssella,0,0,0,0,0,0,0,0,0,0,0,0,0,0,0,0,0,0,0,0,0,0,0,0
Candidatus_Paracaedibacter,0,0,0,0,0,0,0,0,0,0,0,0,0,0,0,0,0,0,0,0,0,0,0,0
Aestuariivirga,0,0,0,0,0,0,0,0,0,0,0,0,0,0,0,0,0,0,0,0,0,0,0,0
Afifella,0,0,0,0,0,0,0,0,0,0,0,0,0,0,0,0,0,0,0,0,0,0,0,0
Ahrensia,0,0,0,0,0,0,0,0,0,0,0,0,0,0,0,0,0,0,0,0,0,0,0,0
Alsobacter,0,0,0,0,0,0,0,0,0,0,0,0,0,0,0,0,0,0,0,0,0,0,0,0
Acuticoccus,0,0,0,0,0,0,0,0,0,0,0,0,0,0,0,0,0,0,0,0,0,0,0,0
Aurantimonas,0,0,0,0,0,0,0,0,0,0,0,0,0,0,0,0,0,0,0,0,0,0,0,0
Aureimonas,0,0,0,0,0,0,0,0,0,0,0,0,0,0,0,0,0,0,0,0,0,0,0,0
Fulvimarina,0,0,0,0,0,0,0,0,0,0,0,0,0,0,0,0,0,0,0,0,0,0,0,0
Martelella,0,0,0,0,0,0,0,0,0,0,0,0,0,0,0,0,0,0,0,0,0,0,0,0
Bartonella,0,0,0,0,0,0,0,0,0,0,0,0,0,0,0,0,0,0,0,0,0,0,0,0
Beijerinckia,0,0,0,0,0,0,0,0,0,0,0,0,0,0,0,0,0,0,0,0,0,0,0,0
Methylocapsa,0,0,0,0,0,0,0,0,0,0,0,0,0,0,0,0,0,0,0,0,0,0,0,0
Methyloferula,0,0,0,0,0,0,0,0,0,0,0,0,0,0,0,0,0,0,0,0,0,0,0,0
Methylovirgula,0,0,0,0,0,0,0,0,0,0,0,0,0,0,0,0,0,0,0,0,0,0,0,0
Rhodoblastus,0,0,0,0,0,0,0,0,0,0,0,0,0,0,0,0,0,0,0,0,0,0,0,0
Blastochloris,0,0,0,0,0,0,0,0,0,0,0,0,0,0,0,0,0,0,0,0,0,0,0,0
Afipia,0,0,0,0,0,0,0,0,0,0,0,0,0,0,0,0,0,0,0,0,0,0,0,0
Nitrobacter,0,0,0,0,0,0,0,0,0,0,0,0,0,0,0,0,0,0,0,0,0,0,0,0
Rhodopseudomonas,0,0,0,0,0,0,0,0,0,0,0,0,0,0,0,0,0,0,0,0,0,0,0,0
Variibacter,0,0,0,0,0,0,0,0,0,0,0,0,0,0,0,0,0,0,0,0,0,0,0,0
Breoghania,0,0,0,0,0,0,0,0,0,0,0,0,0,0,0,0,0,0,0,0,0,0,0,0
Brucella,0,0,0,0,0,0,0,0,0,0,0,0,0,0,0,0,0,0,0,0,0,0,0,0
Falsochrobactrum,0,0,0,0,0,0,0,0,0,0,0,0,0,0,0,0,0,0,0,0,0,0,0,0
Ochrobactrum,0,0,0,0,0,0,0,0,0,0,0,0,0,0,0,0,0,0,0,0,0,0,0,0
Chelatococcus,0,0,0,0,0,0,0,0,0,0,0,0,0,0,0,0,0,0,0,0,0,0,0,0
Cohaesibacter,0,0,0,0,0,0,0,0,0,0,0,0,0,0,0,0,0,0,0,0,0,0,0,0
Arsenicitalea,0,0,0,0,0,0,0,0,0,0,0,0,0,0,0,0,0,0,0,0,0,0,0,0
Devosia,0,0,0,0,0,0,0,0,0,0,0,0,0,0,0,0,0,0,0,0,0,0,0,0
Maritalea,0,0,0,0,0,0,0,0,0,0,0,0,0,0,0,0,0,0,0,0,0,0,0,0
Pelagibacterium,0,0,0,0,0,0,0,0,0,0,0,0,0,0,0,0,0,0,0,0,0,0,0,0
Aquabacter,0,0,0,0,0,0,0,0,0,0,0,0,0,0,0,0,0,0,0,0,0,0,0,0
Dichotomicrobium,0,0,0,0,0,0,0,0,0,0,0,0,0,0,0,0,0,0,0,0,0,0,0,0
Methyloceanibacter,0,0,0,0,0,0,0,0,0,0,0,0,0,0,0,0,0,0,0,0,0,0,0,0
Methyloligella,0,0,0,0,0,0,0,0,0,0,0,0,0,0,0,0,0,0,0,0,0,0,0,0
Rhodomicrobium,0,0,0,0,0,0,0,0,0,0,0,0,0,0,0,0,0,0,0,0,0,0,0,0
Rhodoplanes,0,0,0,0,0,0,0,0,0,0,0,0,0,0,0,0,0,0,0,0,0,0,0,0
Bauldia,0,0,0,0,0,0,0,0,0,0,0,0,0,0,0,0,0,0,0,0,0,0,0,0
Kaistia,0,0,0,0,0,0,0,0,0,0,0,0,0,0,0,0,0,0,0,0,0,0,0,0
Lichenibacterium,0,0,0,0,0,0,0,0,0,0,0,0,0,0,0,0,0,0,0,0,0,0,0,0
Microvirga,0,0,0,0,0,0,0,0,0,0,0,0,0,0,0,0,0,0,0,0,0,0,0,0
Hansschlegelia,0,0,0,0,0,0,0,0,0,0,0,0,0,0,0,0,0,0,0,0,0,0,0,0
Methylocystis,0,0,0,0,0,0,0,0,0,0,0,0,0,0,0,0,0,0,0,0,0,0,0,0
Methylosinus,0,0,0,0,0,0,0,0,0,0,0,0,0,0,0,0,0,0,0,0,0,0,0,0
Notoacmeibacter,0,0,0,0,0,0,0,0,0,0,0,0,0,0,0,0,0,0,0,0,0,0,0,0
Anderseniella,0,0,0,0,0,0,0,0,0,0,0,0,0,0,0,0,0,0,0,0,0,0,0,0
Candidatus_Phaeomarinobacter,0,0,0,0,0,0,0,0,0,0,0,0,0,0,0,0,0,0,0,0,0,0,0,0
Phreatobacter,0,0,0,0,0,0,0,0,0,0,0,0,0,0,0,0,0,0,0,0,0,0,0,0
Aliihoeflea,0,0,0,0,0,0,0,0,0,0,0,0,0,0,0,0,0,0,0,0,0,0,0,0
Aminobacter,0,0,0,0,0,0,0,0,0,0,0,0,0,0,0,0,0,0,0,0,0,0,0,0
Aquamicrobium,0,0,0,0,0,0,0,0,0,0,0,0,0,0,0,0,0,0,0,0,0,0,0,0
Chelativorans,0,0,0,0,0,0,0,0,0,0,0,0,0,0,0,0,0,0,0,0,0,0,0,0
Hoeflea,0,0,0,0,0,0,0,0,0,0,0,0,0,0,0,0,0,0,0,0,0,0,0,0
Nitratireductor,0,0,0,0,0,0,0,0,0,0,0,0,0,0,0,0,0,0,0,0,0,0,0,0
Phyllobacterium,0,0,0,0,0,0,0,0,0,0,0,0,0,0,0,0,0,0,0,0,0,0,0,0
Pseudaminobacter,0,0,0,0,0,0,0,0,0,0,0,0,0,0,0,0,0,0,0,0,0,0,0,0
Zhengella,0,0,0,0,0,0,0,0,0,0,0,0,0,0,0,0,0,0,0,0,0,0,0,0
Hartmannibacter,0,0,0,0,0,0,0,0,0,0,0,0,0,0,0,0,0,0,0,0,0,0,0,0
Pseudoxanthobacter,0,0,0,0,0,0,0,0,0,0,0,0,0,0,0,0,0,0,0,0,0,0,0,0
Agrobacterium,0,0,0,0,0,0,0,0,0,0,0,0,0,0,0,0,0,0,0,0,0,0,0,0
Ciceribacter,0,0,0,0,0,0,0,0,0,0,0,0,0,0,0,0,0,0,0,0,0,0,0,0
Ensifer,0,0,0,0,0,0,0,0,0,0,0,0,0,0,0,0,0,0,0,0,0,0,0,0
Georhizobium,0,0,0,0,0,0,0,0,0,0,0,0,0,0,0,0,0,0,0,0,0,0,0,0
Liberibacter,0,0,0,0,0,0,0,0,0,0,0,0,0,0,0,0,0,0,0,0,0,0,0,0
Pararhizobium,0,0,0,0,0,0,0,0,0,0,0,0,0,0,0,0,0,0,0,0,0,0,0,0
Pseudorhizobium,0,0,0,0,0,0,0,0,0,0,0,0,0,0,0,0,0,0,0,0,0,0,0,0
Shinella,0,0,0,0,0,0,0,0,0,0,0,0,0,0,0,0,0,0,0,0,0,0,0,0
Sinorhizobium,0,0,0,0,0,0,0,0,0,0,0,0,0,0,0,0,0,0,0,0,0,0,0,0
Rhodobium,0,0,0,0,0,0,0,0,0,0,0,0,0,0,0,0,0,0,0,0,0,0,0,0
Fodinicurvata,0,0,0,0,0,0,0,0,0,0,0,0,0,0,0,0,0,0,0,0,0,0,0,0
Rhodovibrio,0,0,0,0,0,0,0,0,0,0,0,0,0,0,0,0,0,0,0,0,0,0,0,0
Tistlia,0,0,0,0,0,0,0,0,0,0,0,0,0,0,0,0,0,0,0,0,0,0,0,0
Roseiarcus,0,0,0,0,0,0,0,0,0,0,0,0,0,0,0,0,0,0,0,0,0,0,0,0
Salinarimonas,0,0,0,0,0,0,0,0,0,0,0,0,0,0,0,0,0,0,0,0,0,0,0,0
Labrenzia,0,0,0,0,0,0,0,0,0,0,0,0,0,0,0,0,0,0,0,0,0,0,0,0
Pannonibacter,0,0,0,0,0,0,0,0,0,0,0,0,0,0,0,0,0,0,0,0,0,0,0,0
Pseudovibrio,0,0,0,0,0,0,0,0,0,0,0,0,0,0,0,0,0,0,0,0,0,0,0,0
Roseibium,0,0,0,0,0,0,0,0,0,0,0,0,0,0,0,0,0,0,0,0,0,0,0,0
Stappia,0,0,0,0,0,0,0,0,0,0,0,0,0,0,0,0,0,0,0,0,0,0,0,0
Lutibaculum,0,0,0,0,0,0,0,0,0,0,0,0,0,0,0,0,0,0,0,0,0,0,0,0
Candidatus_Tokpelaia,0,0,0,0,0,0,0,0,0,0,0,0,0,0,0,0,0,0,0,0,0,0,0,0
Enhydrobacter,0,0,0,0,0,0,0,0,0,0,0,0,0,0,0,0,0,0,0,0,0,0,0,0
Ancylobacter,0,0,0,0,0,0,0,0,0,0,0,0,0,0,0,0,0,0,0,0,0,0,0,0
Azorhizobium,0,0,0,0,0,0,0,0,0,0,0,0,0,0,0,0,0,0,0,0,0,0,0,0
Labrys,0,0,0,0,0,0,0,0,0,0,0,0,0,0,0,0,0,0,0,0,0,0,0,0
Pseudolabrys,0,0,0,0,0,0,0,0,0,0,0,0,0,0,0,0,0,0,0,0,0,0,0,0
Starkeya,0,0,0,0,0,0,0,0,0,0,0,0,0,0,0,0,0,0,0,0,0,0,0,0
Xanthobacter,0,0,0,0,0,0,0,0,0,0,0,0,0,0,0,0,0,0,0,0,0,0,0,0
Candidatus_Viadribacter,0,0,0,0,0,0,0,0,0,0,0,0,0,0,0,0,0,0,0,0,0,0,0,0
Henriciella,0,0,0,0,0,0,0,0,0,0,0,0,0,0,0,0,0,0,0,0,0,0,0,0
Hirschia,0,0,0,0,0,0,0,0,0,0,0,0,0,0,0,0,0,0,0,0,0,0,0,0
Hyphomonas,0,0,0,0,0,0,0,0,0,0,0,0,0,0,0,0,0,0,0,0,0,0,0,0
Ponticaulis,0,0,0,0,0,0,0,0,0,0,0,0,0,0,0,0,0,0,0,0,0,0,0,0
Eilatimonas,0,0,0,0,0,0,0,0,0,0,0,0,0,0,0,0,0,0,0,0,0,0,0,0
Kordiimonas,0,0,0,0,0,0,0,0,0,0,0,0,0,0,0,0,0,0,0,0,0,0,0,0
Candidatus_Magnetaquicoccus,0,0,0,0,0,0,0,0,0,0,0,0,0,0,0,0,0,0,0,0,0,0,0,0
Magnetococcus,0,0,0,0,0,0,0,0,0,0,0,0,0,0,0,0,0,0,0,0,0,0,0,0
Magnetofaba,0,0,0,0,0,0,0,0,0,0,0,0,0,0,0,0,0,0,0,0,0,0,0,0
Hyphobacterium,0,0,0,0,0,0,0,0,0,0,0,0,0,0,0,0,0,0,0,0,0,0,0,0
Maricaulis,0,0,0,0,0,0,0,0,0,0,0,0,0,0,0,0,0,0,0,0,0,0,0,0
Marinicauda,0,0,0,0,0,0,0,0,0,0,0,0,0,0,0,0,0,0,0,0,0,0,0,0
Oceanicaulis,0,0,0,0,0,0,0,0,0,0,0,0,0,0,0,0,0,0,0,0,0,0,0,0
Litorimonas,0,0,0,0,0,0,0,0,0,0,0,0,0,0,0,0,0,0,0,0,0,0,0,0
Robiginitomaculum,0,0,0,0,0,0,0,0,0,0,0,0,0,0,0,0,0,0,0,0,0,0,0,0
Minwuia,0,0,0,0,0,0,0,0,0,0,0,0,0,0,0,0,0,0,0,0,0,0,0,0
Amphiplicatus,0,0,0,0,0,0,0,0,0,0,0,0,0,0,0,0,0,0,0,0,0,0,0,0
Parvularcula,0,0,0,0,0,0,0,0,0,0,0,0,0,0,0,0,0,0,0,0,0,0,0,0
Candidatus_Pelagibacter,0,0,0,0,0,0,0,0,0,0,0,0,0,0,0,0,0,0,0,0,0,0,0,0
Albidovulum,0,0,0,0,0,0,0,0,0,0,0,0,0,0,0,0,0,0,0,0,0,0,0,0
Albimonas,0,0,0,0,0,0,0,0,0,0,0,0,0,0,0,0,0,0,0,0,0,0,0,0
Aliiroseovarius,0,0,0,0,0,0,0,0,0,0,0,0,0,0,0,0,0,0,0,0,0,0,0,0
Cereibacter,0,0,0,0,0,0,0,0,0,0,0,0,0,0,0,0,0,0,0,0,0,0,0,0
Defluviimonas,0,0,0,0,0,0,0,0,0,0,0,0,0,0,0,0,0,0,0,0,0,0,0,0
Falsigemmobacter,0,0,0,0,0,0,0,0,0,0,0,0,0,0,0,0,0,0,0,0,0,0,0,0
Flavimaricola,0,0,0,0,0,0,0,0,0,0,0,0,0,0,0,0,0,0,0,0,0,0,0,0
Frigidibacter,0,0,0,0,0,0,0,0,0,0,0,0,0,0,0,0,0,0,0,0,0,0,0,0
Gemmobacter,0,0,0,0,0,0,0,0,0,0,0,0,0,0,0,0,0,0,0,0,0,0,0,0
Haematobacter,0,0,0,0,0,0,0,0,0,0,0,0,0,0,0,0,0,0,0,0,0,0,0,0
Jhaorihella,0,0,0,0,0,0,0,0,0,0,0,0,0,0,0,0,0,0,0,0,0,0,0,0
Limimaricola,0,0,0,0,0,0,0,0,0,0,0,0,0,0,0,0,0,0,0,0,0,0,0,0
Litorivita,0,0,0,0,0,0,0,0,0,0,0,0,0,0,0,0,0,0,0,0,0,0,0,0
Marinibacterium,0,0,0,0,0,0,0,0,0,0,0,0,0,0,0,0,0,0,0,0,0,0,0,0
Marivivens,0,0,0,0,0,0,0,0,0,0,0,0,0,0,0,0,0,0,0,0,0,0,0,0
Natronohydrobacter,0,0,0,0,0,0,0,0,0,0,0,0,0,0,0,0,0,0,0,0,0,0,0,0
Nioella,0,0,0,0,0,0,0,0,0,0,0,0,0,0,0,0,0,0,0,0,0,0,0,0
Oceanibium,0,0,0,0,0,0,0,0,0,0,0,0,0,0,0,0,0,0,0,0,0,0,0,0
Oceanicella,0,0,0,0,0,0,0,0,0,0,0,0,0,0,0,0,0,0,0,0,0,0,0,0
Oceaniglobus,0,0,0,0,0,0,0,0,0,0,0,0,0,0,0,0,0,0,0,0,0,0,0,0
Pacificitalea,0,0,0,0,0,0,0,0,0,0,0,0,0,0,0,0,0,0,0,0,0,0,0,0
Paracoccus,0,0,0,0,0,0,0,0,0,0,0,0,0,0,0,0,0,0,0,0,0,0,0,0
Pararhodobacter,0,0,0,0,0,0,0,0,0,0,0,0,0,0,0,0,0,0,0,0,0,0,0,0
Polymorphum,0,0,0,0,0,0,0,0,0,0,0,0,0,0,0,0,0,0,0,0,0,0,0,0
Pontivivens,0,0,0,0,0,0,0,0,0,0,0,0,0,0,0,0,0,0,0,0,0,0,0,0
Pseudodonghicola,0,0,0,0,0,0,0,0,0,0,0,0,0,0,0,0,0,0,0,0,0,0,0,0
Pseudooceanicola,0,0,0,0,0,0,0,0,0,0,0,0,0,0,0,0,0,0,0,0,0,0,0,0
Pseudopuniceibacterium,0,0,0,0,0,0,0,0,0,0,0,0,0,0,0,0,0,0,0,0,0,0,0,0
Pseudoroseicyclus,0,0,0,0,0,0,0,0,0,0,0,0,0,0,0,0,0,0,0,0,0,0,0,0
Puniceibacterium,0,0,0,0,0,0,0,0,0,0,0,0,0,0,0,0,0,0,0,0,0,0,0,0
Rhodobacter,0,0,0,0,0,0,0,0,0,0,0,0,0,0,0,0,0,0,0,0,0,0,0,0
Rhodovulum,0,0,0,0,0,0,0,0,0,0,0,0,0,0,0,0,0,0,0,0,0,0,0,0
Rubrimonas,0,0,0,0,0,0,0,0,0,0,0,0,0,0,0,0,0,0,0,0,0,0,0,0
Sinirhodobacter,0,0,0,0,0,0,0,0,0,0,0,0,0,0,0,0,0,0,0,0,0,0,0,0
Thalassobium,0,0,0,0,0,0,0,0,0,0,0,0,0,0,0,0,0,0,0,0,0,0,0,0
Thalassorhabdomicrobium,0,0,0,0,0,0,0,0,0,0,0,0,0,0,0,0,0,0,0,0,0,0,0,0
Thioclava,0,0,0,0,0,0,0,0,0,0,0,0,0,0,0,0,0,0,0,0,0,0,0,0
Tritonibacter,0,0,0,0,0,0,0,0,0,0,0,0,0,0,0,0,0,0,0,0,0,0,0,0
Vannielia,0,0,0,0,0,0,0,0,0,0,0,0,0,0,0,0,0,0,0,0,0,0,0,0
Yoonia,0,0,0,0,0,0,0,0,0,0,0,0,0,0,0,0,0,0,0,0,0,0,0,0
Aliiruegeria,0,0,0,0,0,0,0,0,0,0,0,0,0,0,0,0,0,0,0,0,0,0,0,0
Antarctobacter,0,0,0,0,0,0,0,0,0,0,0,0,0,0,0,0,0,0,0,0,0,0,0,0
Celeribacter,0,0,0,0,0,0,0,0,0,0,0,0,0,0,0,0,0,0,0,0,0,0,0,0
Citreicella,0,0,0,0,0,0,0,0,0,0,0,0,0,0,0,0,0,0,0,0,0,0,0,0
Donghicola,0,0,0,0,0,0,0,0,0,0,0,0,0,0,0,0,0,0,0,0,0,0,0,0
Epibacterium,0,0,0,0,0,0,0,0,0,0,0,0,0,0,0,0,0,0,0,0,0,0,0,0
Hwanghaeicola,0,0,0,0,0,0,0,0,0,0,0,0,0,0,0,0,0,0,0,0,0,0,0,0
Leisingera,0,0,0,0,0,0,0,0,0,0,0,0,0,0,0,0,0,0,0,0,0,0,0,0
Lentibacter,0,0,0,0,0,0,0,0,0,0,0,0,0,0,0,0,0,0,0,0,0,0,0,0
Litoreibacter,0,0,0,0,0,0,0,0,0,0,0,0,0,0,0,0,0,0,0,0,0,0,0,0
Loktanella,0,0,0,0,0,0,0,0,0,0,0,0,0,0,0,0,0,0,0,0,0,0,0,0
Mameliella,0,0,0,0,0,0,0,0,0,0,0,0,0,0,0,0,0,0,0,0,0,0,0,0
Marinovum,0,0,0,0,0,0,0,0,0,0,0,0,0,0,0,0,0,0,0,0,0,0,0,0
Maritimibacter,0,0,0,0,0,0,0,0,0,0,0,0,0,0,0,0,0,0,0,0,0,0,0,0
Marivita,0,0,0,0,0,0,0,0,0,0,0,0,0,0,0,0,0,0,0,0,0,0,0,0
Octadecabacter,0,0,0,0,0,0,0,0,0,0,0,0,0,0,0,0,0,0,0,0,0,0,0,0
Pacificibacter,0,0,0,0,0,0,0,0,0,0,0,0,0,0,0,0,0,0,0,0,0,0,0,0
Phaeobacter,0,0,0,0,0,0,0,0,0,0,0,0,0,0,0,0,0,0,0,0,0,0,0,0
Poseidonocella,0,0,0,0,0,0,0,0,0,0,0,0,0,0,0,0,0,0,0,0,0,0,0,0
Primorskyibacter,0,0,0,0,0,0,0,0,0,0,0,0,0,0,0,0,0,0,0,0,0,0,0,0
Pseudoruegeria,0,0,0,0,0,0,0,0,0,0,0,0,0,0,0,0,0,0,0,0,0,0,0,0
Roseibacterium,0,0,0,0,0,0,0,0,0,0,0,0,0,0,0,0,0,0,0,0,0,0,0,0
Roseobacter,0,0,0,0,0,0,0,0,0,0,0,0,0,0,0,0,0,0,0,0,0,0,0,0
Roseovarius,0,0,0,0,0,0,0,0,0,0,0,0,0,0,0,0,0,0,0,0,0,0,0,0
Ruegeria,0,0,0,0,0,0,0,0,0,0,0,0,0,0,0,0,0,0,0,0,0,0,0,0
Sagittula,0,0,0,0,0,0,0,0,0,0,0,0,0,0,0,0,0,0,0,0,0,0,0,0
Salibaculum,0,0,0,0,0,0,0,0,0,0,0,0,0,0,0,0,0,0,0,0,0,0,0,0
Salipiger,0,0,0,0,0,0,0,0,0,0,0,0,0,0,0,0,0,0,0,0,0,0,0,0
Shimia,0,0,0,0,0,0,0,0,0,0,0,0,0,0,0,0,0,0,0,0,0,0,0,0
Sulfitobacter,0,0,0,0,0,0,0,0,0,0,0,0,0,0,0,0,0,0,0,0,0,0,0,0
Tateyamaria,0,0,0,0,0,0,0,0,0,0,0,0,0,0,0,0,0,0,0,0,0,0,0,0
Thalassobacter,0,0,0,0,0,0,0,0,0,0,0,0,0,0,0,0,0,0,0,0,0,0,0,0
Thalassobius,0,0,0,0,0,0,0,0,0,0,0,0,0,0,0,0,0,0,0,0,0,0,0,0
Thalassococcus,0,0,0,0,0,0,0,0,0,0,0,0,0,0,0,0,0,0,0,0,0,0,0,0
Tranquillimonas,0,0,0,0,0,0,0,0,0,0,0,0,0,0,0,0,0,0,0,0,0,0,0,0
Tropicimonas,0,0,0,0,0,0,0,0,0,0,0,0,0,0,0,0,0,0,0,0,0,0,0,0
Wenxinia,0,0,0,0,0,0,0,0,0,0,0,0,0,0,0,0,0,0,0,0,0,0,0,0
Acetobacter,0,0,0,0,0,0,0,0,0,0,0,0,0,0,0,0,0,0,0,0,0,0,0,0
Acidomonas,0,0,0,0,0,0,0,0,0,0,0,0,0,0,0,0,0,0,0,0,0,0,0,0
Asaia,0,0,0,0,0,0,0,0,0,0,0,0,0,0,0,0,0,0,0,0,0,0,0,0
Belnapia,0,0,0,0,0,0,0,0,0,0,0,0,0,0,0,0,0,0,0,0,0,0,0,0
Commensalibacter,0,0,0,0,0,0,0,0,0,0,0,0,0,0,0,0,0,0,0,0,0,0,0,0
Gluconacetobacter,0,0,0,0,0,0,0,0,0,0,0,0,0,0,0,0,0,0,0,0,0,0,0,0
Gluconobacter,0,0,0,0,0,0,0,0,0,0,0,0,0,0,0,0,0,0,0,0,0,0,0,0
Granulibacter,0,0,0,0,0,0,0,0,0,0,0,0,0,0,0,0,0,0,0,0,0,0,0,0
Humitalea,0,0,0,0,0,0,0,0,0,0,0,0,0,0,0,0,0,0,0,0,0,0,0,0
Komagataeibacter,0,0,0,0,0,0,0,0,0,0,0,0,0,0,0,0,0,0,0,0,0,0,0,0
Neokomagataea,0,0,0,0,0,0,0,0,0,0,0,0,0,0,0,0,0,0,0,0,0,0,0,0
Rhodovarius,0,0,0,0,0,0,0,0,0,0,0,0,0,0,0,0,0,0,0,0,0,0,0,0
Roseicella,0,0,0,0,0,0,0,0,0,0,0,0,0,0,0,0,0,0,0,0,0,0,0,0
Roseomonas,0,0,0,0,0,0,0,0,0,0,0,0,0,0,0,0,0,0,0,0,0,0,0,0
Rubritepida,0,0,0,0,0,0,0,0,0,0,0,0,0,0,0,0,0,0,0,0,0,0,0,0
Saccharibacter,0,0,0,0,0,0,0,0,0,0,0,0,0,0,0,0,0,0,0,0,0,0,0,0
Tanticharoenia,0,0,0,0,0,0,0,0,0,0,0,0,0,0,0,0,0,0,0,0,0,0,0,0
Indioceanicola,0,0,0,0,0,0,0,0,0,0,0,0,0,0,0,0,0,0,0,0,0,0,0,0
Niveispirillum,0,0,0,0,0,0,0,0,0,0,0,0,0,0,0,0,0,0,0,0,0,0,0,0
Oleisolibacter,0,0,0,0,0,0,0,0,0,0,0,0,0,0,0,0,0,0,0,0,0,0,0,0
Skermanella,0,0,0,0,0,0,0,0,0,0,0,0,0,0,0,0,0,0,0,0,0,0,0,0
Elioraea,0,0,0,0,0,0,0,0,0,0,0,0,0,0,0,0,0,0,0,0,0,0,0,0
Arboricoccus,0,0,0,0,0,0,0,0,0,0,0,0,0,0,0,0,0,0,0,0,0,0,0,0
Aestuariispira,0,0,0,0,0,0,0,0,0,0,0,0,0,0,0,0,0,0,0,0,0,0,0,0
Kiloniella,0,0,0,0,0,0,0,0,0,0,0,0,0,0,0,0,0,0,0,0,0,0,0,0
Candidatus_Endolissoclinum,0,0,0,0,0,0,0,0,0,0,0,0,0,0,0,0,0,0,0,0,0,0,0,0
Dongia,0,0,0,0,0,0,0,0,0,0,0,0,0,0,0,0,0,0,0,0,0,0,0,0
Elstera,0,0,0,0,0,0,0,0,0,0,0,0,0,0,0,0,0,0,0,0,0,0,0,0
Haematospirillum,0,0,0,0,0,0,0,0,0,0,0,0,0,0,0,0,0,0,0,0,0,0,0,0
Hwanghaeella,0,0,0,0,0,0,0,0,0,0,0,0,0,0,0,0,0,0,0,0,0,0,0,0
Inquilinus,0,0,0,0,0,0,0,0,0,0,0,0,0,0,0,0,0,0,0,0,0,0,0,0
Insolitispirillum,0,0,0,0,0,0,0,0,0,0,0,0,0,0,0,0,0,0,0,0,0,0,0,0
Magnetospirillum,0,0,0,0,0,0,0,0,0,0,0,0,0,0,0,0,0,0,0,0,0,0,0,0
Novispirillum,0,0,0,0,0,0,0,0,0,0,0,0,0,0,0,0,0,0,0,0,0,0,0,0
Pararhodospirillum,0,0,0,0,0,0,0,0,0,0,0,0,0,0,0,0,0,0,0,0,0,0,0,0
Rhodospira,0,0,0,0,0,0,0,0,0,0,0,0,0,0,0,0,0,0,0,0,0,0,0,0
Rhodospirillum,0,0,0,0,0,0,0,0,0,0,0,0,0,0,0,0,0,0,0,0,0,0,0,0
Roseospirillum,0,0,0,0,0,0,0,0,0,0,0,0,0,0,0,0,0,0,0,0,0,0,0,0
Telmatospirillum,0,0,0,0,0,0,0,0,0,0,0,0,0,0,0,0,0,0,0,0,0,0,0,0
Stella,0,0,0,0,0,0,0,0,0,0,0,0,0,0,0,0,0,0,0,0,0,0,0,0
Terasakiella,0,0,0,0,0,0,0,0,0,0,0,0,0,0,0,0,0,0,0,0,0,0,0,0
Nisaea,0,0,0,0,0,0,0,0,0,0,0,0,0,0,0,0,0,0,0,0,0,0,0,0
Oceanibaculum,0,0,0,0,0,0,0,0,0,0,0,0,0,0,0,0,0,0,0,0,0,0,0,0
Thalassobaculum,0,0,0,0,0,0,0,0,0,0,0,0,0,0,0,0,0,0,0,0,0,0,0,0
Magnetospira,0,0,0,0,0,0,0,0,0,0,0,0,0,0,0,0,0,0,0,0,0,0,0,0
Magnetovibrio,0,0,0,0,0,0,0,0,0,0,0,0,0,0,0,0,0,0,0,0,0,0,0,0
Thalassospira,0,0,0,0,0,0,0,0,0,0,0,0,0,0,0,0,0,0,0,0,0,0,0,0
Zavarzinia,0,0,0,0,0,0,0,0,0,0,0,0,0,0,0,0,0,0,0,0,0,0,0,0
Anaplasma,0,0,0,0,0,0,0,0,0,0,0,0,0,0,0,0,0,0,0,0,0,0,0,0
Candidatus_Neoehrlichia,0,0,0,0,0,0,0,0,0,0,0,0,0,0,0,0,0,0,0,0,0,0,0,0
Candidatus_Xenolissoclinum,0,0,0,0,0,0,0,0,0,0,0,0,0,0,0,0,0,0,0,0,0,0,0,0
Neorickettsia,0,0,0,0,0,0,0,0,0,0,0,0,0,0,0,0,0,0,0,0,0,0,0,0
Wolbachia,0,0,0,0,0,0,0,0,0,0,0,0,0,0,0,0,0,0,0,0,0,0,0,0
Candidatus_Aquarickettsia,0,0,0,0,0,0,0,0,0,0,0,0,0,0,0,0,0,0,0,0,0,0,0,0
Candidatus_Jidaibacter,0,0,0,0,0,0,0,0,0,0,0,0,0,0,0,0,0,0,0,0,0,0,0,0
Candidatus_Midichloria,0,0,0,0,0,0,0,0,0,0,0,0,0,0,0,0,0,0,0,0,0,0,0,0
Occidentia,0,0,0,0,0,0,0,0,0,0,0,0,0,0,0,0,0,0,0,0,0,0,0,0
Orientia,0,0,0,0,0,0,0,0,0,0,0,0,0,0,0,0,0,0,0,0,0,0,0,0
Rickettsia,0,0,0,0,0,0,0,0,0,0,0,0,0,0,0,0,0,0,0,0,0,0,0,0
Candidatus_Arcanobacter,0,0,0,0,0,0,0,0,0,0,0,0,0,0,0,0,0,0,0,0,0,0,0,0
Oceanibacterium,0,0,0,0,0,0,0,0,0,0,0,0,0,0,0,0,0,0,0,0,0,0,0,0
Sneathiella,0,0,0,0,0,0,0,0,0,0,0,0,0,0,0,0,0,0,0,0,0,0,0,0
Altererythrobacter,0,0,0,0,0,0,0,0,0,0,0,0,0,0,0,0,0,0,0,0,0,0,0,0
Aurantiacibacter,0,0,0,0,0,0,0,0,0,0,0,0,0,0,0,0,0,0,0,0,0,0,0,0
Croceibacterium,0,0,0,0,0,0,0,0,0,0,0,0,0,0,0,0,0,0,0,0,0,0,0,0
Croceicoccus,0,0,0,0,0,0,0,0,0,0,0,0,0,0,0,0,0,0,0,0,0,0,0,0
Erythrobacter,0,0,0,0,0,0,0,0,0,0,0,0,0,0,0,0,0,0,0,0,0,0,0,0
Porphyrobacter,0,0,0,0,0,0,0,0,0,0,0,0,0,0,0,0,0,0,0,0,0,0,0,0
Qipengyuania,0,0,0,0,0,0,0,0,0,0,0,0,0,0,0,0,0,0,0,0,0,0,0,0
Tsuneonella,0,0,0,0,0,0,0,0,0,0,0,0,0,0,0,0,0,0,0,0,0,0,0,0
Aestuariisphingobium,0,0,0,0,0,0,0,0,0,0,0,0,0,0,0,0,0,0,0,0,0,0,0,0
Blastomonas,0,0,0,0,0,0,0,0,0,0,0,0,0,0,0,0,0,0,0,0,0,0,0,0
Novosphingobium,0,0,0,0,0,0,0,0,0,0,0,0,0,0,0,0,0,0,0,0,0,0,0,0
Parasphingorhabdus,0,0,0,0,0,0,0,0,0,0,0,0,0,0,0,0,0,0,0,0,0,0,0,0
Rhizorhabdus,0,0,0,0,0,0,0,0,0,0,0,0,0,0,0,0,0,0,0,0,0,0,0,0
Sphingobium,0,0,0,0,0,0,0,0,0,0,0,0,0,0,0,0,0,0,0,0,0,0,0,0
Sphingomonas,0,0,0,0,0,0,0,0,0,0,0,0,0,0,0,0,0,0,0,0,0,0,0,0
Sphingopyxis,0,0,0,0,0,0,0,0,0,0,0,0,0,0,0,0,0,0,0,0,0,0,0,0
Sphingorhabdus,0,0,0,0,0,0,0,0,0,0,0,0,0,0,0,0,0,0,0,0,0,0,0,0
Tardibacter,0,0,0,0,0,0,0,0,0,0,0,0,0,0,0,0,0,0,0,0,0,0,0,0
Pacificimonas,0,0,0,0,0,0,0,0,0,0,0,0,0,0,0,0,0,0,0,0,0,0,0,0
Sphingosinicella,0,0,0,0,0,0,0,0,0,0,0,0,0,0,0,0,0,0,0,0,0,0,0,0
Zymomonas,0,0,0,0,0,0,0,0,0,0,0,0,0,0,0,0,0,0,0,0,0,0,0,0
Candidatus_Micropelagos,0,0,0,0,0,0,0,0,0,0,0,0,0,0,0,0,0,0,0,0,0,0,0,0
Candidatus_Puniceispirillum,0,0,0,0,0,0,0,0,0,0,0,0,0,0,0,0,0,0,0,0,0,0,0,0
Micavibrio,0,0,0,0,0,0,0,0,0,0,0,0,0,0,0,0,0,0,0,0,0,0,0,0
Thermopetrobacter,0,0,0,0,0,0,0,0,0,0,0,0,0,0,0,0,0,0,0,0,0,0,0,0
Achromobacter,0,0,0,0,0,0,0,0,0,0,0,0,0,0,0,0,0,0,0,0,0,0,0,0
Advenella,0,0,0,0,0,0,0,0,0,0,0,0,0,0,0,0,0,0,0,0,0,0,0,0
Alcaligenes,0,0,0,0,0,0,0,0,0,0,0,0,0,0,0,0,0,0,0,0,0,0,0,0
Azohydromonas,0,0,0,0,0,0,0,0,0,0,0,0,0,0,0,0,0,0,0,0,0,0,0,0
Basilea,0,0,0,0,0,0,0,0,0,0,0,0,0,0,0,0,0,0,0,0,0,0,0,0
Candidimonas,0,0,0,0,0,0,0,0,0,0,0,0,0,0,0,0,0,0,0,0,0,0,0,0
Castellaniella,0,0,0,0,0,0,0,0,0,0,0,0,0,0,0,0,0,0,0,0,0,0,0,0
Derxia,0,0,0,0,0,0,0,0,0,0,0,0,0,0,0,0,0,0,0,0,0,0,0,0
Eoetvoesia,0,0,0,0,0,0,0,0,0,0,0,0,0,0,0,0,0,0,0,0,0,0,0,0
Kerstersia,0,0,0,0,0,0,0,0,0,0,0,0,0,0,0,0,0,0,0,0,0,0,0,0
Oligella,0,0,0,0,0,0,0,0,0,0,0,0,0,0,0,0,0,0,0,0,0,0,0,0
Parvibium,0,0,0,0,0,0,0,0,0,0,0,0,0,0,0,0,0,0,0,0,0,0,0,0
Pelistega,0,0,0,0,0,0,0,0,0,0,0,0,0,0,0,0,0,0,0,0,0,0,0,0
Pigmentiphaga,0,0,0,0,0,0,0,0,0,0,0,0,0,0,0,0,0,0,0,0,0,0,0,0
Pusillimonas__ex_Stolz_et_al._2005_,0,0,0,0,0,0,0,0,0,0,0,0,0,0,0,0,0,0,0,0,0,0,0,0
Caballeronia,0,0,0,0,0,0,0,0,0,0,0,0,0,0,0,0,0,0,0,0,0,0,0,0
Candidatus_Glomeribacter,0,0,0,0,0,0,0,0,0,0,0,0,0,0,0,0,0,0,0,0,0,0,0,0
Chitinimonas,0,0,0,0,0,0,0,0,0,0,0,0,0,0,0,0,0,0,0,0,0,0,0,0
Lautropia,0,0,0,0,0,0,0,0,0,0,0,0,0,0,0,0,0,0,0,0,0,0,0,0
Limnobacter,0,0,0,0,0,0,0,0,0,0,0,0,0,0,0,0,0,0,0,0,0,0,0,0
Mycetohabitans,0,0,0,0,0,0,0,0,0,0,0,0,0,0,0,0,0,0,0,0,0,0,0,0
Mycoavidus,0,0,0,0,0,0,0,0,0,0,0,0,0,0,0,0,0,0,0,0,0,0,0,0
Pandoraea,0,0,0,0,0,0,0,0,0,0,0,0,0,0,0,0,0,0,0,0,0,0,0,0
Pararobbsia,0,0,0,0,0,0,0,0,0,0,0,0,0,0,0,0,0,0,0,0,0,0,0,0
Polynucleobacter,0,0,0,0,0,0,0,0,0,0,0,0,0,0,0,0,0,0,0,0,0,0,0,0
Ralstonia,0,0,0,0,0,0,0,0,0,0,0,0,0,0,0,0,0,0,0,0,0,0,0,0
Robbsia,0,0,0,0,0,0,0,0,0,0,0,0,0,0,0,0,0,0,0,0,0,0,0,0
Trinickia,0,0,0,0,0,0,0,0,0,0,0,0,0,0,0,0,0,0,0,0,0,0,0,0
Acidovorax,0,0,0,0,0,0,0,0,0,0,0,0,0,0,0,0,0,0,0,0,0,0,0,0
Albitalea,0,0,0,0,0,0,0,0,0,0,0,0,0,0,0,0,0,0,0,0,0,0,0,0
Alicycliphilus,0,0,0,0,0,0,0,0,0,0,0,0,0,0,0,0,0,0,0,0,0,0,0,0
Caenimonas,0,0,0,0,0,0,0,0,0,0,0,0,0,0,0,0,0,0,0,0,0,0,0,0
Caldimonas,0,0,0,0,0,0,0,0,0,0,0,0,0,0,0,0,0,0,0,0,0,0,0,0
Calidifontimicrobium,0,0,0,0,0,0,0,0,0,0,0,0,0,0,0,0,0,0,0,0,0,0,0,0
Candidatus_Symbiobacter,0,0,0,0,0,0,0,0,0,0,0,0,0,0,0,0,0,0,0,0,0,0,0,0
Comamonas,0,0,0,0,0,0,0,0,0,0,0,0,0,0,0,0,0,0,0,0,0,0,0,0
Curvibacter,0,0,0,0,0,0,0,0,0,0,0,0,0,0,0,0,0,0,0,0,0,0,0,0
Delftia,0,0,0,0,0,0,0,0,0,0,0,0,0,0,0,0,0,0,0,0,0,0,0,0
Extensimonas,0,0,0,0,0,0,0,0,0,0,0,0,0,0,0,0,0,0,0,0,0,0,0,0
Hydrogenophaga,0,0,0,0,0,0,0,0,0,0,0,0,0,0,0,0,0,0,0,0,0,0,0,0
Hylemonella,0,0,0,0,0,0,0,0,0,0,0,0,0,0,0,0,0,0,0,0,0,0,0,0
Limnohabitans,0,0,0,0,0,0,0,0,0,0,0,0,0,0,0,0,0,0,0,0,0,0,0,0
Macromonas,0,0,0,0,0,0,0,0,0,0,0,0,0,0,0,0,0,0,0,0,0,0,0,0
Malikia,0,0,0,0,0,0,0,0,0,0,0,0,0,0,0,0,0,0,0,0,0,0,0,0
Melaminivora,0,0,0,0,0,0,0,0,0,0,0,0,0,0,0,0,0,0,0,0,0,0,0,0
Pelomonas,0,0,0,0,0,0,0,0,0,0,0,0,0,0,0,0,0,0,0,0,0,0,0,0
Polaromonas,0,0,0,0,0,0,0,0,0,0,0,0,0,0,0,0,0,0,0,0,0,0,0,0
Pseudacidovorax,0,0,0,0,0,0,0,0,0,0,0,0,0,0,0,0,0,0,0,0,0,0,0,0
Pseudorhodoferax,0,0,0,0,0,0,0,0,0,0,0,0,0,0,0,0,0,0,0,0,0,0,0,0
Ramlibacter,0,0,0,0,0,0,0,0,0,0,0,0,0,0,0,0,0,0,0,0,0,0,0,0
Rhodoferax,0,0,0,0,0,0,0,0,0,0,0,0,0,0,0,0,0,0,0,0,0,0,0,0
Simplicispira,0,0,0,0,0,0,0,0,0,0,0,0,0,0,0,0,0,0,0,0,0,0,0,0
Variovorax,0,0,0,0,0,0,0,0,0,0,0,0,0,0,0,0,0,0,0,0,0,0,0,0
Xenophilus,0,0,0,0,0,0,0,0,0,0,0,0,0,0,0,0,0,0,0,0,0,0,0,0
Collimonas,0,0,0,0,0,0,0,0,0,0,0,0,0,0,0,0,0,0,0,0,0,0,0,0
Duganella,0,0,0,0,0,0,0,0,0,0,0,0,0,0,0,0,0,0,0,0,0,0,0,0
Herbaspirillum,0,0,0,0,0,0,0,0,0,0,0,0,0,0,0,0,0,0,0,0,0,0,0,0
Herminiimonas,0,0,0,0,0,0,0,0,0,0,0,0,0,0,0,0,0,0,0,0,0,0,0,0
Janthinobacterium,0,0,0,0,0,0,0,0,0,0,0,0,0,0,0,0,0,0,0,0,0,0,0,0
Massilia,0,0,0,0,0,0,0,0,0,0,0,0,0,0,0,0,0,0,0,0,0,0,0,0
Noviherbaspirillum,0,0,0,0,0,0,0,0,0,0,0,0,0,0,0,0,0,0,0,0,0,0,0,0
Oxalobacter,0,0,0,0,0,0,0,0,0,0,0,0,0,0,0,0,0,0,0,0,0,0,0,0
Pseudoduganella,0,0,0,0,0,0,0,0,0,0,0,0,0,0,0,0,0,0,0,0,0,0,0,0
Rugamonas,0,0,0,0,0,0,0,0,0,0,0,0,0,0,0,0,0,0,0,0,0,0,0,0
Undibacterium,0,0,0,0,0,0,0,0,0,0,0,0,0,0,0,0,0,0,0,0,0,0,0,0
Dakarella,0,0,0,0,0,0,0,0,0,0,0,0,0,0,0,0,0,0,0,0,0,0,0,0
Duodenibacillus,0,0,0,0,0,0,0,0,0,0,0,0,0,0,0,0,0,0,0,0,0,0,0,0
Mesosutterella,0,0,0,0,0,0,0,0,0,0,0,0,0,0,0,0,0,0,0,0,0,0,0,0
Aquabacterium,0,0,0,0,0,0,0,0,0,0,0,0,0,0,0,0,0,0,0,0,0,0,0,0
Aquincola,0,0,0,0,0,0,0,0,0,0,0,0,0,0,0,0,0,0,0,0,0,0,0,0
Ideonella,0,0,0,0,0,0,0,0,0,0,0,0,0,0,0,0,0,0,0,0,0,0,0,0
Inhella,0,0,0,0,0,0,0,0,0,0,0,0,0,0,0,0,0,0,0,0,0,0,0,0
Leptothrix,0,0,0,0,0,0,0,0,0,0,0,0,0,0,0,0,0,0,0,0,0,0,0,0
Mitsuaria,0,0,0,0,0,0,0,0,0,0,0,0,0,0,0,0,0,0,0,0,0,0,0,0
Paucibacter,0,0,0,0,0,0,0,0,0,0,0,0,0,0,0,0,0,0,0,0,0,0,0,0
Piscinibacter,0,0,0,0,0,0,0,0,0,0,0,0,0,0,0,0,0,0,0,0,0,0,0,0
Rhizobacter,0,0,0,0,0,0,0,0,0,0,0,0,0,0,0,0,0,0,0,0,0,0,0,0
Rivibacter,0,0,0,0,0,0,0,0,0,0,0,0,0,0,0,0,0,0,0,0,0,0,0,0
Roseateles,0,0,0,0,0,0,0,0,0,0,0,0,0,0,0,0,0,0,0,0,0,0,0,0
Sphaerotilus,0,0,0,0,0,0,0,0,0,0,0,0,0,0,0,0,0,0,0,0,0,0,0,0
Tepidimonas,0,0,0,0,0,0,0,0,0,0,0,0,0,0,0,0,0,0,0,0,0,0,0,0
Thiomonas,0,0,0,0,0,0,0,0,0,0,0,0,0,0,0,0,0,0,0,0,0,0,0,0
Ferrovum,0,0,0,0,0,0,0,0,0,0,0,0,0,0,0,0,0,0,0,0,0,0,0,0
Andreprevotia,0,0,0,0,0,0,0,0,0,0,0,0,0,0,0,0,0,0,0,0,0,0,0,0
Aquaspirillum,0,0,0,0,0,0,0,0,0,0,0,0,0,0,0,0,0,0,0,0,0,0,0,0
Aquitalea,0,0,0,0,0,0,0,0,0,0,0,0,0,0,0,0,0,0,0,0,0,0,0,0
Chitinibacter,0,0,0,0,0,0,0,0,0,0,0,0,0,0,0,0,0,0,0,0,0,0,0,0
Chitinilyticum,0,0,0,0,0,0,0,0,0,0,0,0,0,0,0,0,0,0,0,0,0,0,0,0
Chitiniphilus,0,0,0,0,0,0,0,0,0,0,0,0,0,0,0,0,0,0,0,0,0,0,0,0
Chromobacterium,0,0,0,0,0,0,0,0,0,0,0,0,0,0,0,0,0,0,0,0,0,0,0,0
Deefgea,0,0,0,0,0,0,0,0,0,0,0,0,0,0,0,0,0,0,0,0,0,0,0,0
Gulbenkiania,0,0,0,0,0,0,0,0,0,0,0,0,0,0,0,0,0,0,0,0,0,0,0,0
Jeongeupia,0,0,0,0,0,0,0,0,0,0,0,0,0,0,0,0,0,0,0,0,0,0,0,0
Laribacter,0,0,0,0,0,0,0,0,0,0,0,0,0,0,0,0,0,0,0,0,0,0,0,0
Leeia,0,0,0,0,0,0,0,0,0,0,0,0,0,0,0,0,0,0,0,0,0,0,0,0
Microvirgula,0,0,0,0,0,0,0,0,0,0,0,0,0,0,0,0,0,0,0,0,0,0,0,0
Pseudogulbenkiania,0,0,0,0,0,0,0,0,0,0,0,0,0,0,0,0,0,0,0,0,0,0,0,0
Vogesella,0,0,0,0,0,0,0,0,0,0,0,0,0,0,0,0,0,0,0,0,0,0,0,0
Alysiella,0,0,0,0,0,0,0,0,0,0,0,0,0,0,0,0,0,0,0,0,0,0,0,0
Amantichitinum,0,0,0,0,0,0,0,0,0,0,0,0,0,0,0,0,0,0,0,0,0,0,0,0
Aquella,0,0,0,0,0,0,0,0,0,0,0,0,0,0,0,0,0,0,0,0,0,0,0,0
Bergeriella,0,0,0,0,0,0,0,0,0,0,0,0,0,0,0,0,0,0,0,0,0,0,0,0
Conchiformibius,0,0,0,0,0,0,0,0,0,0,0,0,0,0,0,0,0,0,0,0,0,0,0,0
Crenobacter,0,0,0,0,0,0,0,0,0,0,0,0,0,0,0,0,0,0,0,0,0,0,0,0
Eikenella,0,0,0,0,0,0,0,0,0,0,0,0,0,0,0,0,0,0,0,0,0,0,0,0
Kingella,0,0,0,0,0,0,0,0,0,0,0,0,0,0,0,0,0,0,0,0,0,0,0,0
Neisseria,0,0,0,0,0,0,0,0,0,0,0,0,0,0,0,0,0,0,0,0,0,0,0,0
Rivicola,0,0,0,0,0,0,0,0,0,0,0,0,0,0,0,0,0,0,0,0,0,0,0,0
Simonsiella,0,0,0,0,0,0,0,0,0,0,0,0,0,0,0,0,0,0,0,0,0,0,0,0
Snodgrassella,0,0,0,0,0,0,0,0,0,0,0,0,0,0,0,0,0,0,0,0,0,0,0,0
Stenoxybacter,0,0,0,0,0,0,0,0,0,0,0,0,0,0,0,0,0,0,0,0,0,0,0,0
Vitreoscilla,0,0,0,0,0,0,0,0,0,0,0,0,0,0,0,0,0,0,0,0,0,0,0,0
Candidatus_Nitrotoga,0,0,0,0,0,0,0,0,0,0,0,0,0,0,0,0,0,0,0,0,0,0,0,0
Ferriphaselus,0,0,0,0,0,0,0,0,0,0,0,0,0,0,0,0,0,0,0,0,0,0,0,0
Gallionella,0,0,0,0,0,0,0,0,0,0,0,0,0,0,0,0,0,0,0,0,0,0,0,0
Methylobacillus,0,0,0,0,0,0,0,0,0,0,0,0,0,0,0,0,0,0,0,0,0,0,0,0
Methylophilus,0,0,0,0,0,0,0,0,0,0,0,0,0,0,0,0,0,0,0,0,0,0,0,0
Methylotenera,0,0,0,0,0,0,0,0,0,0,0,0,0,0,0,0,0,0,0,0,0,0,0,0
Methylovorus,0,0,0,0,0,0,0,0,0,0,0,0,0,0,0,0,0,0,0,0,0,0,0,0
Novimethylophilus,0,0,0,0,0,0,0,0,0,0,0,0,0,0,0,0,0,0,0,0,0,0,0,0
Nitrosomonas,0,0,0,0,0,0,0,0,0,0,0,0,0,0,0,0,0,0,0,0,0,0,0,0
Nitrosospira,0,0,0,0,0,0,0,0,0,0,0,0,0,0,0,0,0,0,0,0,0,0,0,0
Nitrosovibrio,0,0,0,0,0,0,0,0,0,0,0,0,0,0,0,0,0,0,0,0,0,0,0,0
Methyloversatilis,0,0,0,0,0,0,0,0,0,0,0,0,0,0,0,0,0,0,0,0,0,0,0,0
Sulfuritalea,0,0,0,0,0,0,0,0,0,0,0,0,0,0,0,0,0,0,0,0,0,0,0,0
Sulfuricella,0,0,0,0,0,0,0,0,0,0,0,0,0,0,0,0,0,0,0,0,0,0,0,0
Sulfuriferula,0,0,0,0,0,0,0,0,0,0,0,0,0,0,0,0,0,0,0,0,0,0,0,0
Sulfurirhabdus,0,0,0,0,0,0,0,0,0,0,0,0,0,0,0,0,0,0,0,0,0,0,0,0
Sulfuritortus,0,0,0,0,0,0,0,0,0,0,0,0,0,0,0,0,0,0,0,0,0,0,0,0
Thiobacillus,0,0,0,0,0,0,0,0,0,0,0,0,0,0,0,0,0,0,0,0,0,0,0,0
Azonexus,0,0,0,0,0,0,0,0,0,0,0,0,0,0,0,0,0,0,0,0,0,0,0,0
Dechloromonas,0,0,0,0,0,0,0,0,0,0,0,0,0,0,0,0,0,0,0,0,0,0,0,0
Aromatoleum,0,0,0,0,0,0,0,0,0,0,0,0,0,0,0,0,0,0,0,0,0,0,0,0
Azospira,0,0,0,0,0,0,0,0,0,0,0,0,0,0,0,0,0,0,0,0,0,0,0,0
Azovibrio,0,0,0,0,0,0,0,0,0,0,0,0,0,0,0,0,0,0,0,0,0,0,0,0
Candidatus_Dactylopiibacterium,0,0,0,0,0,0,0,0,0,0,0,0,0,0,0,0,0,0,0,0,0,0,0,0
Propionivibrio,0,0,0,0,0,0,0,0,0,0,0,0,0,0,0,0,0,0,0,0,0,0,0,0
Rugosibacter,0,0,0,0,0,0,0,0,0,0,0,0,0,0,0,0,0,0,0,0,0,0,0,0
Azoarcus,0,0,0,0,0,0,0,0,0,0,0,0,0,0,0,0,0,0,0,0,0,0,0,0
Thauera,0,0,0,0,0,0,0,0,0,0,0,0,0,0,0,0,0,0,0,0,0,0,0,0
Uliginosibacterium,0,0,0,0,0,0,0,0,0,0,0,0,0,0,0,0,0,0,0,0,0,0,0,0
Zoogloea,0,0,0,0,0,0,0,0,0,0,0,0,0,0,0,0,0,0,0,0,0,0,0,0
Bradymonas,0,0,0,0,0,0,0,0,0,0,0,0,0,0,0,0,0,0,0,0,0,0,0,0
Lujinxingia,0,0,0,0,0,0,0,0,0,0,0,0,0,0,0,0,0,0,0,0,0,0,0,0
Desulfarculus,0,0,0,0,0,0,0,0,0,0,0,0,0,0,0,0,0,0,0,0,0,0,0,0
Desulfocarbo,0,0,0,0,0,0,0,0,0,0,0,0,0,0,0,0,0,0,0,0,0,0,0,0
Dethiosulfatarculus,0,0,0,0,0,0,0,0,0,0,0,0,0,0,0,0,0,0,0,0,0,0,0,0
Candidatus_Magnetoglobus,0,0,0,0,0,0,0,0,0,0,0,0,0,0,0,0,0,0,0,0,0,0,0,0
Candidatus_Magnetomorum,0,0,0,0,0,0,0,0,0,0,0,0,0,0,0,0,0,0,0,0,0,0,0,0
Desulfamplus,0,0,0,0,0,0,0,0,0,0,0,0,0,0,0,0,0,0,0,0,0,0,0,0
Desulfatibacillum,0,0,0,0,0,0,0,0,0,0,0,0,0,0,0,0,0,0,0,0,0,0,0,0
Desulfatiglans,0,0,0,0,0,0,0,0,0,0,0,0,0,0,0,0,0,0,0,0,0,0,0,0
Desulfatirhabdium,0,0,0,0,0,0,0,0,0,0,0,0,0,0,0,0,0,0,0,0,0,0,0,0
Desulfatitalea,0,0,0,0,0,0,0,0,0,0,0,0,0,0,0,0,0,0,0,0,0,0,0,0
Desulfobacter,0,0,0,0,0,0,0,0,0,0,0,0,0,0,0,0,0,0,0,0,0,0,0,0
Desulfobacterium,0,0,0,0,0,0,0,0,0,0,0,0,0,0,0,0,0,0,0,0,0,0,0,0
Desulfobacula,0,0,0,0,0,0,0,0,0,0,0,0,0,0,0,0,0,0,0,0,0,0,0,0
Desulfocicer,0,0,0,0,0,0,0,0,0,0,0,0,0,0,0,0,0,0,0,0,0,0,0,0
Desulfococcus,0,0,0,0,0,0,0,0,0,0,0,0,0,0,0,0,0,0,0,0,0,0,0,0
Desulfoluna,0,0,0,0,0,0,0,0,0,0,0,0,0,0,0,0,0,0,0,0,0,0,0,0
Desulfonema,0,0,0,0,0,0,0,0,0,0,0,0,0,0,0,0,0,0,0,0,0,0,0,0
Desulforapulum,0,0,0,0,0,0,0,0,0,0,0,0,0,0,0,0,0,0,0,0,0,0,0,0
Desulforegula,0,0,0,0,0,0,0,0,0,0,0,0,0,0,0,0,0,0,0,0,0,0,0,0
Desulfosarcina,0,0,0,0,0,0,0,0,0,0,0,0,0,0,0,0,0,0,0,0,0,0,0,0
Desulfospira,0,0,0,0,0,0,0,0,0,0,0,0,0,0,0,0,0,0,0,0,0,0,0,0
Candidatus_Electronema,0,0,0,0,0,0,0,0,0,0,0,0,0,0,0,0,0,0,0,0,0,0,0,0
Candidatus_Electrothrix,0,0,0,0,0,0,0,0,0,0,0,0,0,0,0,0,0,0,0,0,0,0,0,0
Desulfogranum,0,0,0,0,0,0,0,0,0,0,0,0,0,0,0,0,0,0,0,0,0,0,0,0
Desulfurivibrio,0,0,0,0,0,0,0,0,0,0,0,0,0,0,0,0,0,0,0,0,0,0,0,0
Desulfopila,0,0,0,0,0,0,0,0,0,0,0,0,0,0,0,0,0,0,0,0,0,0,0,0
Desulforhopalus,0,0,0,0,0,0,0,0,0,0,0,0,0,0,0,0,0,0,0,0,0,0,0,0
Desulfotalea,0,0,0,0,0,0,0,0,0,0,0,0,0,0,0,0,0,0,0,0,0,0,0,0
Desulfosudis,0,0,0,0,0,0,0,0,0,0,0,0,0,0,0,0,0,0,0,0,0,0,0,0
Desulfohalobium,0,0,0,0,0,0,0,0,0,0,0,0,0,0,0,0,0,0,0,0,0,0,0,0
Desulfonatronospira,0,0,0,0,0,0,0,0,0,0,0,0,0,0,0,0,0,0,0,0,0,0,0,0
Desulfonatronovibrio,0,0,0,0,0,0,0,0,0,0,0,0,0,0,0,0,0,0,0,0,0,0,0,0
Desulfovermiculus,0,0,0,0,0,0,0,0,0,0,0,0,0,0,0,0,0,0,0,0,0,0,0,0
Desulfomicrobium,0,0,0,0,0,0,0,0,0,0,0,0,0,0,0,0,0,0,0,0,0,0,0,0
Desulfonatronum,0,0,0,0,0,0,0,0,0,0,0,0,0,0,0,0,0,0,0,0,0,0,0,0
Cupidesulfovibrio,0,0,0,0,0,0,0,0,0,0,0,0,0,0,0,0,0,0,0,0,0,0,0,0
Desulfocurvibacter,0,0,0,0,0,0,0,0,0,0,0,0,0,0,0,0,0,0,0,0,0,0,0,0
Desulfocurvus,0,0,0,0,0,0,0,0,0,0,0,0,0,0,0,0,0,0,0,0,0,0,0,0
Desulfohalovibrio,0,0,0,0,0,0,0,0,0,0,0,0,0,0,0,0,0,0,0,0,0,0,0,0
Lawsonia,0,0,0,0,0,0,0,0,0,0,0,0,0,0,0,0,0,0,0,0,0,0,0,0
Pseudodesulfovibrio,0,0,0,0,0,0,0,0,0,0,0,0,0,0,0,0,0,0,0,0,0,0,0,0
Desulfurella,0,0,0,0,0,0,0,0,0,0,0,0,0,0,0,0,0,0,0,0,0,0,0,0
Hippea,0,0,0,0,0,0,0,0,0,0,0,0,0,0,0,0,0,0,0,0,0,0,0,0
Desulfuromusa,0,0,0,0,0,0,0,0,0,0,0,0,0,0,0,0,0,0,0,0,0,0,0,0
Malonomonas,0,0,0,0,0,0,0,0,0,0,0,0,0,0,0,0,0,0,0,0,0,0,0,0
Pelobacter,0,0,0,0,0,0,0,0,0,0,0,0,0,0,0,0,0,0,0,0,0,0,0,0
Citrifermentans,0,0,0,0,0,0,0,0,0,0,0,0,0,0,0,0,0,0,0,0,0,0,0,0
Geoalkalibacter,0,0,0,0,0,0,0,0,0,0,0,0,0,0,0,0,0,0,0,0,0,0,0,0
Geomonas,0,0,0,0,0,0,0,0,0,0,0,0,0,0,0,0,0,0,0,0,0,0,0,0
Geopsychrobacter,0,0,0,0,0,0,0,0,0,0,0,0,0,0,0,0,0,0,0,0,0,0,0,0
Geothermobacter,0,0,0,0,0,0,0,0,0,0,0,0,0,0,0,0,0,0,0,0,0,0,0,0
Syntrophotalea,0,0,0,0,0,0,0,0,0,0,0,0,0,0,0,0,0,0,0,0,0,0,0,0
Anaeromyxobacter,0,0,0,0,0,0,0,0,0,0,0,0,0,0,0,0,0,0,0,0,0,0,0,0
Archangium,0,0,0,0,0,0,0,0,0,0,0,0,0,0,0,0,0,0,0,0,0,0,0,0
Cystobacter,0,0,0,0,0,0,0,0,0,0,0,0,0,0,0,0,0,0,0,0,0,0,0,0
Hyalangium,0,0,0,0,0,0,0,0,0,0,0,0,0,0,0,0,0,0,0,0,0,0,0,0
Melittangium,0,0,0,0,0,0,0,0,0,0,0,0,0,0,0,0,0,0,0,0,0,0,0,0
Stigmatella,0,0,0,0,0,0,0,0,0,0,0,0,0,0,0,0,0,0,0,0,0,0,0,0
Vitiosangium,0,0,0,0,0,0,0,0,0,0,0,0,0,0,0,0,0,0,0,0,0,0,0,0
Haliangium,0,0,0,0,0,0,0,0,0,0,0,0,0,0,0,0,0,0,0,0,0,0,0,0
Labilithrix,0,0,0,0,0,0,0,0,0,0,0,0,0,0,0,0,0,0,0,0,0,0,0,0
Myxococcus,0,0,0,0,0,0,0,0,0,0,0,0,0,0,0,0,0,0,0,0,0,0,0,0
Nannocystis,0,0,0,0,0,0,0,0,0,0,0,0,0,0,0,0,0,0,0,0,0,0,0,0
Plesiocystis,0,0,0,0,0,0,0,0,0,0,0,0,0,0,0,0,0,0,0,0,0,0,0,0
Chondromyces,0,0,0,0,0,0,0,0,0,0,0,0,0,0,0,0,0,0,0,0,0,0,0,0
Sorangium,0,0,0,0,0,0,0,0,0,0,0,0,0,0,0,0,0,0,0,0,0,0,0,0
Sandaracinus,0,0,0,0,0,0,0,0,0,0,0,0,0,0,0,0,0,0,0,0,0,0,0,0
Enhygromyxa,0,0,0,0,0,0,0,0,0,0,0,0,0,0,0,0,0,0,0,0,0,0,0,0
Minicystis,0,0,0,0,0,0,0,0,0,0,0,0,0,0,0,0,0,0,0,0,0,0,0,0
Vulgatibacter,0,0,0,0,0,0,0,0,0,0,0,0,0,0,0,0,0,0,0,0,0,0,0,0
Desulfobacca,0,0,0,0,0,0,0,0,0,0,0,0,0,0,0,0,0,0,0,0,0,0,0,0
Smithella,0,0,0,0,0,0,0,0,0,0,0,0,0,0,0,0,0,0,0,0,0,0,0,0
Syntrophus,0,0,0,0,0,0,0,0,0,0,0,0,0,0,0,0,0,0,0,0,0,0,0,0
Desulfosoma,0,0,0,0,0,0,0,0,0,0,0,0,0,0,0,0,0,0,0,0,0,0,0,0
Syntrophobacter,0,0,0,0,0,0,0,0,0,0,0,0,0,0,0,0,0,0,0,0,0,0,0,0
Thermodesulforhabdus,0,0,0,0,0,0,0,0,0,0,0,0,0,0,0,0,0,0,0,0,0,0,0,0
Syntrophorhabdus,0,0,0,0,0,0,0,0,0,0,0,0,0,0,0,0,0,0,0,0,0,0,0,0
Candidatus_Desulfofervidus,0,0,0,0,0,0,0,0,0,0,0,0,0,0,0,0,0,0,0,0,0,0,0,0
Dissulfuribacter,0,0,0,0,0,0,0,0,0,0,0,0,0,0,0,0,0,0,0,0,0,0,0,0
Arcobacter,0,0,0,0,0,0,0,0,0,0,0,0,0,0,0,0,0,0,0,0,0,0,0,0
Candidatus_Marinarcus,0,0,0,0,0,0,0,0,0,0,0,0,0,0,0,0,0,0,0,0,0,0,0,0
Halarcobacter,0,0,0,0,0,0,0,0,0,0,0,0,0,0,0,0,0,0,0,0,0,0,0,0
Malaciobacter,0,0,0,0,0,0,0,0,0,0,0,0,0,0,0,0,0,0,0,0,0,0,0,0
Poseidonibacter,0,0,0,0,0,0,0,0,0,0,0,0,0,0,0,0,0,0,0,0,0,0,0,0
Sulfurospirillum,0,0,0,0,0,0,0,0,0,0,0,0,0,0,0,0,0,0,0,0,0,0,0,0
Wolinella,0,0,0,0,0,0,0,0,0,0,0,0,0,0,0,0,0,0,0,0,0,0,0,0
Hydrogenimonas,0,0,0,0,0,0,0,0,0,0,0,0,0,0,0,0,0,0,0,0,0,0,0,0
Sulfurovum,0,0,0,0,0,0,0,0,0,0,0,0,0,0,0,0,0,0,0,0,0,0,0,0
Sulfuricurvum,0,0,0,0,0,0,0,0,0,0,0,0,0,0,0,0,0,0,0,0,0,0,0,0
Sulfurimonas,0,0,0,0,0,0,0,0,0,0,0,0,0,0,0,0,0,0,0,0,0,0,0,0
Thiovulum,0,0,0,0,0,0,0,0,0,0,0,0,0,0,0,0,0,0,0,0,0,0,0,0
Caminibacter,0,0,0,0,0,0,0,0,0,0,0,0,0,0,0,0,0,0,0,0,0,0,0,0
Lebetimonas,0,0,0,0,0,0,0,0,0,0,0,0,0,0,0,0,0,0,0,0,0,0,0,0
Nautilia,0,0,0,0,0,0,0,0,0,0,0,0,0,0,0,0,0,0,0,0,0,0,0,0
Nitratiruptor,0,0,0,0,0,0,0,0,0,0,0,0,0,0,0,0,0,0,0,0,0,0,0,0
Acidiferrobacter,0,0,0,0,0,0,0,0,0,0,0,0,0,0,0,0,0,0,0,0,0,0,0,0
Sulfurifustis,0,0,0,0,0,0,0,0,0,0,0,0,0,0,0,0,0,0,0,0,0,0,0,0
Aeromonas,0,0,0,0,0,0,0,0,0,0,0,0,0,0,0,0,0,0,0,0,0,0,0,0
Dongshaea,0,0,0,0,0,0,0,0,0,0,0,0,0,0,0,0,0,0,0,0,0,0,0,0
Oceanimonas,0,0,0,0,0,0,0,0,0,0,0,0,0,0,0,0,0,0,0,0,0,0,0,0
Oceanisphaera,0,0,0,0,0,0,0,0,0,0,0,0,0,0,0,0,0,0,0,0,0,0,0,0
Tolumonas,0,0,0,0,0,0,0,0,0,0,0,0,0,0,0,0,0,0,0,0,0,0,0,0
Zobellella,0,0,0,0,0,0,0,0,0,0,0,0,0,0,0,0,0,0,0,0,0,0,0,0
Ruminobacter,0,0,0,0,0,0,0,0,0,0,0,0,0,0,0,0,0,0,0,0,0,0,0,0
Succinatimonas,0,0,0,0,0,0,0,0,0,0,0,0,0,0,0,0,0,0,0,0,0,0,0,0
Succinimonas,0,0,0,0,0,0,0,0,0,0,0,0,0,0,0,0,0,0,0,0,0,0,0,0
Agarivorans,0,0,0,0,0,0,0,0,0,0,0,0,0,0,0,0,0,0,0,0,0,0,0,0
Algibacillus,0,0,0,0,0,0,0,0,0,0,0,0,0,0,0,0,0,0,0,0,0,0,0,0
Aliagarivorans,0,0,0,0,0,0,0,0,0,0,0,0,0,0,0,0,0,0,0,0,0,0,0,0
Aliiglaciecola,0,0,0,0,0,0,0,0,0,0,0,0,0,0,0,0,0,0,0,0,0,0,0,0
Alishewanella,0,0,0,0,0,0,0,0,0,0,0,0,0,0,0,0,0,0,0,0,0,0,0,0
Alteromonas,0,0,0,0,0,0,0,0,0,0,0,0,0,0,0,0,0,0,0,0,0,0,0,0
Bowmanella,0,0,0,0,0,0,0,0,0,0,0,0,0,0,0,0,0,0,0,0,0,0,0,0
Gayadomonas,0,0,0,0,0,0,0,0,0,0,0,0,0,0,0,0,0,0,0,0,0,0,0,0
Glaciecola,0,0,0,0,0,0,0,0,0,0,0,0,0,0,0,0,0,0,0,0,0,0,0,0
Lacimicrobium,0,0,0,0,0,0,0,0,0,0,0,0,0,0,0,0,0,0,0,0,0,0,0,0
Paraglaciecola,0,0,0,0,0,0,0,0,0,0,0,0,0,0,0,0,0,0,0,0,0,0,0,0
Salinimonas,0,0,0,0,0,0,0,0,0,0,0,0,0,0,0,0,0,0,0,0,0,0,0,0
Saliniradius,0,0,0,0,0,0,0,0,0,0,0,0,0,0,0,0,0,0,0,0,0,0,0,0
Colwellia,0,0,0,0,0,0,0,0,0,0,0,0,0,0,0,0,0,0,0,0,0,0,0,0
Litorilituus,0,0,0,0,0,0,0,0,0,0,0,0,0,0,0,0,0,0,0,0,0,0,0,0
Thalassomonas,0,0,0,0,0,0,0,0,0,0,0,0,0,0,0,0,0,0,0,0,0,0,0,0
Thalassotalea,0,0,0,0,0,0,0,0,0,0,0,0,0,0,0,0,0,0,0,0,0,0,0,0
Ferrimonas,0,0,0,0,0,0,0,0,0,0,0,0,0,0,0,0,0,0,0,0,0,0,0,0
Aliidiomarina,0,0,0,0,0,0,0,0,0,0,0,0,0,0,0,0,0,0,0,0,0,0,0,0
Idiomarina,0,0,0,0,0,0,0,0,0,0,0,0,0,0,0,0,0,0,0,0,0,0,0,0
Pseudidiomarina,0,0,0,0,0,0,0,0,0,0,0,0,0,0,0,0,0,0,0,0,0,0,0,0
Moritella,0,0,0,0,0,0,0,0,0,0,0,0,0,0,0,0,0,0,0,0,0,0,0,0
Pseudoalteromonas,0,0,0,0,0,0,0,0,0,0,0,0,0,0,0,0,0,0,0,0,0,0,0,0
Psychrosphaera,0,0,0,0,0,0,0,0,0,0,0,0,0,0,0,0,0,0,0,0,0,0,0,0
Psychromonas,0,0,0,0,0,0,0,0,0,0,0,0,0,0,0,0,0,0,0,0,0,0,0,0
Shewanella,0,0,0,0,0,0,0,0,0,0,0,0,0,0,0,0,0,0,0,0,0,0,0,0
Motilimonas,0,0,0,0,0,0,0,0,0,0,0,0,0,0,0,0,0,0,0,0,0,0,0,0
Neiella,0,0,0,0,0,0,0,0,0,0,0,0,0,0,0,0,0,0,0,0,0,0,0,0
Arenicella,0,0,0,0,0,0,0,0,0,0,0,0,0,0,0,0,0,0,0,0,0,0,0,0
Cardiobacterium,0,0,0,0,0,0,0,0,0,0,0,0,0,0,0,0,0,0,0,0,0,0,0,0
Dichelobacter,0,0,0,0,0,0,0,0,0,0,0,0,0,0,0,0,0,0,0,0,0,0,0,0
Suttonella,0,0,0,0,0,0,0,0,0,0,0,0,0,0,0,0,0,0,0,0,0,0,0,0
Agaribacterium,0,0,0,0,0,0,0,0,0,0,0,0,0,0,0,0,0,0,0,0,0,0,0,0
Agarilytica,0,0,0,0,0,0,0,0,0,0,0,0,0,0,0,0,0,0,0,0,0,0,0,0
Candidatus_Endobugula,0,0,0,0,0,0,0,0,0,0,0,0,0,0,0,0,0,0,0,0,0,0,0,0
Cellvibrio,0,0,0,0,0,0,0,0,0,0,0,0,0,0,0,0,0,0,0,0,0,0,0,0
Gilvimarinus,0,0,0,0,0,0,0,0,0,0,0,0,0,0,0,0,0,0,0,0,0,0,0,0
Marinagarivorans,0,0,0,0,0,0,0,0,0,0,0,0,0,0,0,0,0,0,0,0,0,0,0,0
Marinimicrobium,0,0,0,0,0,0,0,0,0,0,0,0,0,0,0,0,0,0,0,0,0,0,0,0
Simiduia,0,0,0,0,0,0,0,0,0,0,0,0,0,0,0,0,0,0,0,0,0,0,0,0
Teredinibacter,0,0,0,0,0,0,0,0,0,0,0,0,0,0,0,0,0,0,0,0,0,0,0,0
Chromatocurvus,0,0,0,0,0,0,0,0,0,0,0,0,0,0,0,0,0,0,0,0,0,0,0,0
Congregibacter,0,0,0,0,0,0,0,0,0,0,0,0,0,0,0,0,0,0,0,0,0,0,0,0
Haliea,0,0,0,0,0,0,0,0,0,0,0,0,0,0,0,0,0,0,0,0,0,0,0,0
Halioglobus,0,0,0,0,0,0,0,0,0,0,0,0,0,0,0,0,0,0,0,0,0,0,0,0
Kineobactrum,0,0,0,0,0,0,0,0,0,0,0,0,0,0,0,0,0,0,0,0,0,0,0,0
Parahaliea,0,0,0,0,0,0,0,0,0,0,0,0,0,0,0,0,0,0,0,0,0,0,0,0
Microbulbifer,0,0,0,0,0,0,0,0,0,0,0,0,0,0,0,0,0,0,0,0,0,0,0,0
Porticoccus,0,0,0,0,0,0,0,0,0,0,0,0,0,0,0,0,0,0,0,0,0,0,0,0
Sinobacterium,0,0,0,0,0,0,0,0,0,0,0,0,0,0,0,0,0,0,0,0,0,0,0,0
Zhongshania,0,0,0,0,0,0,0,0,0,0,0,0,0,0,0,0,0,0,0,0,0,0,0,0
Allochromatium,0,0,0,0,0,0,0,0,0,0,0,0,0,0,0,0,0,0,0,0,0,0,0,0
Arsukibacterium,0,0,0,0,0,0,0,0,0,0,0,0,0,0,0,0,0,0,0,0,0,0,0,0
Candidatus_Nitrosoglobus,0,0,0,0,0,0,0,0,0,0,0,0,0,0,0,0,0,0,0,0,0,0,0,0
Candidatus_Thiosymbion,0,0,0,0,0,0,0,0,0,0,0,0,0,0,0,0,0,0,0,0,0,0,0,0
Imhoffiella,0,0,0,0,0,0,0,0,0,0,0,0,0,0,0,0,0,0,0,0,0,0,0,0
Lamprocystis,0,0,0,0,0,0,0,0,0,0,0,0,0,0,0,0,0,0,0,0,0,0,0,0
Marichromatium,0,0,0,0,0,0,0,0,0,0,0,0,0,0,0,0,0,0,0,0,0,0,0,0
Nitrosococcus,0,0,0,0,0,0,0,0,0,0,0,0,0,0,0,0,0,0,0,0,0,0,0,0
Pararheinheimera,0,0,0,0,0,0,0,0,0,0,0,0,0,0,0,0,0,0,0,0,0,0,0,0
Rheinheimera,0,0,0,0,0,0,0,0,0,0,0,0,0,0,0,0,0,0,0,0,0,0,0,0
Thiocapsa,0,0,0,0,0,0,0,0,0,0,0,0,0,0,0,0,0,0,0,0,0,0,0,0
Thiocystis,0,0,0,0,0,0,0,0,0,0,0,0,0,0,0,0,0,0,0,0,0,0,0,0
Thiodictyon,0,0,0,0,0,0,0,0,0,0,0,0,0,0,0,0,0,0,0,0,0,0,0,0
Thiohalocapsa,0,0,0,0,0,0,0,0,0,0,0,0,0,0,0,0,0,0,0,0,0,0,0,0
Thiorhodococcus,0,0,0,0,0,0,0,0,0,0,0,0,0,0,0,0,0,0,0,0,0,0,0,0
Thiorhodovibrio,0,0,0,0,0,0,0,0,0,0,0,0,0,0,0,0,0,0,0,0,0,0,0,0
Acidihalobacter,0,0,0,0,0,0,0,0,0,0,0,0,0,0,0,0,0,0,0,0,0,0,0,0
Alkalilimnicola,0,0,0,0,0,0,0,0,0,0,0,0,0,0,0,0,0,0,0,0,0,0,0,0
Aquisalimonas,0,0,0,0,0,0,0,0,0,0,0,0,0,0,0,0,0,0,0,0,0,0,0,0
Arhodomonas,0,0,0,0,0,0,0,0,0,0,0,0,0,0,0,0,0,0,0,0,0,0,0,0
Ectothiorhodosinus,0,0,0,0,0,0,0,0,0,0,0,0,0,0,0,0,0,0,0,0,0,0,0,0
Ectothiorhodospira,0,0,0,0,0,0,0,0,0,0,0,0,0,0,0,0,0,0,0,0,0,0,0,0
Halorhodospira,0,0,0,0,0,0,0,0,0,0,0,0,0,0,0,0,0,0,0,0,0,0,0,0
Nitrococcus,0,0,0,0,0,0,0,0,0,0,0,0,0,0,0,0,0,0,0,0,0,0,0,0
Oceanococcus,0,0,0,0,0,0,0,0,0,0,0,0,0,0,0,0,0,0,0,0,0,0,0,0
Spiribacter,0,0,0,0,0,0,0,0,0,0,0,0,0,0,0,0,0,0,0,0,0,0,0,0
Thioalbus,0,0,0,0,0,0,0,0,0,0,0,0,0,0,0,0,0,0,0,0,0,0,0,0
Thioalkalivibrio,0,0,0,0,0,0,0,0,0,0,0,0,0,0,0,0,0,0,0,0,0,0,0,0
Thiohalomonas,0,0,0,0,0,0,0,0,0,0,0,0,0,0,0,0,0,0,0,0,0,0,0,0
Thiorhodospira,0,0,0,0,0,0,0,0,0,0,0,0,0,0,0,0,0,0,0,0,0,0,0,0
Granulosicoccus,0,0,0,0,0,0,0,0,0,0,0,0,0,0,0,0,0,0,0,0,0,0,0,0
Sulfuriflexus,0,0,0,0,0,0,0,0,0,0,0,0,0,0,0,0,0,0,0,0,0,0,0,0
Halothiobacillus,0,0,0,0,0,0,0,0,0,0,0,0,0,0,0,0,0,0,0,0,0,0,0,0
Sulfurivermis,0,0,0,0,0,0,0,0,0,0,0,0,0,0,0,0,0,0,0,0,0,0,0,0
Wenzhouxiangella,0,0,0,0,0,0,0,0,0,0,0,0,0,0,0,0,0,0,0,0,0,0,0,0
Budvicia,0,0,0,0,0,0,0,0,0,0,0,0,0,0,0,0,0,0,0,0,0,0,0,0
Limnobaculum,0,0,0,0,0,0,0,0,0,0,0,0,0,0,0,0,0,0,0,0,0,0,0,0
Pragia,0,0,0,0,0,0,0,0,0,0,0,0,0,0,0,0,0,0,0,0,0,0,0,0
Atlantibacter,0,0,0,0,0,0,0,0,0,0,0,0,0,0,0,0,0,0,0,0,0,0,0,0
Buttiauxella,0,0,0,0,0,0,0,0,0,0,0,0,0,0,0,0,0,0,0,0,0,0,0,0
Candidatus_Gullanella,0,0,0,0,0,0,0,0,0,0,0,0,0,0,0,0,0,0,0,0,0,0,0,0
Candidatus_Hamiltonella,0,0,0,0,0,0,0,0,0,0,0,0,0,0,0,0,0,0,0,0,0,0,0,0
Candidatus_Westeberhardia,0,0,0,0,0,0,0,0,0,0,0,0,0,0,0,0,0,0,0,0,0,0,0,0
Cedecea,0,0,0,0,0,0,0,0,0,0,0,0,0,0,0,0,0,0,0,0,0,0,0,0
Citrobacter,0,0,0,0,0,0,0,0,0,0,0,0,0,0,0,0,0,0,0,0,0,0,0,0
Cronobacter,0,0,0,0,0,0,0,0,0,0,0,0,0,0,0,0,0,0,0,0,0,0,0,0
Edaphovirga,0,0,0,0,0,0,0,0,0,0,0,0,0,0,0,0,0,0,0,0,0,0,0,0
Franconibacter,0,0,0,0,0,0,0,0,0,0,0,0,0,0,0,0,0,0,0,0,0,0,0,0
Kluyvera,0,0,0,0,0,0,0,0,0,0,0,0,0,0,0,0,0,0,0,0,0,0,0,0
Kosakonia,0,0,0,0,0,0,0,0,0,0,0,0,0,0,0,0,0,0,0,0,0,0,0,0
Leclercia,0,0,0,0,0,0,0,0,0,0,0,0,0,0,0,0,0,0,0,0,0,0,0,0
Lelliottia,0,0,0,0,0,0,0,0,0,0,0,0,0,0,0,0,0,0,0,0,0,0,0,0
Metakosakonia,0,0,0,0,0,0,0,0,0,0,0,0,0,0,0,0,0,0,0,0,0,0,0,0
Phytobacter,0,0,0,0,0,0,0,0,0,0,0,0,0,0,0,0,0,0,0,0,0,0,0,0
Plesiomonas,0,0,0,0,0,0,0,0,0,0,0,0,0,0,0,0,0,0,0,0,0,0,0,0
Pluralibacter,0,0,0,0,0,0,0,0,0,0,0,0,0,0,0,0,0,0,0,0,0,0,0,0
Pseudescherichia,0,0,0,0,0,0,0,0,0,0,0,0,0,0,0,0,0,0,0,0,0,0,0,0
Pseudocitrobacter,0,0,0,0,0,0,0,0,0,0,0,0,0,0,0,0,0,0,0,0,0,0,0,0
Raoultella,0,0,0,0,0,0,0,0,0,0,0,0,0,0,0,0,0,0,0,0,0,0,0,0
Scandinavium,0,0,0,0,0,0,0,0,0,0,0,0,0,0,0,0,0,0,0,0,0,0,0,0
Siccibacter,0,0,0,0,0,0,0,0,0,0,0,0,0,0,0,0,0,0,0,0,0,0,0,0
Superficieibacter,0,0,0,0,0,0,0,0,0,0,0,0,0,0,0,0,0,0,0,0,0,0,0,0
Trabulsiella,0,0,0,0,0,0,0,0,0,0,0,0,0,0,0,0,0,0,0,0,0,0,0,0
Buchnera,0,0,0,0,0,0,0,0,0,0,0,0,0,0,0,0,0,0,0,0,0,0,0,0
Kalamiella,0,0,0,0,0,0,0,0,0,0,0,0,0,0,0,0,0,0,0,0,0,0,0,0
Mixta,0,0,0,0,0,0,0,0,0,0,0,0,0,0,0,0,0,0,0,0,0,0,0,0
Pantoea,0,0,0,0,0,0,0,0,0,0,0,0,0,0,0,0,0,0,0,0,0,0,0,0
Phaseolibacter,0,0,0,0,0,0,0,0,0,0,0,0,0,0,0,0,0,0,0,0,0,0,0,0
Rosenbergiella,0,0,0,0,0,0,0,0,0,0,0,0,0,0,0,0,0,0,0,0,0,0,0,0
Tatumella,0,0,0,0,0,0,0,0,0,0,0,0,0,0,0,0,0,0,0,0,0,0,0,0
Wigglesworthia,0,0,0,0,0,0,0,0,0,0,0,0,0,0,0,0,0,0,0,0,0,0,0,0
Edwardsiella,0,0,0,0,0,0,0,0,0,0,0,0,0,0,0,0,0,0,0,0,0,0,0,0
Enterobacillus,0,0,0,0,0,0,0,0,0,0,0,0,0,0,0,0,0,0,0,0,0,0,0,0
Hafnia,0,0,0,0,0,0,0,0,0,0,0,0,0,0,0,0,0,0,0,0,0,0,0,0
Obesumbacterium,0,0,0,0,0,0,0,0,0,0,0,0,0,0,0,0,0,0,0,0,0,0,0,0
Arsenophonus,0,0,0,0,0,0,0,0,0,0,0,0,0,0,0,0,0,0,0,0,0,0,0,0
Morganella,0,0,0,0,0,0,0,0,0,0,0,0,0,0,0,0,0,0,0,0,0,0,0,0
Photorhabdus,0,0,0,0,0,0,0,0,0,0,0,0,0,0,0,0,0,0,0,0,0,0,0,0
Proteus,0,0,0,0,0,0,0,0,0,0,0,0,0,0,0,0,0,0,0,0,0,0,0,0
Providencia,0,0,0,0,0,0,0,0,0,0,0,0,0,0,0,0,0,0,0,0,0,0,0,0
Xenorhabdus,0,0,0,0,0,0,0,0,0,0,0,0,0,0,0,0,0,0,0,0,0,0,0,0
Brenneria,0,0,0,0,0,0,0,0,0,0,0,0,0,0,0,0,0,0,0,0,0,0,0,0
Dickeya,0,0,0,0,0,0,0,0,0,0,0,0,0,0,0,0,0,0,0,0,0,0,0,0
Lonsdalea,0,0,0,0,0,0,0,0,0,0,0,0,0,0,0,0,0,0,0,0,0,0,0,0
Musicola,0,0,0,0,0,0,0,0,0,0,0,0,0,0,0,0,0,0,0,0,0,0,0,0
Pectobacterium,0,0,0,0,0,0,0,0,0,0,0,0,0,0,0,0,0,0,0,0,0,0,0,0
Thorsellia,0,0,0,0,0,0,0,0,0,0,0,0,0,0,0,0,0,0,0,0,0,0,0,0
Grimontella,0,0,0,0,0,0,0,0,0,0,0,0,0,0,0,0,0,0,0,0,0,0,0,0
Candidatus_Fukatsuia,0,0,0,0,0,0,0,0,0,0,0,0,0,0,0,0,0,0,0,0,0,0,0,0
Chania,0,0,0,0,0,0,0,0,0,0,0,0,0,0,0,0,0,0,0,0,0,0,0,0
Ewingella,0,0,0,0,0,0,0,0,0,0,0,0,0,0,0,0,0,0,0,0,0,0,0,0
Gibbsiella,0,0,0,0,0,0,0,0,0,0,0,0,0,0,0,0,0,0,0,0,0,0,0,0
Nissabacter,0,0,0,0,0,0,0,0,0,0,0,0,0,0,0,0,0,0,0,0,0,0,0,0
Rahnella,0,0,0,0,0,0,0,0,0,0,0,0,0,0,0,0,0,0,0,0,0,0,0,0
Serratia,0,0,0,0,0,0,0,0,0,0,0,0,0,0,0,0,0,0,0,0,0,0,0,0
Yersinia,0,0,0,0,0,0,0,0,0,0,0,0,0,0,0,0,0,0,0,0,0,0,0,0
Immundisolibacter,0,0,0,0,0,0,0,0,0,0,0,0,0,0,0,0,0,0,0,0,0,0,0,0
Kangiella,0,0,0,0,0,0,0,0,0,0,0,0,0,0,0,0,0,0,0,0,0,0,0,0
Aquicella,0,0,0,0,0,0,0,0,0,0,0,0,0,0,0,0,0,0,0,0,0,0,0,0
Candidatus_Berkiella,0,0,0,0,0,0,0,0,0,0,0,0,0,0,0,0,0,0,0,0,0,0,0,0
Coxiella,0,0,0,0,0,0,0,0,0,0,0,0,0,0,0,0,0,0,0,0,0,0,0,0
Rickettsiella,0,0,0,0,0,0,0,0,0,0,0,0,0,0,0,0,0,0,0,0,0,0,0,0
Tatlockia,0,0,0,0,0,0,0,0,0,0,0,0,0,0,0,0,0,0,0,0,0,0,0,0
Crenothrix,0,0,0,0,0,0,0,0,0,0,0,0,0,0,0,0,0,0,0,0,0,0,0,0
Methylobacter,0,0,0,0,0,0,0,0,0,0,0,0,0,0,0,0,0,0,0,0,0,0,0,0
Methylocaldum,0,0,0,0,0,0,0,0,0,0,0,0,0,0,0,0,0,0,0,0,0,0,0,0
Methylogaea,0,0,0,0,0,0,0,0,0,0,0,0,0,0,0,0,0,0,0,0,0,0,0,0
Methyloglobulus,0,0,0,0,0,0,0,0,0,0,0,0,0,0,0,0,0,0,0,0,0,0,0,0
Methylomagnum,0,0,0,0,0,0,0,0,0,0,0,0,0,0,0,0,0,0,0,0,0,0,0,0
Methylomicrobium,0,0,0,0,0,0,0,0,0,0,0,0,0,0,0,0,0,0,0,0,0,0,0,0
Methylomonas,0,0,0,0,0,0,0,0,0,0,0,0,0,0,0,0,0,0,0,0,0,0,0,0
Methylosarcina,0,0,0,0,0,0,0,0,0,0,0,0,0,0,0,0,0,0,0,0,0,0,0,0
Methylotuvimicrobium,0,0,0,0,0,0,0,0,0,0,0,0,0,0,0,0,0,0,0,0,0,0,0,0
Methylovulum,0,0,0,0,0,0,0,0,0,0,0,0,0,0,0,0,0,0,0,0,0,0,0,0
Methylohalobius,0,0,0,0,0,0,0,0,0,0,0,0,0,0,0,0,0,0,0,0,0,0,0,0
Candidatus_Methylumidiphilus,0,0,0,0,0,0,0,0,0,0,0,0,0,0,0,0,0,0,0,0,0,0,0,0
Agitococcus,0,0,0,0,0,0,0,0,0,0,0,0,0,0,0,0,0,0,0,0,0,0,0,0
Alkanindiges,0,0,0,0,0,0,0,0,0,0,0,0,0,0,0,0,0,0,0,0,0,0,0,0
Fluviicoccus,0,0,0,0,0,0,0,0,0,0,0,0,0,0,0,0,0,0,0,0,0,0,0,0
Moraxella,0,0,0,0,0,0,0,0,0,0,0,0,0,0,0,0,0,0,0,0,0,0,0,0
Psychrobacter,0,0,0,0,0,0,0,0,0,0,0,0,0,0,0,0,0,0,0,0,0,0,0,0
Algiphilus,0,0,0,0,0,0,0,0,0,0,0,0,0,0,0,0,0,0,0,0,0,0,0,0
Hydrocarboniphaga,0,0,0,0,0,0,0,0,0,0,0,0,0,0,0,0,0,0,0,0,0,0,0,0
Nevskia,0,0,0,0,0,0,0,0,0,0,0,0,0,0,0,0,0,0,0,0,0,0,0,0
Sinimarinibacterium,0,0,0,0,0,0,0,0,0,0,0,0,0,0,0,0,0,0,0,0,0,0,0,0
Solimonas,0,0,0,0,0,0,0,0,0,0,0,0,0,0,0,0,0,0,0,0,0,0,0,0
Stenotrophobium,0,0,0,0,0,0,0,0,0,0,0,0,0,0,0,0,0,0,0,0,0,0,0,0
Steroidobacter,0,0,0,0,0,0,0,0,0,0,0,0,0,0,0,0,0,0,0,0,0,0,0,0
Alcanivorax,0,0,0,0,0,0,0,0,0,0,0,0,0,0,0,0,0,0,0,0,0,0,0,0
Ketobacter,0,0,0,0,0,0,0,0,0,0,0,0,0,0,0,0,0,0,0,0,0,0,0,0
Marinicella,0,0,0,0,0,0,0,0,0,0,0,0,0,0,0,0,0,0,0,0,0,0,0,0
Endozoicomonas,0,0,0,0,0,0,0,0,0,0,0,0,0,0,0,0,0,0,0,0,0,0,0,0
Parendozoicomonas,0,0,0,0,0,0,0,0,0,0,0,0,0,0,0,0,0,0,0,0,0,0,0,0
Hahella,0,0,0,0,0,0,0,0,0,0,0,0,0,0,0,0,0,0,0,0,0,0,0,0
Cobetia,0,0,0,0,0,0,0,0,0,0,0,0,0,0,0,0,0,0,0,0,0,0,0,0
Halotalea,0,0,0,0,0,0,0,0,0,0,0,0,0,0,0,0,0,0,0,0,0,0,0,0
Kushneria,0,0,0,0,0,0,0,0,0,0,0,0,0,0,0,0,0,0,0,0,0,0,0,0
Salinicola,0,0,0,0,0,0,0,0,0,0,0,0,0,0,0,0,0,0,0,0,0,0,0,0
Zymobacter,0,0,0,0,0,0,0,0,0,0,0,0,0,0,0,0,0,0,0,0,0,0,0,0
Amphritea,0,0,0,0,0,0,0,0,0,0,0,0,0,0,0,0,0,0,0,0,0,0,0,0
Marinobacterium,0,0,0,0,0,0,0,0,0,0,0,0,0,0,0,0,0,0,0,0,0,0,0,0
Marinomonas,0,0,0,0,0,0,0,0,0,0,0,0,0,0,0,0,0,0,0,0,0,0,0,0
Marinospirillum,0,0,0,0,0,0,0,0,0,0,0,0,0,0,0,0,0,0,0,0,0,0,0,0
Motiliproteus,0,0,0,0,0,0,0,0,0,0,0,0,0,0,0,0,0,0,0,0,0,0,0,0
Neptuniibacter,0,0,0,0,0,0,0,0,0,0,0,0,0,0,0,0,0,0,0,0,0,0,0,0
Neptunomonas,0,0,0,0,0,0,0,0,0,0,0,0,0,0,0,0,0,0,0,0,0,0,0,0
Nitrincola,0,0,0,0,0,0,0,0,0,0,0,0,0,0,0,0,0,0,0,0,0,0,0,0
Oceanobacter,0,0,0,0,0,0,0,0,0,0,0,0,0,0,0,0,0,0,0,0,0,0,0,0
Oceanospirillum,0,0,0,0,0,0,0,0,0,0,0,0,0,0,0,0,0,0,0,0,0,0,0,0
Oleibacter,0,0,0,0,0,0,0,0,0,0,0,0,0,0,0,0,0,0,0,0,0,0,0,0
Pseudospirillum,0,0,0,0,0,0,0,0,0,0,0,0,0,0,0,0,0,0,0,0,0,0,0,0
Thalassolituus,0,0,0,0,0,0,0,0,0,0,0,0,0,0,0,0,0,0,0,0,0,0,0,0
Oleiphilus,0,0,0,0,0,0,0,0,0,0,0,0,0,0,0,0,0,0,0,0,0,0,0,0
Gynuella,0,0,0,0,0,0,0,0,0,0,0,0,0,0,0,0,0,0,0,0,0,0,0,0
Saccharospirillum,0,0,0,0,0,0,0,0,0,0,0,0,0,0,0,0,0,0,0,0,0,0,0,0
Salinibius,0,0,0,0,0,0,0,0,0,0,0,0,0,0,0,0,0,0,0,0,0,0,0,0
Pelagibaculum,0,0,0,0,0,0,0,0,0,0,0,0,0,0,0,0,0,0,0,0,0,0,0,0
Zooshikella,0,0,0,0,0,0,0,0,0,0,0,0,0,0,0,0,0,0,0,0,0,0,0,0
Candidatus_Schmidhempelia,0,0,0,0,0,0,0,0,0,0,0,0,0,0,0,0,0,0,0,0,0,0,0,0
Gilliamella,0,0,0,0,0,0,0,0,0,0,0,0,0,0,0,0,0,0,0,0,0,0,0,0
Orbus,0,0,0,0,0,0,0,0,0,0,0,0,0,0,0,0,0,0,0,0,0,0,0,0
Actinobacillus,0,0,0,0,0,0,0,0,0,0,0,0,0,0,0,0,0,0,0,0,0,0,0,0
Aggregatibacter,0,0,0,0,0,0,0,0,0,0,0,0,0,0,0,0,0,0,0,0,0,0,0,0
Avibacterium,0,0,0,0,0,0,0,0,0,0,0,0,0,0,0,0,0,0,0,0,0,0,0,0
Basfia,0,0,0,0,0,0,0,0,0,0,0,0,0,0,0,0,0,0,0,0,0,0,0,0
Bibersteinia,0,0,0,0,0,0,0,0,0,0,0,0,0,0,0,0,0,0,0,0,0,0,0,0
Caviibacterium,0,0,0,0,0,0,0,0,0,0,0,0,0,0,0,0,0,0,0,0,0,0,0,0
Chelonobacter,0,0,0,0,0,0,0,0,0,0,0,0,0,0,0,0,0,0,0,0,0,0,0,0
Conservatibacter,0,0,0,0,0,0,0,0,0,0,0,0,0,0,0,0,0,0,0,0,0,0,0,0
Frederiksenia,0,0,0,0,0,0,0,0,0,0,0,0,0,0,0,0,0,0,0,0,0,0,0,0
Histophilus,0,0,0,0,0,0,0,0,0,0,0,0,0,0,0,0,0,0,0,0,0,0,0,0
Mannheimia,0,0,0,0,0,0,0,0,0,0,0,0,0,0,0,0,0,0,0,0,0,0,0,0
Muribacter,0,0,0,0,0,0,0,0,0,0,0,0,0,0,0,0,0,0,0,0,0,0,0,0
Necropsobacter,0,0,0,0,0,0,0,0,0,0,0,0,0,0,0,0,0,0,0,0,0,0,0,0
Phocoenobacter,0,0,0,0,0,0,0,0,0,0,0,0,0,0,0,0,0,0,0,0,0,0,0,0
Vespertiliibacter,0,0,0,0,0,0,0,0,0,0,0,0,0,0,0,0,0,0,0,0,0,0,0,0
Mangrovitalea,0,0,0,0,0,0,0,0,0,0,0,0,0,0,0,0,0,0,0,0,0,0,0,0
Marinobacter,0,0,0,0,0,0,0,0,0,0,0,0,0,0,0,0,0,0,0,0,0,0,0,0
Perlucidibaca,0,0,0,0,0,0,0,0,0,0,0,0,0,0,0,0,0,0,0,0,0,0,0,0
Atopomonas,0,0,0,0,0,0,0,0,0,0,0,0,0,0,0,0,0,0,0,0,0,0,0,0
Azotobacter,0,0,0,0,0,0,0,0,0,0,0,0,0,0,0,0,0,0,0,0,0,0,0,0
Entomomonas,0,0,0,0,0,0,0,0,0,0,0,0,0,0,0,0,0,0,0,0,0,0,0,0
Halopseudomonas,0,0,0,0,0,0,0,0,0,0,0,0,0,0,0,0,0,0,0,0,0,0,0,0
Thiopseudomonas,0,0,0,0,0,0,0,0,0,0,0,0,0,0,0,0,0,0,0,0,0,0,0,0
Abyssibacter,0,0,0,0,0,0,0,0,0,0,0,0,0,0,0,0,0,0,0,0,0,0,0,0
Salinisphaera,0,0,0,0,0,0,0,0,0,0,0,0,0,0,0,0,0,0,0,0,0,0,0,0
Caedibacter,0,0,0,0,0,0,0,0,0,0,0,0,0,0,0,0,0,0,0,0,0,0,0,0
Cysteiniphilum,0,0,0,0,0,0,0,0,0,0,0,0,0,0,0,0,0,0,0,0,0,0,0,0
Facilibium,0,0,0,0,0,0,0,0,0,0,0,0,0,0,0,0,0,0,0,0,0,0,0,0
Fangia,0,0,0,0,0,0,0,0,0,0,0,0,0,0,0,0,0,0,0,0,0,0,0,0
Francisella,0,0,0,0,0,0,0,0,0,0,0,0,0,0,0,0,0,0,0,0,0,0,0,0
Pseudofrancisella,0,0,0,0,0,0,0,0,0,0,0,0,0,0,0,0,0,0,0,0,0,0,0,0
Cycloclasticus,0,0,0,0,0,0,0,0,0,0,0,0,0,0,0,0,0,0,0,0,0,0,0,0
Hydrogenovibrio,0,0,0,0,0,0,0,0,0,0,0,0,0,0,0,0,0,0,0,0,0,0,0,0
Piscirickettsia,0,0,0,0,0,0,0,0,0,0,0,0,0,0,0,0,0,0,0,0,0,0,0,0
Sulfurivirga,0,0,0,0,0,0,0,0,0,0,0,0,0,0,0,0,0,0,0,0,0,0,0,0
Thiomicrorhabdus,0,0,0,0,0,0,0,0,0,0,0,0,0,0,0,0,0,0,0,0,0,0,0,0
Thiomicrospira,0,0,0,0,0,0,0,0,0,0,0,0,0,0,0,0,0,0,0,0,0,0,0,0
Thiofilum,0,0,0,0,0,0,0,0,0,0,0,0,0,0,0,0,0,0,0,0,0,0,0,0
Thiolinea,0,0,0,0,0,0,0,0,0,0,0,0,0,0,0,0,0,0,0,0,0,0,0,0
Achromatium,0,0,0,0,0,0,0,0,0,0,0,0,0,0,0,0,0,0,0,0,0,0,0,0
Beggiatoa,0,0,0,0,0,0,0,0,0,0,0,0,0,0,0,0,0,0,0,0,0,0,0,0
Candidatus_Marithrix,0,0,0,0,0,0,0,0,0,0,0,0,0,0,0,0,0,0,0,0,0,0,0,0
Leucothrix,0,0,0,0,0,0,0,0,0,0,0,0,0,0,0,0,0,0,0,0,0,0,0,0
Thiomargarita,0,0,0,0,0,0,0,0,0,0,0,0,0,0,0,0,0,0,0,0,0,0,0,0
Thioploca,0,0,0,0,0,0,0,0,0,0,0,0,0,0,0,0,0,0,0,0,0,0,0,0
Thiothrix,0,0,0,0,0,0,0,0,0,0,0,0,0,0,0,0,0,0,0,0,0,0,0,0
Thioflexothrix,0,0,0,0,0,0,0,0,0,0,0,0,0,0,0,0,0,0,0,0,0,0,0,0
Candidatus_Contendobacter,0,0,0,0,0,0,0,0,0,0,0,0,0,0,0,0,0,0,0,0,0,0,0,0
Alkalimonas,0,0,0,0,0,0,0,0,0,0,0,0,0,0,0,0,0,0,0,0,0,0,0,0
Candidatus_Kentron,0,0,0,0,0,0,0,0,0,0,0,0,0,0,0,0,0,0,0,0,0,0,0,0
Candidatus_Nardonella,0,0,0,0,0,0,0,0,0,0,0,0,0,0,0,0,0,0,0,0,0,0,0,0
Candidatus_Thiodiazotropha,0,0,0,0,0,0,0,0,0,0,0,0,0,0,0,0,0,0,0,0,0,0,0,0
Gallaecimonas,0,0,0,0,0,0,0,0,0,0,0,0,0,0,0,0,0,0,0,0,0,0,0,0
Ignatzschineria,0,0,0,0,0,0,0,0,0,0,0,0,0,0,0,0,0,0,0,0,0,0,0,0
Pseudohongiella,0,0,0,0,0,0,0,0,0,0,0,0,0,0,0,0,0,0,0,0,0,0,0,0
Sedimenticola,0,0,0,0,0,0,0,0,0,0,0,0,0,0,0,0,0,0,0,0,0,0,0,0
Thiolapillus,0,0,0,0,0,0,0,0,0,0,0,0,0,0,0,0,0,0,0,0,0,0,0,0
Wohlfahrtiimonas,0,0,0,0,0,0,0,0,0,0,0,0,0,0,0,0,0,0,0,0,0,0,0,0
Aliivibrio,0,0,0,0,0,0,0,0,0,0,0,0,0,0,0,0,0,0,0,0,0,0,0,0
Candidatus_Photodesmus,0,0,0,0,0,0,0,0,0,0,0,0,0,0,0,0,0,0,0,0,0,0,0,0
Enterovibrio,0,0,0,0,0,0,0,0,0,0,0,0,0,0,0,0,0,0,0,0,0,0,0,0
Grimontia,0,0,0,0,0,0,0,0,0,0,0,0,0,0,0,0,0,0,0,0,0,0,0,0
Paraphotobacterium,0,0,0,0,0,0,0,0,0,0,0,0,0,0,0,0,0,0,0,0,0,0,0,0
Photobacterium,0,0,0,0,0,0,0,0,0,0,0,0,0,0,0,0,0,0,0,0,0,0,0,0
Salinivibrio,0,0,0,0,0,0,0,0,0,0,0,0,0,0,0,0,0,0,0,0,0,0,0,0
Thaumasiovibrio,0,0,0,0,0,0,0,0,0,0,0,0,0,0,0,0,0,0,0,0,0,0,0,0
Aerosticca,0,0,0,0,0,0,0,0,0,0,0,0,0,0,0,0,0,0,0,0,0,0,0,0
Ahniella,0,0,0,0,0,0,0,0,0,0,0,0,0,0,0,0,0,0,0,0,0,0,0,0
Dokdonella,0,0,0,0,0,0,0,0,0,0,0,0,0,0,0,0,0,0,0,0,0,0,0,0
Dyella,0,0,0,0,0,0,0,0,0,0,0,0,0,0,0,0,0,0,0,0,0,0,0,0
Frateuria,0,0,0,0,0,0,0,0,0,0,0,0,0,0,0,0,0,0,0,0,0,0,0,0
Fulvimonas,0,0,0,0,0,0,0,0,0,0,0,0,0,0,0,0,0,0,0,0,0,0,0,0
Luteibacter,0,0,0,0,0,0,0,0,0,0,0,0,0,0,0,0,0,0,0,0,0,0,0,0
Metallibacterium,0,0,0,0,0,0,0,0,0,0,0,0,0,0,0,0,0,0,0,0,0,0,0,0
Mizugakiibacter,0,0,0,0,0,0,0,0,0,0,0,0,0,0,0,0,0,0,0,0,0,0,0,0
Oleiagrimonas,0,0,0,0,0,0,0,0,0,0,0,0,0,0,0,0,0,0,0,0,0,0,0,0
Rhodanobacter,0,0,0,0,0,0,0,0,0,0,0,0,0,0,0,0,0,0,0,0,0,0,0,0
Rudaea,0,0,0,0,0,0,0,0,0,0,0,0,0,0,0,0,0,0,0,0,0,0,0,0
Arenimonas,0,0,0,0,0,0,0,0,0,0,0,0,0,0,0,0,0,0,0,0,0,0,0,0
Luteimonas,0,0,0,0,0,0,0,0,0,0,0,0,0,0,0,0,0,0,0,0,0,0,0,0
Lysobacter,0,0,0,0,0,0,0,0,0,0,0,0,0,0,0,0,0,0,0,0,0,0,0,0
Pseudolysobacter,0,0,0,0,0,0,0,0,0,0,0,0,0,0,0,0,0,0,0,0,0,0,0,0
Pseudoxanthomonas,0,0,0,0,0,0,0,0,0,0,0,0,0,0,0,0,0,0,0,0,0,0,0,0
Stenotrophomonas,0,0,0,0,0,0,0,0,0,0,0,0,0,0,0,0,0,0,0,0,0,0,0,0
Thermomonas,0,0,0,0,0,0,0,0,0,0,0,0,0,0,0,0,0,0,0,0,0,0,0,0
Xanthomonas,0,0,0,0,0,0,0,0,0,0,0,0,0,0,0,0,0,0,0,0,0,0,0,0
Xylella,0,0,0,0,0,0,0,0,0,0,0,0,0,0,0,0,0,0,0,0,0,0,0,0
Tepidiphilus,0,0,0,0,0,0,0,0,0,0,0,0,0,0,0,0,0,0,0,0,0,0,0,0
Bacteriovorax,0,0,0,0,0,0,0,0,0,0,0,0,0,0,0,0,0,0,0,0,0,0,0,0
Halobacteriovorax,0,0,0,0,0,0,0,0,0,0,0,0,0,0,0,0,0,0,0,0,0,0,0,0
Bdellovibrio,0,0,0,0,0,0,0,0,0,0,0,0,0,0,0,0,0,0,0,0,0,0,0,0
Pseudobacteriovorax,0,0,0,0,0,0,0,0,0,0,0,0,0,0,0,0,0,0,0,0,0,0,0,0
Fluviispira,0,0,0,0,0,0,0,0,0,0,0,0,0,0,0,0,0,0,0,0,0,0,0,0
Silvanigrella,0,0,0,0,0,0,0,0,0,0,0,0,0,0,0,0,0,0,0,0,0,0,0,0
Spirobacillus,0,0,0,0,0,0,0,0,0,0,0,0,0,0,0,0,0,0,0,0,0,0,0,0
Mariprofundus,0,0,0,0,0,0,0,0,0,0,0,0,0,0,0,0,0,0,0,0,0,0,0,0
Ghiorsea,0,0,0,0,0,0,0,0,0,0,0,0,0,0,0,0,0,0,0,0,0,0,0,0
Rubricoccus,0,0,0,0,0,0,0,0,0,0,0,0,0,0,0,0,0,0,0,0,0,0,0,0
Rubrivirga,0,0,0,0,0,0,0,0,0,0,0,0,0,0,0,0,0,0,0,0,0,0,0,0
Salinivenus,0,0,0,0,0,0,0,0,0,0,0,0,0,0,0,0,0,0,0,0,0,0,0,0
Longibacter,0,0,0,0,0,0,0,0,0,0,0,0,0,0,0,0,0,0,0,0,0,0,0,0
Longimonas,0,0,0,0,0,0,0,0,0,0,0,0,0,0,0,0,0,0,0,0,0,0,0,0
Salisaeta,0,0,0,0,0,0,0,0,0,0,0,0,0,0,0,0,0,0,0,0,0,0,0,0
Brevinema,0,0,0,0,0,0,0,0,0,0,0,0,0,0,0,0,0,0,0,0,0,0,0,0
Leptonema,0,0,0,0,0,0,0,0,0,0,0,0,0,0,0,0,0,0,0,0,0,0,0,0
Leptospira,0,0,0,0,0,0,0,0,0,0,0,0,0,0,0,0,0,0,0,0,0,0,0,0
Turneriella,0,0,0,0,0,0,0,0,0,0,0,0,0,0,0,0,0,0,0,0,0,0,0,0
Borrelia,0,0,0,0,0,0,0,0,0,0,0,0,0,0,0,0,0,0,0,0,0,0,0,0
Borreliella,0,0,0,0,0,0,0,0,0,0,0,0,0,0,0,0,0,0,0,0,0,0,0,0
Oceanispirochaeta,0,0,0,0,0,0,0,0,0,0,0,0,0,0,0,0,0,0,0,0,0,0,0,0
Salinispira,0,0,0,0,0,0,0,0,0,0,0,0,0,0,0,0,0,0,0,0,0,0,0,0
Aminiphilus,0,0,0,0,0,0,0,0,0,0,0,0,0,0,0,0,0,0,0,0,0,0,0,0
Aminobacterium,0,0,0,0,0,0,0,0,0,0,0,0,0,0,0,0,0,0,0,0,0,0,0,0
Aminomonas,0,0,0,0,0,0,0,0,0,0,0,0,0,0,0,0,0,0,0,0,0,0,0,0
Jonquetella,0,0,0,0,0,0,0,0,0,0,0,0,0,0,0,0,0,0,0,0,0,0,0,0
Thermanaerovibrio,0,0,0,0,0,0,0,0,0,0,0,0,0,0,0,0,0,0,0,0,0,0,0,0
Entomoplasma,0,0,0,0,0,0,0,0,0,0,0,0,0,0,0,0,0,0,0,0,0,0,0,0
Mesoplasma,0,0,0,0,0,0,0,0,0,0,0,0,0,0,0,0,0,0,0,0,0,0,0,0
Candidatus_Hepatoplasma,0,0,0,0,0,0,0,0,0,0,0,0,0,0,0,0,0,0,0,0,0,0,0,0
Mycoplasmopsis,0,0,0,0,0,0,0,0,0,0,0,0,0,0,0,0,0,0,0,0,0,0,0,0
Ureaplasma,0,0,0,0,0,0,0,0,0,0,0,0,0,0,0,0,0,0,0,0,0,0,0,0
Malacoplasma,0,0,0,0,0,0,0,0,0,0,0,0,0,0,0,0,0,0,0,0,0,0,0,0
Candidatus_Izimaplasma,0,0,0,0,0,0,0,0,0,0,0,0,0,0,0,0,0,0,0,0,0,0,0,0
Caldimicrobium,0,0,0,0,0,0,0,0,0,0,0,0,0,0,0,0,0,0,0,0,0,0,0,0
Thermodesulfatator,0,0,0,0,0,0,0,0,0,0,0,0,0,0,0,0,0,0,0,0,0,0,0,0
Thermodesulfobacterium,0,0,0,0,0,0,0,0,0,0,0,0,0,0,0,0,0,0,0,0,0,0,0,0
Thermosulfurimonas,0,0,0,0,0,0,0,0,0,0,0,0,0,0,0,0,0,0,0,0,0,0,0,0
Kosmotoga,0,0,0,0,0,0,0,0,0,0,0,0,0,0,0,0,0,0,0,0,0,0,0,0
Mesoaciditoga,0,0,0,0,0,0,0,0,0,0,0,0,0,0,0,0,0,0,0,0,0,0,0,0
Defluviitoga,0,0,0,0,0,0,0,0,0,0,0,0,0,0,0,0,0,0,0,0,0,0,0,0
Marinitoga,0,0,0,0,0,0,0,0,0,0,0,0,0,0,0,0,0,0,0,0,0,0,0,0
Oceanotoga,0,0,0,0,0,0,0,0,0,0,0,0,0,0,0,0,0,0,0,0,0,0,0,0
Fervidobacterium,0,0,0,0,0,0,0,0,0,0,0,0,0,0,0,0,0,0,0,0,0,0,0,0
Thermosipho,0,0,0,0,0,0,0,0,0,0,0,0,0,0,0,0,0,0,0,0,0,0,0,0
Candidatus_Babela,0,0,0,0,0,0,0,0,0,0,0,0,0,0,0,0,0,0,0,0,0,0,0,0
Candidatus_Ozemobacter,0,0,0,0,0,0,0,0,0,0,0,0,0,0,0,0,0,0,0,0,0,0,0,0
Candidatus_Aegiribacteria,0,0,0,0,0,0,0,0,0,0,0,0,0,0,0,0,0,0,0,0,0,0,0,0
Candidatus_Stahlbacteria,0,0,0,0,0,0,0,0,0,0,0,0,0,0,0,0,0,0,0,0,0,0,0,0
Methylacidiphilum,0,0,0,0,0,0,0,0,0,0,0,0,0,0,0,0,0,0,0,0,0,0,0,0
Cephaloticoccus,0,0,0,0,0,0,0,0,0,0,0,0,0,0,0,0,0,0,0,0,0,0,0,0
Ereboglobus,0,0,0,0,0,0,0,0,0,0,0,0,0,0,0,0,0,0,0,0,0,0,0,0
Geminisphaera,0,0,0,0,0,0,0,0,0,0,0,0,0,0,0,0,0,0,0,0,0,0,0,0
Lacunisphaera,0,0,0,0,0,0,0,0,0,0,0,0,0,0,0,0,0,0,0,0,0,0,0,0
Opitutus,0,0,0,0,0,0,0,0,0,0,0,0,0,0,0,0,0,0,0,0,0,0,0,0
Candidatus_Moanabacter,0,0,0,0,0,0,0,0,0,0,0,0,0,0,0,0,0,0,0,0,0,0,0,0
Coraliomargarita,0,0,0,0,0,0,0,0,0,0,0,0,0,0,0,0,0,0,0,0,0,0,0,0
Chthoniobacter,0,0,0,0,0,0,0,0,0,0,0,0,0,0,0,0,0,0,0,0,0,0,0,0
Rubritalea,0,0,0,0,0,0,0,0,0,0,0,0,0,0,0,0,0,0,0,0,0,0,0,0
Pedosphaera,0,0,0,0,0,0,0,0,0,0,0,0,0,0,0,0,0,0,0,0,0,0,0,0
Haloferula,0,0,0,0,0,0,0,0,0,0,0,0,0,0,0,0,0,0,0,0,0,0,0,0
Prosthecobacter,0,0,0,0,0,0,0,0,0,0,0,0,0,0,0,0,0,0,0,0,0,0,0,0
Roseibacillus,0,0,0,0,0,0,0,0,0,0,0,0,0,0,0,0,0,0,0,0,0,0,0,0
Roseimicrobium,0,0,0,0,0,0,0,0,0,0,0,0,0,0,0,0,0,0,0,0,0,0,0,0
Verrucomicrobium,0,0,0,0,0,0,0,0,0,0,0,0,0,0,0,0,0,0,0,0,0,0,0,0
Candidatus_Methylomirabilis,0,0,0,0,0,0,0,0,0,0,0,0,0,0,0,0,0,0,0,0,0,0,0,0
Aureobasidium,0,0,0,0,0,0,0,0,0,0,0,0,0,0,0,0,0,0,0,0,0,0,0,0
Cercospora,0,0,0,0,0,0,0,0,0,0,0,0,0,0,0,0,0,0,0,0,0,0,0,0
Dothistroma,0,0,0,0,0,0,0,0,0,0,0,0,0,0,0,0,0,0,0,0,0,0,0,0
Sphaerulina,0,0,0,0,0,0,0,0,0,0,0,0,0,0,0,0,0,0,0,0,0,0,0,0
Zymoseptoria,0,0,0,0,0,0,0,0,0,0,0,0,0,0,0,0,0,0,0,0,0,0,0,0
Baudoinia,0,0,0,0,0,0,0,0,0,0,0,0,0,0,0,0,0,0,0,0,0,0,0,0
Hortaea,0,0,0,0,0,0,0,0,0,0,0,0,0,0,0,0,0,0,0,0,0,0,0,0
Corynespora,0,0,0,0,0,0,0,0,0,0,0,0,0,0,0,0,0,0,0,0,0,0,0,0
Epicoccum,0,0,0,0,0,0,0,0,0,0,0,0,0,0,0,0,0,0,0,0,0,0,0,0
Alternaria,0,0,0,0,0,0,0,0,0,0,0,0,0,0,0,0,0,0,0,0,0,0,0,0
Glonium,0,0,0,0,0,0,0,0,0,0,0,0,0,0,0,0,0,0,0,0,0,0,0,0
Verruconis,0,0,0,0,0,0,0,0,0,0,0,0,0,0,0,0,0,0,0,0,0,0,0,0
Exophiala,0,0,0,0,0,0,0,0,0,0,0,0,0,0,0,0,0,0,0,0,0,0,0,0
Fonsecaea,0,0,0,0,0,0,0,0,0,0,0,0,0,0,0,0,0,0,0,0,0,0,0,0
Phialophora,0,0,0,0,0,0,0,0,0,0,0,0,0,0,0,0,0,0,0,0,0,0,0,0
Rhinocladiella,0,0,0,0,0,0,0,0,0,0,0,0,0,0,0,0,0,0,0,0,0,0,0,0
Aspergillus,0,0,0,0,0,0,0,0,0,0,0,0,0,0,0,0,0,0,0,0,0,0,0,0
Penicillium,0,0,0,0,0,0,0,0,0,0,0,0,0,0,0,0,0,0,0,0,0,0,0,0
Rasamsonia,0,0,0,0,0,0,0,0,0,0,0,0,0,0,0,0,0,0,0,0,0,0,0,0
Talaromyces,0,0,0,0,0,0,0,0,0,0,0,0,0,0,0,0,0,0,0,0,0,0,0,0
Helicocarpus,0,0,0,0,0,0,0,0,0,0,0,0,0,0,0,0,0,0,0,0,0,0,0,0
Histoplasma,0,0,0,0,0,0,0,0,0,0,0,0,0,0,0,0,0,0,0,0,0,0,0,0
Trichophyton,0,0,0,0,0,0,0,0,0,0,0,0,0,0,0,0,0,0,0,0,0,0,0,0
Lasallia,0,0,0,0,0,0,0,0,0,0,0,0,0,0,0,0,0,0,0,0,0,0,0,0
Blumeria,0,0,0,0,0,0,0,0,0,0,0,0,0,0,0,0,0,0,0,0,0,0,0,0
Erysiphe,0,0,0,0,0,0,0,0,0,0,0,0,0,0,0,0,0,0,0,0,0,0,0,0
Golovinomyces,0,0,0,0,0,0,0,0,0,0,0,0,0,0,0,0,0,0,0,0,0,0,0,0
Coleophoma,0,0,0,0,0,0,0,0,0,0,0,0,0,0,0,0,0,0,0,0,0,0,0,0
Hyaloscypha,0,0,0,0,0,0,0,0,0,0,0,0,0,0,0,0,0,0,0,0,0,0,0,0
Phialocephala,0,0,0,0,0,0,0,0,0,0,0,0,0,0,0,0,0,0,0,0,0,0,0,0
Rutstroemia,0,0,0,0,0,0,0,0,0,0,0,0,0,0,0,0,0,0,0,0,0,0,0,0
Sclerotinia,0,0,0,0,0,0,0,0,0,0,0,0,0,0,0,0,0,0,0,0,0,0,0,0
Amorphotheca,0,0,0,0,0,0,0,0,0,0,0,0,0,0,0,0,0,0,0,0,0,0,0,0
Oidiodendron,0,0,0,0,0,0,0,0,0,0,0,0,0,0,0,0,0,0,0,0,0,0,0,0
Pseudogymnoascus,0,0,0,0,0,0,0,0,0,0,0,0,0,0,0,0,0,0,0,0,0,0,0,0
Neolecta,0,0,0,0,0,0,0,0,0,0,0,0,0,0,0,0,0,0,0,0,0,0,0,0
Arthrobotrys,0,0,0,0,0,0,0,0,0,0,0,0,0,0,0,0,0,0,0,0,0,0,0,0
Dactylellina,0,0,0,0,0,0,0,0,0,0,0,0,0,0,0,0,0,0,0,0,0,0,0,0
Orbilia,0,0,0,0,0,0,0,0,0,0,0,0,0,0,0,0,0,0,0,0,0,0,0,0
Ascobolus,0,0,0,0,0,0,0,0,0,0,0,0,0,0,0,0,0,0,0,0,0,0,0,0
Pyronema,0,0,0,0,0,0,0,0,0,0,0,0,0,0,0,0,0,0,0,0,0,0,0,0
Tuber,0,0,0,0,0,0,0,0,0,0,0,0,0,0,0,0,0,0,0,0,0,0,0,0
Pneumocystis,0,0,0,0,0,0,0,0,0,0,0,0,0,0,0,0,0,0,0,0,0,0,0,0
Ascoidea,0,0,0,0,0,0,0,0,0,0,0,0,0,0,0,0,0,0,0,0,0,0,0,0
Babjeviella,0,0,0,0,0,0,0,0,0,0,0,0,0,0,0,0,0,0,0,0,0,0,0,0
Candida,0,0,0,0,0,0,0,0,0,0,0,0,0,0,0,0,0,0,0,0,0,0,0,0
Debaryomyces,0,0,0,0,0,0,0,0,0,0,0,0,0,0,0,0,0,0,0,0,0,0,0,0
Hyphopichia,0,0,0,0,0,0,0,0,0,0,0,0,0,0,0,0,0,0,0,0,0,0,0,0
Lodderomyces,0,0,0,0,0,0,0,0,0,0,0,0,0,0,0,0,0,0,0,0,0,0,0,0
Spathaspora,0,0,0,0,0,0,0,0,0,0,0,0,0,0,0,0,0,0,0,0,0,0,0,0
Geotrichum,0,0,0,0,0,0,0,0,0,0,0,0,0,0,0,0,0,0,0,0,0,0,0,0
Yarrowia,0,0,0,0,0,0,0,0,0,0,0,0,0,0,0,0,0,0,0,0,0,0,0,0
Lipomyces,0,0,0,0,0,0,0,0,0,0,0,0,0,0,0,0,0,0,0,0,0,0,0,0
Clavispora,0,0,0,0,0,0,0,0,0,0,0,0,0,0,0,0,0,0,0,0,0,0,0,0
Metschnikowia,0,0,0,0,0,0,0,0,0,0,0,0,0,0,0,0,0,0,0,0,0,0,0,0
Cyberlindnera,0,0,0,0,0,0,0,0,0,0,0,0,0,0,0,0,0,0,0,0,0,0,0,0
Komagataella,0,0,0,0,0,0,0,0,0,0,0,0,0,0,0,0,0,0,0,0,0,0,0,0
Wickerhamomyces,0,0,0,0,0,0,0,0,0,0,0,0,0,0,0,0,0,0,0,0,0,0,0,0
Brettanomyces,0,0,0,0,0,0,0,0,0,0,0,0,0,0,0,0,0,0,0,0,0,0,0,0
Ogataea,0,0,0,0,0,0,0,0,0,0,0,0,0,0,0,0,0,0,0,0,0,0,0,0
Pichia,0,0,0,0,0,0,0,0,0,0,0,0,0,0,0,0,0,0,0,0,0,0,0,0
Eremothecium,0,0,0,0,0,0,0,0,0,0,0,0,0,0,0,0,0,0,0,0,0,0,0,0
Kazachstania,0,0,0,0,0,0,0,0,0,0,0,0,0,0,0,0,0,0,0,0,0,0,0,0
Kluyveromyces,0,0,0,0,0,0,0,0,0,0,0,0,0,0,0,0,0,0,0,0,0,0,0,0
Lachancea,0,0,0,0,0,0,0,0,0,0,0,0,0,0,0,0,0,0,0,0,0,0,0,0
Nakaseomyces,0,0,0,0,0,0,0,0,0,0,0,0,0,0,0,0,0,0,0,0,0,0,0,0
Naumovozyma,0,0,0,0,0,0,0,0,0,0,0,0,0,0,0,0,0,0,0,0,0,0,0,0
Pachysolen,0,0,0,0,0,0,0,0,0,0,0,0,0,0,0,0,0,0,0,0,0,0,0,0
Tetrapisispora,0,0,0,0,0,0,0,0,0,0,0,0,0,0,0,0,0,0,0,0,0,0,0,0
Vanderwaltozyma,0,0,0,0,0,0,0,0,0,0,0,0,0,0,0,0,0,0,0,0,0,0,0,0
Zygosaccharomyces,0,0,0,0,0,0,0,0,0,0,0,0,0,0,0,0,0,0,0,0,0,0,0,0
Hanseniaspora,0,0,0,0,0,0,0,0,0,0,0,0,0,0,0,0,0,0,0,0,0,0,0,0
Saccharomycodes,0,0,0,0,0,0,0,0,0,0,0,0,0,0,0,0,0,0,0,0,0,0,0,0
Saccharomycopsis,0,0,0,0,0,0,0,0,0,0,0,0,0,0,0,0,0,0,0,0,0,0,0,0
Sugiyamaella,0,0,0,0,0,0,0,0,0,0,0,0,0,0,0,0,0,0,0,0,0,0,0,0
Tortispora,0,0,0,0,0,0,0,0,0,0,0,0,0,0,0,0,0,0,0,0,0,0,0,0
Nadsonia,0,0,0,0,0,0,0,0,0,0,0,0,0,0,0,0,0,0,0,0,0,0,0,0
Schizosaccharomyces,0,0,0,0,0,0,0,0,0,0,0,0,0,0,0,0,0,0,0,0,0,0,0,0
Chrysoporthe,0,0,0,0,0,0,0,0,0,0,0,0,0,0,0,0,0,0,0,0,0,0,0,0
Juglanconis,0,0,0,0,0,0,0,0,0,0,0,0,0,0,0,0,0,0,0,0,0,0,0,0
Valsa,0,0,0,0,0,0,0,0,0,0,0,0,0,0,0,0,0,0,0,0,0,0,0,0
Colletotrichum,0,0,0,0,0,0,0,0,0,0,0,0,0,0,0,0,0,0,0,0,0,0,0,0
Claviceps,0,0,0,0,0,0,0,0,0,0,0,0,0,0,0,0,0,0,0,0,0,0,0,0
Beauveria,0,0,0,0,0,0,0,0,0,0,0,0,0,0,0,0,0,0,0,0,0,0,0,0
Trichoderma,0,0,0,0,0,0,0,0,0,0,0,0,0,0,0,0,0,0,0,0,0,0,0,0
Fusarium,0,0,0,0,0,0,0,0,0,0,0,0,0,0,0,0,0,0,0,0,0,0,0,0
Neonectria,0,0,0,0,0,0,0,0,0,0,0,0,0,0,0,0,0,0,0,0,0,0,0,0
Hirsutella,0,0,0,0,0,0,0,0,0,0,0,0,0,0,0,0,0,0,0,0,0,0,0,0
Ophiocordyceps,0,0,0,0,0,0,0,0,0,0,0,0,0,0,0,0,0,0,0,0,0,0,0,0
Tolypocladium,0,0,0,0,0,0,0,0,0,0,0,0,0,0,0,0,0,0,0,0,0,0,0,0
Pyricularia,0,0,0,0,0,0,0,0,0,0,0,0,0,0,0,0,0,0,0,0,0,0,0,0
Ceratocystis,0,0,0,0,0,0,0,0,0,0,0,0,0,0,0,0,0,0,0,0,0,0,0,0
Lomentospora,0,0,0,0,0,0,0,0,0,0,0,0,0,0,0,0,0,0,0,0,0,0,0,0
Scedosporium,0,0,0,0,0,0,0,0,0,0,0,0,0,0,0,0,0,0,0,0,0,0,0,0
Sporothrix,0,0,0,0,0,0,0,0,0,0,0,0,0,0,0,0,0,0,0,0,0,0,0,0
Podospora,0,0,0,0,0,0,0,0,0,0,0,0,0,0,0,0,0,0,0,0,0,0,0,0
Thermothielavioides,0,0,0,0,0,0,0,0,0,0,0,0,0,0,0,0,0,0,0,0,0,0,0,0
Neurospora,0,0,0,0,0,0,0,0,0,0,0,0,0,0,0,0,0,0,0,0,0,0,0,0
Phaeoacremonium,0,0,0,0,0,0,0,0,0,0,0,0,0,0,0,0,0,0,0,0,0,0,0,0
Hypoxylon,0,0,0,0,0,0,0,0,0,0,0,0,0,0,0,0,0,0,0,0,0,0,0,0
Pseudomassariella,0,0,0,0,0,0,0,0,0,0,0,0,0,0,0,0,0,0,0,0,0,0,0,0
Pestalotiopsis,0,0,0,0,0,0,0,0,0,0,0,0,0,0,0,0,0,0,0,0,0,0,0,0
Monosporascus,0,0,0,0,0,0,0,0,0,0,0,0,0,0,0,0,0,0,0,0,0,0,0,0
Taphrina,0,0,0,0,0,0,0,0,0,0,0,0,0,0,0,0,0,0,0,0,0,0,0,0
Saitoella,0,0,0,0,0,0,0,0,0,0,0,0,0,0,0,0,0,0,0,0,0,0,0,0
Xylona,0,0,0,0,0,0,0,0,0,0,0,0,0,0,0,0,0,0,0,0,0,0,0,0
Agaricus,0,0,0,0,0,0,0,0,0,0,0,0,0,0,0,0,0,0,0,0,0,0,0,0
Amanita,0,0,0,0,0,0,0,0,0,0,0,0,0,0,0,0,0,0,0,0,0,0,0,0
Panaeolus,0,0,0,0,0,0,0,0,0,0,0,0,0,0,0,0,0,0,0,0,0,0,0,0
Gymnopilus,0,0,0,0,0,0,0,0,0,0,0,0,0,0,0,0,0,0,0,0,0,0,0,0
Fistulina,0,0,0,0,0,0,0,0,0,0,0,0,0,0,0,0,0,0,0,0,0,0,0,0
Hypsizygus,0,0,0,0,0,0,0,0,0,0,0,0,0,0,0,0,0,0,0,0,0,0,0,0
Lyophyllum,0,0,0,0,0,0,0,0,0,0,0,0,0,0,0,0,0,0,0,0,0,0,0,0
Moniliophthora,0,0,0,0,0,0,0,0,0,0,0,0,0,0,0,0,0,0,0,0,0,0,0,0
Mycena,0,0,0,0,0,0,0,0,0,0,0,0,0,0,0,0,0,0,0,0,0,0,0,0
Gymnopus,0,0,0,0,0,0,0,0,0,0,0,0,0,0,0,0,0,0,0,0,0,0,0,0
Lentinula,0,0,0,0,0,0,0,0,0,0,0,0,0,0,0,0,0,0,0,0,0,0,0,0
Candolleomyces,0,0,0,0,0,0,0,0,0,0,0,0,0,0,0,0,0,0,0,0,0,0,0,0
Hypholoma,0,0,0,0,0,0,0,0,0,0,0,0,0,0,0,0,0,0,0,0,0,0,0,0
Psilocybe,0,0,0,0,0,0,0,0,0,0,0,0,0,0,0,0,0,0,0,0,0,0,0,0
Laccaria,0,0,0,0,0,0,0,0,0,0,0,0,0,0,0,0,0,0,0,0,0,0,0,0
Plicaturopsis,0,0,0,0,0,0,0,0,0,0,0,0,0,0,0,0,0,0,0,0,0,0,0,0
Fibularhizoctonia,0,0,0,0,0,0,0,0,0,0,0,0,0,0,0,0,0,0,0,0,0,0,0,0
Exidia,0,0,0,0,0,0,0,0,0,0,0,0,0,0,0,0,0,0,0,0,0,0,0,0
Paxillus,0,0,0,0,0,0,0,0,0,0,0,0,0,0,0,0,0,0,0,0,0,0,0,0
Rhizopogon,0,0,0,0,0,0,0,0,0,0,0,0,0,0,0,0,0,0,0,0,0,0,0,0
Scleroderma,0,0,0,0,0,0,0,0,0,0,0,0,0,0,0,0,0,0,0,0,0,0,0,0
Serpula,0,0,0,0,0,0,0,0,0,0,0,0,0,0,0,0,0,0,0,0,0,0,0,0
Suillus,0,0,0,0,0,0,0,0,0,0,0,0,0,0,0,0,0,0,0,0,0,0,0,0
Botryobasidium,0,0,0,0,0,0,0,0,0,0,0,0,0,0,0,0,0,0,0,0,0,0,0,0
Rhizoctonia,0,0,0,0,0,0,0,0,0,0,0,0,0,0,0,0,0,0,0,0,0,0,0,0
Tulasnella,0,0,0,0,0,0,0,0,0,0,0,0,0,0,0,0,0,0,0,0,0,0,0,0
Sphaerobolus,0,0,0,0,0,0,0,0,0,0,0,0,0,0,0,0,0,0,0,0,0,0,0,0
Gloeophyllum,0,0,0,0,0,0,0,0,0,0,0,0,0,0,0,0,0,0,0,0,0,0,0,0
Neolentinus,0,0,0,0,0,0,0,0,0,0,0,0,0,0,0,0,0,0,0,0,0,0,0,0
Pyrrhoderma,0,0,0,0,0,0,0,0,0,0,0,0,0,0,0,0,0,0,0,0,0,0,0,0
Fomitopsis,0,0,0,0,0,0,0,0,0,0,0,0,0,0,0,0,0,0,0,0,0,0,0,0
Obba,0,0,0,0,0,0,0,0,0,0,0,0,0,0,0,0,0,0,0,0,0,0,0,0
Laetiporus,0,0,0,0,0,0,0,0,0,0,0,0,0,0,0,0,0,0,0,0,0,0,0,0
Phanerochaete,0,0,0,0,0,0,0,0,0,0,0,0,0,0,0,0,0,0,0,0,0,0,0,0
Lentinus,0,0,0,0,0,0,0,0,0,0,0,0,0,0,0,0,0,0,0,0,0,0,0,0
Polyporus,0,0,0,0,0,0,0,0,0,0,0,0,0,0,0,0,0,0,0,0,0,0,0,0
Heterobasidion,0,0,0,0,0,0,0,0,0,0,0,0,0,0,0,0,0,0,0,0,0,0,0,0
Peniophora,0,0,0,0,0,0,0,0,0,0,0,0,0,0,0,0,0,0,0,0,0,0,0,0
Serendipita,0,0,0,0,0,0,0,0,0,0,0,0,0,0,0,0,0,0,0,0,0,0,0,0
Sistotremastrum,0,0,0,0,0,0,0,0,0,0,0,0,0,0,0,0,0,0,0,0,0,0,0,0
Dacryopinax,0,0,0,0,0,0,0,0,0,0,0,0,0,0,0,0,0,0,0,0,0,0,0,0
Tilletiopsis,0,0,0,0,0,0,0,0,0,0,0,0,0,0,0,0,0,0,0,0,0,0,0,0
Acaromyces,0,0,0,0,0,0,0,0,0,0,0,0,0,0,0,0,0,0,0,0,0,0,0,0
Tilletiaria,0,0,0,0,0,0,0,0,0,0,0,0,0,0,0,0,0,0,0,0,0,0,0,0
Jaminaea,0,0,0,0,0,0,0,0,0,0,0,0,0,0,0,0,0,0,0,0,0,0,0,0
Tilletia,0,0,0,0,0,0,0,0,0,0,0,0,0,0,0,0,0,0,0,0,0,0,0,0
Malassezia,0,0,0,0,0,0,0,0,0,0,0,0,0,0,0,0,0,0,0,0,0,0,0,0
Leucosporidium,0,0,0,0,0,0,0,0,0,0,0,0,0,0,0,0,0,0,0,0,0,0,0,0
Rhodotorula,0,0,0,0,0,0,0,0,0,0,0,0,0,0,0,0,0,0,0,0,0,0,0,0
Sporidiobolus,0,0,0,0,0,0,0,0,0,0,0,0,0,0,0,0,0,0,0,0,0,0,0,0
Mixia,0,0,0,0,0,0,0,0,0,0,0,0,0,0,0,0,0,0,0,0,0,0,0,0
Puccinia,0,0,0,0,0,0,0,0,0,0,0,0,0,0,0,0,0,0,0,0,0,0,0,0
Phaffia,0,0,0,0,0,0,0,0,0,0,0,0,0,0,0,0,0,0,0,0,0,0,0,0
Cryptococcus,0,0,0,0,0,0,0,0,0,0,0,0,0,0,0,0,0,0,0,0,0,0,0,0
Kwoniella,0,0,0,0,0,0,0,0,0,0,0,0,0,0,0,0,0,0,0,0,0,0,0,0
Kockovaella,0,0,0,0,0,0,0,0,0,0,0,0,0,0,0,0,0,0,0,0,0,0,0,0
Tremella,0,0,0,0,0,0,0,0,0,0,0,0,0,0,0,0,0,0,0,0,0,0,0,0
Apiotrichum,0,0,0,0,0,0,0,0,0,0,0,0,0,0,0,0,0,0,0,0,0,0,0,0
Trichosporon,0,0,0,0,0,0,0,0,0,0,0,0,0,0,0,0,0,0,0,0,0,0,0,0
Testicularia,0,0,0,0,0,0,0,0,0,0,0,0,0,0,0,0,0,0,0,0,0,0,0,0
Kalmanozyma,0,0,0,0,0,0,0,0,0,0,0,0,0,0,0,0,0,0,0,0,0,0,0,0
Sporisorium,0,0,0,0,0,0,0,0,0,0,0,0,0,0,0,0,0,0,0,0,0,0,0,0
Violaceomyces,0,0,0,0,0,0,0,0,0,0,0,0,0,0,0,0,0,0,0,0,0,0,0,0
Wallemia,0,0,0,0,0,0,0,0,0,0,0,0,0,0,0,0,0,0,0,0,0,0,0,0
Allomyces,0,0,0,0,0,0,0,0,0,0,0,0,0,0,0,0,0,0,0,0,0,0,0,0
Catenaria,0,0,0,0,0,0,0,0,0,0,0,0,0,0,0,0,0,0,0,0,0,0,0,0
Caulochytrium,0,0,0,0,0,0,0,0,0,0,0,0,0,0,0,0,0,0,0,0,0,0,0,0
Rhizoclosmatium,0,0,0,0,0,0,0,0,0,0,0,0,0,0,0,0,0,0,0,0,0,0,0,0
Batrachochytrium,0,0,0,0,0,0,0,0,0,0,0,0,0,0,0,0,0,0,0,0,0,0,0,0
Spizellomyces,0,0,0,0,0,0,0,0,0,0,0,0,0,0,0,0,0,0,0,0,0,0,0,0
Blyttiomyces,0,0,0,0,0,0,0,0,0,0,0,0,0,0,0,0,0,0,0,0,0,0,0,0
Gonapodya,0,0,0,0,0,0,0,0,0,0,0,0,0,0,0,0,0,0,0,0,0,0,0,0
Anaeromyces,0,0,0,0,0,0,0,0,0,0,0,0,0,0,0,0,0,0,0,0,0,0,0,0
Caecomyces,0,0,0,0,0,0,0,0,0,0,0,0,0,0,0,0,0,0,0,0,0,0,0,0
Neocallimastix,0,0,0,0,0,0,0,0,0,0,0,0,0,0,0,0,0,0,0,0,0,0,0,0
Orpinomyces,0,0,0,0,0,0,0,0,0,0,0,0,0,0,0,0,0,0,0,0,0,0,0,0
Piromyces,0,0,0,0,0,0,0,0,0,0,0,0,0,0,0,0,0,0,0,0,0,0,0,0
Paramicrosporidium,0,0,0,0,0,0,0,0,0,0,0,0,0,0,0,0,0,0,0,0,0,0,0,0
Rozella,0,0,0,0,0,0,0,0,0,0,0,0,0,0,0,0,0,0,0,0,0,0,0,0
Amphiamblys,0,0,0,0,0,0,0,0,0,0,0,0,0,0,0,0,0,0,0,0,0,0,0,0
Edhazardia,0,0,0,0,0,0,0,0,0,0,0,0,0,0,0,0,0,0,0,0,0,0,0,0
Enterocytozoon,0,0,0,0,0,0,0,0,0,0,0,0,0,0,0,0,0,0,0,0,0,0,0,0
Enterospora,0,0,0,0,0,0,0,0,0,0,0,0,0,0,0,0,0,0,0,0,0,0,0,0
Hepatospora,0,0,0,0,0,0,0,0,0,0,0,0,0,0,0,0,0,0,0,0,0,0,0,0
Nosema,0,0,0,0,0,0,0,0,0,0,0,0,0,0,0,0,0,0,0,0,0,0,0,0
Vittaforma,0,0,0,0,0,0,0,0,0,0,0,0,0,0,0,0,0,0,0,0,0,0,0,0
Vavraia,0,0,0,0,0,0,0,0,0,0,0,0,0,0,0,0,0,0,0,0,0,0,0,0
Anncaliia,0,0,0,0,0,0,0,0,0,0,0,0,0,0,0,0,0,0,0,0,0,0,0,0
Tubulinosema,0,0,0,0,0,0,0,0,0,0,0,0,0,0,0,0,0,0,0,0,0,0,0,0
Mitosporidium,0,0,0,0,0,0,0,0,0,0,0,0,0,0,0,0,0,0,0,0,0,0,0,0
Nematocida,0,0,0,0,0,0,0,0,0,0,0,0,0,0,0,0,0,0,0,0,0,0,0,0
Encephalitozoon,0,0,0,0,0,0,0,0,0,0,0,0,0,0,0,0,0,0,0,0,0,0,0,0
Endogone,0,0,0,0,0,0,0,0,0,0,0,0,0,0,0,0,0,0,0,0,0,0,0,0
Jimgerdemannia,0,0,0,0,0,0,0,0,0,0,0,0,0,0,0,0,0,0,0,0,0,0,0,0
Bifiguratus,0,0,0,0,0,0,0,0,0,0,0,0,0,0,0,0,0,0,0,0,0,0,0,0
Diversispora,0,0,0,0,0,0,0,0,0,0,0,0,0,0,0,0,0,0,0,0,0,0,0,0
Gigaspora,0,0,0,0,0,0,0,0,0,0,0,0,0,0,0,0,0,0,0,0,0,0,0,0
Glomus,0,0,0,0,0,0,0,0,0,0,0,0,0,0,0,0,0,0,0,0,0,0,0,0
Rhizophagus,0,0,0,0,0,0,0,0,0,0,0,0,0,0,0,0,0,0,0,0,0,0,0,0
Linnemannia,0,0,0,0,0,0,0,0,0,0,0,0,0,0,0,0,0,0,0,0,0,0,0,0
Lobosporangium,0,0,0,0,0,0,0,0,0,0,0,0,0,0,0,0,0,0,0,0,0,0,0,0
Mortierella,0,0,0,0,0,0,0,0,0,0,0,0,0,0,0,0,0,0,0,0,0,0,0,0
Podila,0,0,0,0,0,0,0,0,0,0,0,0,0,0,0,0,0,0,0,0,0,0,0,0
Choanephora,0,0,0,0,0,0,0,0,0,0,0,0,0,0,0,0,0,0,0,0,0,0,0,0
Absidia,0,0,0,0,0,0,0,0,0,0,0,0,0,0,0,0,0,0,0,0,0,0,0,0
Hesseltinella,0,0,0,0,0,0,0,0,0,0,0,0,0,0,0,0,0,0,0,0,0,0,0,0
Lichtheimia,0,0,0,0,0,0,0,0,0,0,0,0,0,0,0,0,0,0,0,0,0,0,0,0
Mucor,0,0,0,0,0,0,0,0,0,0,0,0,0,0,0,0,0,0,0,0,0,0,0,0
Parasitella,0,0,0,0,0,0,0,0,0,0,0,0,0,0,0,0,0,0,0,0,0,0,0,0
Phycomyces,0,0,0,0,0,0,0,0,0,0,0,0,0,0,0,0,0,0,0,0,0,0,0,0
Rhizopus,0,0,0,0,0,0,0,0,0,0,0,0,0,0,0,0,0,0,0,0,0,0,0,0
Syncephalastrum,0,0,0,0,0,0,0,0,0,0,0,0,0,0,0,0,0,0,0,0,0,0,0,0
Olpidium,0,0,0,0,0,0,0,0,0,0,0,0,0,0,0,0,0,0,0,0,0,0,0,0
Basidiobolus,0,0,0,0,0,0,0,0,0,0,0,0,0,0,0,0,0,0,0,0,0,0,0,0
Dimargaris,0,0,0,0,0,0,0,0,0,0,0,0,0,0,0,0,0,0,0,0,0,0,0,0
Conidiobolus,0,0,0,0,0,0,0,0,0,0,0,0,0,0,0,0,0,0,0,0,0,0,0,0
Furculomyces,0,0,0,0,0,0,0,0,0,0,0,0,0,0,0,0,0,0,0,0,0,0,0,0
Smittium,0,0,0,0,0,0,0,0,0,0,0,0,0,0,0,0,0,0,0,0,0,0,0,0
Zancudomyces,0,0,0,0,0,0,0,0,0,0,0,0,0,0,0,0,0,0,0,0,0,0,0,0
Coemansia,0,0,0,0,0,0,0,0,0,0,0,0,0,0,0,0,0,0,0,0,0,0,0,0
Linderina,0,0,0,0,0,0,0,0,0,0,0,0,0,0,0,0,0,0,0,0,0,0,0,0
Piptocephalis,0,0,0,0,0,0,0,0,0,0,0,0,0,0,0,0,0,0,0,0,0,0,0,0
Syncephalis,0,0,0,0,0,0,0,0,0,0,0,0,0,0,0,0,0,0,0,0,0,0,0,0
Thamnocephalis,0,0,0,0,0,0,0,0,0,0,0,0,0,0,0,0,0,0,0,0,0,0,0,0
Alpharetrovirus,0,0,0,0,0,0,0,0,0,0,0,0,0,0,0,0,0,0,0,0,0,0,0,0
Betaretrovirus,0,0,0,0,0,0,0,0,0,0,0,0,0,0,0,0,0,0,0,0,0,0,0,0
Gammaretrovirus,0,0,0,0,0,0,0,0,0,0,0,0,0,0,0,0,0,0,0,0,0,0,0,0
Intracisternal_A_particles,0,0,0,0,0,0,0,0,0,0,0,0,0,0,0,0,0,0,0,0,0,0,0,0
Lentivirus,0,0,0,0,0,0,0,0,0,0,0,0,0,0,0,0,0,0,0,0,0,0,0,0
Bocaparvovirus,0,0,0,0,0,0,0,0,0,0,0,0,0,0,0,0,0,0,0,0,0,0,0,0
Dependoparvovirus,0,0,0,0,0,0,0,0,0,0,0,0,0,0,0,0,0,0,0,0,0,0,0,0
Pestivirus,0,0,0,0,0,0,0,0,0,0,0,0,0,0,0,0,0,0,0,0,0,0,0,0
Chlorovirus,0,0,0,0,0,0,0,0,0,0,0,0,0,0,0,0,0,0,0,0,0,0,0,0
Prasinovirus,0,0,0,0,0,0,0,0,0,0,0,0,0,0,0,0,0,0,0,0,0,0,0,0
Catovirus,0,0,0,0,0,0,0,0,0,0,0,0,0,0,0,0,0,0,0,0,0,0,0,0
Hokovirus,0,0,0,0,0,0,0,0,0,0,0,0,0,0,0,0,0,0,0,0,0,0,0,0
Klosneuvirus,0,0,0,0,0,0,0,0,0,0,0,0,0,0,0,0,0,0,0,0,0,0,0,0
Mimivirus,0,0,0,0,0,0,0,0,0,0,0,0,0,0,0,0,0,0,0,0,0,0,0,0
Tupanvirus,0,0,0,0,0,0,0,0,0,0,0,0,0,0,0,0,0,0,0,0,0,0,0,0
Chloriridovirus,0,0,0,0,0,0,0,0,0,0,0,0,0,0,0,0,0,0,0,0,0,0,0,0
Marseillevirus,0,0,0,0,0,0,0,0,0,0,0,0,0,0,0,0,0,0,0,0,0,0,0,0
Betaentomopoxvirus,0,0,0,0,0,0,0,0,0,0,0,0,0,0,0,0,0,0,0,0,0,0,0,0
Centapoxvirus,0,0,0,0,0,0,0,0,0,0,0,0,0,0,0,0,0,0,0,0,0,0,0,0
Molluscipoxvirus,0,0,0,0,0,0,0,0,0,0,0,0,0,0,0,0,0,0,0,0,0,0,0,0
Mustelpoxvirus,0,0,0,0,0,0,0,0,0,0,0,0,0,0,0,0,0,0,0,0,0,0,0,0
Sciuripoxvirus,0,0,0,0,0,0,0,0,0,0,0,0,0,0,0,0,0,0,0,0,0,0,0,0
Macavirus,0,0,0,0,0,0,0,0,0,0,0,0,0,0,0,0,0,0,0,0,0,0,0,0
Manticavirus,0,0,0,0,0,0,0,0,0,0,0,0,0,0,0,0,0,0,0,0,0,0,0,0
Percavirus,0,0,0,0,0,0,0,0,0,0,0,0,0,0,0,0,0,0,0,0,0,0,0,0
Proboscivirus,0,0,0,0,0,0,0,0,0,0,0,0,0,0,0,0,0,0,0,0,0,0,0,0
Rhadinovirus,0,0,0,0,0,0,0,0,0,0,0,0,0,0,0,0,0,0,0,0,0,0,0,0
Alphabaculovirus,0,0,0,0,0,0,0,0,0,0,0,0,0,0,0,0,0,0,0,0,0,0,0,0
Pandoravirus,0,0,0,0,0,0,0,0,0,0,0,0,0,0,0,0,0,0,0,0,0,0,0,0
Kuttervirus,0,0,0,0,0,0,0,0,0,0,0,0,0,0,0,0,0,0,0,0,0,0,0,0
Taipeivirus,0,0,0,0,0,0,0,0,0,0,0,0,0,0,0,0,0,0,0,0,0,0,0,0
Tedavirus,0,0,0,0,0,0,0,0,0,0,0,0,0,0,0,0,0,0,0,0,0,0,0,0
Acadevirus,0,0,0,0,0,0,0,0,0,0,0,0,0,0,0,0,0,0,0,0,0,0,0,0
Pifdecavirus,0,0,0,0,0,0,0,0,0,0,0,0,0,0,0,0,0,0,0,0,0,0,0,0
Cetovirus,0,0,0,0,0,0,0,0,0,0,0,0,0,0,0,0,0,0,0,0,0,0,0,0
Pogseptimavirus,0,0,0,0,0,0,0,0,0,0,0,0,0,0,0,0,0,0,0,0,0,0,0,0
Tequintavirus,0,0,0,0,0,0,0,0,0,0,0,0,0,0,0,0,0,0,0,0,0,0,0,0
Vipunavirus,0,0,0,0,0,0,0,0,0,0,0,0,0,0,0,0,0,0,0,0,0,0,0,0
Brucesealvirus,0,0,0,0,0,0,0,0,0,0,0,0,0,0,0,0,0,0,0,0,0,0,0,0
Capvunavirus,0,0,0,0,0,0,0,0,0,0,0,0,0,0,0,0,0,0,0,0,0,0,0,0
Gregsiragusavirus,0,0,0,0,0,0,0,0,0,0,0,0,0,0,0,0,0,0,0,0,0,0,0,0
Susfortunavirus,0,0,0,0,0,0,0,0,0,0,0,0,0,0,0,0,0,0,0,0,0,0,0,0
Agatevirus,0,0,0,0,0,0,0,0,0,0,0,0,0,0,0,0,0,0,0,0,0,0,0,0
Baoshanvirus,0,0,0,0,0,0,0,0,0,0,0,0,0,0,0,0,0,0,0,0,0,0,0,0
Bastillevirus,0,0,0,0,0,0,0,0,0,0,0,0,0,0,0,0,0,0,0,0,0,0,0,0
Bequatrovirus,0,0,0,0,0,0,0,0,0,0,0,0,0,0,0,0,0,0,0,0,0,0,0,0
Caeruleovirus,0,0,0,0,0,0,0,0,0,0,0,0,0,0,0,0,0,0,0,0,0,0,0,0
Eldridgevirus,0,0,0,0,0,0,0,0,0,0,0,0,0,0,0,0,0,0,0,0,0,0,0,0
Harbinvirus,0,0,0,0,0,0,0,0,0,0,0,0,0,0,0,0,0,0,0,0,0,0,0,0
Hopescreekvirus,0,0,0,0,0,0,0,0,0,0,0,0,0,0,0,0,0,0,0,0,0,0,0,0
Jeonjuvirus,0,0,0,0,0,0,0,0,0,0,0,0,0,0,0,0,0,0,0,0,0,0,0,0
Kayvirus,0,0,0,0,0,0,0,0,0,0,0,0,0,0,0,0,0,0,0,0,0,0,0,0
Kochikohdavirus,0,0,0,0,0,0,0,0,0,0,0,0,0,0,0,0,0,0,0,0,0,0,0,0
Matervirus,0,0,0,0,0,0,0,0,0,0,0,0,0,0,0,0,0,0,0,0,0,0,0,0
Moonbeamvirus,0,0,0,0,0,0,0,0,0,0,0,0,0,0,0,0,0,0,0,0,0,0,0,0
Mooreparkvirus,0,0,0,0,0,0,0,0,0,0,0,0,0,0,0,0,0,0,0,0,0,0,0,0
Nitunavirus,0,0,0,0,0,0,0,0,0,0,0,0,0,0,0,0,0,0,0,0,0,0,0,0
Okubovirus,0,0,0,0,0,0,0,0,0,0,0,0,0,0,0,0,0,0,0,0,0,0,0,0
Salchichonvirus,0,0,0,0,0,0,0,0,0,0,0,0,0,0,0,0,0,0,0,0,0,0,0,0
Schiekvirus,0,0,0,0,0,0,0,0,0,0,0,0,0,0,0,0,0,0,0,0,0,0,0,0
Sciuriunavirus,0,0,0,0,0,0,0,0,0,0,0,0,0,0,0,0,0,0,0,0,0,0,0,0
Sepunavirus,0,0,0,0,0,0,0,0,0,0,0,0,0,0,0,0,0,0,0,0,0,0,0,0
Shalavirus,0,0,0,0,0,0,0,0,0,0,0,0,0,0,0,0,0,0,0,0,0,0,0,0
Silviavirus,0,0,0,0,0,0,0,0,0,0,0,0,0,0,0,0,0,0,0,0,0,0,0,0
Siminovitchvirus,0,0,0,0,0,0,0,0,0,0,0,0,0,0,0,0,0,0,0,0,0,0,0,0
Siophivirus,0,0,0,0,0,0,0,0,0,0,0,0,0,0,0,0,0,0,0,0,0,0,0,0
Tsarbombavirus,0,0,0,0,0,0,0,0,0,0,0,0,0,0,0,0,0,0,0,0,0,0,0,0
Twortvirus,0,0,0,0,0,0,0,0,0,0,0,0,0,0,0,0,0,0,0,0,0,0,0,0
Wphvirus,0,0,0,0,0,0,0,0,0,0,0,0,0,0,0,0,0,0,0,0,0,0,0,0
Abouovirus,0,0,0,0,0,0,0,0,0,0,0,0,0,0,0,0,0,0,0,0,0,0,0,0
Agricanvirus,0,0,0,0,0,0,0,0,0,0,0,0,0,0,0,0,0,0,0,0,0,0,0,0
Alcyoneusvirus,0,0,0,0,0,0,0,0,0,0,0,0,0,0,0,0,0,0,0,0,0,0,0,0
Asteriusvirus,0,0,0,0,0,0,0,0,0,0,0,0,0,0,0,0,0,0,0,0,0,0,0,0
Atlauavirus,0,0,0,0,0,0,0,0,0,0,0,0,0,0,0,0,0,0,0,0,0,0,0,0
Bcepfunavirus,0,0,0,0,0,0,0,0,0,0,0,0,0,0,0,0,0,0,0,0,0,0,0,0
Becedseptimavirus,0,0,0,0,0,0,0,0,0,0,0,0,0,0,0,0,0,0,0,0,0,0,0,0
Bellamyvirus,0,0,0,0,0,0,0,0,0,0,0,0,0,0,0,0,0,0,0,0,0,0,0,0
Bendigovirus,0,0,0,0,0,0,0,0,0,0,0,0,0,0,0,0,0,0,0,0,0,0,0,0
Biquartavirus,0,0,0,0,0,0,0,0,0,0,0,0,0,0,0,0,0,0,0,0,0,0,0,0
Borockvirus,0,0,0,0,0,0,0,0,0,0,0,0,0,0,0,0,0,0,0,0,0,0,0,0
Brigitvirus,0,0,0,0,0,0,0,0,0,0,0,0,0,0,0,0,0,0,0,0,0,0,0,0
Certrevirus,0,0,0,0,0,0,0,0,0,0,0,0,0,0,0,0,0,0,0,0,0,0,0,0
Chiangmaivirus,0,0,0,0,0,0,0,0,0,0,0,0,0,0,0,0,0,0,0,0,0,0,0,0
Dhakavirus,0,0,0,0,0,0,0,0,0,0,0,0,0,0,0,0,0,0,0,0,0,0,0,0
Donellivirus,0,0,0,0,0,0,0,0,0,0,0,0,0,0,0,0,0,0,0,0,0,0,0,0
Elvirus,0,0,0,0,0,0,0,0,0,0,0,0,0,0,0,0,0,0,0,0,0,0,0,0
Emdodecavirus,0,0,0,0,0,0,0,0,0,0,0,0,0,0,0,0,0,0,0,0,0,0,0,0
Eneladusvirus,0,0,0,0,0,0,0,0,0,0,0,0,0,0,0,0,0,0,0,0,0,0,0,0
Eponavirus,0,0,0,0,0,0,0,0,0,0,0,0,0,0,0,0,0,0,0,0,0,0,0,0
Erskinevirus,0,0,0,0,0,0,0,0,0,0,0,0,0,0,0,0,0,0,0,0,0,0,0,0
Felixounavirus,0,0,0,0,0,0,0,0,0,0,0,0,0,0,0,0,0,0,0,0,0,0,0,0
Firehammervirus,0,0,0,0,0,0,0,0,0,0,0,0,0,0,0,0,0,0,0,0,0,0,0,0
Flaumdravirus,0,0,0,0,0,0,0,0,0,0,0,0,0,0,0,0,0,0,0,0,0,0,0,0
Fletchervirus,0,0,0,0,0,0,0,0,0,0,0,0,0,0,0,0,0,0,0,0,0,0,0,0
Fukuivirus,0,0,0,0,0,0,0,0,0,0,0,0,0,0,0,0,0,0,0,0,0,0,0,0
Gaprivervirus,0,0,0,0,0,0,0,0,0,0,0,0,0,0,0,0,0,0,0,0,0,0,0,0
Gelderlandvirus,0,0,0,0,0,0,0,0,0,0,0,0,0,0,0,0,0,0,0,0,0,0,0,0
Hapunavirus,0,0,0,0,0,0,0,0,0,0,0,0,0,0,0,0,0,0,0,0,0,0,0,0
Iapetusvirus,0,0,0,0,0,0,0,0,0,0,0,0,0,0,0,0,0,0,0,0,0,0,0,0
Jilinvirus,0,0,0,0,0,0,0,0,0,0,0,0,0,0,0,0,0,0,0,0,0,0,0,0
Kungbxnavirus,0,0,0,0,0,0,0,0,0,0,0,0,0,0,0,0,0,0,0,0,0,0,0,0
Lasallevirus,0,0,0,0,0,0,0,0,0,0,0,0,0,0,0,0,0,0,0,0,0,0,0,0
Lubbockvirus,0,0,0,0,0,0,0,0,0,0,0,0,0,0,0,0,0,0,0,0,0,0,0,0
Mazuvirus,0,0,0,0,0,0,0,0,0,0,0,0,0,0,0,0,0,0,0,0,0,0,0,0
Metrivirus,0,0,0,0,0,0,0,0,0,0,0,0,0,0,0,0,0,0,0,0,0,0,0,0
Mieseafarmvirus,0,0,0,0,0,0,0,0,0,0,0,0,0,0,0,0,0,0,0,0,0,0,0,0
Mosigvirus,0,0,0,0,0,0,0,0,0,0,0,0,0,0,0,0,0,0,0,0,0,0,0,0
Muldoonvirus,0,0,0,0,0,0,0,0,0,0,0,0,0,0,0,0,0,0,0,0,0,0,0,0
Mydovirus,0,0,0,0,0,0,0,0,0,0,0,0,0,0,0,0,0,0,0,0,0,0,0,0
Nodensvirus,0,0,0,0,0,0,0,0,0,0,0,0,0,0,0,0,0,0,0,0,0,0,0,0
Noxifervirus,0,0,0,0,0,0,0,0,0,0,0,0,0,0,0,0,0,0,0,0,0,0,0,0
Petsuvirus,0,0,0,0,0,0,0,0,0,0,0,0,0,0,0,0,0,0,0,0,0,0,0,0
Phikzvirus,0,0,0,0,0,0,0,0,0,0,0,0,0,0,0,0,0,0,0,0,0,0,0,0
Polybotosvirus,0,0,0,0,0,0,0,0,0,0,0,0,0,0,0,0,0,0,0,0,0,0,0,0
Pseudotevenvirus,0,0,0,0,0,0,0,0,0,0,0,0,0,0,0,0,0,0,0,0,0,0,0,0
Ripduovirus,0,0,0,0,0,0,0,0,0,0,0,0,0,0,0,0,0,0,0,0,0,0,0,0
Schizotequatrovirus,0,0,0,0,0,0,0,0,0,0,0,0,0,0,0,0,0,0,0,0,0,0,0,0
Seoulvirus,0,0,0,0,0,0,0,0,0,0,0,0,0,0,0,0,0,0,0,0,0,0,0,0
Shandongvirus,0,0,0,0,0,0,0,0,0,0,0,0,0,0,0,0,0,0,0,0,0,0,0,0
Slopekvirus,0,0,0,0,0,0,0,0,0,0,0,0,0,0,0,0,0,0,0,0,0,0,0,0
Svunavirus,0,0,0,0,0,0,0,0,0,0,0,0,0,0,0,0,0,0,0,0,0,0,0,0
Takahashivirus,0,0,0,0,0,0,0,0,0,0,0,0,0,0,0,0,0,0,0,0,0,0,0,0
Tequatrovirus,0,0,0,0,0,0,0,0,0,0,0,0,0,0,0,0,0,0,0,0,0,0,0,0
Thornevirus,0,0,0,0,0,0,0,0,0,0,0,0,0,0,0,0,0,0,0,0,0,0,0,0
Tulanevirus,0,0,0,0,0,0,0,0,0,0,0,0,0,0,0,0,0,0,0,0,0,0,0,0
Vhmlvirus,0,0,0,0,0,0,0,0,0,0,0,0,0,0,0,0,0,0,0,0,0,0,0,0
Winklervirus,0,0,0,0,0,0,0,0,0,0,0,0,0,0,0,0,0,0,0,0,0,0,0,0
Anjalivirus,0,0,0,0,0,0,0,0,0,0,0,0,0,0,0,0,0,0,0,0,0,0,0,0
Astrithrvirus,0,0,0,0,0,0,0,0,0,0,0,0,0,0,0,0,0,0,0,0,0,0,0,0
Dybvigvirus,0,0,0,0,0,0,0,0,0,0,0,0,0,0,0,0,0,0,0,0,0,0,0,0
Fipvunavirus,0,0,0,0,0,0,0,0,0,0,0,0,0,0,0,0,0,0,0,0,0,0,0,0
Kafunavirus,0,0,0,0,0,0,0,0,0,0,0,0,0,0,0,0,0,0,0,0,0,0,0,0
Lederbergvirus,0,0,0,0,0,0,0,0,0,0,0,0,0,0,0,0,0,0,0,0,0,0,0,0
Lightbulbvirus,0,0,0,0,0,0,0,0,0,0,0,0,0,0,0,0,0,0,0,0,0,0,0,0
Traversvirus,0,0,0,0,0,0,0,0,0,0,0,0,0,0,0,0,0,0,0,0,0,0,0,0
Cepunavirus,0,0,0,0,0,0,0,0,0,0,0,0,0,0,0,0,0,0,0,0,0,0,0,0
Claudivirus,0,0,0,0,0,0,0,0,0,0,0,0,0,0,0,0,0,0,0,0,0,0,0,0
Gaunavirus,0,0,0,0,0,0,0,0,0,0,0,0,0,0,0,0,0,0,0,0,0,0,0,0
Harambevirus,0,0,0,0,0,0,0,0,0,0,0,0,0,0,0,0,0,0,0,0,0,0,0,0
Hemphillvirus,0,0,0,0,0,0,0,0,0,0,0,0,0,0,0,0,0,0,0,0,0,0,0,0
Klosterneuburgvirus,0,0,0,0,0,0,0,0,0,0,0,0,0,0,0,0,0,0,0,0,0,0,0,0
Mingyongvirus,0,0,0,0,0,0,0,0,0,0,0,0,0,0,0,0,0,0,0,0,0,0,0,0
Salasvirus,0,0,0,0,0,0,0,0,0,0,0,0,0,0,0,0,0,0,0,0,0,0,0,0
Baltimorevirus,0,0,0,0,0,0,0,0,0,0,0,0,0,0,0,0,0,0,0,0,0,0,0,0
Dendoorenvirus,0,0,0,0,0,0,0,0,0,0,0,0,0,0,0,0,0,0,0,0,0,0,0,0
Enquatrovirus,0,0,0,0,0,0,0,0,0,0,0,0,0,0,0,0,0,0,0,0,0,0,0,0
Inbricusvirus,0,0,0,0,0,0,0,0,0,0,0,0,0,0,0,0,0,0,0,0,0,0,0,0
Johnsonvirus,0,0,0,0,0,0,0,0,0,0,0,0,0,0,0,0,0,0,0,0,0,0,0,0
Jwalphavirus,0,0,0,0,0,0,0,0,0,0,0,0,0,0,0,0,0,0,0,0,0,0,0,0
Kaypoctavirus,0,0,0,0,0,0,0,0,0,0,0,0,0,0,0,0,0,0,0,0,0,0,0,0
Littlefixvirus,0,0,0,0,0,0,0,0,0,0,0,0,0,0,0,0,0,0,0,0,0,0,0,0
Matsuvirus,0,0,0,0,0,0,0,0,0,0,0,0,0,0,0,0,0,0,0,0,0,0,0,0
Pylasvirus,0,0,0,0,0,0,0,0,0,0,0,0,0,0,0,0,0,0,0,0,0,0,0,0
Raunefjordenvirus,0,0,0,0,0,0,0,0,0,0,0,0,0,0,0,0,0,0,0,0,0,0,0,0
Riverridervirus,0,0,0,0,0,0,0,0,0,0,0,0,0,0,0,0,0,0,0,0,0,0,0,0
Yonginvirus,0,0,0,0,0,0,0,0,0,0,0,0,0,0,0,0,0,0,0,0,0,0,0,0
Andromedavirus,0,0,0,0,0,0,0,0,0,0,0,0,0,0,0,0,0,0,0,0,0,0,0,0
Audreyjarvisvirus,0,0,0,0,0,0,0,0,0,0,0,0,0,0,0,0,0,0,0,0,0,0,0,0
Carmenvirus,0,0,0,0,0,0,0,0,0,0,0,0,0,0,0,0,0,0,0,0,0,0,0,0
Cbastvirus,0,0,0,0,0,0,0,0,0,0,0,0,0,0,0,0,0,0,0,0,0,0,0,0
Cequinquevirus,0,0,0,0,0,0,0,0,0,0,0,0,0,0,0,0,0,0,0,0,0,0,0,0
Cheoctovirus,0,0,0,0,0,0,0,0,0,0,0,0,0,0,0,0,0,0,0,0,0,0,0,0
Coetzeevirus,0,0,0,0,0,0,0,0,0,0,0,0,0,0,0,0,0,0,0,0,0,0,0,0
Colossusvirus,0,0,0,0,0,0,0,0,0,0,0,0,0,0,0,0,0,0,0,0,0,0,0,0
Cornellvirus,0,0,0,0,0,0,0,0,0,0,0,0,0,0,0,0,0,0,0,0,0,0,0,0
Delepquintavirus,0,0,0,0,0,0,0,0,0,0,0,0,0,0,0,0,0,0,0,0,0,0,0,0
Douglaswolinvirus,0,0,0,0,0,0,0,0,0,0,0,0,0,0,0,0,0,0,0,0,0,0,0,0
Efquatrovirus,0,0,0,0,0,0,0,0,0,0,0,0,0,0,0,0,0,0,0,0,0,0,0,0
Fernvirus,0,0,0,0,0,0,0,0,0,0,0,0,0,0,0,0,0,0,0,0,0,0,0,0
Fremauxvirus,0,0,0,0,0,0,0,0,0,0,0,0,0,0,0,0,0,0,0,0,0,0,0,0
Gordonvirus,0,0,0,0,0,0,0,0,0,0,0,0,0,0,0,0,0,0,0,0,0,0,0,0
Gustavvirus,0,0,0,0,0,0,0,0,0,0,0,0,0,0,0,0,0,0,0,0,0,0,0,0
Homburgvirus,0,0,0,0,0,0,0,0,0,0,0,0,0,0,0,0,0,0,0,0,0,0,0,0
Jenstvirus,0,0,0,0,0,0,0,0,0,0,0,0,0,0,0,0,0,0,0,0,0,0,0,0
Kairosalinivirus,0,0,0,0,0,0,0,0,0,0,0,0,0,0,0,0,0,0,0,0,0,0,0,0
Karimacvirus,0,0,0,0,0,0,0,0,0,0,0,0,0,0,0,0,0,0,0,0,0,0,0,0
Kenoshavirus,0,0,0,0,0,0,0,0,0,0,0,0,0,0,0,0,0,0,0,0,0,0,0,0
Lafunavirus,0,0,0,0,0,0,0,0,0,0,0,0,0,0,0,0,0,0,0,0,0,0,0,0
Leicestervirus,0,0,0,0,0,0,0,0,0,0,0,0,0,0,0,0,0,0,0,0,0,0,0,0
Lentavirus,0,0,0,0,0,0,0,0,0,0,0,0,0,0,0,0,0,0,0,0,0,0,0,0
Lenusvirus,0,0,0,0,0,0,0,0,0,0,0,0,0,0,0,0,0,0,0,0,0,0,0,0
Lughvirus,0,0,0,0,0,0,0,0,0,0,0,0,0,0,0,0,0,0,0,0,0,0,0,0
Maenadvirus,0,0,0,0,0,0,0,0,0,0,0,0,0,0,0,0,0,0,0,0,0,0,0,0
Magadivirus,0,0,0,0,0,0,0,0,0,0,0,0,0,0,0,0,0,0,0,0,0,0,0,0
Nonanavirus,0,0,0,0,0,0,0,0,0,0,0,0,0,0,0,0,0,0,0,0,0,0,0,0
Omegavirus,0,0,0,0,0,0,0,0,0,0,0,0,0,0,0,0,0,0,0,0,0,0,0,0
Pamexvirus,0,0,0,0,0,0,0,0,0,0,0,0,0,0,0,0,0,0,0,0,0,0,0,0
Poushouvirus,0,0,0,0,0,0,0,0,0,0,0,0,0,0,0,0,0,0,0,0,0,0,0,0
Priunavirus,0,0,0,0,0,0,0,0,0,0,0,0,0,0,0,0,0,0,0,0,0,0,0,0
Rimavirus,0,0,0,0,0,0,0,0,0,0,0,0,0,0,0,0,0,0,0,0,0,0,0,0
Rockvillevirus,0,0,0,0,0,0,0,0,0,0,0,0,0,0,0,0,0,0,0,0,0,0,0,0
Roufvirus,0,0,0,0,0,0,0,0,0,0,0,0,0,0,0,0,0,0,0,0,0,0,0,0
Samistivirus,0,0,0,0,0,0,0,0,0,0,0,0,0,0,0,0,0,0,0,0,0,0,0,0
Samwavirus,0,0,0,0,0,0,0,0,0,0,0,0,0,0,0,0,0,0,0,0,0,0,0,0
Sashavirus,0,0,0,0,0,0,0,0,0,0,0,0,0,0,0,0,0,0,0,0,0,0,0,0
Scapunavirus,0,0,0,0,0,0,0,0,0,0,0,0,0,0,0,0,0,0,0,0,0,0,0,0
Sextaecvirus,0,0,0,0,0,0,0,0,0,0,0,0,0,0,0,0,0,0,0,0,0,0,0,0
Skunavirus,0,0,0,0,0,0,0,0,0,0,0,0,0,0,0,0,0,0,0,0,0,0,0,0
Tanisvirus,0,0,0,0,0,0,0,0,0,0,0,0,0,0,0,0,0,0,0,0,0,0,0,0
Timquatrovirus,0,0,0,0,0,0,0,0,0,0,0,0,0,0,0,0,0,0,0,0,0,0,0,0
Trinevirus,0,0,0,0,0,0,0,0,0,0,0,0,0,0,0,0,0,0,0,0,0,0,0,0
Vedamuthuvirus,0,0,0,0,0,0,0,0,0,0,0,0,0,0,0,0,0,0,0,0,0,0,0,0
Vegasvirus,0,0,0,0,0,0,0,0,0,0,0,0,0,0,0,0,0,0,0,0,0,0,0,0
Wanderervirus,0,0,0,0,0,0,0,0,0,0,0,0,0,0,0,0,0,0,0,0,0,0,0,0
Whiteheadvirus,0,0,0,0,0,0,0,0,0,0,0,0,0,0,0,0,0,0,0,0,0,0,0,0
Wizardvirus,0,0,0,0,0,0,0,0,0,0,0,0,0,0,0,0,0,0,0,0,0,0,0,0
Xiamenvirus,0,0,0,0,0,0,0,0,0,0,0,0,0,0,0,0,0,0,0,0,0,0,0,0
Lilyvirus,0,0,0,0,0,0,0,0,0,0,0,0,0,0,0,0,0,0,0,0,0,0,0,0
