Genus,K1,K2,K3,K4,K5,K6,M1,M2,M3,M4,M5,M6,Y1,Y2,Y3,Y4,Y5,Y6,Z1,Z2,Z3,Z4,Z5,Z6
Unclassified,0.497307234778847,0.510447485207101,0.587581611232017,0.571035543058281,0.600367274569402,0.236811017502409,0.448963478144004,0.416166403370195,0.431422002990871,0.43316516050341,0.430053786472464,0.433869767203101,0.298336225100539,0.296824447882965,0.224263353052733,0.23539875481767,0.259034486754247,0.266798504554181,0.427215803862774,0.393938808249096,0.518423492378345,0.473985541233362,0.527251230024028,0.459507070707071
Akkermansia,0.000108143181572402,0.000138683431952663,7.70371511661499e-05,0.000141605809884086,0.000158308004052685,0,0.000571178980613513,0.00363349131121643,0.000647278084056871,0.00080390308809669,0.00235613308582036,0.00195066861733528,0.364914121239021,0.421209030806021,0.426986328511987,0.325822709753928,0.269072000695239,0.389277826695729,0.00218714172325602,0.00713195075281702,0.00142299648562989,0.00190842781129207,0.00184344686423332,0.00138989898989899
Clostridium,0.13401103060452,0.121070636094675,0.0310074533443753,0.0251046871523072,0.0273714539007092,0.0346162215935586,0.127137721331855,0.134755134281201,0.136955114612861,0.131562898486445,0.143081536484364,0.148584481917815,0.0167184494747744,0.0201680967787312,0.00922754677460443,0.00919063148532464,0.0129777958024942,0.00792470805606478,0.0480112884734104,0.184019791646534,0.0797956059593368,0.134366256408598,0.113124070330676,0.0512
Lactobacillus,0.0322482967448902,0.0327524038461538,0.0232844789399688,0.0257520279974916,0.0224164133738602,0.440684552491684,0.0363538621778719,0.0216166403370195,0.0457335446287079,0.0484559516549315,0.0313437098386406,0.0294910294910295,0.00846010033759701,0.00506400337600225,0.00108975629086586,0.00991698784464868,0.0049390941614403,0.00330557039132757,0.0413969485845313,0.0132588569551016,0.00252258467907117,0.00287881483398295,0.00250454505002733,0.0147717171717172
Prevotella,0.0595652644100789,0.047915125739645,0.0298326367890915,0.0566018651508102,0.0392287234042553,0.121553144527,0.0481302288075799,0.0568983675618747,0.0530991228265964,0.0491212507623219,0.0571421771621686,0.0615743949077282,0,0,0,0,0,0,0.0125584266690184,0.0510253387193413,0.0166663073241198,0.0058223221361453,0.00222484966372987,0.0117010101010101
Bilophila,0,6.93417159763314e-05,0.00113629797970071,0.000424817429652257,0.000395770010131712,0.000404140889731713,0.000167993817827504,0.00110584518167457,0.000357118942927929,8.31623884237955e-05,0.000404588509686325,0.000154000154000154,0.0681650055817832,0.00945983963989309,0.104758130714144,0.152712718648088,0.0892513144363494,0.0359282301485341,0.0390687009436458,0,0.0208274940169466,0.0086849638530834,0.00713223235058545,0.0379151515151515
Bacteroides,0.0324429544717206,0.0294008875739645,0.0161585424570999,0.0244371169057108,0.0181737588652482,0.00466316411228899,0.0407385008231697,0.0424170616113744,0.0396848425328661,0.0425791428729833,0.0482412299490694,0.0479197145863813,5.38003201119047e-05,0,0,0.000237177586718055,0,0.00157339376705111,0.0342358232648382,0.0209513133226386,0.0544403958517496,0.0143293817017354,0.00628043276504316,0.0352484848484848
Acutalibacter,0.00162214772358603,0.0022189349112426,0.00697186218053656,0.00527987376853519,0.00571491894630193,0.000932632822457798,0.0019655276685818,0.00181674565560821,0.00180791464857264,0.00130287741863946,0.00133276214955495,0.00148866815533482,0.0206593229229714,0.033425938950626,0.0786605904497721,0.0855173436110288,0.11887139525789,0.081296822899375,0.00264573595555164,0.00291849475250778,0.00239322136219573,0.00394624055894293,0.00233927050357883,0.00336161616161616
Ruminococcus,0.0204823185898129,0.0279909393491124,0.0199141035764497,0.0395484797604839,0.029366134751773,0.024994559641869,0.0160602089843094,0.0121379673512375,0.0248644064013571,0.0173254975882907,0.0143509924318149,0.0147840147840148,0.0220984814859648,0.0118511745674497,0.0109824789832715,0.03658464275126,0.0267087672542402,0.0198045527375608,0.00615574565658347,0.0195210576161116,0.0102843836915979,0.0134722064983584,0.00837814816227418,0.00673939393939394
Eubacterium,0.0251541040337407,0.0245007396449704,0.0503052597114959,0.038112192260231,0.0307909067882472,0.0104143998507787,0.0160770083660921,0.0192206424433913,0.0220074548579336,0.0187392581914953,0.0199914322433243,0.0204306870973538,0.00345667056718987,0.00381558587705725,0.0119590138413202,0.00254965905721909,0.0123694616242523,0.00604818337976529,0.015151247905459,0.0288177197085371,0.0136262693775468,0.0164804062687002,0.016247759258553,0.0170343434343434
Escherichia,0,0,0,0.000121376408472073,0,0.000248702085988746,0.0313140476430467,0.0128488678251711,0.0291721536504252,0.0366746132948938,0.0320814888857156,0.02995302995303,0,0,0,0,0,0,0.0687185818855278,0.0357177371035389,0.0187792414997521,0.0275104720932865,0.0295968572409321,0.0498747474747475
Roseburia,0.020936519952417,0.0235992973372781,0.0233422568033434,0.0170533853903263,0.0208491641337386,0.0137097024901296,0.00542620031582838,0.0146656134807794,0.00834765529094034,0.00490658091700394,0.00673520872007235,0.00754600754600755,0.000255551520531547,0.00233858489238993,0.00283053582043081,0.00145271271864809,0.00598195275271216,0.00334887480693448,0.0391568921421642,0.0218403911942635,0.028653974687911,0.0248580808979315,0.0308936267592204,0.0496484848484849
Oscillibacter,0.00480155726181464,0.00587093195266272,0.0305067118617953,0.0220500475390933,0.0317407548125633,0.00582895514036124,0.0128515270638041,0.00947867298578199,0.0113608463718947,0.00851028441536841,0.00716359655385787,0.00649367316033983,0.0110559657829964,0.0191482627655085,0.0131336862067989,0.0134450044470798,0.0292145247027129,0.0208294239069244,0.0104065614251698,0.0249328359651327,0.00450615553782799,0.0154614998948747,0.00886125837496981,0.0176969696969697
Phascolarctobacterium,0.0168703363252947,0.0155325443786982,0.0016948173256553,0.0024882163736775,0.00226380445795339,0.00825380047875152,0.022074387662534,0.0220115850447604,0.015222194942303,0.0199035316294284,0.0235375315341044,0.0218680218680219,0,0,0,0,0,0,0.0117647058823529,0.0155781905332534,0.00774023845971411,0.015542365480099,0.0113276631450475,0.010569696969697
Pseudoflavonifractor,0.002206120904077,0.00214959319526627,0.0173526183001753,0.0151113628547731,0.0137094731509625,0.000715018497217645,0.0120955548835803,0.0116113744075829,0.0105796486842399,0.00770638132727172,0.0114950735399115,0.00872667539334206,0.00901155361874403,0.0101280067520045,0.00147187862662402,0.00403201897420694,0.00816905896496285,0.00232400363757091,0.00799012258576594,0.0150176849185334,0.010176580927535,0.0118548947938736,0.00471668128710731,0.0117494949494949
Subdoligranulum,0.00060560181680545,0.00113258136094675,0.000327407892456137,0.000303441021180183,0.000601570415400203,0.000124351042994373,0.00125995363370628,0.000526592943654555,0.000691917951922862,0.000609857515107834,0.000856775667571041,0.000616000616000616,0.0271960618165678,0.0315093543395696,0.0234651419513714,0.0210791580195672,0.0320534175345085,0.0567720888606608,0.00107593262192433,0.00164286128452425,0.000776179901252668,0.000954213905646035,0.000444969932745973,0.00132525252525253
Anaerotruncus,0.00419595544500919,0.00390625,0.0057585270496697,0.00465276232476281,0.00625316616008105,0.00228495041502161,0.00161274065114404,0.00444971037388099,0.0020311139879026,0.00158008538005212,0.00283211956780427,0.0025666692333359,0.0290790730204845,0.0263574342382895,0.0156953211242888,0.0160687815001482,0.0234208658623137,0.0289562192358214,0.00287503307169944,0.00262857805523879,0.0018326469890688,0.00242596755672721,0.00214856910383056,0.00300606060606061
Blautia,0.00549367362387801,0.00605584319526627,0.011074090480134,0.00790969595209678,0.0078362462006079,0.00889109957409768,0.00270470046702281,0.00937335439705108,0.00285695154342343,0.00329877474081056,0.00285591889190347,0.00308000308000308,0.00503032993046309,0.00409691939794627,0.00512326983497976,0.00675956122146457,0.00609782592952014,0.00580279169132613,0.0116059617250198,0.00228067801851601,0.00890450831159311,0.0214132069673788,0.0250581639269232,0.0122989898989899
Desulfovibrio,0.0046285281712988,0.00397559171597633,0.0112089054946748,0.00358060404992616,0.00580990374873354,0.00242484533839028,0.0134563048079831,0.0158767772511848,0.00859317456420329,0.010977435271941,0.0121614546146889,0.0123970123970124,0.00147950880307738,0.00015825010550007,0.00236349741005972,0.00348354580492143,0.00204226474124071,0.000765044675722101,0.00827233442102478,0.00301513365159744,0.00970224876565835,0.0138765344244796,0.0156756550593081,0.00848484848484849
Parasutterella,0.00291986590245485,0.00240384615384615,0.000520000770371512,0.0021443165496733,0.00147226443768997,0.00441446202630025,0.0106844068138293,0.00684570826750922,0.0108028480235698,0.0118645007484615,0.0113998762435147,0.0111650111650112,0,0,0,0,0,0,0.0199841255842667,0.021975685652989,0.0106509130894116,0.0155908848312335,0.00767890969653051,0.0154828282828283
Ligilactobacillus,0.00149237590569915,0.000970784023668639,0.00234963311056757,0.001658810915785,0.0020580040526849,0.000792737899089129,0.00614857373248664,0.0510005265929437,0.00734325826395554,0.0087597715806398,0.0112332809748203,0.010292343625677,0,0,0,0,0,0,0.0284681188817356,0.00856220645934402,0.00215605528125741,0.00242596755672721,0.00228841679697929,0.0140606060606061
Parabacteroides,0.0112036336109008,0.0122965976331361,0.00165629875007222,0.00283211619768171,0.00218465045592705,0.000886001181334908,0.00821489769176494,0.0124275934702475,0.0105796486842399,0.0117536175638964,0.0123756485315817,0.0123970123970124,0,0,0,0,0,0,0.0115354087662051,0.00722858965190669,0.0113192902266014,0.00596788018954893,0.00272067330307538,0.0149010101010101
Faecalibaculum,0,4.62278106508876e-05,0,0,0,0,0.00188153075966804,0.00908372827804107,0.00167399504497467,0.00277207961412652,0.00178494930743967,0.00128333461666795,0,0,0,0,0,0,0.01673868947879,0.0111134733953111,0.0294732756947888,0.0256990829842636,0.029393442414534,0.0113454545454545
Phocaeicola,0.00447712771709744,0.00388313609467456,0.00271555957860678,0.0034794570428661,0.00284954407294833,0.00121242266919514,0.0117595672479253,0.00908372827804107,0.0116286855790907,0.0124466374674281,0.0126136417725737,0.012294345627679,0,0,0,0,0,0,0.0150630567069406,0.00347900036722782,0.0110174424872254,0.00211867833287509,0.000851799585542291,0.0184080808080808
Mycoplasma,0.00875959770736455,0.00758136094674556,3.85185755830749e-05,0.000222523415532134,3.1661600810537e-05,0.000124351042994373,0.0177737459261499,0.00850447604002106,0.0159364328281588,0.0166324776847591,0.0153743633680803,0.0157850157850158,0,0,0,0,0,0,0.000229297116147808,0.0135487736523706,0.00278131131282206,0.00232892885445812,0.0013476232248878,0.000371717171717172
Schaedlerella,0.00633719044014275,0.00765070266272189,0.007453344375325,0.00590698521230757,0.00620567375886525,0.00177200236266982,0.00524140711621812,0.00252764612954186,0.00464254625806308,0.00426900260575484,0.0037602932076729,0.00392700392700393,0.00160055952332916,0.00251441834294556,0.00223612329814034,0.0028906018381263,0.00295476600860358,0.00163113298786033,0.00719640179910045,0.00287983919287191,0.00636036307970936,0.00653393928611861,0.00865784354857165,0.00795151515151515
Limosilactobacillus,0.000930031361522656,0.000647189349112426,0.011825202704004,0.0145044808124128,0.0129495947315096,0.015512792613548,0.00324228068407083,0.00539757767245919,0.00359350936321228,0.00498974330542773,0.00316531010519301,0.00331100331100331,0.00258241536537142,0.000791250527500352,0.000353816977553851,0.0032315446190335,0.00166567691661477,0,0.00493870711702972,0.00177815574324977,0.000646816584377223,0.000307289223852113,0.000152561119798619,0.00179393939393939
Hungatella,0.00326592408348654,0.00367511094674556,0.00304296747106292,0.00224546355673336,0.00223214285714286,0.000264245966363043,0.00183113261431979,0.000974196945760927,0.00171863491284066,0.000970227864944281,0.00121376552905897,0.00115500115500116,0.00910570417893986,0.00580250386833591,0.0071754083047921,0.0049510821227394,0.00615576251792413,0.00398400623583585,0.00931299056354176,0.00179748352306771,0.00715810353377461,0.00483576199640957,0.00567018828584868,0.00921212121212121
Paenibacillus,0.00211960635881908,0.00235761834319527,0.00136740943319916,0.00111261707766067,0.00106066362715299,0.000528491932726086,0.0021335214864093,0.00194839389152185,0.00189719438430462,0.00144148139934579,0.00166595268694369,0.00166833500166833,0.0179827569974041,0.0193065128710086,0.00540632341702284,0.0100504002371776,0.00663373937225707,0.00280035220924694,0.00224005644236705,0.00156555016525252,0.00353593066126215,0.00270091054648962,0.00233927050357883,0.00221414141414141
Romboutsia,0.0011030604520385,0.00127126479289941,0.0013866687209907,0.00236683996520543,0.00166223404255319,0.00825380047875152,0.00251990726741256,0.000210637177461822,0.00196415418610361,0.00291068359483284,0.00104717026036461,0.00105233438566772,0.00324146928674226,0.00360458573639049,0.00379291799937728,0.00237177586718055,0.00341825871583552,0.00815566493930164,0.0063674045330276,0.0056243839270183,0.00392402061188849,0.00507835875208229,0.00442427247415996,0.00505858585858586
Flavonifractor,0.00108143181572402,0.00134060650887574,0.00441037690426208,0.00362106285275019,0.00435347011144883,0.00023315820561445,0.00270470046702281,0.00308056872037915,0.00267839207195947,0.00171868936075844,0.00316531010519301,0.00164266830933498,0.00324146928674226,0.00606625404416936,0.00495343768575391,0.00394307737918767,0.00714068452079199,0.00223739480635709,0.00246935355851486,0.00338236146813815,0.00198357085875682,0.00441526095324352,0.00250454505002733,0.00339393939393939
Duncaniella,0.00367686817346166,0.00360576923076923,0.00643260212237351,0.00786923714927275,0.00725050658561297,0.000637299095346162,0.00569499042435238,0.00652975250131648,0.00457558645626409,0.00543327604368798,0.00597363034889809,0.00562100562100562,0,0,0,0,0,0,0.000687891348443425,0.00318908366995883,0.000797740454065242,0.000921867671556339,0.000419543079446203,0.000856565656565657
Lachnoclostridium,0.00356872499188926,0.00305103550295858,0.00367852396818366,0.00343899824004208,0.00427431610942249,0.00295333727111636,0.00154554312401304,0.00150078988941548,0.00129455616811374,0.000887065476520486,0.00118996620495978,0.000924000924000924,0.000726304321510713,0.000263750175833451,0.000169832149225848,0.000103765194189149,0.000579365884039918,0.00011547844161843,0.00209895052473763,0.00115966678907594,0.00457083719626571,0.00913781113033915,0.0125735789567362,0.00258585858585859
Enterocloster,0.00302800908402725,0.00365199704142012,0.00273481886639832,0.00151720510590092,0.00213715805471125,0.000341965368234526,0.00125995363370628,0.00179041600842549,0.00111599669664978,0.000471253534401508,0.000666381074777476,0.00118066784733451,0.00209821248436428,0.00119566746377831,0.00124543576098956,0.000533649570115624,0.00157877203400878,0.00184765506589489,0.00677308404621219,0.00220336689924428,0.00334188568594899,0.00624282317931135,0.00766619626988062,0.00733737373737374
Faecalibacterium,0.00551530226019249,0.00536242603550296,0.00217629952044373,0.00206339894402525,0.00218465045592705,0.00113470326732365,0.00085676847092027,0.00229067930489731,0.000736557819788853,0.000665299107390364,0.00126136417725737,0.0011293344626678,0.000699404161454761,0.000650583767055845,0.000212290186532311,0.000459531574266232,0.000941469561564867,0.000606261818496759,0.00199312108651557,0.00175882796343184,0.0168819128522455,0.00430204913392958,0.00480567527365651,0.00187474747474747
Kineothrix,0.00186006272304531,0.00265809911242604,0.00265778171523217,0.00216454595108531,0.00250126646403242,0.00118133490844654,0.000503981453482512,0.0004739336492891,0.000892797357319822,0.000720740699672895,0.000642581750678281,0.000693000693000693,0,0,0,0,0,0,0.00174618573066408,0.00141092792670906,0.00575666760095729,0.0121783571347706,0.0159934907255553,0.00202020202020202
Turicibacter,0.00114631772466746,0.00175665680473373,0.00159852088669761,0.00147674630307689,0.00150392603850051,0.00396368949544564,0.00379666028290159,0.00118483412322275,0.00354886949534629,0.00535011365526418,0.00102337093626541,0.00107800107800108,0,0,0,0,0,0,0.00885439633124614,0.00374958928467887,0.00217761583406999,0.00380068250553929,0.00386488170156502,0.00454141414141414
Intestinimonas,0.000475829998918568,0.00067030325443787,0.00421778402634671,0.00400542147957842,0.0032136524822695,0.00107252774582647,0.00280549675771932,0.00334386519220642,0.00278999174162444,0.00166324776847591,0.00304631348469703,0.00287466954133621,5.38003201119047e-05,0,8.49160746129242e-05,0.000148235991698784,0.00172361350501876,0.000620696623699063,0.00213422700414499,0.00353698370668161,0.00383777840063819,0.00315375782374537,0.00124591581168872,0.00303838383838384
Muribaculum,0.00432572726289607,0.00386002218934911,0.000500741482579974,0.000404588028240244,0.000490754812563323,0,0.00559419413365588,0.00589784096893102,0.00466486619199607,0.00590452957808948,0.00549764386691418,0.00585200585200585,0,0,0,0,0,0,0.000564423670517682,0.00286051141305398,0.000819301006877816,0.00101890637382543,0.000444969932745973,0.000614141414141414
Neglecta,0.00207634908619012,0.0016873150887574,0.000481482194788437,0.000121376408472073,0.000269123606889564,4.66316411228899e-05,0.000453583308134261,5.26592943654555e-05,0.000334799008994933,0.000304928757553917,0.000261792565091151,7.7000077000077e-05,0.000215201280447619,0.00307708538472359,0.00440148320076991,0.00115624073525052,0.0106458481192335,0.00896401403063066,0.00128759149836846,0.000792438972535225,0.000862422112502965,0.0028949879510278,0.00209771539723102,0.00166464646464646
Bacillus,0.000886774088893695,0.000970784023668639,0.000269630029081525,0.000141605809884086,0.000427431610942249,0.000279789846737339,0.00529180526156637,0.00136914165350184,0.00540142401178492,0.00482341852858014,0.00480746346803751,0.00523600523600524,0.000242101440503571,0.000404416936277958,0.000651023238699086,0.000103765194189149,0.00199881229993772,0.00102487116936357,0.000970103183702267,0.00347900036722782,0.000194044975313167,0.00218337080105449,0.00181802001093355,0.000597979797979798
Bifidobacterium,0,0,0,0,0,0.000777194018714832,0.00280549675771932,0.00179041600842549,0.00165167511104167,0.00288296279869158,0.000761578371174259,0.000462000462000462,0,0,0,0,0,8.66088312138228e-05,0.00571478966399153,0.00338236146813815,0.00638192363252194,0.00533712862479986,0.0056574748591988,0.00331313131313131
Mucispirillum,0.00575321725965178,0.00873705621301775,5.77778633746124e-05,0,0,0,0.00435103988173235,0.00797788309636651,0.00292391134522242,0.00329877474081056,0.00311771145699462,0.00284900284900285,0,0,0,0,0,0,0,0,0,0,0,0
Alistipes,0.00294149453876933,0.00335151627218935,0.00379407969493288,0.00621042623348775,0.00430597771023303,0.00132122983181521,0.00257030541276081,0.00208004212743549,0.0020087940539696,0.00152464378776958,0.00223713646532438,0.00192500192500193,0.000134500800279762,0,0,0.000177883190038541,0,0.00131356727340965,0.000141105917629421,0.000135294458725526,0.00153079924969276,6.46924681793922e-05,0,0.00021010101010101
Butyricicoccus,0.000800259543635774,0.000392936390532544,0.00179111376461298,0.00127445228895677,0.00265957446808511,0.00133677371218951,0.000671975271310016,0.000500263296471827,0.000557998348324889,0.000415811942118978,0.000333190537388738,0.000102666769333436,0.00063215376131488,0.00121325080883387,0.00503835376036684,0.00524755410613697,0.00659028693095407,0.00359426649537364,0.000423317752888262,0.000676472293627631,0.000323408292188612,0.000727790267018162,0.000432256506096088,0.000743434343434343
Ruminiclostridium,0.000324429544717206,0.000208025147928994,3.85185755830749e-05,0,4.74924012158055e-05,0,0.000151194436044754,0.000315955766192733,0,0,2.37993240991956e-05,0,0.00811039825686963,0.010550007033338,0.000891618783435704,0.00306848502816484,0.00137599397459481,0.000505218182080633,0.000194020636740453,3.86555596358646e-05,0.000280287186563464,0.000452847277255746,0.000470396786045743,0.00896969696969697
Acholeplasma,0.00927868497891208,0.00783561390532544,0.000404445043622287,0.000647340845184391,0.000332446808510638,4.66316411228899e-05,0.00314148439337432,0.000394944707740916,0.00299087114702141,0.00230082607972501,0.00228473511352278,0.00233566900233567,0,0,0,0,0,0,0,0.00179748352306771,0,0,0,0
Dorea,0.00123283226992538,0.00145617603550296,0.00177185447682145,0.00113284647907268,0.00191552684903749,0.00522274380576367,0.000403185162786009,0.000631911532385466,0.000557998348324889,0.00074846149581416,0.000142795944595173,0.000333667000333667,0.000309351840643452,0,0.00237765008916188,0.00066706196264453,0.00233194768326067,0.000144348052023038,0.00222241820266337,0.0012563056881656,0.000646816584377223,0.00250683314195145,0.00280966728962457,0.00276363636363636
Holdemania,0.000389315453660647,0.0013174926035503,0.00129037228203301,0.000788946655068477,0.00131395643363728,9.32632822457798e-05,0.00174713570540604,0.00168509741969458,0.00133919603597973,0.00102566945722681,0.00135656147365415,0.00125766792433459,0.00223271328464404,0.00123083415388944,0.00135865719380679,0.00114141713608064,0.00168016106371576,0.000938262338149747,0.00194020636740453,0.00177815574324977,0.00187576809469395,0.00228040950332358,0.00113149497183976,0.00234343434343434
Shigella,0,0,0,6.06882042360367e-05,0,0,0.00208312334106105,0.00115850447604002,0.00207575385576859,0.00271663802184399,0.00245133038221714,0.00292600292600293,0,0,0,0,0,0,0.00603227797865773,0.00320841144977676,0.00159548090813048,0.00216719768400964,0.00256811218327676,0.00436363636363636
Coprococcus,0.000129771817886882,0.000323594674556213,0.00127111299424147,0.00163858151437299,0.00113981762917933,0.000699474616843349,5.03981453482512e-05,0.000157977883096366,0.000178559471463964,2.77207961412652e-05,0,0,0.00776069617614225,0.0110071740047827,0.00110390896996801,0.00272754224725763,0.0014484147100998,0.000433044156069114,0.000352764794073551,0,6.46816584377223e-05,0.000210250521583025,0.000177987973098389,0.000484848484848485
Anaeromassilibacillus,0.000735373634692333,0.000277366863905325,0.000693334360495349,0.000768717253656464,0.000728216818642351,9.32632822457798e-05,0,0.000342285413375461,0,0,0.000142795944595173,5.1333384666718e-05,0.0069402412944357,0.0107082571388381,0.00165586345495202,0.00449155054847317,0.00128908909198882,0.00083721870173362,8.81911985183879e-05,5.79833394537969e-05,0.000215605528125741,0.000129384936358784,0.000228841679697929,9.6969696969697e-05
Butyricimonas,0.000886774088893695,0.000993897928994083,0,0,0,0,0.00485502133521486,0.000789889415481833,0.00417382764547017,0.00535011365526418,0.00466466752344233,0.00325966992633659,0,0,0,0,0,0,0.000246935355851486,0.00173950018361391,0.001164269851879,0.000339635457941809,6.35671332494247e-05,0.00105050505050505
Helicobacter,8.65145452579215e-05,0,0.0049881555380082,0.00912346003681751,0.0092926798378926,0.00590667454223272,0,0,0,0,0,0,0,0,0,0,0,0,0,0,0,0,0,0
Marasmitruncus,6.48859089434411e-05,0.000462278106508876,0,0,0.000284954407294833,9.32632822457798e-05,0.00043678392635151,0.000342285413375461,0.000513358480458898,0.000332649553695182,0.000642581750678281,0.000487667154333821,0.00334906992696607,0.00342875228583486,0.00315604743978035,0.0030240142306552,0.00575020639909619,0.00555740000288696,0.000123467677925743,0.000579833394537969,0.000129363316875445,0.000145558053403632,6.35671332494247e-05,0.000323232323232323
Acetatifactor,0.00157889045095707,0.00171042899408284,0.00458371049438592,0.00400542147957842,0.00413183890577508,0.000559579693474679,0.000571178980613513,0.000631911532385466,0.000870477423386827,0.000360370349836447,0.000737779047075063,0.000693000693000693,0.000269001600559523,0,7.07633955107702e-05,0.000118588793359028,1.4484147100998e-05,5.77392208092152e-05,0.000917188464591234,0.000966388990896616,0.000948664323753261,0.00134236871472239,0.00130948294493815,0.00140606060606061
Massiliimalia,0.000778630907321293,0.000739644970414201,0.000924445813993799,0.00072825845083244,0.000585739614994934,7.77194018714832e-05,0.000302388872089507,0.0004739336492891,0.000468718612592907,0.000304928757553917,0.000285591889190347,0.000205333538666872,0.00566248369177797,0.00727950485300324,0.00116051968637663,0.0022680106729914,0.00244782086006866,0.000779479480924405,0.000141105917629421,0,8.62422112502965e-05,0.000921867671556339,0.000559390772594938,0.000226262626262626
Sutterella,0.000432572726289607,0.000323594674556213,0.000115555726749225,0.000445046831064269,0.000221631205673759,0.000963720583206392,0.00146154621509928,0.00152711953659821,0.00145079570564471,0.00146920219548705,0.0015945547146461,0.0014373347706681,4.03502400839285e-05,0.000298916865944577,0,0.000118588793359028,0.000101389029706986,7.2174026011519e-05,0.00206367404533028,0.0024546280368774,0.00170328367219336,0.00177904287493329,0.000940793572091486,0.00145454545454545
Eisenbergiella,0.00153563317832811,0.00180288461538462,0.00381333898272442,0.0026500515849736,0.00315032928064843,0,0.000369586399220509,0.000447604002106372,0.000312479075061938,0.000110883184565061,0.00021419391689276,0.000359333692667026,0.000121050720251786,0.000175833450555634,7.07633955107702e-05,7.41179958493922e-05,0.000101389029706986,0.000144348052023038,0.00130522973807214,0.000850422311989022,0.000668377137189798,0.00106742572495997,0.000928080145441601,0.00163232323232323
Gemmiger,8.65145452579215e-05,0.000115569526627219,0.000250370741289987,0.000202294014120122,0.000110815602836879,0.000108807162620076,0.000705574034875517,0.000315955766192733,0.000178559471463964,8.31623884237955e-05,0.000333190537388738,0.000231000231000231,0.00295901760615476,0.00186383457588972,0.00152848934303264,0.00103765194189149,0.00383829898176446,0.00460470285953491,0.000246935355851486,0.000773111192717293,0.000517453267501779,0.00050136662839029,0.000203414826398159,0.00021010101010101
Anaerofilum,0,0,0,0,4.74924012158055e-05,0,0,0,0,0,0,0,0.00523208113088273,0.00464200309466873,0.0031702001188825,0.00231248147050104,0.00196984400573572,0.00355096207976673,0,0,0,0,0,0
Anaerotignum,0.000821888179950254,0.00127126479289941,0.000866667950619186,0.000485505633888293,0.000585739614994934,3.10877607485933e-05,0.000890367234485771,0.000447604002106372,0.000714237885855858,0.00113655264179187,0.000380789185587129,0.000898334231667565,0.00199061184414047,3.51666901111267e-05,2.83053582043081e-05,0.00363178179662022,0.00134702568039281,0.000433044156069114,0.000599700149925037,0.000560505614720037,0.000646816584377223,0.000905694554511491,0.000648384759144132,0.00121212121212121
Butyrivibrio,0.00118957499729642,0.00113258136094675,0.00338963465131059,0.0024882163736775,0.00307117527862209,0.000310877607485933,0.000655175889527265,0.000552922590837283,0.000669598017989867,0.000609857515107834,0.000499785806083107,0.000616000616000616,0,0,0,0,4.34524413029939e-05,0,0.000423317752888262,0.00112101122944007,0.000711498242814946,0.000711617149973314,0.000673811612443902,0.0010989898989899
Paramuribaculum,0.000410944089975127,0.000277366863905325,0.00150222444773992,0.00240729876802945,0.0020105116514691,0.000388597009357416,0.00268790108524006,0.000895208004212744,0.00223199339329956,0.00224538448744248,0.00188014660383645,0.00202766869433536,0,0,0,0,0,0.000216522078034557,0,0.000115966678907594,0.000107802764062871,0.000145558053403632,8.89939865491946e-05,0
Marvinbryantia,0.00183843408673083,0.00173354289940828,0.0013866687209907,0.00091032306354055,0.00112398682877406,0.00102589610470358,0.000167993817827504,0.000921537651395471,0.000334799008994933,0.000138603980706326,0.000452187157884716,0.000590333923667257,0,0,0,0,5.79365884039918e-05,1.44348052023038e-05,0.00148161213510892,0.000985716770714548,0.00146611759125504,0.000938040788601187,0.00116963525178941,0.00163232323232323
Ruthenibacterium,0.000259543635773764,0.000138683431952663,0,0,4.74924012158055e-05,1.55438803742966e-05,0,0.000157977883096366,0,0,4.75986481983912e-05,5.1333384666718e-05,0.00376602240783333,0.00247925165283444,0.00174077952956495,0.00209012748295286,0.0021581379180487,0.00386852779421742,0,7.73111192717293e-05,0,0,0,0
Odoribacter,0.000540715907862009,0.000208025147928994,0.00121333513086686,0.00159812271154897,0.00117147922998987,0.000202070444865856,0.00085676847092027,0.000710900473933649,0.0010043970269848,0.00102566945722681,0.000951972963967823,0.001001001001001,0,0,0,0,0,0,0.00121703853955375,0.000599161174355902,0.000625256031564649,0.00129384936358784,0.000292408812947354,0.00198787878787879
Candidatus_Amulumruptor,0.000410944089975127,0.00048539201183432,0.00179111376461298,0.00236683996520543,0.00182054204660588,0.000575123573848976,0.00151194436044754,0.000500263296471827,0.00124991630024775,0.0012751566224982,0.00111856823266219,0.00141166807833474,0,0,0,0,0,0,0.000282211835258841,0.000657144513809699,0.000129363316875445,0.000226423638627873,5.08537065995398e-05,0.00021010101010101
Robinsoniella,0.000302800908402725,0.000254252958579882,0.00196444735473682,0.00159812271154897,0.00163057244174265,0.000839369540212019,0.000655175889527265,0.00131648235913639,0.000714237885855858,0.000693019903531629,0.000904374315769432,0.000872667539334206,0.000134500800279762,0,0,0.000118588793359028,0,7.2174026011519e-05,0.00125231501896111,0.000193277798179323,0.000301847739376038,0.000226423638627873,0.000457683359395858,0.0015030303030303
Lachnotalea,0.000346058181031686,0.000346708579881657,0.00217629952044373,0.00137559929601683,0.0017572188449848,0.00104143998507787,0.000235191344958506,0.000105318588730911,0.000334799008994933,0.000194045572988856,0,0,0.00217891296453214,0.000123083415388944,4.24580373064621e-05,0.00028164838422769,0.000188293912312973,0.000101043636416127,0.000670253108739748,0.000328572256904849,0.000539013820314353,0.000598405330659378,0.000521250492645283,0.000824242424242424
Anaerocolumna,0.000237914999459284,0.000231139053254438,0.000404445043622287,0.000161835211296098,0.000348277608915907,0.00101035222432928,0.000218391963175755,0.000263296471827277,0.00020087940539696,0.000194045572988856,0.000190394592793565,0.000308000308000308,0,0,7.07633955107702e-05,0,0.000333135383322953,0.000129913246820734,0.000105829438222065,0.000115966678907594,0.00211293417563226,0.00304054600443143,0.00446241275410961,9.6969696969697e-05
Tyzzerella,0.00144911863307018,0.00122503698224852,0.000192592877915375,0.000101147007060061,0.000174138804457953,9.32632822457798e-05,0.000453583308134261,0.000421274354923644,0.000624958150123876,0.000831623884237955,0.000499785806083107,0.000385000385000385,0.000618703681286904,0,0,0.000919063148532464,0.00173809765211975,0.001140349610982,0.000141105917629421,0.000328572256904849,0.00252258467907117,9.70387022690883e-05,6.35671332494247e-05,9.6969696969697e-05
Desulfotomaculum,0.000194657726830323,0.000138683431952663,0,4.04588028240244e-05,6.3323201621074e-05,4.66316411228899e-05,0.000134395054262003,0.000289626119010005,0.000133919603597973,0.000138603980706326,0.000285591889190347,0.000154000154000154,0.000121050720251786,0,0,5.92943966795138e-05,0.000593850031140916,7.2174026011519e-05,0.000176382397036776,0.000154622238543459,0.00209137362281969,0.003299315877149,0.00513622436655352,0.000242424242424242
Adlercreutzia,0.000346058181031686,0.000231139053254438,0.000250370741289987,8.09176056480489e-05,9.49848024316109e-05,6.21755214971866e-05,0.00129355239727178,0.000315955766192733,0.00040175881079392,0.000831623884237955,0,7.7000077000077e-05,0,0,4.24580373064621e-05,8.89415950192707e-05,0,5.77392208092152e-05,0.00151688861451627,0.000289916697268985,0.00163860201375563,0.00215102456696479,0.00155103805128596,0.000937373737373737
Bariatricus,0.000475829998918568,0.00048539201183432,0,0,0,0,6.71975271310016e-05,0.000368615060558189,0,0,0.000166595268694369,0.000128333461666795,0,0,0,0,0,0,0.000229297116147808,9.66388990896616e-05,0.00150923869688019,0.00313758470670052,0.00451326646070916,0.000371717171717172
Acetitomaculum,0,0,0,0,0,0.000326421487860229,0,0.000131648235913639,0,0,0,0,0,0,0,0,0,0,0,0,0.00209137362281969,0.00342870081350779,0.00519979149980294,4.84848484848485e-05
Enterococcus,0.000627230453119931,0.000693417159763314,0.00150222444773992,0.00147674630307689,0.001709726443769,0.000544035813100382,0.000134395054262003,0.000447604002106372,0.000290159141128942,0.00102566945722681,0,7.7000077000077e-05,0,5.27500351666901e-05,0,5.92943966795138e-05,0,0,0.000458594232295617,0.000347900036722782,0.000431211056251482,0.000469020394300594,0.000127134266498849,0.000581818181818182
Parolsenella,0,0,0,0,0,0,0.00102476228874777,0.0004739336492891,0.00107135682878379,0.00177413095304097,0.000261792565091151,0.00025666692333359,0,0,0,0,0,0,0.000758444307258136,0.000328572256904849,0.00118583040469158,0.00106742572495997,0.00114420839848965,0.000614141414141414
Anaeroplasma,0,0,0.00140592800878224,0.0024882163736775,0.00193135764944276,4.66316411228899e-05,0.000100796290696502,0.000131648235913639,0,0,4.75986481983912e-05,0.000154000154000154,0,0,0,0,0,0,0.000405679513184584,0.000309244477086917,0.000150923869688019,0.00100273325678058,0,0.000808080808080808
Allobaculum,0.00118957499729642,0.00129437869822485,0,0,0,0,0,5.26592943654555e-05,0,0,0,0,0,0,0.000283053582043081,0,0.000550397589837922,0.000216522078034557,0.000987741423405944,0.000444538935812443,0.00135831482719217,0.000873348320421795,0.000991647278691026,0.00063030303030303
Elusimicrobium,0.000692116362063372,0.000716531065088757,0.000808890087244574,0.00153743450731293,0.0011556484295846,0.000388597009357416,0.000487182071699761,0.000500263296471827,0.000580318282257885,0.000720740699672895,0.000523585130182303,0.000616000616000616,0,0,0,0,0,0,0,0,0,0,0,0
Oribacterium,0.000432572726289607,0.000161797337278107,0.000404445043622287,0.000465276232476281,0.000332446808510638,3.10877607485933e-05,0.000537580217048013,0.000394944707740916,0.000312479075061938,0,0.000309391213289543,0.000385000385000385,0.000403502400839285,0,0.000367969656656005,0.000370589979246961,0.000521429295635926,0.000144348052023038,0.000599700149925037,0.000695800073445563,0.000150923869688019,0.000727790267018162,0.000330549092897009,0.000581818181818182
Intestinibacillus,0.000692116362063372,0.00067030325443787,3.85185755830749e-05,2.02294014120122e-05,0.000158308004052685,0,0.000319188253872258,0.000289626119010005,0.000133919603597973,5.54415922825304e-05,4.75986481983912e-05,7.7000077000077e-05,0.00122395728254583,0.000298916865944577,0.00073593931331201,0.00108212273940113,0.000347619530423951,0.000288696104046076,0.000370403033777229,0.000367227816540714,0.000129363316875445,0.000323462340896961,0.000368689372846663,0.000355555555555556
Coprobacter,0,0,0.00229185524719296,0.00323670422592196,0.00248543566362715,0.00018652656449156,0,0,0,0,0,0,0,0,0,0,0,0,0,0,0,0,0,0
Faecalicatena,0.000778630907321293,0.000577847633136095,0.000250370741289987,0.000141605809884086,0.000189969604863222,0.000108807162620076,5.03981453482512e-05,0.000552922590837283,0.000245519273262951,0.000194045572988856,0.00021419391689276,0.000231000231000231,0.00017485104036369,0,0.000651023238699086,0,0.000840080531857882,0.000288696104046076,0.000846635505776524,5.79833394537969e-05,0,0.000388154809076353,0.000444969932745973,0.000808080808080808
Ileibacterium,0,0,0,0,0,0,5.03981453482512e-05,0,0,0,0,0,0,0,0,0,0,0,0.00141105917629421,0.000676472293627631,0.0012505120631293,0.00171435040675389,0.00170359917108458,0.0010989898989899
Erysipelatoclostridium,0,0,0,6.06882042360367e-05,0,0,0,0.00155344918378094,0,0,0.000452187157884716,0.000128333461666795,0.000121050720251786,0,0,0,0,8.66088312138228e-05,0.00135814445718317,0.000463866715630376,0.00105646708781613,0.00066309779883877,0.000521250492645283,0.00137373737373737
Lacrimispora,0.00058397318049097,0.000785872781065089,0.000346667180247674,0.000141605809884086,0.000189969604863222,0.000108807162620076,0.000117595672479253,0.000315955766192733,0.000133919603597973,0,0.000166595268694369,0,0.000336252000699404,0,7.07633955107702e-05,0.000504002371775867,0.000115873176807984,7.2174026011519e-05,0.00132286797777582,0.000193277798179323,0.000603695478752075,0.000307289223852113,0.000432256506096088,0.00096969696969697
Anaerosporobacter,0,0,0.00192592877915375,0.00121376408472073,0.00142477203647416,0.000419684770106009,0,7.89889415481832e-05,0.000156239537530969,5.54415922825304e-05,0,0,0,0,0,0,0,0,0.00051150895140665,0.000212605577997255,0.000323408292188612,4.85193511345442e-05,5.08537065995398e-05,0.000646464646464646
Acetivibrio,0.00118957499729642,0.0013174926035503,0.000115555726749225,0.000202294014120122,0.000443262411347518,0,0.000403185162786009,0.000921537651395471,0.000424078744726916,0.000332649553695182,0.000547384454281498,0.000308000308000308,0.000121050720251786,0,0,7.41179958493922e-05,0,0.000129913246820734,3.52764794073551e-05,0.000193277798179323,0.000129363316875445,3.23462340896961e-05,0,0
Cohnella,6.48859089434411e-05,0,5.77778633746124e-05,0,0,0,8.3996908913752e-05,0,0,0,4.75986481983912e-05,0,0.000228651360475595,0.000123083415388944,0.000976534858048629,0.000533649570115624,0.0021436537709477,0.000923827532947443,0.000229297116147808,9.66388990896616e-05,0.000172484422500593,0.000469020394300594,0.000355975946196778,0.000113131313131313
Anaerosacchariphilus,0.00056234454417649,0.000577847633136095,0.000346667180247674,0.000343899824004208,0.000284954407294833,0.000512948052351789,6.71975271310016e-05,0.000263296471827277,0.00020087940539696,0.000249487165271387,0.000142795944595173,0.000128333461666795,0.000390052320811309,8.79167252778169e-05,0.00059441252229047,0.000163059590868663,0.000217262206514969,0.000389739740462202,0,5.79833394537969e-05,0,0.000436674160210897,0.000317835666247124,3.23232323232323e-05
Dielma,0.00058397318049097,0.000762758875739645,0.000250370741289987,0.000242752816944147,0.000126646403242148,0,0.000319188253872258,0,0.000245519273262951,0,0.000237993240991956,0,0.000511103041063094,0,0.000325511619349543,0.00019270678920842,0.000579365884039918,8.66088312138228e-05,0.000564423670517682,0.000347900036722782,8.62422112502965e-05,0.000307289223852113,0.000152561119798619,0.000436363636363636
Petroclostridium,0.000497458635233049,0.000416050295857988,0,0,0,0.000248702085988746,0.000823169707354769,0.000368615060558189,0.00060263821619088,0.00074846149581416,0.000642581750678281,0.000564667231333898,0.000228651360475595,8.79167252778169e-05,0.000297206261145235,0.000118588793359028,0,0.000173217662427646,0,9.66388990896616e-05,0.000194044975313167,8.08655852242403e-05,0.00010170741319908,6.46464646464646e-05
Lachnospira,0.00155726181464259,0.0016873150887574,7.70371511661499e-05,0.000242752816944147,0.00031661600810537,0.000450772530854603,0,0.000315955766192733,0,0,0.000118996620495978,7.7000077000077e-05,0,0,0,0,0,0,8.81911985183879e-05,0.000386555596358646,8.62422112502965e-05,0.000242596755672721,0.000330549092897009,0.000161616161616162
Alkaliphilus,0.000951659997837136,0.00124815088757396,0,0,0,0,0.000319188253872258,0.000157977883096366,0.000178559471463964,0.000166324776847591,0.000166595268694369,0.000179666846333513,0,0.00010550007033338,5.66107164086161e-05,4.44707975096353e-05,7.24207355049898e-05,0.000202087272832253,0.000564423670517682,0.000676472293627631,8.62422112502965e-05,0,0.000165274546448504,0.000678787878787879
Selenomonas,0.000497458635233049,0.000739644970414201,0,0,0,0,0.000923965998051272,0.000105318588730911,0.000982077093051805,0.00080390308809669,0.000642581750678281,0.000487667154333821,4.03502400839285e-05,0,7.07633955107702e-05,0,0,5.77392208092152e-05,0,9.66388990896616e-05,0.000150923869688019,0.000161731170448481,0.000114420839848964,3.23232323232323e-05
Caloramator,0.000410944089975127,0.000346708579881657,0,0,0,0,0.000587978362396264,0.000868878357030016,0.000781197687654844,0.000526695126684038,0.000761578371174259,0.000924000924000924,0,0,0,0,0,0,0.000105829438222065,0.000405883376176579,0,3.23462340896961e-05,0,0.000113131313131313
Anaerovorax,0.000778630907321293,0.00104012573964497,7.70371511661499e-05,0.00018206461270811,4.74924012158055e-05,0,0.000587978362396264,0.000289626119010005,0.000892797357319822,0.000609857515107834,0.000380789185587129,0.000359333692667026,0,0,0,0,2.89682942019959e-05,0,0,0.000328572256904849,0.000107802764062871,3.23462340896961e-05,0,4.84848484848485e-05
Tepidibacter,0.00309289499297069,0.00265809911242604,0,0,0,0,0,0,0,0,0,0,0,0,0,0,0,0,0,0,0,0,0,0
Streptococcus,0.000324429544717206,0.000392936390532544,0.000751112223869961,0.000485505633888293,0.000221631205673759,0.000777194018714832,0.000100796290696502,0,0.00020087940539696,0.000498974330542773,4.75986481983912e-05,0,0.000322801920671428,0.00010550007033338,0.000283053582043081,0.000252001185887934,0.000159325618110978,2.88696104046076e-05,0.000264573595555164,5.79833394537969e-05,0,0.000161731170448481,0,9.6969696969697e-05
Alloprevotella,0.000800259543635774,0.000762758875739645,0.00023111145349845,0.000303441021180183,0.000284954407294833,0.000170982684117263,0.000268790108524006,0.000342285413375461,0.000245519273262951,0.000304928757553917,0.000380789185587129,0.000359333692667026,0,0,0,0,0,0,3.52764794073551e-05,0.000135294458725526,0.000539013820314353,0,2.54268532997699e-05,4.84848484848485e-05
Mediterraneibacter,0.000540715907862009,0.000647189349112426,0.000308148604664599,0.000161835211296098,0.00031661600810537,0.000202070444865856,8.3996908913752e-05,0.000131648235913639,0,0.000194045572988856,0,0.000102666769333436,0,0,0,0,0,0,0.000776082546961813,0.000425211155994511,0,0.000307289223852113,0.000572104199244823,0.000371717171717172
Eggerthella,0.000281172272088245,0.000138683431952663,0,0,0,0,0.000520780835265262,0.000210637177461822,0.000312479075061938,0.000498974330542773,0.000166595268694369,0.000128333461666795,0,0,0,0,0,8.66088312138228e-05,0.000352764794073551,0.00025126113763312,0.000689937690002372,0.000614578447704226,0.000622957905844362,0.000193939393939394
Anaerostipes,0.000194657726830323,0.000254252958579882,0.000500741482579974,0.000384358626828232,0.000395770010131712,0.000217614325240153,0.00043678392635151,0.000421274354923644,0.000580318282257885,0.000471253534401508,0.000285591889190347,0.000231000231000231,0,0,0,0,0,0,0.000176382397036776,7.73111192717293e-05,6.46816584377223e-05,8.08655852242403e-05,0.000190701399748274,8.08080808080808e-05
Luxibacter,0.00058397318049097,0.000647189349112426,0.000288889316873062,8.09176056480489e-05,0.000284954407294833,0.000248702085988746,0.000117595672479253,0.000105318588730911,0.000178559471463964,8.31623884237955e-05,0,2.5666692333359e-05,0.00017485104036369,5.27500351666901e-05,0.000155679470123694,7.41179958493922e-05,0.000289682942019959,0.00011547844161843,0.000423317752888262,0.000212605577997255,0,0.000145558053403632,0.000216128253048044,0.000501010101010101
Sporobacter,0.000129771817886882,0.000138683431952663,0,6.06882042360367e-05,4.74924012158055e-05,0,0.000403185162786009,0.0004739336492891,0.000446398678659911,0.000166324776847591,0.000285591889190347,0.000385000385000385,0.000322801920671428,0,7.07633955107702e-05,0.000296471983397569,0.000391071971726945,5.77392208092152e-05,0.000282211835258841,0.000193277798179323,0.00036652939781376,0.000177904287493329,6.35671332494247e-05,0.000193939393939394
Parvibacter,0.000173029090515843,0.000254252958579882,0,0,0,0,0.000503981453482512,0.000131648235913639,0.00040175881079392,0.000665299107390364,9.51972963967823e-05,0.000205333538666872,0,0,0,0,0,0,0.000317488314666196,0.000173950018361391,0.000603695478752075,0.000517539745435138,0.000610244479194477,0.00021010101010101
Klebsiella,0,0,0,0.000161835211296098,0.000158308004052685,0,0.000201592581393005,0.000184307530279094,0.000290159141128942,0.000249487165271387,0.000261792565091151,0.000308000308000308,0,0,0,0,0,0,0.000705529588147103,0.000599161174355902,0.000194044975313167,0.000452847277255746,0.000381402799496548,0.000614141414141414
Pseudobutyrivibrio,0.000151400454201363,0.000161797337278107,0.000712593648286886,0.000485505633888293,0.000474924012158055,4.66316411228899e-05,0.000100796290696502,0.000315955766192733,0.00020087940539696,0.000166324776847591,0.000261792565091151,0.000128333461666795,0,0,0,0,0,0,0.000211658876444131,0.000328572256904849,0.000323408292188612,0.000113211819313936,0.000228841679697929,0.000307070707070707
Treponema,0.00058397318049097,0.000346708579881657,0.000134815014540762,0.000121376408472073,3.1661600810537e-05,0,0.000268790108524006,0.000157977883096366,0.000133919603597973,0.000110883184565061,0.000142795944595173,0.000205333538666872,4.03502400839285e-05,0,9.90687537150783e-05,0,0,0,0.000335126554369874,0.000463866715630376,0.000258726633750889,0.000452847277255746,0.000305122239597239,0.000517171717171717
Turicimonas,0,6.93417159763314e-05,3.85185755830749e-05,0.000121376408472073,0,0.00023315820561445,0.000285589490306757,0.000184307530279094,0.000245519273262951,0.000249487165271387,0.000309391213289543,0.000410667077333744,0,0,0,0,0,0,0.000476232471999294,0.000579833394537969,0.000431211056251482,0.000355808574986657,0.000152561119798619,0.00042020202020202
Hydrogenoanaerobacterium,0.000237914999459284,0.000231139053254438,7.70371511661499e-05,0.000121376408472073,0.000174138804457953,0.000108807162620076,0.000151194436044754,0.000526592943654555,0.000156239537530969,0.000166324776847591,0.000261792565091151,0.00025666692333359,0.000161400960335714,0,0,4.44707975096353e-05,0.000622818325342912,0.000202087272832253,0.000141105917629421,0.000173950018361391,0.000301847739376038,0.000129384936358784,8.89939865491946e-05,9.6969696969697e-05
Alkalihalobacillus,0.000281172272088245,0.000161797337278107,0,6.06882042360367e-05,4.74924012158055e-05,0,0.000134395054262003,0.000421274354923644,0.000178559471463964,0.000249487165271387,0.00021419391689276,0.000179666846333513,0.000134500800279762,0,0,4.44707975096353e-05,0.000651786619544908,5.77392208092152e-05,0.000229297116147808,0.000193277798179323,0.000539013820314353,0.000161731170448481,0.000165274546448504,0.000274747474747475
Agathobaculum,0.000281172272088245,0.000369822485207101,0.000346667180247674,0.000283211619768171,0.000300785207700101,0,0,0,0,0,0,0,0.000659053921370832,0.00021100014066676,0.000325511619349543,0.000266824785057812,0.000115873176807984,0.000404174545664506,3.52764794073551e-05,0.000193277798179323,0.000107802764062871,9.70387022690883e-05,0.000152561119798619,0.00021010101010101
Mobilisporobacter,6.48859089434411e-05,0.000138683431952663,3.85185755830749e-05,6.06882042360367e-05,0.000379939209726444,0.000466316411228899,0.000167993817827504,0.000263296471827277,8.92797357319822e-05,0,2.37993240991956e-05,0.000128333461666795,0,0,0,0,0.00014484147100998,4.33044156069114e-05,0.000458594232295617,0.000212605577997255,0.000280287186563464,0.000485193511345442,0.000305122239597239,0.000484848484848485
Clostridioides,0.000259543635773764,0.000115569526627219,0,6.06882042360367e-05,0,0.000217614325240153,0.000134395054262003,0.00023696682464455,0.000357118942927929,0.000249487165271387,0.000261792565091151,0.000385000385000385,0.000215201280447619,0,8.49160746129242e-05,0,5.79365884039918e-05,0,1.76382397036776e-05,0.000869750091806954,0,0.000420501043166049,0.000266981959647584,1.61616161616162e-05
Fournierella,0,0,0,0,3.1661600810537e-05,0,0,0,0,0,0,0,0.00098185584204226,0.000756083837389225,0.000778397350618472,0.000993181144381856,0.00014484147100998,5.77392208092152e-05,0.000105829438222065,0,0,0,6.35671332494247e-05,0.000145454545454545
Desulfitobacterium,0.000281172272088245,0.000115569526627219,0,4.04588028240244e-05,0,0,8.3996908913752e-05,0.000289626119010005,8.92797357319822e-05,0.000110883184565061,0.000166595268694369,0.000282333615666949,0.000107600640223809,0.000228583485722324,4.24580373064621e-05,0.000370589979246961,0.000463492707231935,0.000230956883236861,0.000105829438222065,0.00025126113763312,0.000280287186563464,0.000291116106807265,7.62805598993097e-05,0.000145454545454545
Sedimentibacter,0.000302800908402725,0.000277366863905325,0.000211852165706912,0.000101147007060061,7.91540020263425e-05,4.66316411228899e-05,1.67993817827504e-05,7.89889415481832e-05,0,0,0,0,0.000121050720251786,0,0.000721786634209856,0,0.000999406149968859,0.000389739740462202,7.05529588147103e-05,0,0,0.000129384936358784,0.000279695386297469,0.000193939393939394
Bhargavaea,0.000237914999459284,0.000161797337278107,0,4.04588028240244e-05,4.74924012158055e-05,0,0.000100796290696502,0.000368615060558189,0.000111599669664978,0.000110883184565061,0.000333190537388738,0.000282333615666949,0.000121050720251786,0,0,4.44707975096353e-05,0.000608334178241914,0.00011547844161843,0.000211658876444131,0.000309244477086917,0.000323408292188612,0.000161731170448481,8.89939865491946e-05,0.000193939393939394
Bacilliculturomica,8.65145452579215e-05,9.24556213017751e-05,0.000654815784912274,0.000667570246596403,0.000696555217831814,0,5.03981453482512e-05,0,0.000178559471463964,0.000138603980706326,7.13979722975867e-05,0,0.000107600640223809,5.27500351666901e-05,0.00014152679102154,5.92943966795138e-05,0.000333135383322953,4.33044156069114e-05,0.000123467677925743,0.000135294458725526,0,9.70387022690883e-05,0.000127134266498849,0.000113131313131313
Streptomyces,0,0,0,0,0,0,0.000403185162786009,0.000157977883096366,0.00040175881079392,0.00080390308809669,0.000166595268694369,0.000154000154000154,0,0,0,0,0,0,0.000299850074962519,9.66388990896616e-05,0.000344968845001186,0.000469020394300594,0.000419543079446203,0.000193939393939394
Pluralibacter,0,0,0,0,0,0,0.000184793199610254,0.00023696682464455,0.000133919603597973,0.000304928757553917,0.000285591889190347,0.000231000231000231,0,0,0,0,0,0,0.000634976629332393,0.000463866715630376,0.000129363316875445,0.000404327926121201,0.000317835666247124,0.000484848484848485
Candidatus_Desulforudis,0,0,0,0,0,0,0.000352787017437758,0.000157977883096366,0.00040175881079392,0.000720740699672895,7.13979722975867e-05,0.000154000154000154,0,0,0,0,0,0,0.000352764794073551,0.000154622238543459,0.000388089950626334,0.000436674160210897,0.000355975946196778,0.00021010101010101
Papillibacter,0.000108143181572402,6.93417159763314e-05,0,0,4.74924012158055e-05,0,0.000100796290696502,0,8.92797357319822e-05,8.31623884237955e-05,7.13979722975867e-05,0.000128333461666795,0.000269001600559523,0.00015825010550007,0.000537801805881853,0.00106729914023125,0.000289682942019959,0.000216522078034557,0.000105829438222065,0,2.15605528125741e-05,4.85193511345442e-05,5.08537065995398e-05,0.000145454545454545
Lactonifactor,0.000324429544717206,0.000208025147928994,0.000115555726749225,0.000101147007060061,7.91540020263425e-05,0.000326421487860229,0,0.000289626119010005,0.000133919603597973,0.000166324776847591,0.000166595268694369,0,0,0,0,0,0,5.77392208092152e-05,0.000105829438222065,0.000463866715630376,0.000107802764062871,0.000436674160210897,0.000330549092897009,0.000161616161616162
Phocea,0.000108143181572402,0.000115569526627219,0,0,0,4.66316411228899e-05,0.000403185162786009,0.000157977883096366,0.000714237885855858,0.000360370349836447,0.000190394592793565,0.000282333615666949,0,0,0.00014152679102154,0,0.000724207355049898,0.000259826493641468,0,0,0,0,0,0
Pygmaiobacter,0,0,0.000211852165706912,0.000141605809884086,0.000395770010131712,9.32632822457798e-05,8.3996908913752e-05,0,0.000178559471463964,0,0,0,0.000121050720251786,7.03333802222535e-05,0.000283053582043081,0.000163059590868663,0.000825596384756884,0.000129913246820734,7.05529588147103e-05,0.000115966678907594,6.46816584377223e-05,0.000161731170448481,0.000139847693148734,0.000226262626262626
Gardnerella,0.000151400454201363,9.24556213017751e-05,0.000288889316873062,0.000262982218356159,0.000332446808510638,0.000264245966363043,0.000352787017437758,0,0.000491038546525902,0.000471253534401508,0.00021419391689276,0.00025666692333359,0,0,0,0,0,0,0.000229297116147808,0,0,0,0,4.84848484848485e-05
Angelakisella,0,0,0.000751112223869961,0.000748487852244452,0.000585739614994934,0,5.03981453482512e-05,0.000105318588730911,6.69598017989867e-05,0,0,0,0,8.79167252778169e-05,5.66107164086161e-05,5.92943966795138e-05,0.00056488173693892,0.000158782857225342,0,3.86555596358646e-05,0,3.23462340896961e-05,0,0.000145454545454545
Parafannyhessea,0,0,0,0,0,0,0.000403185162786009,0.000105318588730911,0.000312479075061938,0.000637578311249099,9.51972963967823e-05,0.000128333461666795,0,0,0,0,0,0,0.000317488314666196,0.000135294458725526,0.000409650503438908,0.000355808574986657,0.000343262519546893,0.000193939393939394
Coprobacillus,6.48859089434411e-05,0.000138683431952663,0,0,0,0.00013989492336867,0.000688774653092766,0,0.000557998348324889,0.000498974330542773,0.000356989861487934,0.000385000385000385,9.41505601958332e-05,0.00015825010550007,0,0.000133412392528906,0,0.00011547844161843,0,3.86555596358646e-05,4.31211056251482e-05,0,0,0
Muricauda,0,0,0.000924445813993799,0.00135536989460482,0.000949848024316109,0.000170982684117263,0,0,0,0,0,0,0,0,0,0,0,0,0,0,0,0,0,0
Fusobacterium,8.65145452579215e-05,0,0.000173333590123837,0.000505735035300305,0.00031661600810537,0,0.000201592581393005,0,0.000424078744726916,0.000471253534401508,0.000285591889190347,0.000462000462000462,0,0,4.24580373064621e-05,0,0.000159325618110978,0.00011547844161843,0,9.66388990896616e-05,0,0,5.08537065995398e-05,0
Pseudomonas,0,0,0.000250370741289987,0.000424817429652257,0.000379939209726444,0.000155438803742966,0,0,0,0,0,0,0.00215201280447619,0,0,0,0,0,0,0,0,0,0,0
Cuneatibacter,0.000108143181572402,9.24556213017751e-05,7.70371511661499e-05,0,4.74924012158055e-05,3.10877607485933e-05,0.000117595672479253,0.000105318588730911,8.92797357319822e-05,8.31623884237955e-05,0,0.000154000154000154,0,0,0,0.000103765194189149,0.000173809765211975,0,0.000211658876444131,0.000212605577997255,0.000323408292188612,0.000452847277255746,0.000584817625894707,0.00021010101010101
Peptococcus,0.000129771817886882,0.000115569526627219,0,0,0,0,8.3996908913752e-05,0.000263296471827277,0.00020087940539696,0.000221766369130121,0.000285591889190347,0.000205333538666872,0.000107600640223809,0,0,0,0.000506945148534929,5.77392208092152e-05,0.000123467677925743,0.000231933357815188,0.000258726633750889,0.000113211819313936,0.00010170741319908,9.6969696969697e-05
Vallitalea,8.65145452579215e-05,0.000115569526627219,7.70371511661499e-05,6.06882042360367e-05,7.91540020263425e-05,0,0.000151194436044754,0.000289626119010005,0.000245519273262951,0.000221766369130121,0.000261792565091151,0.000179666846333513,0.000107600640223809,7.03333802222535e-05,9.90687537150783e-05,5.92943966795138e-05,4.34524413029939e-05,0,0.000388041273480907,0,0,0,5.08537065995398e-05,0.000468686868686869
Faecalitalea,0,0,0,0,0,0,0,0,0,0,0,0,0,0,0,0,0,0,0.000546785430814005,0.000309244477086917,0.000539013820314353,0.000598405330659378,0.000610244479194477,0.00042020202020202
Negativibacillus,8.65145452579215e-05,6.93417159763314e-05,0.000520000770371512,0.000283211619768171,0.000348277608915907,4.66316411228899e-05,0,7.89889415481832e-05,0,0,0,0,0,0,0.000424580373064621,0,0.000593850031140916,0.000317565714450683,5.29147191110327e-05,5.79833394537969e-05,0,0,0,0.000129292929292929
Faecalicoccus,0,0,0,0,0,0,0,0,0,0,0,0,0,0,0,0,0,0,0.000599700149925037,0.000193277798179323,0.000560574373126927,0.00066309779883877,0.000584817625894707,0.000404040404040404
Acetobacterium,0.000540715907862009,0.000739644970414201,0,0,0,0,0.000369586399220509,7.89889415481832e-05,0.000290159141128942,0.000332649553695182,0.00021419391689276,0.000154000154000154,0,0,0,0,0,0,0,0.000173950018361391,4.31211056251482e-05,0,0,0
Anaerofustis,0,0,0.000654815784912274,0.000384358626828232,0.000538247213779129,4.66316411228899e-05,8.3996908913752e-05,7.89889415481832e-05,0.000156239537530969,0.000166324776847591,9.51972963967823e-05,0,0,0,0,0,0,0,0.000229297116147808,0.000193277798179323,0,0,0,0.000290909090909091
Staphylococcus,0,0,0.000327407892456137,0.000708029049420428,0.000459093211752786,0.000217614325240153,3.35987635655008e-05,5.26592943654555e-05,0,0,0,0,0,0,0,0,0,0,8.81911985183879e-05,7.73111192717293e-05,0.000107802764062871,0.000404327926121201,0,0.000436363636363636
Atopobium,0,0,0,0,0,0,0.000302388872089507,0.000157977883096366,0.000312479075061938,0.000388091145977712,9.51972963967823e-05,5.1333384666718e-05,0,0,0,0,0,0,0.000264573595555164,0.000154622238543459,0.000388089950626334,0.000291116106807265,0.000355975946196778,9.6969696969697e-05
Thermoanaerobacterium,0.000108143181572402,0.000115569526627219,0,0,6.3323201621074e-05,0,0.000100796290696502,0.00023696682464455,0.000133919603597973,0.000166324776847591,0.000190394592793565,0.00025666692333359,0.000107600640223809,0,0,4.44707975096353e-05,0.000535913442736924,4.33044156069114e-05,8.81911985183879e-05,0.000154622238543459,0.000194044975313167,0.000129384936358784,7.62805598993097e-05,8.08080808080808e-05
Fibrobacter,6.48859089434411e-05,0,0,0,0,0.00013989492336867,0.000151194436044754,0.000263296471827277,0.000290159141128942,0.000332649553695182,0.000380789185587129,0.000333667000333667,0,0,0,0,0,0,0,0.000850422311989022,0,0,0,0
Caproiciproducens,6.48859089434411e-05,0,7.70371511661499e-05,0,0,0,5.03981453482512e-05,0.000263296471827277,0,0,9.51972963967823e-05,0.000102666769333436,0.00017485104036369,8.79167252778169e-05,0.000268900902940927,0.000770827156833679,0.00014484147100998,0,0,0.000135294458725526,0.000129363316875445,0.000226423638627873,5.08537065995398e-05,0.000113131313131313
Pseudoclostridium,0,0.000115569526627219,0.000269630029081525,0.000101147007060061,0.000110815602836879,0,0.000134395054262003,0.000526592943654555,8.92797357319822e-05,8.31623884237955e-05,0.000190394592793565,0.000179666846333513,0.000470752800979166,0,0.000155679470123694,0.000103765194189149,0,0,0,0,0.000107802764062871,3.23462340896961e-05,1.27134266498849e-05,0
Solobacterium,6.48859089434411e-05,6.93417159763314e-05,0.000115555726749225,0.000101147007060061,7.91540020263425e-05,0,0.000100796290696502,0,0,0,0,0,0.000538003201119047,0.00015825010550007,0.000452885731268929,0.00019270678920842,0.000651786619544908,0.00011547844161843,0,0,0,0,0,0
Proteiniclasticum,8.65145452579215e-05,0.000138683431952663,0.000192592877915375,0.000202294014120122,7.91540020263425e-05,0,3.35987635655008e-05,0,0,0,0,0,0.00045730272095119,0,0.000382122335758159,0.00019270678920842,0.000535913442736924,0.000101043636416127,8.81911985183879e-05,0,0,0,5.08537065995398e-05,4.84848484848485e-05
Traorella,0.000367686817346166,0.000346708579881657,0.000558519345954587,0.000404588028240244,0.000601570415400203,0.000124351042994373,0,0,0,0,0,5.1333384666718e-05,0,0,0,0,0,0,0,0,0,0,5.08537065995398e-05,0
Herbinix,0.000519087271547529,0.000624075443786982,0,6.06882042360367e-05,3.1661600810537e-05,0,0.000134395054262003,7.89889415481832e-05,0.000178559471463964,0.000110883184565061,0.000237993240991956,0.000179666846333513,0,0,5.66107164086161e-05,8.89415950192707e-05,8.69048826059877e-05,0,0,0,0,6.46924681793922e-05,5.08537065995398e-05,0
Macellibacteroides,0,0,0.000577778633746124,0.000950781866364574,0.00083903242147923,9.32632822457798e-05,0,0,0,0,0,0,0,0,0,0,0,0,0,0,0,0,0,0
Megasphaera,4.32572726289607e-05,0.000369822485207101,3.85185755830749e-05,0.000121376408472073,7.91540020263425e-05,0,3.35987635655008e-05,0.000184307530279094,0.000156239537530969,0.000138603980706326,7.13979722975867e-05,0.000102666769333436,0,0,0,0,0,0,0.000282211835258841,0,0,6.46924681793922e-05,0.000190701399748274,0.000533333333333333
Desulfonispora,0.000259543635773764,0.000115569526627219,0,4.04588028240244e-05,0,0,5.03981453482512e-05,0.000131648235913639,6.69598017989867e-05,8.31623884237955e-05,0.000166595268694369,0.000128333461666795,0.000161400960335714,0,0,0,0.000362103677524949,8.66088312138228e-05,8.81911985183879e-05,0.000173950018361391,0.000194044975313167,8.08655852242403e-05,3.81402799496548e-05,6.46464646464646e-05
Ancylomarina,0,0,0.000577778633746124,0.000869864260716525,0.000696555217831814,7.77194018714832e-05,0,0,0,0,0,0,0,0,0,0,0,0,0,0,0,0,0,0
Sporanaerobacter,0,0,0,0,0,0,0.00041998454456876,0,0.000379438876860924,0.000443532738260243,0.000333190537388738,0.000308000308000308,6.72504001398808e-05,0,0,0,0,0,0,0.000212605577997255,0,0,0,0
Christensenella,2.16286363144804e-05,6.93417159763314e-05,0,0,0,0,0.000184793199610254,0.000447604002106372,0.000156239537530969,0,7.13979722975867e-05,0.000128333461666795,0.000134500800279762,5.27500351666901e-05,7.07633955107702e-05,7.41179958493922e-05,0,5.77392208092152e-05,7.05529588147103e-05,5.79833394537969e-05,0.000323408292188612,4.85193511345442e-05,0.000139847693148734,4.84848484848485e-05
Mahella,0.000259543635773764,0.000138683431952663,0,0,0,0,0.000319188253872258,0.000105318588730911,0.000223199339329956,0.000332649553695182,0.000309391213289543,0.000282333615666949,0,0,0,0,0,0,0,7.73111192717293e-05,8.62422112502965e-05,0,0,0
Anaerobutyricum,0,0,0.000192592877915375,0.000262982218356159,0.000411600810536981,0.00018652656449156,5.03981453482512e-05,0.000263296471827277,0.000178559471463964,0.000110883184565061,9.51972963967823e-05,0.00025666692333359,0,0,0,0,0,0,0,0,0,0,0,6.46464646464646e-05
Sebaldella,0.00112468908835298,0.000947670118343195,0,0,0,0,0,0,0,0,0,0,0,0,0,0,0,0,0,0,0,0,0,0
Niameybacter,0,0,0,6.06882042360367e-05,9.49848024316109e-05,0,0,0,0,0,0,0,0.00190991136397262,0,0,0,0,0,0,0,0,0,0,0
Tissierella,0,0,7.70371511661499e-05,8.09176056480489e-05,7.91540020263425e-05,0,0.000167993817827504,0,0.000223199339329956,5.54415922825304e-05,4.75986481983912e-05,0.000154000154000154,0,0,0,0,4.34524413029939e-05,0,0.000246935355851486,0.000560505614720037,0.000150923869688019,0,7.62805598993097e-05,9.6969696969697e-05
Allofustis,6.48859089434411e-05,0.000161797337278107,0,0,0,0,0.000100796290696502,0,8.92797357319822e-05,0,0,0,0,0,0,0,0,0,0.000405679513184584,5.79833394537969e-05,0.000215605528125741,0.000291116106807265,0.000305122239597239,0.000258585858585859
Barnesiella,0,6.93417159763314e-05,0.000500741482579974,0.000424817429652257,0.000569908814589666,0.00013989492336867,3.35987635655008e-05,0,0,0,0,0,0,0,0,0,0,0,0,0.000154622238543459,0,0,0,0
Candidatus_Nanosyncoccus,0.000108143181572402,0,5.77778633746124e-05,0,0,0,8.3996908913752e-05,0.000684570826750922,0,0.000166324776847591,0.000380789185587129,0.000333667000333667,0,0,0,0,0,0,0,7.73111192717293e-05,0,0,0,0
Oceanobacillus,8.65145452579215e-05,6.93417159763314e-05,0,0,0,0,0.000235191344958506,7.89889415481832e-05,0.000245519273262951,0.000138603980706326,0.000166595268694369,0.000282333615666949,5.38003201119047e-05,0,0,0,0,0,0,0.000135294458725526,0.000388089950626334,0,0,0
Lawsonibacter,0,6.93417159763314e-05,5.77778633746124e-05,0,0,7.77194018714832e-05,6.71975271310016e-05,0.000105318588730911,0.000133919603597973,0,0,0.000128333461666795,0.000107600640223809,0,0,0,0.00056488173693892,0.000346435324855291,0,9.66388990896616e-05,2.15605528125741e-05,9.70387022690883e-05,0,0
Galactobacillus,0.000129771817886882,0,0.000115555726749225,0.000222523415532134,0.000110815602836879,0,0.000151194436044754,0.000210637177461822,0.000111599669664978,0,0.000142795944595173,0,0,5.27500351666901e-05,4.24580373064621e-05,5.92943966795138e-05,0,8.66088312138228e-05,0.000158744157333098,5.79833394537969e-05,6.46816584377223e-05,9.70387022690883e-05,0,4.84848484848485e-05
Oxobacter,0,0,0,0,4.74924012158055e-05,3.10877607485933e-05,0.000184793199610254,5.26592943654555e-05,0.000156239537530969,8.31623884237955e-05,0.000333190537388738,0.000205333538666872,0,0,0,0,0,0,0,0.000154622238543459,0,0.000339635457941809,0.000190701399748274,6.46464646464646e-05
Mailhella,0,0,0.000115555726749225,4.04588028240244e-05,7.91540020263425e-05,6.21755214971866e-05,8.3996908913752e-05,0.000210637177461822,4.46398678659911e-05,0.000110883184565061,0.000142795944595173,0,0,0,0,0,0,0,0.000141105917629421,7.73111192717293e-05,0.000215605528125741,0.000210250521583025,7.62805598993097e-05,0.000177777777777778
Candidatus_Borkfalkia,0,6.93417159763314e-05,0.000365926468039212,0.000525964436712318,0.00052241641337386,4.66316411228899e-05,3.35987635655008e-05,0,0,0,0,0,0,0,0,0,0,0,0,0,0,0.000129384936358784,7.62805598993097e-05,0
Propionicimonas,6.48859089434411e-05,4.62278106508876e-05,0,0,0,0,0.000184793199610254,0.000210637177461822,0.000111599669664978,0.000110883184565061,0.000166595268694369,0.000102666769333436,0,0,0,0,0,0,0.000158744157333098,5.79833394537969e-05,0.000150923869688019,0.000129384936358784,0.000190701399748274,8.08080808080808e-05
Ndongobacter,0,0,0.000173333590123837,0.000323670422592195,0.000189969604863222,0,5.03981453482512e-05,0.000210637177461822,6.69598017989867e-05,0,0.000118996620495978,0.000128333461666795,0,0,0,0,0,0,5.29147191110327e-05,9.66388990896616e-05,0,0.000177904287493329,2.54268532997699e-05,0.000145454545454545
Holdemanella,0,0,5.77778633746124e-05,0.000141605809884086,0.000110815602836879,0,6.71975271310016e-05,0.000131648235913639,6.69598017989867e-05,5.54415922825304e-05,9.51972963967823e-05,0.000102666769333436,0,0,0,0,0,0,3.52764794073551e-05,5.79833394537969e-05,0.000107802764062871,0.000339635457941809,0.000216128253048044,0.000129292929292929
Sphaerochaeta,0,6.93417159763314e-05,0.000520000770371512,0.000505735035300305,0.000585739614994934,0,0,0,0,0,0,0,0,0,0,0,0,0,0,0,0,0,0,0
Peptoniphilus,0,0,0.000423704331413824,0.000323670422592195,0.000443262411347518,0,0,0,0,0,0,0,5.38003201119047e-05,0,0.000113221432817232,0,0.000159325618110978,0.000158782857225342,0,0,0,0,0,0
Catonella,0,0,0.000115555726749225,0.000283211619768171,0.000253292806484296,4.66316411228899e-05,0,0,4.46398678659911e-05,0,0,0,0.00017485104036369,7.03333802222535e-05,0.000113221432817232,0.000133412392528906,4.34524413029939e-05,0,0.000123467677925743,1.93277798179323e-05,0,0,3.81402799496548e-05,0.000193939393939394
Leminorella,8.65145452579215e-05,0.000115569526627219,0,0,0,0,0.000100796290696502,0.00023696682464455,0.000111599669664978,8.31623884237955e-05,0.000118996620495978,0.000154000154000154,0,0,0,0,0,0,0.000123467677925743,7.73111192717293e-05,8.62422112502965e-05,0.000113211819313936,0.000114420839848964,9.6969696969697e-05
Anaerococcus,0,0,0.000712593648286886,0.000485505633888293,0.00031661600810537,3.10877607485933e-05,0,0,0,0,0,0,0,0,0,0,0,0,0,0,0,6.46924681793922e-05,0,0
Anaerobium,4.32572726289607e-05,4.62278106508876e-05,0,0,0,0,5.03981453482512e-05,0,8.92797357319822e-05,0.000138603980706326,4.75986481983912e-05,0,0,0,0,0,0,0,0.000299850074962519,0.000173950018361391,0.000258726633750889,8.08655852242403e-05,0.000139847693148734,0.000226262626262626
Prevotellamassilia,0.000281172272088245,0.000138683431952663,0,8.09176056480489e-05,6.3323201621074e-05,0.000777194018714832,0.000100796290696502,0,0.000133919603597973,0,0,0,0,0,0,0,0,0,0,0,0,0,0,0
Leptotrichia,0,0,0,0,4.74924012158055e-05,0,0.000268790108524006,0,0.000178559471463964,0.000194045572988856,0.000261792565091151,0.000102666769333436,0,0,0,0,0,0,0,7.73111192717293e-05,0.000431211056251482,0,0,0
Geovibrio,6.48859089434411e-05,0.000115569526627219,0.000115555726749225,0.000121376408472073,0.000110815602836879,7.77194018714832e-05,5.03981453482512e-05,0.000184307530279094,0,8.31623884237955e-05,9.51972963967823e-05,0,0,0,0,0,0,0,0.000141105917629421,9.66388990896616e-05,0,6.46924681793922e-05,6.35671332494247e-05,0.000145454545454545
Schnuerera,0,0,0,0,0,0,0.000134395054262003,0,0.000178559471463964,0.000166324776847591,7.13979722975867e-05,0.000102666769333436,0,0,0,0,0,4.33044156069114e-05,0.000211658876444131,0.000231933357815188,4.31211056251482e-05,0,0,0.000323232323232323
Lysinibacillus,0,4.62278106508876e-05,0.0001540743023323,0.000101147007060061,0.000142477203647416,0,0.000100796290696502,0,0.000133919603597973,0.000138603980706326,0.000118996620495978,0.000102666769333436,0,0,0,0,2.89682942019959e-05,5.77392208092152e-05,0,5.79833394537969e-05,6.46816584377223e-05,9.70387022690883e-05,5.08537065995398e-05,0
Catenibacterium,0.000108143181572402,9.24556213017751e-05,0,0,0,0,0.000117595672479253,0.000105318588730911,0.000133919603597973,0.000166324776847591,0.000166595268694369,0.000154000154000154,0,0,0,0,0,0,8.81911985183879e-05,7.73111192717293e-05,0,8.08655852242403e-05,0,9.6969696969697e-05
Endomicrobium,0.000108143181572402,9.24556213017751e-05,0.000134815014540762,0.00018206461270811,0.000174138804457953,7.77194018714832e-05,6.71975271310016e-05,7.89889415481832e-05,8.92797357319822e-05,0.000138603980706326,9.51972963967823e-05,0.000102666769333436,0,0,0,0,0,0,0,0,0,0,0,0
Aquimarina,8.65145452579215e-05,9.24556213017751e-05,0.0001540743023323,0.000242752816944147,0.000237462006079027,9.32632822457798e-05,6.71975271310016e-05,5.26592943654555e-05,0.000111599669664978,5.54415922825304e-05,0,7.7000077000077e-05,0,0,0,0,0,0,0,0,0,0,0,0
Orenia,0.000108143181572402,9.24556213017751e-05,0,0,0,0,0.000235191344958506,0.000105318588730911,0.000111599669664978,0.000249487165271387,0.000190394592793565,0.000128333461666795,0,0,0,0,0,0,0,3.86555596358646e-05,0,0,0,0
Candidatus_Dichloromethanomonas,0,0,7.70371511661499e-05,0.000101147007060061,6.3323201621074e-05,0,0,0.000552922590837283,0,0,0.000142795944595173,0.000205333538666872,0,0,0,0,0,0,3.52764794073551e-05,0,0,0,0,6.46464646464646e-05
Caldicoprobacter,0,0,0,0,0,7.77194018714832e-05,0.000134395054262003,0,0.000111599669664978,0,7.13979722975867e-05,5.1333384666718e-05,0.000295901760615476,0,0,5.92943966795138e-05,0,0,0.000105829438222065,9.66388990896616e-05,0,9.70387022690883e-05,2.54268532997699e-05,0.000113131313131313
Sediminispirochaeta,0,0,0.00023111145349845,0.000505735035300305,0.00031661600810537,9.32632822457798e-05,0,0,0,0,0,0,0,0,0,0,0,0,0,0,4.31211056251482e-05,4.85193511345442e-05,0,0
Raoultibacter,6.48859089434411e-05,0,0,0.000101147007060061,0,3.10877607485933e-05,3.35987635655008e-05,0,8.92797357319822e-05,0,0,5.1333384666718e-05,8.0700480167857e-05,0,0,0,0,0,7.05529588147103e-05,0.000135294458725526,8.62422112502965e-05,9.70387022690883e-05,0.000279695386297469,0.000113131313131313
Massilimicrobiota,0,0,0,0,0,4.66316411228899e-05,0.000117595672479253,0.000315955766192733,0.000178559471463964,8.31623884237955e-05,0.000118996620495978,0.000154000154000154,0,0,0,0,0,0,0,0,0,9.70387022690883e-05,0.000114420839848964,0
Lachnoanaerobaculum,0,0.000161797337278107,0.0001540743023323,8.09176056480489e-05,6.3323201621074e-05,0,0.000117595672479253,0,0,0,0,0,0,0,0,0,0,0,0.000388041273480907,0,0,0,3.81402799496548e-05,0.00021010101010101
Drancourtella,4.32572726289607e-05,4.62278106508876e-05,0,0,0,0.00018652656449156,0,7.89889415481832e-05,0,0,0,0,0,0,0,0,0,0,0.000105829438222065,7.73111192717293e-05,8.62422112502965e-05,0.000210250521583025,0.000241555106347814,0.000129292929292929
Anaerobacterium,0,0,0,0,0,0,0.000151194436044754,5.26592943654555e-05,0,8.31623884237955e-05,7.13979722975867e-05,0,0.000121050720251786,8.79167252778169e-05,9.90687537150783e-05,0.00038541357841684,0,0,3.52764794073551e-05,0,6.46816584377223e-05,0,5.08537065995398e-05,0
Geobacter,0.000194657726830323,0.000231139053254438,0,0,0,0,8.3996908913752e-05,0.000131648235913639,0.000133919603597973,0.000138603980706326,0.000118996620495978,0.000154000154000154,0,0,0,0,0,0,0,0,0,0,0,0
Jinshanibacter,0,0.000138683431952663,0,0,0,0,6.71975271310016e-05,0.000105318588730911,0.000111599669664978,8.31623884237955e-05,9.51972963967823e-05,0.000102666769333436,0,0,0,0,0,0,7.05529588147103e-05,5.79833394537969e-05,6.46816584377223e-05,8.08655852242403e-05,8.89939865491946e-05,4.84848484848485e-05
Candidatus_Soleaferrea,4.32572726289607e-05,6.93417159763314e-05,0,0,0,0,0.000134395054262003,7.89889415481832e-05,0.000156239537530969,0.000194045572988856,0.000118996620495978,7.7000077000077e-05,0,0,5.66107164086161e-05,4.44707975096353e-05,4.34524413029939e-05,0,0,0,0,0,0,8.08080808080808e-05
Brevibacillus,0,0,0.000308148604664599,0.000242752816944147,0.000284954407294833,0,0,5.26592943654555e-05,6.69598017989867e-05,0,0,0,5.38003201119047e-05,0,0,0,0,0,0,0,0,0,7.62805598993097e-05,0
Cellulosilyticum,0,0,0,0,0,0,0,0,0,0,0,0,0,7.03333802222535e-05,9.90687537150783e-05,5.92943966795138e-05,8.69048826059877e-05,7.2174026011519e-05,0.000246935355851486,0,8.62422112502965e-05,4.85193511345442e-05,7.62805598993097e-05,0.000226262626262626
Acinetobacter,0,0,0,0,0,0,5.03981453482512e-05,0,0,0.000138603980706326,0.000118996620495978,0,0,0,0,0,0,0,0.000264573595555164,0,0,0,0,0.000484848484848485
Anaerolactibacter,0,0,0.000173333590123837,8.09176056480489e-05,7.91540020263425e-05,0,0,0,0,0,0,0,0.000524553121091071,0,0,0,0,0,0,0,8.62422112502965e-05,0,0,9.6969696969697e-05
Butyribacter,0.000108143181572402,6.93417159763314e-05,7.70371511661499e-05,0,0,0.000637299095346162,0,0,0,0,0,0,0,0,0,0,0,0,0,9.66388990896616e-05,0,0,5.08537065995398e-05,0
Candidatus_Arthromitus,0,0,0,0.000121376408472073,0,0.000435228650480306,0,0,6.69598017989867e-05,0,0,0,0,0,0,0,0,0,0,0.00025126113763312,0,4.85193511345442e-05,3.81402799496548e-05,0
Massilistercora,0.000194657726830323,0.000138683431952663,0,0,0,0,0,0.000157977883096366,8.92797357319822e-05,0,7.13979722975867e-05,0,0,0,0,0,0,0,3.52764794073551e-05,0,0.000107802764062871,6.46924681793922e-05,8.89939865491946e-05,0
Merdibacter,0,0,0.000327407892456137,0.000222523415532134,0.000332446808510638,0,0,0,0,0,0,2.5666692333359e-05,0,0,0,0,0,0,0,0,0,0,0,3.23232323232323e-05
Thermoactinomyces,0,0,0,4.04588028240244e-05,0,0,0.000100796290696502,0.000105318588730911,8.92797357319822e-05,8.31623884237955e-05,0,0,0,0,0,0,0,0,0,0.000289916697268985,4.31211056251482e-05,0.000113211819313936,5.08537065995398e-05,0
Dehalobacter,6.48859089434411e-05,9.24556213017751e-05,0,0,0,0,0.000167993817827504,0.000105318588730911,0.000111599669664978,0.000110883184565061,0.000118996620495978,0.000128333461666795,0,0,0,0,0,0,0,0,0,0,0,0
Azospirillum,0,0,0,6.06882042360367e-05,0,3.10877607485933e-05,0,0.000157977883096366,0,8.31623884237955e-05,0,0,0,0,0,0,0,0,5.29147191110327e-05,0.000328572256904849,6.46816584377223e-05,0,0,0.000113131313131313
Inediibacterium,0,0,0.000346667180247674,0.000283211619768171,0.000237462006079027,0,0,0,0,0,0,0,0,0,0,0,0,0,0,0,0,0,0,0
Emergencia,6.48859089434411e-05,0,0.000288889316873062,8.09176056480489e-05,0.00020580040526849,0,0,0,0,8.31623884237955e-05,9.51972963967823e-05,0,0,0,0,0,0,0,0,0,2.15605528125741e-05,0,2.54268532997699e-05,0
Anaerobranca,0,0,0,6.06882042360367e-05,0,0,6.71975271310016e-05,0,4.46398678659911e-05,0,0,0,0,0,0,0,0,0,7.05529588147103e-05,5.79833394537969e-05,0.000107802764062871,0.000210250521583025,7.62805598993097e-05,8.08080808080808e-05
Monoglobus,0.000367686817346166,0.000231139053254438,0,6.06882042360367e-05,0,0,0,0,0,0,0,7.7000077000077e-05,0,0,0,0,0,0,0,0,0,0,3.81402799496548e-05,0
Cobetia,0,0,0,0,0,0,0,0,0,0,0,0,9.41505601958332e-05,0,7.07633955107702e-05,0.000533649570115624,5.79365884039918e-05,0,0,0,0,0,0,0
Corallococcus,0,0,5.77778633746124e-05,0.000445046831064269,0.000253292806484296,0,0,0,0,0,0,0,0,0,0,0,0,0,0,0,0,0,0,0
Oceanispirochaeta,0.000129771817886882,0.000138683431952663,0,0,0,6.21755214971866e-05,0,0.000131648235913639,0,0,7.13979722975867e-05,5.1333384666718e-05,0,0,0,0,0,0,0,0,0,0.000113211819313936,5.08537065995398e-05,0
Desulfallas,0.000324429544717206,0.000254252958579882,0,0,0,0,0,7.89889415481832e-05,0,0,0,0,0,0,0,0,0,0,0,7.73111192717293e-05,0,0,0,0
Rothia,0,0,0,0,0,0,3.35987635655008e-05,0,0,0,0.00021419391689276,0,0.000336252000699404,0,0,0,1.4484147100998e-05,0,0,0,0,0,8.89939865491946e-05,1.61616161616162e-05
Mesobacillus,0,0,0.00023111145349845,0.000202294014120122,0.000253292806484296,0,0,0,0,0,0,0,0,0,0,0,0,0,0,0,0,0,0,0
Acetobacter,0,0,0,0,0,0,0.000117595672479253,5.26592943654555e-05,0.000156239537530969,8.31623884237955e-05,0.000142795944595173,0.000128333461666795,0,0,0,0,0,0,0,0,0,0,0,0
Anaerosporomusa,0,0,0.00023111145349845,0.000161835211296098,0.000284954407294833,0,0,0,0,0,0,0,0,0,0,0,0,0,0,0,0,0,0,0
Sporolactobacillus,0,0,0.000173333590123837,0.000242752816944147,0.00020580040526849,4.66316411228899e-05,0,0,0,0,0,0,0,0,0,0,0,0,0,0,0,0,0,0
Paeniclostridium,8.65145452579215e-05,0.000138683431952663,5.77778633746124e-05,6.06882042360367e-05,0.000110815602836879,0,0,0,0,0,0,0,0,0,0,0,1.4484147100998e-05,0,0,9.66388990896616e-05,0,4.85193511345442e-05,0,3.23232323232323e-05
Lacticaseibacillus,0,0,0,0,0,0,0,0.000131648235913639,0,0,7.13979722975867e-05,0,0,0,0,0,0,0,7.05529588147103e-05,0,8.62422112502965e-05,0.000113211819313936,8.89939865491946e-05,8.08080808080808e-05
Bittarella,0,0,0,0,0,0,0,0,0,0,0,0,0,0,0,0,0,0.000173217662427646,5.29147191110327e-05,0,4.31211056251482e-05,4.85193511345442e-05,7.62805598993097e-05,0.000242424242424242
Maledivibacter,0,0,0,0,0,0,0,0,0,0,0,0,0.000443852640923213,0,0,0,0,0,0,0,8.62422112502965e-05,6.46924681793922e-05,0,0
Brachyspira,0,0,9.62964389576873e-05,0.00036412922541622,0.000110815602836879,0,0,0,0,0,0,0,0,0,0,0,0,0,0,0,0,0,0,0
Halothermothrix,0,0,0,0,0,0,0,7.89889415481832e-05,0,0,0,0,0,0,0,0,7.24207355049898e-05,0,0.000105829438222065,5.79833394537969e-05,0,8.08655852242403e-05,0,0.000161616161616162
Hathewaya,0,0,0,0,0,0,0.000100796290696502,0,0.000178559471463964,0.000194045572988856,7.13979722975867e-05,0,0,0,0,0,0,0,0,0,0,0,0,0
Desulfitibacter,0,0,0.00023111145349845,4.04588028240244e-05,7.91540020263425e-05,3.10877607485933e-05,3.35987635655008e-05,0,0,0,0,0,0,0,0,0,0,0,0,0.000115966678907594,0,0,0,0
Enteroscipio,6.48859089434411e-05,0,5.77778633746124e-05,0,0,0,0,0.000105318588730911,0,0,4.75986481983912e-05,0,0,0,0,0,0,0,0,0,6.46816584377223e-05,3.23462340896961e-05,6.35671332494247e-05,8.08080808080808e-05
Saccharibacillus,0.000194657726830323,0.000138683431952663,5.77778633746124e-05,4.04588028240244e-05,0,0,0,7.89889415481832e-05,0,0,0,0,0,0,0,0,0,0,0,0,0,0,0,0
Gordonibacter,6.48859089434411e-05,6.93417159763314e-05,0,0,0,0,0,0,0,0,0,0,0,0,0,0,0,0.000158782857225342,0,0,6.46816584377223e-05,9.70387022690883e-05,5.08537065995398e-05,0
Holophaga,0,0,0,0,0,0,6.71975271310016e-05,0,0,0,0.000190394592793565,7.7000077000077e-05,0,0,0,0,0,0,5.29147191110327e-05,0,0,4.85193511345442e-05,6.35671332494247e-05,0
Fontibacillus,0,0,3.85185755830749e-05,8.09176056480489e-05,6.3323201621074e-05,0,5.03981453482512e-05,0,0,0,0,0,0,0,0,0,0,0,8.81911985183879e-05,0,0.000129363316875445,0,0,4.84848484848485e-05
Merdimonas,6.48859089434411e-05,9.24556213017751e-05,0,8.09176056480489e-05,6.3323201621074e-05,0.00018652656449156,0,0,0,0,0,0,0,0,0,0,0,0,0,0,0,0,0,0
Flexistipes,6.48859089434411e-05,0.000138683431952663,0,0,0,0,3.35987635655008e-05,0.000131648235913639,6.69598017989867e-05,0,4.75986481983912e-05,0,0,0,0,0,0,0,0,0,0,0,0,0
Natronincola,0.000108143181572402,0.000208025147928994,0,0,0,0,0,0.000157977883096366,0,0,0,0,0,0,0,0,0,0,0,0,0,0,0,0
Pelotomaculum,0,0,0,0,0,0,0,0,0,0,0,0,0,0,0,0,0,0,8.81911985183879e-05,0,0,0.000210250521583025,0.000127134266498849,4.84848484848485e-05
Acidaminococcus,0,0,3.85185755830749e-05,0.000121376408472073,4.74924012158055e-05,0,0,0,0,0,0,5.1333384666718e-05,0,0,0,0,0,0,0,7.73111192717293e-05,0,3.23462340896961e-05,0,9.6969696969697e-05
Thermobrachium,0,0,0,0,0,0,0,7.89889415481832e-05,0,0,0,0,0.000255551520531547,0,4.24580373064621e-05,2.96471983397569e-05,0,0,0,0,0,3.23462340896961e-05,2.54268532997699e-05,0
Elizabethkingia,0,0,0.000134815014540762,0.000101147007060061,0.000158308004052685,4.66316411228899e-05,0,0,0,0,0,0,0,0,0,0,0,0,0,0,0,0,0,0
Vitiosangium,0,0,7.70371511661499e-05,0.000141605809884086,0.000110815602836879,0.000108807162620076,0,0,0,0,0,0,0,0,0,0,0,0,0,0,0,0,0,0
Sulfobacillus,0.000194657726830323,0.000161797337278107,0,0,0,0,0,0,0,0,0,0,0,0,0,0,0,0,0,7.73111192717293e-05,0,0,0,0
Caldicellulosiruptor,0,0,0,0,0,0,5.03981453482512e-05,0.000105318588730911,0,5.54415922825304e-05,0.000118996620495978,5.1333384666718e-05,0,0,0,0,0,0,0,0,0,4.85193511345442e-05,0,0
Collinsella,0,6.93417159763314e-05,7.70371511661499e-05,0,0.000110815602836879,4.66316411228899e-05,0,0,0,0,0,0,0,0,0,0,0,0,0,0,8.62422112502965e-05,0,3.81402799496548e-05,0
Thermoclostridium,0,6.93417159763314e-05,0,8.09176056480489e-05,3.1661600810537e-05,0,0,0,0,0,0,0,0,5.27500351666901e-05,8.49160746129242e-05,4.44707975096353e-05,0,5.77392208092152e-05,0,0,0,0,0,0
Neobittarella,0,0,0,0,0,6.21755214971866e-05,0.000184793199610254,0,6.69598017989867e-05,8.31623884237955e-05,2.37993240991956e-05,0,0,0,0,0,0,0,0,0,0,0,0,0
Tenacibaculum,0,0,0.000115555726749225,0.000161835211296098,0.000142477203647416,0,0,0,0,0,0,0,0,0,0,0,0,0,0,0,0,0,0,0
Aminipila,6.48859089434411e-05,0.000138683431952663,0,0,4.74924012158055e-05,0,0,7.89889415481832e-05,8.92797357319822e-05,0,0,0,0,0,0,0,0,0,0,0,0,0,0,0
Parasporobacterium,0.000129771817886882,0.000138683431952663,0,0,0,0,0,7.89889415481832e-05,0,0,7.13979722975867e-05,0,0,0,0,0,0,0,0,0,0,0,0,0
Sporosarcina,0,0,0,6.06882042360367e-05,0,0,5.03981453482512e-05,0.000157977883096366,0,0,0,0,0,0,0,0,0,0,5.29147191110327e-05,9.66388990896616e-05,0,0,0,0
Corynebacterium,0,0,0,0,0,0,0,0,0,0,0,0,0,0,0,0,0,0,0.000352764794073551,0,0,0,0,6.46464646464646e-05
Culturomica,0,0,0,0,0,0,6.71975271310016e-05,0,0.00020087940539696,0,4.75986481983912e-05,7.7000077000077e-05,0,0,0,0,0,0,0,0,0,0,0,0
Halanaerobium,0,0,0,6.06882042360367e-05,0,0,0,0,0,0,0,0,0.000228651360475595,0,2.83053582043081e-05,2.96471983397569e-05,0,0,0,0,4.31211056251482e-05,0,0,0
Amedibacillus,0,0,7.70371511661499e-05,0.000121376408472073,0.000126646403242148,0,0,0,0,0,0,0,0,0,0,0,0,0,0,0,0,0,6.35671332494247e-05,0
Thermoanaerobacter,0,0,0,0,0,0,0,0,0,0,0,0,0.000107600640223809,0,9.90687537150783e-05,2.96471983397569e-05,4.34524413029939e-05,0.000101043636416127,0,0,0,0,0,0
Kandleria,0,0,0,0,0,0.000279789846737339,0,0,0,0,0,0,0,0,0,0,0,0,0,0,0,3.23462340896961e-05,6.35671332494247e-05,0
Chryseobacterium,0,0,9.62964389576873e-05,0.000121376408472073,0.000142477203647416,0,0,0,0,0,0,0,0,0,0,0,0,0,0,0,0,0,0,0
Paraeggerthella,0,0,0,0,0,0,0,0,0,0,0,0,0,0,0,0,0,0,5.29147191110327e-05,5.79833394537969e-05,0,0.000129384936358784,0.000114420839848964,0
Mycobacteroides,6.48859089434411e-05,0,0,0,0,0,0,0,0,0,7.13979722975867e-05,0,0.000134500800279762,0,2.83053582043081e-05,0,0,0,5.29147191110327e-05,0,0,0,0,0
Caldanaerobius,0,0,0,0,0,6.21755214971866e-05,5.03981453482512e-05,0,0,5.54415922825304e-05,0,5.1333384666718e-05,5.38003201119047e-05,0,0,0,0,7.2174026011519e-05,0,0,0,0,0,0
Fredinandcohnia,0,0,0,0,0,0,0,0,0,0,4.75986481983912e-05,0,0,0,5.66107164086161e-05,0,0,8.66088312138228e-05,0,3.86555596358646e-05,0.000107802764062871,0,0,0
Companilactobacillus,0,0,0,6.06882042360367e-05,0,0,0,0,0,0,0,0,0,0.000228583485722324,0,0,0,4.33044156069114e-05,0,0,0,0,0,0
Anaerorhabdus,0,0,0,0,0,6.21755214971866e-05,0,0,0,0,0,0,0,0,0,0,0,0,0,0.000115966678907594,0.000150923869688019,0,0,0
Virgibacillus,0,0,5.77778633746124e-05,0.000121376408472073,0.000142477203647416,0,0,0,0,0,0,0,0,0,0,0,0,0,0,0,0,0,0,0
Aneurinibacillus,0,0,0,0,0,7.77194018714832e-05,0,0,0,0,0,0,0,0,0,0,0,0,3.52764794073551e-05,0,6.46816584377223e-05,4.85193511345442e-05,3.81402799496548e-05,4.84848484848485e-05
Siminovitchia,0,0,0,0,0,0,0,0,0,0,0,0,0.000121050720251786,1.75833450555634e-05,9.90687537150783e-05,7.41179958493922e-05,0,0,0,0,0,0,0,0
Paucisalibacillus,0,0,0,0,0,0,0,0,0,0,0,0,0,0,0,0,0,0,0,5.79833394537969e-05,0.000107802764062871,8.08655852242403e-05,6.35671332494247e-05,0
Slackia,0,0,7.70371511661499e-05,0,0,0,0,0.000105318588730911,0,0,0,0,0,0,0,0,0,0,0,0,0,0,3.81402799496548e-05,8.08080808080808e-05
Leeuwenhoekiella,0,0,0,0,0,0,6.71975271310016e-05,5.26592943654555e-05,6.69598017989867e-05,0,9.51972963967823e-05,0,0,0,0,0,0,0,0,0,0,0,0,0
Sarcina,0,0,0,0,0,0,3.35987635655008e-05,0,0,0,0,0,0,0,0,4.44707975096353e-05,0,0,7.05529588147103e-05,0,6.46816584377223e-05,6.46924681793922e-05,0,0
Thermovenabulum,0,0,0.000134815014540762,6.06882042360367e-05,7.91540020263425e-05,0,0,0,0,0,0,0,0,0,0,0,0,0,0,0,0,0,0,0
Geosporobacter,6.48859089434411e-05,2.31139053254438e-05,7.70371511661499e-05,0,0,0,0,0,0,0,0,0,0,0,0,0,0,0,5.29147191110327e-05,0,0,0,0,4.84848484848485e-05
Veillonella,0,0,0,0,0,0.000202070444865856,0,0,0,0,0,0,0,0,0,0,0,0,5.29147191110327e-05,0,0,0,0,0
Arabia,0.000129771817886882,0,7.70371511661499e-05,0,4.74924012158055e-05,0,0,0,0,0,0,0,0,0,0,0,0,0,0,0,0,0,0,0
Beduini,0,0,0,0,0,0,0,0,0,0,0,0,0,0,0,0,0,0,0,0,0,9.70387022690883e-05,7.62805598993097e-05,6.46464646464646e-05
Alkalibacterium,0,4.62278106508876e-05,0,0,0,0,0.000100796290696502,0,8.92797357319822e-05,0,0,0,0,0,0,0,0,0,0,0,0,0,0,0
Saezia,0,0,0,0,0,0,0,0,0,0,0.000118996620495978,0,0,0,0,0,0,0,0,0,4.31211056251482e-05,6.46924681793922e-05,0,0
Exiguobacterium,0,0,0,0,0,0,0,0,0,0,0,0,0,5.27500351666901e-05,7.07633955107702e-05,5.92943966795138e-05,0,0,0,0,4.31211056251482e-05,0,0,0
Pyramidobacter,0,0,0,0,0,0,0,0,0,0,0,0,0,0,0,0,0,0,5.29147191110327e-05,5.79833394537969e-05,0,1.61731170448481e-05,0,9.6969696969697e-05
Varibaculum,0,0,0,0,0,0,0,0,0,0,0,0,9.41505601958332e-05,0,0,0,4.34524413029939e-05,0,0,0,8.62422112502965e-05,0,0,0
Lentibacillus,0,9.24556213017751e-05,0,0,0,0,0,0,0,0,0,0,0,0,0,0,0,0,0,0,0,6.46924681793922e-05,6.35671332494247e-05,0
Arthrobacter,0,0,0,0,0,0,0,0.000184307530279094,0,0,0,0,0,0,0,0,0,0,0,0,0,0,0,3.23232323232323e-05
Domibacillus,0,0,5.77778633746124e-05,0,7.91540020263425e-05,0,0,7.89889415481832e-05,0,0,0,0,0,0,0,0,0,0,0,0,0,0,0,0
Dubosiella,0,0,0,0,0,0,0,0,0,0,0,0,0,0,0,0,0,0,0,0,0.000215605528125741,0,0,0
Vibrio,0,0,0,0,0,7.77194018714832e-05,0,0.000131648235913639,0,0,0,0,0,0,0,0,0,0,0,0,0,0,0,0
Pseudobacteroides,0,0,0,0,0,0,0,0,0,0,0,0,2.69001600559523e-05,0,8.49160746129242e-05,2.96471983397569e-05,0,0,0,0,6.46816584377223e-05,0,0,0
Anaerosalibacter,0,0,5.77778633746124e-05,0,0,0,0,0,0,8.31623884237955e-05,0,0,0,0,0,0,0,0,0,0,6.46816584377223e-05,0,0,0
Gracilibacillus,0,0,0,0,0,0,0,0,0,0,0,0,0,0,0,0,0,0,5.29147191110327e-05,0,6.46816584377223e-05,4.85193511345442e-05,3.81402799496548e-05,0
Dechloromonas,8.65145452579215e-05,0.000115569526627219,0,0,0,0,0,0,0,0,0,0,0,0,0,0,0,0,0,0,0,0,0,0
Chlorobium,0,0,0,0,0,4.66316411228899e-05,0,0,0,0,0,0,0,0,0,0,0,0,5.29147191110327e-05,0,0,0,0,9.6969696969697e-05
Metabacillus,6.48859089434411e-05,9.24556213017751e-05,3.85185755830749e-05,0,0,0,0,0,0,0,0,0,0,0,0,0,0,0,0,0,0,0,0,0
Unassigned,0,0,0,0,0,0,0,0,0,0.000110883184565061,0,0,0,0,0,0,0,0,3.52764794073551e-05,0,0,0,0,4.84848484848485e-05
Halodesulfovibrio,0,0,0,0,0,0,0,0,0,0,0,0,0,0,0,0,0,0,0,0,0.000194044975313167,0,0,0
Sporomusa,0,0,0,0,0,0,0,0,0,0,0,0,0,0,0,0,0,0,7.05529588147103e-05,5.79833394537969e-05,0,0,0,6.46464646464646e-05
Finegoldia,6.48859089434411e-05,4.62278106508876e-05,0,0,0,0,0,0,0,0,0,0,0,0,0,0,0,0,0,7.73111192717293e-05,0,0,0,0
Suicoccus,0,0,0,0,0,0,0,0,0,0,0,0,0,0,0,0,0,0,0.000105829438222065,0,0,0,0,8.08080808080808e-05
Massilioclostridium,0,0,0,0,0,0.00013989492336867,0,0,0,0,0,0,0,0,0,0,0,4.33044156069114e-05,0,0,0,0,0,0
Acidaminobacter,6.48859089434411e-05,0,0,0,0,4.66316411228899e-05,0,0,0,0,0,0,1.34500800279762e-05,0,0,0,5.79365884039918e-05,0,0,0,0,0,0,0
Candidatus_Stoquefichus,0,0,0,0,0,4.66316411228899e-05,0,0,0,0,0,0,0,0,0,0,0,0,0,0,0,9.70387022690883e-05,3.81402799496548e-05,0
Noviherbaspirillum,0,0,0,0,0,0,0,0,0,0,0,0,0,0,0,0,0.000115873176807984,0,0,0,6.46816584377223e-05,0,0,0
Acetanaerobacterium,8.65145452579215e-05,9.24556213017751e-05,0,0,0,0,0,0,0,0,0,0,0,0,0,0,0,0,0,0,0,0,0,0
Alteracholeplasma,0,0,0,8.09176056480489e-05,0,0,0,0,0,0,0,0,0,0,0,0,0,0,8.81911985183879e-05,0,0,0,0,0
Salimicrobium,0,0,0,0,0,0,0.000167993817827504,0,0,0,0,0,0,0,0,0,0,0,0,0,0,0,0,0
Youngiibacter,0,0,0,0,0,0,0,0,0,0,0,0,0,0,4.24580373064621e-05,5.92943966795138e-05,0,0,0,0,6.46816584377223e-05,0,0,0
Epulopiscium,0,0,0,6.06882042360367e-05,0,0,0,0,0,0,0,0,0,0,0,0,0,0,0,0,6.46816584377223e-05,0,3.81402799496548e-05,0
Petrocella,0,0,0,0,0,0,0,0,0,0,0,0,0,0,2.83053582043081e-05,0,7.24207355049898e-05,5.77392208092152e-05,0,0,0,0,0,0
Endozoicomonas,0,0,0,0,0,0,0,0.000157977883096366,0,0,0,0,0,0,0,0,0,0,0,0,0,0,0,0
Amphibacillus,0,4.62278106508876e-05,5.77778633746124e-05,0,0,0,0,0,0,0,0,0,5.38003201119047e-05,0,0,0,0,0,0,0,0,0,0,0
Liquorilactobacillus,6.48859089434411e-05,9.24556213017751e-05,0,0,0,0,0,0,0,0,0,0,0,0,0,0,0,0,0,0,0,0,0,0
Acetoanaerobium,0,0,0,0,0,0,0,0,0,0,0,0,0,0,0,0,0,0,0,5.79833394537969e-05,0,0,5.08537065995398e-05,4.84848484848485e-05
Jeotgalibaca,0,0,0,0,0,0,0,0,0,0,4.75986481983912e-05,5.1333384666718e-05,0,0,0,0,0,0,0,5.79833394537969e-05,0,0,0,0
Rhodobium,0,0,0,0,0,0,0,0,0,0,0,0,0,0,0,0,0,0,5.29147191110327e-05,0,0,6.46924681793922e-05,3.81402799496548e-05,0
Paenisporosarcina,0,0,0,0,0,0,0,0,0,0,0,0,0,0,0,0,0,0,8.81911985183879e-05,0,0,6.46924681793922e-05,0,0
Candidatus_Electrothrix,0,0,0,0,0,0,0,0,0,0,0,0,0,0,0,0,0,0,0,0,0.000150923869688019,0,0,0
Agathobacter,0,0,5.77778633746124e-05,4.04588028240244e-05,0,0,0,0,0,0,0,0,0,0,0,0,0,0,0,0,0,0,0,4.84848484848485e-05
Gallibacterium,0,0,0,8.09176056480489e-05,0,0,0,0,0,0,0,0,0,0,0,0,0,0,0,0,6.46816584377223e-05,0,0,0
Maridesulfovibrio,0,0,0,0,0,0,0,0,6.69598017989867e-05,0,0,0,0,0,0,0,0,0,0,0,0,0,7.62805598993097e-05,0
Enterobacter,0,0,0,0,0,0,0,0,0,0,0.000142795944595173,0,0,0,0,0,0,0,0,0,0,0,0,0
Syntrophothermus,0,0,0,0,0,0,0,0,0,0,0,0,0,0,0,0,0,0,0,5.79833394537969e-05,0,3.23462340896961e-05,5.08537065995398e-05,0
Terribacillus,0,0,3.85185755830749e-05,0,6.3323201621074e-05,0,0,0,0,0,0,0,0,0,0,0,0,0,0,0,0,0,3.81402799496548e-05,0
Schinkia,0,0.000138683431952663,0,0,0,0,0,0,0,0,0,0,0,0,0,0,0,0,0,0,0,0,0,0
Alterileibacterium,0,0,0,0,0,0,0,0,0,0,0,0,0,3.51666901111267e-05,5.66107164086161e-05,4.44707975096353e-05,0,0,0,0,0,0,0,0
Aerococcus,0,0,0,0,0,0,5.03981453482512e-05,0,0,0,4.75986481983912e-05,0,0,0,0,0,0,0,0,0,0,0,3.81402799496548e-05,0
Oceanimonas,0,0,0,0,0,0,0,0,0,0,0,0,2.69001600559523e-05,0,7.07633955107702e-05,2.96471983397569e-05,0,0,0,0,0,0,0,0
Desulfosporosinus,0,0,0,0,0,0,0,0,2.23199339329956e-05,0,0,0,0,0,0,0,0,0,0,0,0,0,3.81402799496548e-05,6.46464646464646e-05
Syntrophaceticus,0,0,0,0,0,0,0,0,0,0,0,0,0,3.51666901111267e-05,8.49160746129242e-05,0,0,0,0,0,0,0,0,0
Pseudothermotoga,0,0,0,0,0,0,0,0,0,0,0,0,0,0,0,0,0,0,5.29147191110327e-05,0,0,0,0,6.46464646464646e-05
Candidatus_Izimaplasma,0,0,0,0,0,0,0,0,0,0,0,0,0,0,0,0,0,0,0,0.000115966678907594,0,0,0,0
Leptospira,0,0.000115569526627219,0,0,0,0,0,0,0,0,0,0,0,0,0,0,0,0,0,0,0,0,0,0
Thermophilibacter,0,0,0,0,0,0,0,0,0,0,0,0,0,0,0,0,0,0,0,0,0,4.85193511345442e-05,0,6.46464646464646e-05
Desulfofundulus,0,0,0,0,0,0,0,0,0,0,0,0,0,0,0,0,0,0,5.29147191110327e-05,5.79833394537969e-05,0,0,0,0
Novibacillus,0,0,0,0,0,0,0,5.26592943654555e-05,0,0,0,0,0,0,0,0,5.79365884039918e-05,0,0,0,0,0,0,0
Gorillibacterium,0,0,0,0,0,0,0,0,0,0,0,0,0,0,0,0,0,0,0,7.73111192717293e-05,0,3.23462340896961e-05,0,0
Desulfobulbus,0,0,5.77778633746124e-05,0,0,0,0,0,0,0,0,0,0,0,0,0,0,0,0,0,0,0,5.08537065995398e-05,0
Ornithinibacillus,0,0,0,0,0,0,0,0,0,0,0,0,0.000107600640223809,0,0,0,0,0,0,0,0,0,0,0
Thermotoga,0,0,0,0,0,0,0,0,0,0,0,0,0,0,0,0,0,0,3.52764794073551e-05,0,0,0,3.81402799496548e-05,3.23232323232323e-05
Xylanivirga,0,0,0,0,0,0,0,0,0,0,0,0,0,0.00010550007033338,0,0,0,0,0,0,0,0,0,0
Hornefia,0,0,5.77778633746124e-05,0,4.74924012158055e-05,0,0,0,0,0,0,0,0,0,0,0,0,0,0,0,0,0,0,0
Denitrobacterium,6.48859089434411e-05,0,0,0,0,0,0,0,0,0,0,0,4.03502400839285e-05,0,0,0,0,0,0,0,0,0,0,0
Pseudoramibacter,0,0,0,0,0,0,0,0,0,0,0,0.000102666769333436,0,0,0,0,0,0,0,0,0,0,0,0
Olsenella,0,0,3.85185755830749e-05,0,6.3323201621074e-05,0,0,0,0,0,0,0,0,0,0,0,0,0,0,0,0,0,0,0
Halobacillus,0,0,0,0.000101147007060061,0,0,0,0,0,0,0,0,0,0,0,0,0,0,0,0,0,0,0,0
Desulfuromonas,0,0,0,0,0,0,0,0,0,0,0,0,0,0,0,0,0,0,0,0,6.46816584377223e-05,3.23462340896961e-05,0,0
Thermohalobacter,0,0,0,0,0,0,0,0,0,0,9.51972963967823e-05,0,0,0,0,0,0,0,0,0,0,0,0,0
Peptoclostridium,0,0,0,0,9.49848024316109e-05,0,0,0,0,0,0,0,0,0,0,0,0,0,0,0,0,0,0,0
Aeromonas,0,9.24556213017751e-05,0,0,0,0,0,0,0,0,0,0,0,0,0,0,0,0,0,0,0,0,0,0
Cryptobacterium,0,0,0,0,0,4.66316411228899e-05,0,0,4.46398678659911e-05,0,0,0,0,0,0,0,0,0,0,0,0,0,0,0
Marispirochaeta,0,0,0,0,4.74924012158055e-05,0,0,0,0,0,0,0,0,0,0,0,0,4.33044156069114e-05,0,0,0,0,0,0
Dyella,0,0,0,0,0,0,0,0,0,0,0,0,0,0,0,0,0,0,8.81911985183879e-05,0,0,0,0,0
Defluviitalea,0,0,0,0,0,0,0,0,0,0,0,0,0,0,0,0,0,0,0,0,8.62422112502965e-05,0,0,0
Desulfofustis,0,0,0,0,0,0,0,0,0,0,0,0,0,0,0,0,0,0,0,0,8.62422112502965e-05,0,0,0
Halobacteriovorax,0,0,0,0,0,0,0,0,0,0,0,0,0,0,0,0,0,0,0,0,0,8.08655852242403e-05,0,0
Mannheimia,0,0,0,0,0,0,0,0,0,0,0,0,0,0,0,0,0,0,0,0,0,0,0,8.08080808080808e-05
Photobacterium,0,0,0,0,0,0,0,0,0,0,0,0,8.0700480167857e-05,0,0,0,0,0,0,0,0,0,0,0
Cellulomonas,0,0,0,0,7.91540020263425e-05,0,0,0,0,0,0,0,0,0,0,0,0,0,0,0,0,0,0,0
Faecalimonas,0,0,0,0,0,0,0,7.89889415481832e-05,0,0,0,0,0,0,0,0,0,0,0,0,0,0,0,0
Succiniclasticum,0,0,0,0,0,0,0,7.89889415481832e-05,0,0,0,0,0,0,0,0,0,0,0,0,0,0,0,0
Anaerobacillus,0,0,0,0,0,7.77194018714832e-05,0,0,0,0,0,0,0,0,0,0,0,0,0,0,0,0,0,0
Hippea,0,0,0,0,0,7.77194018714832e-05,0,0,0,0,0,0,0,0,0,0,0,0,0,0,0,0,0,0
Anoxybacillus,0,0,0,0,0,0,0,0,0,0,0,0,0,0,0,0,0,0,0,7.73111192717293e-05,0,0,0,0
Thermacetogenium,0,0,0,0,0,0,0,0,0,0,0,0,0,0,0,0,0,0,0,7.73111192717293e-05,0,0,0,0
Desulfonauticus,0,0,0,0,0,0,0,0,0,0,0,0,0,0,0,0,0,0,0,7.73111192717293e-05,0,0,0,0
Pleomorphomonas,0,0,0,0,0,0,0,0,0,0,0,0,0,0,0,0,0,0,0,0,0,0,7.62805598993097e-05,0
Caldalkalibacillus,0,0,0,0,0,0,0,0,0,0,0,0,0,0,0,0,0,0,0,0,0,4.85193511345442e-05,2.54268532997699e-05,0
Megamonas,0,0,0,0,0,0,0,0,0,0,0,0,0,0,0,0,0,7.2174026011519e-05,0,0,0,0,0,0
Methanothermobacter,0,0,0,0,0,0,0,0,0,0,0,0,0,0,7.07633955107702e-05,0,0,0,0,0,0,0,0,0
Garciella,0,0,0,0,0,0,0,0,0,0,0,0,0,0,7.07633955107702e-05,0,0,0,0,0,0,0,0,0
Flexilinea,0,6.93417159763314e-05,0,0,0,0,0,0,0,0,0,0,0,0,0,0,0,0,0,0,0,0,0,0
Thioalkalivibrio,0,6.93417159763314e-05,0,0,0,0,0,0,0,0,0,0,0,0,0,0,0,0,0,0,0,0,0,0
Nesterenkonia,0,0,0,2.02294014120122e-05,4.74924012158055e-05,0,0,0,0,0,0,0,0,0,0,0,0,0,0,0,0,0,0,0
Sphingomonas,0,0,0,0,0,0,0,0,0,0,0,0,6.72504001398808e-05,0,0,0,0,0,0,0,0,0,0,0
Pseudarcicella,0,0,0,0,0,0,0,0,6.69598017989867e-05,0,0,0,0,0,0,0,0,0,0,0,0,0,0,0
Halotalea,0,0,0,0,0,0,0,0,6.69598017989867e-05,0,0,0,0,0,0,0,0,0,0,0,0,0,0,0
Neobacillus,6.48859089434411e-05,0,0,0,0,0,0,0,0,0,0,0,0,0,0,0,0,0,0,0,0,0,0,0
Lihuaxuella,6.48859089434411e-05,0,0,0,0,0,0,0,0,0,0,0,0,0,0,0,0,0,0,0,0,0,0,0
Bosea,6.48859089434411e-05,0,0,0,0,0,0,0,0,0,0,0,0,0,0,0,0,0,0,0,0,0,0,0
Ammoniphilus,0,0,0,0,0,0,0,0,0,0,0,0,0,0,0,0,0,0,0,0,0,6.46924681793922e-05,0,0
Eoetvoesia,0,0,0,0,0,0,0,0,0,0,0,0,0,0,0,0,0,0,0,0,0,6.46924681793922e-05,0,0
Nocardiopsis,0,0,0,0,0,0,0,0,0,0,0,0,0,0,0,0,0,0,0,0,6.46816584377223e-05,0,0,0
Succinivibrio,0,0,0,0,0,0,0,0,0,0,0,0,0,0,0,0,0,0,0,0,6.46816584377223e-05,0,0,0
Rubneribacter,0,0,0,0,0,0,0,0,0,0,0,0,0,0,0,0,0,0,0,0,0,0,0,6.46464646464646e-05
Geobacillus,0,0,0,0,0,0,0,0,0,0,0,0,0,0,0,0,0,0,0,0,0,0,0,6.46464646464646e-05
Quasibacillus,0,0,0,0,0,0,0,0,0,0,0,0,0,0,0,0,0,0,0,0,0,0,0,6.46464646464646e-05
Desulfohalovibrio,0,0,0,0,0,0,0,0,0,0,0,0,0,0,0,0,0,0,0,0,0,0,0,6.46464646464646e-05
Aminomonas,0,0,0,0,0,0,0,0,0,0,0,0,0,0,0,0,0,0,0,0,0,0,0,6.46464646464646e-05
Ferroglobus,0,0,0,0,6.3323201621074e-05,0,0,0,0,0,0,0,0,0,0,0,0,0,0,0,0,0,0,0
Hydrogenobaculum,0,0,0,0,0,6.21755214971866e-05,0,0,0,0,0,0,0,0,0,0,0,0,0,0,0,0,0,0
Geomicrobium,0,0,0,0,0,6.21755214971866e-05,0,0,0,0,0,0,0,0,0,0,0,0,0,0,0,0,0,0
Pseudodesulfovibrio,0,0,0,0,0,6.21755214971866e-05,0,0,0,0,0,0,0,0,0,0,0,0,0,0,0,0,0,0
Fretibacterium,0,0,0,0,0,6.21755214971866e-05,0,0,0,0,0,0,0,0,0,0,0,0,0,0,0,0,0,0
Alicyclobacillus,0,0,0,6.06882042360367e-05,0,0,0,0,0,0,0,0,0,0,0,0,0,0,0,0,0,0,0,0
Absiella,0,0,0,6.06882042360367e-05,0,0,0,0,0,0,0,0,0,0,0,0,0,0,0,0,0,0,0,0
Lactimicrobium,0,0,0,6.06882042360367e-05,0,0,0,0,0,0,0,0,0,0,0,0,0,0,0,0,0,0,0,0
Campylobacter,0,0,0,6.06882042360367e-05,0,0,0,0,0,0,0,0,0,0,0,0,0,0,0,0,0,0,0,0
Rodentibacter,0,0,0,6.06882042360367e-05,0,0,0,0,0,0,0,0,0,0,0,0,0,0,0,0,0,0,0,0
Apibacter,0,0,0,0,0,0,0,0,0,0,0,0,0,0,0,0,0,0,0,5.79833394537969e-05,0,0,0,0
Massilicoli,0,0,0,0,0,0,0,0,0,0,0,0,0,0,0,0,0,0,0,5.79833394537969e-05,0,0,0,0
Robiginitalea,0,0,5.77778633746124e-05,0,0,0,0,0,0,0,0,0,0,0,0,0,0,0,0,0,0,0,0,0
Desulfofarcimen,0,0,5.77778633746124e-05,0,0,0,0,0,0,0,0,0,0,0,0,0,0,0,0,0,0,0,0,0
Geomonas,0,0,5.77778633746124e-05,0,0,0,0,0,0,0,0,0,0,0,0,0,0,0,0,0,0,0,0,0
Spirochaeta,0,0,0,0,0,0,0,0,0,0,0,0,0,0,0,0,0,5.77392208092152e-05,0,0,0,0,0,0
Chitinophaga,0,0,0,0,0,0,0,0,0,0,0,0,0,0,0,0,0,0,5.29147191110327e-05,0,0,0,0,0
Alkalicoccus,0,0,0,0,0,0,0,0,0,0,0,0,0,0,0,0,0,0,5.29147191110327e-05,0,0,0,0,0
Furfurilactobacillus,0,0,0,0,0,0,0,0,0,0,0,0,0,0,0,0,0,0,0,0,0,0,5.08537065995398e-05,0
Tindallia,0,0,0,0,0,0,0,0,0,0,0,0,0,0,0,0,0,0,0,0,0,4.85193511345442e-05,0,0
Candidatus_Formimonas,0,0,0,0,0,0,0,0,0,0,0,0,0,0,0,0,0,0,0,0,0,4.85193511345442e-05,0,0
Aminobacter,0,0,0,0,0,0,0,0,0,0,0,0,0,0,0,0,0,0,0,0,0,0,0,4.84848484848485e-05
Haploplasma,0,0,0,0,0,0,0,0,0,0,0,0,0,0,0,0,0,0,0,0,0,0,0,4.84848484848485e-05
Thermoanaerosceptrum,0,0,0,0,4.74924012158055e-05,0,0,0,0,0,0,0,0,0,0,0,0,0,0,0,0,0,0,0
Anaerovirgula,0,0,0,0,4.74924012158055e-05,0,0,0,0,0,0,0,0,0,0,0,0,0,0,0,0,0,0,0
Candidatus_Methanomethylophilus,0,0,0,0,0,4.66316411228899e-05,0,0,0,0,0,0,0,0,0,0,0,0,0,0,0,0,0,0
Alkalibaculum,0,0,0,0,0,4.66316411228899e-05,0,0,0,0,0,0,0,0,0,0,0,0,0,0,0,0,0,0
Duodenibacillus,0,0,0,0,0,4.66316411228899e-05,0,0,0,0,0,0,0,0,0,0,0,0,0,0,0,0,0,0
Fusibacter,0,0,0,0,0,0,0,0,0,0,0,0,0,0,0,4.44707975096353e-05,0,0,0,0,0,0,0,0
Arcobacter,0,0,0,0,0,0,0,0,0,0,0,0,0,0,0,0,4.34524413029939e-05,0,0,0,0,0,0,0
Niallia,0,0,0,0,0,0,0,0,0,0,0,0,0,0,0,0,0,0,0,0,0,0,3.81402799496548e-05,0
Syntrophobotulus,0,0,0,0,0,0,0,0,0,0,0,0,0,0,0,0,0,0,0,0,0,0,3.81402799496548e-05,0
Breoghania,0,0,0,0,0,0,0,0,0,0,0,0,0,0,0,0,0,0,0,0,0,0,3.81402799496548e-05,0
Candidatus_Altiarchaeum,0,0,0,0,0,0,0,0,0,0,0,0,0,0,0,0,0,0,0,0,0,0,0,0
Candidatus_Huberarchaeum,0,0,0,0,0,0,0,0,0,0,0,0,0,0,0,0,0,0,0,0,0,0,0,0
Candidatus_Methanodesulfokores,0,0,0,0,0,0,0,0,0,0,0,0,0,0,0,0,0,0,0,0,0,0,0,0
Lokiarchaeum,0,0,0,0,0,0,0,0,0,0,0,0,0,0,0,0,0,0,0,0,0,0,0,0
Candidatus_Micrarchaeum,0,0,0,0,0,0,0,0,0,0,0,0,0,0,0,0,0,0,0,0,0,0,0,0
Candidatus_Mancarchaeum,0,0,0,0,0,0,0,0,0,0,0,0,0,0,0,0,0,0,0,0,0,0,0,0
Candidatus_Methanoplasma,0,0,0,0,0,0,0,0,0,0,0,0,0,0,0,0,0,0,0,0,0,0,0,0
Methanomassiliicoccus,0,0,0,0,0,0,0,0,0,0,0,0,0,0,0,0,0,0,0,0,0,0,0,0
Acidiplasma,0,0,0,0,0,0,0,0,0,0,0,0,0,0,0,0,0,0,0,0,0,0,0,0
Ferroplasma,0,0,0,0,0,0,0,0,0,0,0,0,0,0,0,0,0,0,0,0,0,0,0,0
Picrophilus,0,0,0,0,0,0,0,0,0,0,0,0,0,0,0,0,0,0,0,0,0,0,0,0
Thermoplasma,0,0,0,0,0,0,0,0,0,0,0,0,0,0,0,0,0,0,0,0,0,0,0,0
Aciduliprofundum,0,0,0,0,0,0,0,0,0,0,0,0,0,0,0,0,0,0,0,0,0,0,0,0
Candidatus_Methanosuratus,0,0,0,0,0,0,0,0,0,0,0,0,0,0,0,0,0,0,0,0,0,0,0,0
Caldisphaera,0,0,0,0,0,0,0,0,0,0,0,0,0,0,0,0,0,0,0,0,0,0,0,0
Aeropyrum,0,0,0,0,0,0,0,0,0,0,0,0,0,0,0,0,0,0,0,0,0,0,0,0
Desulfurococcus,0,0,0,0,0,0,0,0,0,0,0,0,0,0,0,0,0,0,0,0,0,0,0,0
Ignisphaera,0,0,0,0,0,0,0,0,0,0,0,0,0,0,0,0,0,0,0,0,0,0,0,0
Thermogladius,0,0,0,0,0,0,0,0,0,0,0,0,0,0,0,0,0,0,0,0,0,0,0,0
Zestosphaera,0,0,0,0,0,0,0,0,0,0,0,0,0,0,0,0,0,0,0,0,0,0,0,0
Pyrodictium,0,0,0,0,0,0,0,0,0,0,0,0,0,0,0,0,0,0,0,0,0,0,0,0
Acidianus,0,0,0,0,0,0,0,0,0,0,0,0,0,0,0,0,0,0,0,0,0,0,0,0
Sulfolobus,0,0,0,0,0,0,0,0,0,0,0,0,0,0,0,0,0,0,0,0,0,0,0,0
Sulfurisphaera,0,0,0,0,0,0,0,0,0,0,0,0,0,0,0,0,0,0,0,0,0,0,0,0
Thermofilum,0,0,0,0,0,0,0,0,0,0,0,0,0,0,0,0,0,0,0,0,0,0,0,0
Pyrobaculum,0,0,0,0,0,0,0,0,0,0,0,0,0,0,0,0,0,0,0,0,0,0,0,0
Archaeoglobus,0,0,0,0,0,0,0,0,0,0,0,0,0,0,0,0,0,0,0,0,0,0,0,0
Geoglobus,0,0,0,0,0,0,0,0,0,0,0,0,0,0,0,0,0,0,0,0,0,0,0,0
Candidatus_Methanofastidiosum,0,0,0,0,0,0,0,0,0,0,0,0,0,0,0,0,0,0,0,0,0,0,0,0
Candidatus_Methanoliparum,0,0,0,0,0,0,0,0,0,0,0,0,0,0,0,0,0,0,0,0,0,0,0,0
Candidatus_Methanolliviera,0,0,0,0,0,0,0,0,0,0,0,0,0,0,0,0,0,0,0,0,0,0,0,0
Candidatus_Hadarchaeum,0,0,0,0,0,0,0,0,0,0,0,0,0,0,0,0,0,0,0,0,0,0,0,0
Haloarcula,0,0,0,0,0,0,0,0,0,0,0,0,0,0,0,0,0,0,0,0,0,0,0,0
Halomicrobium,0,0,0,0,0,0,0,0,0,0,0,0,0,0,0,0,0,0,0,0,0,0,0,0
Halorientalis,0,0,0,0,0,0,0,0,0,0,0,0,0,0,0,0,0,0,0,0,0,0,0,0
Halosimplex,0,0,0,0,0,0,0,0,0,0,0,0,0,0,0,0,0,0,0,0,0,0,0,0
Haladaptatus,0,0,0,0,0,0,0,0,0,0,0,0,0,0,0,0,0,0,0,0,0,0,0,0
Halalkalicoccus,0,0,0,0,0,0,0,0,0,0,0,0,0,0,0,0,0,0,0,0,0,0,0,0
Halanaeroarchaeum,0,0,0,0,0,0,0,0,0,0,0,0,0,0,0,0,0,0,0,0,0,0,0,0
Halobacterium,0,0,0,0,0,0,0,0,0,0,0,0,0,0,0,0,0,0,0,0,0,0,0,0
Halorussus,0,0,0,0,0,0,0,0,0,0,0,0,0,0,0,0,0,0,0,0,0,0,0,0
Halostella,0,0,0,0,0,0,0,0,0,0,0,0,0,0,0,0,0,0,0,0,0,0,0,0
Halegenticoccus,0,0,0,0,0,0,0,0,0,0,0,0,0,0,0,0,0,0,0,0,0,0,0,0
Halobellus,0,0,0,0,0,0,0,0,0,0,0,0,0,0,0,0,0,0,0,0,0,0,0,0
Haloferax,0,0,0,0,0,0,0,0,0,0,0,0,0,0,0,0,0,0,0,0,0,0,0,0
Halogeometricum,0,0,0,0,0,0,0,0,0,0,0,0,0,0,0,0,0,0,0,0,0,0,0,0
Halogranum,0,0,0,0,0,0,0,0,0,0,0,0,0,0,0,0,0,0,0,0,0,0,0,0
Haloplanus,0,0,0,0,0,0,0,0,0,0,0,0,0,0,0,0,0,0,0,0,0,0,0,0
Haloquadratum,0,0,0,0,0,0,0,0,0,0,0,0,0,0,0,0,0,0,0,0,0,0,0,0
Halolamina,0,0,0,0,0,0,0,0,0,0,0,0,0,0,0,0,0,0,0,0,0,0,0,0
Halonotius,0,0,0,0,0,0,0,0,0,0,0,0,0,0,0,0,0,0,0,0,0,0,0,0
Halorubrum,0,0,0,0,0,0,0,0,0,0,0,0,0,0,0,0,0,0,0,0,0,0,0,0
Haloterrigena,0,0,0,0,0,0,0,0,0,0,0,0,0,0,0,0,0,0,0,0,0,0,0,0
Natrialba,0,0,0,0,0,0,0,0,0,0,0,0,0,0,0,0,0,0,0,0,0,0,0,0
Natrinema,0,0,0,0,0,0,0,0,0,0,0,0,0,0,0,0,0,0,0,0,0,0,0,0
Natronococcus,0,0,0,0,0,0,0,0,0,0,0,0,0,0,0,0,0,0,0,0,0,0,0,0
Natronolimnobius,0,0,0,0,0,0,0,0,0,0,0,0,0,0,0,0,0,0,0,0,0,0,0,0
Natronolimnohabitans,0,0,0,0,0,0,0,0,0,0,0,0,0,0,0,0,0,0,0,0,0,0,0,0
Methanobacterium,0,0,0,0,0,0,0,0,0,0,0,0,0,0,0,0,0,0,0,0,0,0,0,0
Methanobrevibacter,0,0,0,0,0,0,0,0,0,0,0,0,0,0,0,0,0,0,0,0,0,0,0,0
Methanosphaera,0,0,0,0,0,0,0,0,0,0,0,0,0,0,0,0,0,0,0,0,0,0,0,0
Methanothermus,0,0,0,0,0,0,0,0,0,0,0,0,0,0,0,0,0,0,0,0,0,0,0,0
Methanocaldococcus,0,0,0,0,0,0,0,0,0,0,0,0,0,0,0,0,0,0,0,0,0,0,0,0
Methanotorris,0,0,0,0,0,0,0,0,0,0,0,0,0,0,0,0,0,0,0,0,0,0,0,0
Methanococcus,0,0,0,0,0,0,0,0,0,0,0,0,0,0,0,0,0,0,0,0,0,0,0,0
Methanothermococcus,0,0,0,0,0,0,0,0,0,0,0,0,0,0,0,0,0,0,0,0,0,0,0,0
Methanofervidicoccus,0,0,0,0,0,0,0,0,0,0,0,0,0,0,0,0,0,0,0,0,0,0,0,0
Methanocella,0,0,0,0,0,0,0,0,0,0,0,0,0,0,0,0,0,0,0,0,0,0,0,0
Methanocalculus,0,0,0,0,0,0,0,0,0,0,0,0,0,0,0,0,0,0,0,0,0,0,0,0
Methanocorpusculum,0,0,0,0,0,0,0,0,0,0,0,0,0,0,0,0,0,0,0,0,0,0,0,0
Methanoculleus,0,0,0,0,0,0,0,0,0,0,0,0,0,0,0,0,0,0,0,0,0,0,0,0
Methanofollis,0,0,0,0,0,0,0,0,0,0,0,0,0,0,0,0,0,0,0,0,0,0,0,0
Methanogenium,0,0,0,0,0,0,0,0,0,0,0,0,0,0,0,0,0,0,0,0,0,0,0,0
Methanolacinia,0,0,0,0,0,0,0,0,0,0,0,0,0,0,0,0,0,0,0,0,0,0,0,0
Methanomicrobium,0,0,0,0,0,0,0,0,0,0,0,0,0,0,0,0,0,0,0,0,0,0,0,0
Methanoplanus,0,0,0,0,0,0,0,0,0,0,0,0,0,0,0,0,0,0,0,0,0,0,0,0
Methanolinea,0,0,0,0,0,0,0,0,0,0,0,0,0,0,0,0,0,0,0,0,0,0,0,0
Methanoregula,0,0,0,0,0,0,0,0,0,0,0,0,0,0,0,0,0,0,0,0,0,0,0,0
Methanosphaerula,0,0,0,0,0,0,0,0,0,0,0,0,0,0,0,0,0,0,0,0,0,0,0,0
Methanospirillum,0,0,0,0,0,0,0,0,0,0,0,0,0,0,0,0,0,0,0,0,0,0,0,0
Candidatus_Methanoperedens,0,0,0,0,0,0,0,0,0,0,0,0,0,0,0,0,0,0,0,0,0,0,0,0
Methanococcoides,0,0,0,0,0,0,0,0,0,0,0,0,0,0,0,0,0,0,0,0,0,0,0,0
Methanohalobium,0,0,0,0,0,0,0,0,0,0,0,0,0,0,0,0,0,0,0,0,0,0,0,0
Methanohalophilus,0,0,0,0,0,0,0,0,0,0,0,0,0,0,0,0,0,0,0,0,0,0,0,0
Methanolobus,0,0,0,0,0,0,0,0,0,0,0,0,0,0,0,0,0,0,0,0,0,0,0,0
Methanomethylovorans,0,0,0,0,0,0,0,0,0,0,0,0,0,0,0,0,0,0,0,0,0,0,0,0
Methanosalsum,0,0,0,0,0,0,0,0,0,0,0,0,0,0,0,0,0,0,0,0,0,0,0,0
Methanosarcina,0,0,0,0,0,0,0,0,0,0,0,0,0,0,0,0,0,0,0,0,0,0,0,0
Methanothrix,0,0,0,0,0,0,0,0,0,0,0,0,0,0,0,0,0,0,0,0,0,0,0,0
Methermicoccus,0,0,0,0,0,0,0,0,0,0,0,0,0,0,0,0,0,0,0,0,0,0,0,0
Candidatus_Syntrophoarchaeum,0,0,0,0,0,0,0,0,0,0,0,0,0,0,0,0,0,0,0,0,0,0,0,0
Methanonatronarchaeum,0,0,0,0,0,0,0,0,0,0,0,0,0,0,0,0,0,0,0,0,0,0,0,0
Methanopyrus,0,0,0,0,0,0,0,0,0,0,0,0,0,0,0,0,0,0,0,0,0,0,0,0
Candidatus_Nanosalina,0,0,0,0,0,0,0,0,0,0,0,0,0,0,0,0,0,0,0,0,0,0,0,0
Pyrococcus,0,0,0,0,0,0,0,0,0,0,0,0,0,0,0,0,0,0,0,0,0,0,0,0
Thermococcus,0,0,0,0,0,0,0,0,0,0,0,0,0,0,0,0,0,0,0,0,0,0,0,0
Nanoarchaeum,0,0,0,0,0,0,0,0,0,0,0,0,0,0,0,0,0,0,0,0,0,0,0,0
Candidatus_Nitrosocaldus,0,0,0,0,0,0,0,0,0,0,0,0,0,0,0,0,0,0,0,0,0,0,0,0
Nitrososphaera,0,0,0,0,0,0,0,0,0,0,0,0,0,0,0,0,0,0,0,0,0,0,0,0
Nitrosopumilus,0,0,0,0,0,0,0,0,0,0,0,0,0,0,0,0,0,0,0,0,0,0,0,0
Candidatus_Caldarchaeum,0,0,0,0,0,0,0,0,0,0,0,0,0,0,0,0,0,0,0,0,0,0,0,0
Candidatus_Nitrosotalea,0,0,0,0,0,0,0,0,0,0,0,0,0,0,0,0,0,0,0,0,0,0,0,0
Abditibacterium,0,0,0,0,0,0,0,0,0,0,0,0,0,0,0,0,0,0,0,0,0,0,0,0
Acidipila,0,0,0,0,0,0,0,0,0,0,0,0,0,0,0,0,0,0,0,0,0,0,0,0
Acidisarcina,0,0,0,0,0,0,0,0,0,0,0,0,0,0,0,0,0,0,0,0,0,0,0,0
Bryocella,0,0,0,0,0,0,0,0,0,0,0,0,0,0,0,0,0,0,0,0,0,0,0,0
Candidatus_Koribacter,0,0,0,0,0,0,0,0,0,0,0,0,0,0,0,0,0,0,0,0,0,0,0,0
Candidatus_Sulfotelmatobacter,0,0,0,0,0,0,0,0,0,0,0,0,0,0,0,0,0,0,0,0,0,0,0,0
Candidatus_Sulfotelmatomonas,0,0,0,0,0,0,0,0,0,0,0,0,0,0,0,0,0,0,0,0,0,0,0,0
Edaphobacter,0,0,0,0,0,0,0,0,0,0,0,0,0,0,0,0,0,0,0,0,0,0,0,0
Granulicella,0,0,0,0,0,0,0,0,0,0,0,0,0,0,0,0,0,0,0,0,0,0,0,0
Occallatibacter,0,0,0,0,0,0,0,0,0,0,0,0,0,0,0,0,0,0,0,0,0,0,0,0
Silvibacterium,0,0,0,0,0,0,0,0,0,0,0,0,0,0,0,0,0,0,0,0,0,0,0,0
Terracidiphilus,0,0,0,0,0,0,0,0,0,0,0,0,0,0,0,0,0,0,0,0,0,0,0,0
Terriglobus,0,0,0,0,0,0,0,0,0,0,0,0,0,0,0,0,0,0,0,0,0,0,0,0
Bryobacter,0,0,0,0,0,0,0,0,0,0,0,0,0,0,0,0,0,0,0,0,0,0,0,0
Candidatus_Solibacter,0,0,0,0,0,0,0,0,0,0,0,0,0,0,0,0,0,0,0,0,0,0,0,0
Candidatus_Sulfopaludibacter,0,0,0,0,0,0,0,0,0,0,0,0,0,0,0,0,0,0,0,0,0,0,0,0
Pyrinomonas,0,0,0,0,0,0,0,0,0,0,0,0,0,0,0,0,0,0,0,0,0,0,0,0
Chloracidobacterium,0,0,0,0,0,0,0,0,0,0,0,0,0,0,0,0,0,0,0,0,0,0,0,0
Geothrix,0,0,0,0,0,0,0,0,0,0,0,0,0,0,0,0,0,0,0,0,0,0,0,0
Thermoanaerobaculum,0,0,0,0,0,0,0,0,0,0,0,0,0,0,0,0,0,0,0,0,0,0,0,0
Luteitalea,0,0,0,0,0,0,0,0,0,0,0,0,0,0,0,0,0,0,0,0,0,0,0,0
Acidithrix,0,0,0,0,0,0,0,0,0,0,0,0,0,0,0,0,0,0,0,0,0,0,0,0
Ferrimicrobium,0,0,0,0,0,0,0,0,0,0,0,0,0,0,0,0,0,0,0,0,0,0,0,0
Ferrithrix,0,0,0,0,0,0,0,0,0,0,0,0,0,0,0,0,0,0,0,0,0,0,0,0
Ilumatobacter,0,0,0,0,0,0,0,0,0,0,0,0,0,0,0,0,0,0,0,0,0,0,0,0
Actinobaculum,0,0,0,0,0,0,0,0,0,0,0,0,0,0,0,0,0,0,0,0,0,0,0,0
Actinomyces,0,0,0,0,0,0,0,0,0,0,0,0,0,0,0,0,0,0,0,0,0,0,0,0
Actinotignum,0,0,0,0,0,0,0,0,0,0,0,0,0,0,0,0,0,0,0,0,0,0,0,0
Ancrocorticia,0,0,0,0,0,0,0,0,0,0,0,0,0,0,0,0,0,0,0,0,0,0,0,0
Arcanobacterium,0,0,0,0,0,0,0,0,0,0,0,0,0,0,0,0,0,0,0,0,0,0,0,0
Boudabousia,0,0,0,0,0,0,0,0,0,0,0,0,0,0,0,0,0,0,0,0,0,0,0,0
Bowdeniella,0,0,0,0,0,0,0,0,0,0,0,0,0,0,0,0,0,0,0,0,0,0,0,0
Buchananella,0,0,0,0,0,0,0,0,0,0,0,0,0,0,0,0,0,0,0,0,0,0,0,0
Fannyhessea,0,0,0,0,0,0,0,0,0,0,0,0,0,0,0,0,0,0,0,0,0,0,0,0
Flaviflexus,0,0,0,0,0,0,0,0,0,0,0,0,0,0,0,0,0,0,0,0,0,0,0,0
Gleimia,0,0,0,0,0,0,0,0,0,0,0,0,0,0,0,0,0,0,0,0,0,0,0,0
Mobiluncus,0,0,0,0,0,0,0,0,0,0,0,0,0,0,0,0,0,0,0,0,0,0,0,0
Neoactinobaculum,0,0,0,0,0,0,0,0,0,0,0,0,0,0,0,0,0,0,0,0,0,0,0,0
Schaalia,0,0,0,0,0,0,0,0,0,0,0,0,0,0,0,0,0,0,0,0,0,0,0,0
Trueperella,0,0,0,0,0,0,0,0,0,0,0,0,0,0,0,0,0,0,0,0,0,0,0,0
Winkia,0,0,0,0,0,0,0,0,0,0,0,0,0,0,0,0,0,0,0,0,0,0,0,0
Actinopolyspora,0,0,0,0,0,0,0,0,0,0,0,0,0,0,0,0,0,0,0,0,0,0,0,0
Aeriscardovia,0,0,0,0,0,0,0,0,0,0,0,0,0,0,0,0,0,0,0,0,0,0,0,0
Alloscardovia,0,0,0,0,0,0,0,0,0,0,0,0,0,0,0,0,0,0,0,0,0,0,0,0
Bombiscardovia,0,0,0,0,0,0,0,0,0,0,0,0,0,0,0,0,0,0,0,0,0,0,0,0
Parascardovia,0,0,0,0,0,0,0,0,0,0,0,0,0,0,0,0,0,0,0,0,0,0,0,0
Pseudoscardovia,0,0,0,0,0,0,0,0,0,0,0,0,0,0,0,0,0,0,0,0,0,0,0,0
Scardovia,0,0,0,0,0,0,0,0,0,0,0,0,0,0,0,0,0,0,0,0,0,0,0,0
Candidatus_Actinomarina,0,0,0,0,0,0,0,0,0,0,0,0,0,0,0,0,0,0,0,0,0,0,0,0
Actinospica,0,0,0,0,0,0,0,0,0,0,0,0,0,0,0,0,0,0,0,0,0,0,0,0
Dietzia,0,0,0,0,0,0,0,0,0,0,0,0,0,0,0,0,0,0,0,0,0,0,0,0
Gordonia,0,0,0,0,0,0,0,0,0,0,0,0,0,0,0,0,0,0,0,0,0,0,0,0
Jongsikchunia,0,0,0,0,0,0,0,0,0,0,0,0,0,0,0,0,0,0,0,0,0,0,0,0
Millisia,0,0,0,0,0,0,0,0,0,0,0,0,0,0,0,0,0,0,0,0,0,0,0,0
Lawsonella,0,0,0,0,0,0,0,0,0,0,0,0,0,0,0,0,0,0,0,0,0,0,0,0
Mycobacterium,0,0,0,0,0,0,0,0,0,0,0,0,0,0,0,0,0,0,0,0,0,0,0,0
Mycolicibacter,0,0,0,0,0,0,0,0,0,0,0,0,0,0,0,0,0,0,0,0,0,0,0,0
Mycolicibacterium,0,0,0,0,0,0,0,0,0,0,0,0,0,0,0,0,0,0,0,0,0,0,0,0
Nocardia,0,0,0,0,0,0,0,0,0,0,0,0,0,0,0,0,0,0,0,0,0,0,0,0
Rhodococcus,0,0,0,0,0,0,0,0,0,0,0,0,0,0,0,0,0,0,0,0,0,0,0,0
Williamsia,0,0,0,0,0,0,0,0,0,0,0,0,0,0,0,0,0,0,0,0,0,0,0,0
Segniliparus,0,0,0,0,0,0,0,0,0,0,0,0,0,0,0,0,0,0,0,0,0,0,0,0
Tsukamurella,0,0,0,0,0,0,0,0,0,0,0,0,0,0,0,0,0,0,0,0,0,0,0,0
Tomitella,0,0,0,0,0,0,0,0,0,0,0,0,0,0,0,0,0,0,0,0,0,0,0,0
Cryptosporangium,0,0,0,0,0,0,0,0,0,0,0,0,0,0,0,0,0,0,0,0,0,0,0,0
Frankia,0,0,0,0,0,0,0,0,0,0,0,0,0,0,0,0,0,0,0,0,0,0,0,0
Blastococcus,0,0,0,0,0,0,0,0,0,0,0,0,0,0,0,0,0,0,0,0,0,0,0,0
Geodermatophilus,0,0,0,0,0,0,0,0,0,0,0,0,0,0,0,0,0,0,0,0,0,0,0,0
Glycomyces,0,0,0,0,0,0,0,0,0,0,0,0,0,0,0,0,0,0,0,0,0,0,0,0
Stackebrandtia,0,0,0,0,0,0,0,0,0,0,0,0,0,0,0,0,0,0,0,0,0,0,0,0
Jatrophihabitans,0,0,0,0,0,0,0,0,0,0,0,0,0,0,0,0,0,0,0,0,0,0,0,0
Haloactinopolyspora,0,0,0,0,0,0,0,0,0,0,0,0,0,0,0,0,0,0,0,0,0,0,0,0
Jiangella,0,0,0,0,0,0,0,0,0,0,0,0,0,0,0,0,0,0,0,0,0,0,0,0
Phytoactinopolyspora,0,0,0,0,0,0,0,0,0,0,0,0,0,0,0,0,0,0,0,0,0,0,0,0
Kineococcus,0,0,0,0,0,0,0,0,0,0,0,0,0,0,0,0,0,0,0,0,0,0,0,0
Pseudokineococcus,0,0,0,0,0,0,0,0,0,0,0,0,0,0,0,0,0,0,0,0,0,0,0,0
Beutenbergia,0,0,0,0,0,0,0,0,0,0,0,0,0,0,0,0,0,0,0,0,0,0,0,0
Miniimonas,0,0,0,0,0,0,0,0,0,0,0,0,0,0,0,0,0,0,0,0,0,0,0,0
Salana,0,0,0,0,0,0,0,0,0,0,0,0,0,0,0,0,0,0,0,0,0,0,0,0
Serinibacter,0,0,0,0,0,0,0,0,0,0,0,0,0,0,0,0,0,0,0,0,0,0,0,0
Bogoriella,0,0,0,0,0,0,0,0,0,0,0,0,0,0,0,0,0,0,0,0,0,0,0,0
Georgenia,0,0,0,0,0,0,0,0,0,0,0,0,0,0,0,0,0,0,0,0,0,0,0,0
Brevibacterium,0,0,0,0,0,0,0,0,0,0,0,0,0,0,0,0,0,0,0,0,0,0,0,0
Actinotalea,0,0,0,0,0,0,0,0,0,0,0,0,0,0,0,0,0,0,0,0,0,0,0,0
Sediminihabitans,0,0,0,0,0,0,0,0,0,0,0,0,0,0,0,0,0,0,0,0,0,0,0,0
Demequina,0,0,0,0,0,0,0,0,0,0,0,0,0,0,0,0,0,0,0,0,0,0,0,0
Brachybacterium,0,0,0,0,0,0,0,0,0,0,0,0,0,0,0,0,0,0,0,0,0,0,0,0
Dermabacter,0,0,0,0,0,0,0,0,0,0,0,0,0,0,0,0,0,0,0,0,0,0,0,0
Devriesea,0,0,0,0,0,0,0,0,0,0,0,0,0,0,0,0,0,0,0,0,0,0,0,0
Helcobacillus,0,0,0,0,0,0,0,0,0,0,0,0,0,0,0,0,0,0,0,0,0,0,0,0
Branchiibius,0,0,0,0,0,0,0,0,0,0,0,0,0,0,0,0,0,0,0,0,0,0,0,0
Dermacoccus,0,0,0,0,0,0,0,0,0,0,0,0,0,0,0,0,0,0,0,0,0,0,0,0
Luteipulveratus,0,0,0,0,0,0,0,0,0,0,0,0,0,0,0,0,0,0,0,0,0,0,0,0
Yimella,0,0,0,0,0,0,0,0,0,0,0,0,0,0,0,0,0,0,0,0,0,0,0,0
Austwickia,0,0,0,0,0,0,0,0,0,0,0,0,0,0,0,0,0,0,0,0,0,0,0,0
Dermatophilus,0,0,0,0,0,0,0,0,0,0,0,0,0,0,0,0,0,0,0,0,0,0,0,0
Kineosphaera,0,0,0,0,0,0,0,0,0,0,0,0,0,0,0,0,0,0,0,0,0,0,0,0
Mobilicoccus,0,0,0,0,0,0,0,0,0,0,0,0,0,0,0,0,0,0,0,0,0,0,0,0
Intrasporangium,0,0,0,0,0,0,0,0,0,0,0,0,0,0,0,0,0,0,0,0,0,0,0,0
Janibacter,0,0,0,0,0,0,0,0,0,0,0,0,0,0,0,0,0,0,0,0,0,0,0,0
Knoellia,0,0,0,0,0,0,0,0,0,0,0,0,0,0,0,0,0,0,0,0,0,0,0,0
Pedococcus,0,0,0,0,0,0,0,0,0,0,0,0,0,0,0,0,0,0,0,0,0,0,0,0
Phycicoccus,0,0,0,0,0,0,0,0,0,0,0,0,0,0,0,0,0,0,0,0,0,0,0,0
Terracoccus,0,0,0,0,0,0,0,0,0,0,0,0,0,0,0,0,0,0,0,0,0,0,0,0
Tetrasphaera,0,0,0,0,0,0,0,0,0,0,0,0,0,0,0,0,0,0,0,0,0,0,0,0
Flavimobilis,0,0,0,0,0,0,0,0,0,0,0,0,0,0,0,0,0,0,0,0,0,0,0,0
Jonesia,0,0,0,0,0,0,0,0,0,0,0,0,0,0,0,0,0,0,0,0,0,0,0,0
Kytococcus,0,0,0,0,0,0,0,0,0,0,0,0,0,0,0,0,0,0,0,0,0,0,0,0
Agreia,0,0,0,0,0,0,0,0,0,0,0,0,0,0,0,0,0,0,0,0,0,0,0,0
Agrococcus,0,0,0,0,0,0,0,0,0,0,0,0,0,0,0,0,0,0,0,0,0,0,0,0
Agromyces,0,0,0,0,0,0,0,0,0,0,0,0,0,0,0,0,0,0,0,0,0,0,0,0
Amnibacterium,0,0,0,0,0,0,0,0,0,0,0,0,0,0,0,0,0,0,0,0,0,0,0,0
Aquiluna,0,0,0,0,0,0,0,0,0,0,0,0,0,0,0,0,0,0,0,0,0,0,0,0
Aurantimicrobium,0,0,0,0,0,0,0,0,0,0,0,0,0,0,0,0,0,0,0,0,0,0,0,0
Candidatus_Lumbricidophila,0,0,0,0,0,0,0,0,0,0,0,0,0,0,0,0,0,0,0,0,0,0,0,0
Clavibacter,0,0,0,0,0,0,0,0,0,0,0,0,0,0,0,0,0,0,0,0,0,0,0,0
Cryobacterium,0,0,0,0,0,0,0,0,0,0,0,0,0,0,0,0,0,0,0,0,0,0,0,0
Curtobacterium,0,0,0,0,0,0,0,0,0,0,0,0,0,0,0,0,0,0,0,0,0,0,0,0
Diaminobutyricimonas,0,0,0,0,0,0,0,0,0,0,0,0,0,0,0,0,0,0,0,0,0,0,0,0
Frigoribacterium,0,0,0,0,0,0,0,0,0,0,0,0,0,0,0,0,0,0,0,0,0,0,0,0
Frondihabitans,0,0,0,0,0,0,0,0,0,0,0,0,0,0,0,0,0,0,0,0,0,0,0,0
Glaciibacter,0,0,0,0,0,0,0,0,0,0,0,0,0,0,0,0,0,0,0,0,0,0,0,0
Gryllotalpicola,0,0,0,0,0,0,0,0,0,0,0,0,0,0,0,0,0,0,0,0,0,0,0,0
Gulosibacter,0,0,0,0,0,0,0,0,0,0,0,0,0,0,0,0,0,0,0,0,0,0,0,0
Herbiconiux,0,0,0,0,0,0,0,0,0,0,0,0,0,0,0,0,0,0,0,0,0,0,0,0
Homoserinimonas,0,0,0,0,0,0,0,0,0,0,0,0,0,0,0,0,0,0,0,0,0,0,0,0
Humibacter,0,0,0,0,0,0,0,0,0,0,0,0,0,0,0,0,0,0,0,0,0,0,0,0
Labedella,0,0,0,0,0,0,0,0,0,0,0,0,0,0,0,0,0,0,0,0,0,0,0,0
Leifsonia,0,0,0,0,0,0,0,0,0,0,0,0,0,0,0,0,0,0,0,0,0,0,0,0
Leucobacter,0,0,0,0,0,0,0,0,0,0,0,0,0,0,0,0,0,0,0,0,0,0,0,0
Microbacterium,0,0,0,0,0,0,0,0,0,0,0,0,0,0,0,0,0,0,0,0,0,0,0,0
Microcella,0,0,0,0,0,0,0,0,0,0,0,0,0,0,0,0,0,0,0,0,0,0,0,0
Microterricola,0,0,0,0,0,0,0,0,0,0,0,0,0,0,0,0,0,0,0,0,0,0,0,0
Mycetocola,0,0,0,0,0,0,0,0,0,0,0,0,0,0,0,0,0,0,0,0,0,0,0,0
Plantibacter,0,0,0,0,0,0,0,0,0,0,0,0,0,0,0,0,0,0,0,0,0,0,0,0
Pontimonas,0,0,0,0,0,0,0,0,0,0,0,0,0,0,0,0,0,0,0,0,0,0,0,0
Pseudoclavibacter,0,0,0,0,0,0,0,0,0,0,0,0,0,0,0,0,0,0,0,0,0,0,0,0
Rathayibacter,0,0,0,0,0,0,0,0,0,0,0,0,0,0,0,0,0,0,0,0,0,0,0,0
Rhodoluna,0,0,0,0,0,0,0,0,0,0,0,0,0,0,0,0,0,0,0,0,0,0,0,0
Subtercola,0,0,0,0,0,0,0,0,0,0,0,0,0,0,0,0,0,0,0,0,0,0,0,0
Yonghaparkia,0,0,0,0,0,0,0,0,0,0,0,0,0,0,0,0,0,0,0,0,0,0,0,0
Citricoccus,0,0,0,0,0,0,0,0,0,0,0,0,0,0,0,0,0,0,0,0,0,0,0,0
Enteractinococcus,0,0,0,0,0,0,0,0,0,0,0,0,0,0,0,0,0,0,0,0,0,0,0,0
Galactobacter,0,0,0,0,0,0,0,0,0,0,0,0,0,0,0,0,0,0,0,0,0,0,0,0
Glutamicibacter,0,0,0,0,0,0,0,0,0,0,0,0,0,0,0,0,0,0,0,0,0,0,0,0
Kocuria,0,0,0,0,0,0,0,0,0,0,0,0,0,0,0,0,0,0,0,0,0,0,0,0
Micrococcus,0,0,0,0,0,0,0,0,0,0,0,0,0,0,0,0,0,0,0,0,0,0,0,0
Neomicrococcus,0,0,0,0,0,0,0,0,0,0,0,0,0,0,0,0,0,0,0,0,0,0,0,0
Paenarthrobacter,0,0,0,0,0,0,0,0,0,0,0,0,0,0,0,0,0,0,0,0,0,0,0,0
Paeniglutamicibacter,0,0,0,0,0,0,0,0,0,0,0,0,0,0,0,0,0,0,0,0,0,0,0,0
Pseudarthrobacter,0,0,0,0,0,0,0,0,0,0,0,0,0,0,0,0,0,0,0,0,0,0,0,0
Pseudoglutamicibacter,0,0,0,0,0,0,0,0,0,0,0,0,0,0,0,0,0,0,0,0,0,0,0,0
Sinomonas,0,0,0,0,0,0,0,0,0,0,0,0,0,0,0,0,0,0,0,0,0,0,0,0
Tersicoccus,0,0,0,0,0,0,0,0,0,0,0,0,0,0,0,0,0,0,0,0,0,0,0,0
Yaniella,0,0,0,0,0,0,0,0,0,0,0,0,0,0,0,0,0,0,0,0,0,0,0,0
Ornithinimicrobium,0,0,0,0,0,0,0,0,0,0,0,0,0,0,0,0,0,0,0,0,0,0,0,0
Serinicoccus,0,0,0,0,0,0,0,0,0,0,0,0,0,0,0,0,0,0,0,0,0,0,0,0
Antribacter,0,0,0,0,0,0,0,0,0,0,0,0,0,0,0,0,0,0,0,0,0,0,0,0
Cellulosimicrobium,0,0,0,0,0,0,0,0,0,0,0,0,0,0,0,0,0,0,0,0,0,0,0,0
Isoptericola,0,0,0,0,0,0,0,0,0,0,0,0,0,0,0,0,0,0,0,0,0,0,0,0
Krasilnikoviella,0,0,0,0,0,0,0,0,0,0,0,0,0,0,0,0,0,0,0,0,0,0,0,0
Promicromonospora,0,0,0,0,0,0,0,0,0,0,0,0,0,0,0,0,0,0,0,0,0,0,0,0
Xylanibacterium,0,0,0,0,0,0,0,0,0,0,0,0,0,0,0,0,0,0,0,0,0,0,0,0
Xylanimonas,0,0,0,0,0,0,0,0,0,0,0,0,0,0,0,0,0,0,0,0,0,0,0,0
Ruania,0,0,0,0,0,0,0,0,0,0,0,0,0,0,0,0,0,0,0,0,0,0,0,0
Sanguibacter,0,0,0,0,0,0,0,0,0,0,0,0,0,0,0,0,0,0,0,0,0,0,0,0
Timonella,0,0,0,0,0,0,0,0,0,0,0,0,0,0,0,0,0,0,0,0,0,0,0,0
Actinoplanes,0,0,0,0,0,0,0,0,0,0,0,0,0,0,0,0,0,0,0,0,0,0,0,0
Allorhizocola,0,0,0,0,0,0,0,0,0,0,0,0,0,0,0,0,0,0,0,0,0,0,0,0
Asanoa,0,0,0,0,0,0,0,0,0,0,0,0,0,0,0,0,0,0,0,0,0,0,0,0
Catellatospora,0,0,0,0,0,0,0,0,0,0,0,0,0,0,0,0,0,0,0,0,0,0,0,0
Catelliglobosispora,0,0,0,0,0,0,0,0,0,0,0,0,0,0,0,0,0,0,0,0,0,0,0,0
Dactylosporangium,0,0,0,0,0,0,0,0,0,0,0,0,0,0,0,0,0,0,0,0,0,0,0,0
Hamadaea,0,0,0,0,0,0,0,0,0,0,0,0,0,0,0,0,0,0,0,0,0,0,0,0
Longispora,0,0,0,0,0,0,0,0,0,0,0,0,0,0,0,0,0,0,0,0,0,0,0,0
Micromonospora,0,0,0,0,0,0,0,0,0,0,0,0,0,0,0,0,0,0,0,0,0,0,0,0
Plantactinospora,0,0,0,0,0,0,0,0,0,0,0,0,0,0,0,0,0,0,0,0,0,0,0,0
Salinispora,0,0,0,0,0,0,0,0,0,0,0,0,0,0,0,0,0,0,0,0,0,0,0,0
Verrucosispora,0,0,0,0,0,0,0,0,0,0,0,0,0,0,0,0,0,0,0,0,0,0,0,0
Motilibacter,0,0,0,0,0,0,0,0,0,0,0,0,0,0,0,0,0,0,0,0,0,0,0,0
Nakamurella,0,0,0,0,0,0,0,0,0,0,0,0,0,0,0,0,0,0,0,0,0,0,0,0
Actinopolymorpha,0,0,0,0,0,0,0,0,0,0,0,0,0,0,0,0,0,0,0,0,0,0,0,0
Kribbella,0,0,0,0,0,0,0,0,0,0,0,0,0,0,0,0,0,0,0,0,0,0,0,0
Aeromicrobium,0,0,0,0,0,0,0,0,0,0,0,0,0,0,0,0,0,0,0,0,0,0,0,0
Marmoricola,0,0,0,0,0,0,0,0,0,0,0,0,0,0,0,0,0,0,0,0,0,0,0,0
Micropruina,0,0,0,0,0,0,0,0,0,0,0,0,0,0,0,0,0,0,0,0,0,0,0,0
Nocardioides,0,0,0,0,0,0,0,0,0,0,0,0,0,0,0,0,0,0,0,0,0,0,0,0
Pimelobacter,0,0,0,0,0,0,0,0,0,0,0,0,0,0,0,0,0,0,0,0,0,0,0,0
Propionicicella,0,0,0,0,0,0,0,0,0,0,0,0,0,0,0,0,0,0,0,0,0,0,0,0
Thermasporomyces,0,0,0,0,0,0,0,0,0,0,0,0,0,0,0,0,0,0,0,0,0,0,0,0
Acidipropionibacterium,0,0,0,0,0,0,0,0,0,0,0,0,0,0,0,0,0,0,0,0,0,0,0,0
Aestuariimicrobium,0,0,0,0,0,0,0,0,0,0,0,0,0,0,0,0,0,0,0,0,0,0,0,0
Arachnia,0,0,0,0,0,0,0,0,0,0,0,0,0,0,0,0,0,0,0,0,0,0,0,0
Brevilactibacter,0,0,0,0,0,0,0,0,0,0,0,0,0,0,0,0,0,0,0,0,0,0,0,0
Cutibacterium,0,0,0,0,0,0,0,0,0,0,0,0,0,0,0,0,0,0,0,0,0,0,0,0
Desertihabitans,0,0,0,0,0,0,0,0,0,0,0,0,0,0,0,0,0,0,0,0,0,0,0,0
Granulicoccus,0,0,0,0,0,0,0,0,0,0,0,0,0,0,0,0,0,0,0,0,0,0,0,0
Luteococcus,0,0,0,0,0,0,0,0,0,0,0,0,0,0,0,0,0,0,0,0,0,0,0,0
Microlunatus,0,0,0,0,0,0,0,0,0,0,0,0,0,0,0,0,0,0,0,0,0,0,0,0
Propionibacterium,0,0,0,0,0,0,0,0,0,0,0,0,0,0,0,0,0,0,0,0,0,0,0,0
Propionimicrobium,0,0,0,0,0,0,0,0,0,0,0,0,0,0,0,0,0,0,0,0,0,0,0,0
Raineyella,0,0,0,0,0,0,0,0,0,0,0,0,0,0,0,0,0,0,0,0,0,0,0,0
Tessaracoccus,0,0,0,0,0,0,0,0,0,0,0,0,0,0,0,0,0,0,0,0,0,0,0,0
Actinoalloteichus,0,0,0,0,0,0,0,0,0,0,0,0,0,0,0,0,0,0,0,0,0,0,0,0
Actinokineospora,0,0,0,0,0,0,0,0,0,0,0,0,0,0,0,0,0,0,0,0,0,0,0,0
Actinomycetospora,0,0,0,0,0,0,0,0,0,0,0,0,0,0,0,0,0,0,0,0,0,0,0,0
Actinophytocola,0,0,0,0,0,0,0,0,0,0,0,0,0,0,0,0,0,0,0,0,0,0,0,0
Actinosynnema,0,0,0,0,0,0,0,0,0,0,0,0,0,0,0,0,0,0,0,0,0,0,0,0
Allokutzneria,0,0,0,0,0,0,0,0,0,0,0,0,0,0,0,0,0,0,0,0,0,0,0,0
Amycolatopsis,0,0,0,0,0,0,0,0,0,0,0,0,0,0,0,0,0,0,0,0,0,0,0,0
Herbihabitans,0,0,0,0,0,0,0,0,0,0,0,0,0,0,0,0,0,0,0,0,0,0,0,0
Kibdelosporangium,0,0,0,0,0,0,0,0,0,0,0,0,0,0,0,0,0,0,0,0,0,0,0,0
Kutzneria,0,0,0,0,0,0,0,0,0,0,0,0,0,0,0,0,0,0,0,0,0,0,0,0
Lentzea,0,0,0,0,0,0,0,0,0,0,0,0,0,0,0,0,0,0,0,0,0,0,0,0
Prauserella,0,0,0,0,0,0,0,0,0,0,0,0,0,0,0,0,0,0,0,0,0,0,0,0
Pseudonocardia,0,0,0,0,0,0,0,0,0,0,0,0,0,0,0,0,0,0,0,0,0,0,0,0
Saccharomonospora,0,0,0,0,0,0,0,0,0,0,0,0,0,0,0,0,0,0,0,0,0,0,0,0
Saccharopolyspora,0,0,0,0,0,0,0,0,0,0,0,0,0,0,0,0,0,0,0,0,0,0,0,0
Saccharothrix,0,0,0,0,0,0,0,0,0,0,0,0,0,0,0,0,0,0,0,0,0,0,0,0
Sciscionella,0,0,0,0,0,0,0,0,0,0,0,0,0,0,0,0,0,0,0,0,0,0,0,0
Thermocrispum,0,0,0,0,0,0,0,0,0,0,0,0,0,0,0,0,0,0,0,0,0,0,0,0
Sporichthya,0,0,0,0,0,0,0,0,0,0,0,0,0,0,0,0,0,0,0,0,0,0,0,0
Carbonactinospora,0,0,0,0,0,0,0,0,0,0,0,0,0,0,0,0,0,0,0,0,0,0,0,0
Kitasatospora,0,0,0,0,0,0,0,0,0,0,0,0,0,0,0,0,0,0,0,0,0,0,0,0
Streptacidiphilus,0,0,0,0,0,0,0,0,0,0,0,0,0,0,0,0,0,0,0,0,0,0,0,0
Allosalinactinospora,0,0,0,0,0,0,0,0,0,0,0,0,0,0,0,0,0,0,0,0,0,0,0,0
Marinactinospora,0,0,0,0,0,0,0,0,0,0,0,0,0,0,0,0,0,0,0,0,0,0,0,0
Marinitenerispora,0,0,0,0,0,0,0,0,0,0,0,0,0,0,0,0,0,0,0,0,0,0,0,0
Thermobifida,0,0,0,0,0,0,0,0,0,0,0,0,0,0,0,0,0,0,0,0,0,0,0,0
Bailinhaonella,0,0,0,0,0,0,0,0,0,0,0,0,0,0,0,0,0,0,0,0,0,0,0,0
Herbidospora,0,0,0,0,0,0,0,0,0,0,0,0,0,0,0,0,0,0,0,0,0,0,0,0
Microbispora,0,0,0,0,0,0,0,0,0,0,0,0,0,0,0,0,0,0,0,0,0,0,0,0
Microtetraspora,0,0,0,0,0,0,0,0,0,0,0,0,0,0,0,0,0,0,0,0,0,0,0,0
Nonomuraea,0,0,0,0,0,0,0,0,0,0,0,0,0,0,0,0,0,0,0,0,0,0,0,0
Planomonospora,0,0,0,0,0,0,0,0,0,0,0,0,0,0,0,0,0,0,0,0,0,0,0,0
Sinosporangium,0,0,0,0,0,0,0,0,0,0,0,0,0,0,0,0,0,0,0,0,0,0,0,0
Spongiactinospora,0,0,0,0,0,0,0,0,0,0,0,0,0,0,0,0,0,0,0,0,0,0,0,0
Streptosporangium,0,0,0,0,0,0,0,0,0,0,0,0,0,0,0,0,0,0,0,0,0,0,0,0
Actinocorallia,0,0,0,0,0,0,0,0,0,0,0,0,0,0,0,0,0,0,0,0,0,0,0,0
Actinomadura,0,0,0,0,0,0,0,0,0,0,0,0,0,0,0,0,0,0,0,0,0,0,0,0
Thermomonospora,0,0,0,0,0,0,0,0,0,0,0,0,0,0,0,0,0,0,0,0,0,0,0,0
Thermostaphylospora,0,0,0,0,0,0,0,0,0,0,0,0,0,0,0,0,0,0,0,0,0,0,0,0
Candidatus_Aquicultor,0,0,0,0,0,0,0,0,0,0,0,0,0,0,0,0,0,0,0,0,0,0,0,0
Candidatus_Solincola,0,0,0,0,0,0,0,0,0,0,0,0,0,0,0,0,0,0,0,0,0,0,0,0
Candidatus_Hydromicrobium,0,0,0,0,0,0,0,0,0,0,0,0,0,0,0,0,0,0,0,0,0,0,0,0
Lancefieldella,0,0,0,0,0,0,0,0,0,0,0,0,0,0,0,0,0,0,0,0,0,0,0,0
Paratractidigestivibacter,0,0,0,0,0,0,0,0,0,0,0,0,0,0,0,0,0,0,0,0,0,0,0,0
Tractidigestivibacter,0,0,0,0,0,0,0,0,0,0,0,0,0,0,0,0,0,0,0,0,0,0,0,0
Coriobacterium,0,0,0,0,0,0,0,0,0,0,0,0,0,0,0,0,0,0,0,0,0,0,0,0
Enorma,0,0,0,0,0,0,0,0,0,0,0,0,0,0,0,0,0,0,0,0,0,0,0,0
Olegusella,0,0,0,0,0,0,0,0,0,0,0,0,0,0,0,0,0,0,0,0,0,0,0,0
Senegalimassilia,0,0,0,0,0,0,0,0,0,0,0,0,0,0,0,0,0,0,0,0,0,0,0,0
Berryella,0,0,0,0,0,0,0,0,0,0,0,0,0,0,0,0,0,0,0,0,0,0,0,0
Enterorhabdus,0,0,0,0,0,0,0,0,0,0,0,0,0,0,0,0,0,0,0,0,0,0,0,0
Phoenicibacter,0,0,0,0,0,0,0,0,0,0,0,0,0,0,0,0,0,0,0,0,0,0,0,0
Euzebya,0,0,0,0,0,0,0,0,0,0,0,0,0,0,0,0,0,0,0,0,0,0,0,0
Nitriliruptor,0,0,0,0,0,0,0,0,0,0,0,0,0,0,0,0,0,0,0,0,0,0,0,0
Rubrobacter,0,0,0,0,0,0,0,0,0,0,0,0,0,0,0,0,0,0,0,0,0,0,0,0
Conexibacter,0,0,0,0,0,0,0,0,0,0,0,0,0,0,0,0,0,0,0,0,0,0,0,0
Patulibacter,0,0,0,0,0,0,0,0,0,0,0,0,0,0,0,0,0,0,0,0,0,0,0,0
Solirubrobacter,0,0,0,0,0,0,0,0,0,0,0,0,0,0,0,0,0,0,0,0,0,0,0,0
Thermoleophilum,0,0,0,0,0,0,0,0,0,0,0,0,0,0,0,0,0,0,0,0,0,0,0,0
Aquifex,0,0,0,0,0,0,0,0,0,0,0,0,0,0,0,0,0,0,0,0,0,0,0,0
Hydrogenivirga,0,0,0,0,0,0,0,0,0,0,0,0,0,0,0,0,0,0,0,0,0,0,0,0
Thermocrinis,0,0,0,0,0,0,0,0,0,0,0,0,0,0,0,0,0,0,0,0,0,0,0,0
Hydrogenothermus,0,0,0,0,0,0,0,0,0,0,0,0,0,0,0,0,0,0,0,0,0,0,0,0
Persephonella,0,0,0,0,0,0,0,0,0,0,0,0,0,0,0,0,0,0,0,0,0,0,0,0
Sulfurihydrogenibium,0,0,0,0,0,0,0,0,0,0,0,0,0,0,0,0,0,0,0,0,0,0,0,0
Thermosulfidibacter,0,0,0,0,0,0,0,0,0,0,0,0,0,0,0,0,0,0,0,0,0,0,0,0
Desulfurobacterium,0,0,0,0,0,0,0,0,0,0,0,0,0,0,0,0,0,0,0,0,0,0,0,0
Thermovibrio,0,0,0,0,0,0,0,0,0,0,0,0,0,0,0,0,0,0,0,0,0,0,0,0
Capsulimonas,0,0,0,0,0,0,0,0,0,0,0,0,0,0,0,0,0,0,0,0,0,0,0,0
Chthonomonas,0,0,0,0,0,0,0,0,0,0,0,0,0,0,0,0,0,0,0,0,0,0,0,0
Fimbriimonas,0,0,0,0,0,0,0,0,0,0,0,0,0,0,0,0,0,0,0,0,0,0,0,0
Mediterranea,0,0,0,0,0,0,0,0,0,0,0,0,0,0,0,0,0,0,0,0,0,0,0,0
Balneicella,0,0,0,0,0,0,0,0,0,0,0,0,0,0,0,0,0,0,0,0,0,0,0,0
Dysgonomonas,0,0,0,0,0,0,0,0,0,0,0,0,0,0,0,0,0,0,0,0,0,0,0,0
Fermentimonas,0,0,0,0,0,0,0,0,0,0,0,0,0,0,0,0,0,0,0,0,0,0,0,0
Petrimonas,0,0,0,0,0,0,0,0,0,0,0,0,0,0,0,0,0,0,0,0,0,0,0,0
Proteiniphilum,0,0,0,0,0,0,0,0,0,0,0,0,0,0,0,0,0,0,0,0,0,0,0,0
Lentimicrobium,0,0,0,0,0,0,0,0,0,0,0,0,0,0,0,0,0,0,0,0,0,0,0,0
Paludibacter,0,0,0,0,0,0,0,0,0,0,0,0,0,0,0,0,0,0,0,0,0,0,0,0
Gabonia,0,0,0,0,0,0,0,0,0,0,0,0,0,0,0,0,0,0,0,0,0,0,0,0
Gabonibacter,0,0,0,0,0,0,0,0,0,0,0,0,0,0,0,0,0,0,0,0,0,0,0,0
Lascolabacillus,0,0,0,0,0,0,0,0,0,0,0,0,0,0,0,0,0,0,0,0,0,0,0,0
Massilibacteroides,0,0,0,0,0,0,0,0,0,0,0,0,0,0,0,0,0,0,0,0,0,0,0,0
Porphyromonas,0,0,0,0,0,0,0,0,0,0,0,0,0,0,0,0,0,0,0,0,0,0,0,0
Sanguibacteroides,0,0,0,0,0,0,0,0,0,0,0,0,0,0,0,0,0,0,0,0,0,0,0,0
Hallella,0,0,0,0,0,0,0,0,0,0,0,0,0,0,0,0,0,0,0,0,0,0,0,0
Metaprevotella,0,0,0,0,0,0,0,0,0,0,0,0,0,0,0,0,0,0,0,0,0,0,0,0
Paraprevotella,0,0,0,0,0,0,0,0,0,0,0,0,0,0,0,0,0,0,0,0,0,0,0,0
Pseudoprevotella,0,0,0,0,0,0,0,0,0,0,0,0,0,0,0,0,0,0,0,0,0,0,0,0
Millionella,0,0,0,0,0,0,0,0,0,0,0,0,0,0,0,0,0,0,0,0,0,0,0,0
Mucinivorans,0,0,0,0,0,0,0,0,0,0,0,0,0,0,0,0,0,0,0,0,0,0,0,0
Rikenella,0,0,0,0,0,0,0,0,0,0,0,0,0,0,0,0,0,0,0,0,0,0,0,0
Tidjanibacter,0,0,0,0,0,0,0,0,0,0,0,0,0,0,0,0,0,0,0,0,0,0,0,0
Salinivirga,0,0,0,0,0,0,0,0,0,0,0,0,0,0,0,0,0,0,0,0,0,0,0,0
Tannerella,0,0,0,0,0,0,0,0,0,0,0,0,0,0,0,0,0,0,0,0,0,0,0,0
Candidatus_Symbiothrix,0,0,0,0,0,0,0,0,0,0,0,0,0,0,0,0,0,0,0,0,0,0,0,0
Williamwhitmania,0,0,0,0,0,0,0,0,0,0,0,0,0,0,0,0,0,0,0,0,0,0,0,0
Labilibaculum,0,0,0,0,0,0,0,0,0,0,0,0,0,0,0,0,0,0,0,0,0,0,0,0
Marinifilum,0,0,0,0,0,0,0,0,0,0,0,0,0,0,0,0,0,0,0,0,0,0,0,0
Alkaliflexus,0,0,0,0,0,0,0,0,0,0,0,0,0,0,0,0,0,0,0,0,0,0,0,0
Alkalitalea,0,0,0,0,0,0,0,0,0,0,0,0,0,0,0,0,0,0,0,0,0,0,0,0
Anaerophaga,0,0,0,0,0,0,0,0,0,0,0,0,0,0,0,0,0,0,0,0,0,0,0,0
Breznakibacter,0,0,0,0,0,0,0,0,0,0,0,0,0,0,0,0,0,0,0,0,0,0,0,0
Geofilum,0,0,0,0,0,0,0,0,0,0,0,0,0,0,0,0,0,0,0,0,0,0,0,0
Labilibacter,0,0,0,0,0,0,0,0,0,0,0,0,0,0,0,0,0,0,0,0,0,0,0,0
Marinilabilia,0,0,0,0,0,0,0,0,0,0,0,0,0,0,0,0,0,0,0,0,0,0,0,0
Saccharicrinis,0,0,0,0,0,0,0,0,0,0,0,0,0,0,0,0,0,0,0,0,0,0,0,0
Thermophagus,0,0,0,0,0,0,0,0,0,0,0,0,0,0,0,0,0,0,0,0,0,0,0,0
Draconibacterium,0,0,0,0,0,0,0,0,0,0,0,0,0,0,0,0,0,0,0,0,0,0,0,0
Mangrovibacterium,0,0,0,0,0,0,0,0,0,0,0,0,0,0,0,0,0,0,0,0,0,0,0,0
Maribellus,0,0,0,0,0,0,0,0,0,0,0,0,0,0,0,0,0,0,0,0,0,0,0,0
Mariniphaga,0,0,0,0,0,0,0,0,0,0,0,0,0,0,0,0,0,0,0,0,0,0,0,0
Prolixibacter,0,0,0,0,0,0,0,0,0,0,0,0,0,0,0,0,0,0,0,0,0,0,0,0
Sunxiuqinia,0,0,0,0,0,0,0,0,0,0,0,0,0,0,0,0,0,0,0,0,0,0,0,0
Tangfeifania,0,0,0,0,0,0,0,0,0,0,0,0,0,0,0,0,0,0,0,0,0,0,0,0
Arachidicoccus,0,0,0,0,0,0,0,0,0,0,0,0,0,0,0,0,0,0,0,0,0,0,0,0
Asinibacterium,0,0,0,0,0,0,0,0,0,0,0,0,0,0,0,0,0,0,0,0,0,0,0,0
Deminuibacter,0,0,0,0,0,0,0,0,0,0,0,0,0,0,0,0,0,0,0,0,0,0,0,0
Edaphocola,0,0,0,0,0,0,0,0,0,0,0,0,0,0,0,0,0,0,0,0,0,0,0,0
Ferruginibacter,0,0,0,0,0,0,0,0,0,0,0,0,0,0,0,0,0,0,0,0,0,0,0,0
Filimonas,0,0,0,0,0,0,0,0,0,0,0,0,0,0,0,0,0,0,0,0,0,0,0,0
Flavihumibacter,0,0,0,0,0,0,0,0,0,0,0,0,0,0,0,0,0,0,0,0,0,0,0,0
Flavipsychrobacter,0,0,0,0,0,0,0,0,0,0,0,0,0,0,0,0,0,0,0,0,0,0,0,0
Flavisolibacter,0,0,0,0,0,0,0,0,0,0,0,0,0,0,0,0,0,0,0,0,0,0,0,0
Gynurincola,0,0,0,0,0,0,0,0,0,0,0,0,0,0,0,0,0,0,0,0,0,0,0,0
Hydrobacter,0,0,0,0,0,0,0,0,0,0,0,0,0,0,0,0,0,0,0,0,0,0,0,0
Hydrotalea,0,0,0,0,0,0,0,0,0,0,0,0,0,0,0,0,0,0,0,0,0,0,0,0
Lacibacter,0,0,0,0,0,0,0,0,0,0,0,0,0,0,0,0,0,0,0,0,0,0,0,0
Niabella,0,0,0,0,0,0,0,0,0,0,0,0,0,0,0,0,0,0,0,0,0,0,0,0
Niastella,0,0,0,0,0,0,0,0,0,0,0,0,0,0,0,0,0,0,0,0,0,0,0,0
Paracnuella,0,0,0,0,0,0,0,0,0,0,0,0,0,0,0,0,0,0,0,0,0,0,0,0
Parafilimonas,0,0,0,0,0,0,0,0,0,0,0,0,0,0,0,0,0,0,0,0,0,0,0,0
Paraflavitalea,0,0,0,0,0,0,0,0,0,0,0,0,0,0,0,0,0,0,0,0,0,0,0,0
Pseudobacter,0,0,0,0,0,0,0,0,0,0,0,0,0,0,0,0,0,0,0,0,0,0,0,0
Pseudoflavitalea,0,0,0,0,0,0,0,0,0,0,0,0,0,0,0,0,0,0,0,0,0,0,0,0
Sediminibacterium,0,0,0,0,0,0,0,0,0,0,0,0,0,0,0,0,0,0,0,0,0,0,0,0
Segetibacter,0,0,0,0,0,0,0,0,0,0,0,0,0,0,0,0,0,0,0,0,0,0,0,0
Taibaiella,0,0,0,0,0,0,0,0,0,0,0,0,0,0,0,0,0,0,0,0,0,0,0,0
Terrimonas,0,0,0,0,0,0,0,0,0,0,0,0,0,0,0,0,0,0,0,0,0,0,0,0
Thermoflavifilum,0,0,0,0,0,0,0,0,0,0,0,0,0,0,0,0,0,0,0,0,0,0,0,0
Candidatus_Amoebophilus,0,0,0,0,0,0,0,0,0,0,0,0,0,0,0,0,0,0,0,0,0,0,0,0
Candidatus_Cardinium,0,0,0,0,0,0,0,0,0,0,0,0,0,0,0,0,0,0,0,0,0,0,0,0
Bernardetia,0,0,0,0,0,0,0,0,0,0,0,0,0,0,0,0,0,0,0,0,0,0,0,0
Hugenholtzia,0,0,0,0,0,0,0,0,0,0,0,0,0,0,0,0,0,0,0,0,0,0,0,0
Catalinimonas,0,0,0,0,0,0,0,0,0,0,0,0,0,0,0,0,0,0,0,0,0,0,0,0
Cesiribacter,0,0,0,0,0,0,0,0,0,0,0,0,0,0,0,0,0,0,0,0,0,0,0,0
Nafulsella,0,0,0,0,0,0,0,0,0,0,0,0,0,0,0,0,0,0,0,0,0,0,0,0
Algoriphagus,0,0,0,0,0,0,0,0,0,0,0,0,0,0,0,0,0,0,0,0,0,0,0,0
Aquiflexum,0,0,0,0,0,0,0,0,0,0,0,0,0,0,0,0,0,0,0,0,0,0,0,0
Belliella,0,0,0,0,0,0,0,0,0,0,0,0,0,0,0,0,0,0,0,0,0,0,0,0
Cecembia,0,0,0,0,0,0,0,0,0,0,0,0,0,0,0,0,0,0,0,0,0,0,0,0
Cyclobacterium,0,0,0,0,0,0,0,0,0,0,0,0,0,0,0,0,0,0,0,0,0,0,0,0
Echinicola,0,0,0,0,0,0,0,0,0,0,0,0,0,0,0,0,0,0,0,0,0,0,0,0
Indibacter,0,0,0,0,0,0,0,0,0,0,0,0,0,0,0,0,0,0,0,0,0,0,0,0
Lunatimonas,0,0,0,0,0,0,0,0,0,0,0,0,0,0,0,0,0,0,0,0,0,0,0,0
Mariniradius,0,0,0,0,0,0,0,0,0,0,0,0,0,0,0,0,0,0,0,0,0,0,0,0
Mongoliibacter,0,0,0,0,0,0,0,0,0,0,0,0,0,0,0,0,0,0,0,0,0,0,0,0
Negadavirga,0,0,0,0,0,0,0,0,0,0,0,0,0,0,0,0,0,0,0,0,0,0,0,0
Nitritalea,0,0,0,0,0,0,0,0,0,0,0,0,0,0,0,0,0,0,0,0,0,0,0,0
Anditalea,0,0,0,0,0,0,0,0,0,0,0,0,0,0,0,0,0,0,0,0,0,0,0,0
Aquirufa,0,0,0,0,0,0,0,0,0,0,0,0,0,0,0,0,0,0,0,0,0,0,0,0
Candidatus_Nephrothrix,0,0,0,0,0,0,0,0,0,0,0,0,0,0,0,0,0,0,0,0,0,0,0,0
Chryseotalea,0,0,0,0,0,0,0,0,0,0,0,0,0,0,0,0,0,0,0,0,0,0,0,0
Cytophaga,0,0,0,0,0,0,0,0,0,0,0,0,0,0,0,0,0,0,0,0,0,0,0,0
Rhodonellum,0,0,0,0,0,0,0,0,0,0,0,0,0,0,0,0,0,0,0,0,0,0,0,0
Rudanella,0,0,0,0,0,0,0,0,0,0,0,0,0,0,0,0,0,0,0,0,0,0,0,0
Siphonobacter,0,0,0,0,0,0,0,0,0,0,0,0,0,0,0,0,0,0,0,0,0,0,0,0
Spirosoma,0,0,0,0,0,0,0,0,0,0,0,0,0,0,0,0,0,0,0,0,0,0,0,0
Sporocytophaga,0,0,0,0,0,0,0,0,0,0,0,0,0,0,0,0,0,0,0,0,0,0,0,0
Flammeovirga,0,0,0,0,0,0,0,0,0,0,0,0,0,0,0,0,0,0,0,0,0,0,0,0
Flexithrix,0,0,0,0,0,0,0,0,0,0,0,0,0,0,0,0,0,0,0,0,0,0,0,0
Sediminitomix,0,0,0,0,0,0,0,0,0,0,0,0,0,0,0,0,0,0,0,0,0,0,0,0
Flexibacter,0,0,0,0,0,0,0,0,0,0,0,0,0,0,0,0,0,0,0,0,0,0,0,0
Chryseolinea,0,0,0,0,0,0,0,0,0,0,0,0,0,0,0,0,0,0,0,0,0,0,0,0
Fulvivirga,0,0,0,0,0,0,0,0,0,0,0,0,0,0,0,0,0,0,0,0,0,0,0,0
Ohtaekwangia,0,0,0,0,0,0,0,0,0,0,0,0,0,0,0,0,0,0,0,0,0,0,0,0
Adhaeribacter,0,0,0,0,0,0,0,0,0,0,0,0,0,0,0,0,0,0,0,0,0,0,0,0
Botryobacter,0,0,0,0,0,0,0,0,0,0,0,0,0,0,0,0,0,0,0,0,0,0,0,0
Hymenobacter,0,0,0,0,0,0,0,0,0,0,0,0,0,0,0,0,0,0,0,0,0,0,0,0
Pontibacter,0,0,0,0,0,0,0,0,0,0,0,0,0,0,0,0,0,0,0,0,0,0,0,0
Rufibacter,0,0,0,0,0,0,0,0,0,0,0,0,0,0,0,0,0,0,0,0,0,0,0,0
Siccationidurans,0,0,0,0,0,0,0,0,0,0,0,0,0,0,0,0,0,0,0,0,0,0,0,0
Marivirga,0,0,0,0,0,0,0,0,0,0,0,0,0,0,0,0,0,0,0,0,0,0,0,0
Eisenibacter,0,0,0,0,0,0,0,0,0,0,0,0,0,0,0,0,0,0,0,0,0,0,0,0
Microscilla,0,0,0,0,0,0,0,0,0,0,0,0,0,0,0,0,0,0,0,0,0,0,0,0
Persicobacter,0,0,0,0,0,0,0,0,0,0,0,0,0,0,0,0,0,0,0,0,0,0,0,0
Raineya,0,0,0,0,0,0,0,0,0,0,0,0,0,0,0,0,0,0,0,0,0,0,0,0
Ekhidna,0,0,0,0,0,0,0,0,0,0,0,0,0,0,0,0,0,0,0,0,0,0,0,0
Marinoscillum,0,0,0,0,0,0,0,0,0,0,0,0,0,0,0,0,0,0,0,0,0,0,0,0
Reichenbachiella,0,0,0,0,0,0,0,0,0,0,0,0,0,0,0,0,0,0,0,0,0,0,0,0
Roseivirga,0,0,0,0,0,0,0,0,0,0,0,0,0,0,0,0,0,0,0,0,0,0,0,0
Arcicella,0,0,0,0,0,0,0,0,0,0,0,0,0,0,0,0,0,0,0,0,0,0,0,0
Arcticibacterium,0,0,0,0,0,0,0,0,0,0,0,0,0,0,0,0,0,0,0,0,0,0,0,0
Arsenicibacter,0,0,0,0,0,0,0,0,0,0,0,0,0,0,0,0,0,0,0,0,0,0,0,0
Dyadobacter,0,0,0,0,0,0,0,0,0,0,0,0,0,0,0,0,0,0,0,0,0,0,0,0
Emticicia,0,0,0,0,0,0,0,0,0,0,0,0,0,0,0,0,0,0,0,0,0,0,0,0
Fibrella,0,0,0,0,0,0,0,0,0,0,0,0,0,0,0,0,0,0,0,0,0,0,0,0
Fibrisoma,0,0,0,0,0,0,0,0,0,0,0,0,0,0,0,0,0,0,0,0,0,0,0,0
Flectobacillus,0,0,0,0,0,0,0,0,0,0,0,0,0,0,0,0,0,0,0,0,0,0,0,0
Jiulongibacter,0,0,0,0,0,0,0,0,0,0,0,0,0,0,0,0,0,0,0,0,0,0,0,0
Larkinella,0,0,0,0,0,0,0,0,0,0,0,0,0,0,0,0,0,0,0,0,0,0,0,0
Leadbetterella,0,0,0,0,0,0,0,0,0,0,0,0,0,0,0,0,0,0,0,0,0,0,0,0
Runella,0,0,0,0,0,0,0,0,0,0,0,0,0,0,0,0,0,0,0,0,0,0,0,0
Thermoflexibacter,0,0,0,0,0,0,0,0,0,0,0,0,0,0,0,0,0,0,0,0,0,0,0,0
Thermonema,0,0,0,0,0,0,0,0,0,0,0,0,0,0,0,0,0,0,0,0,0,0,0,0
Solirubrum,0,0,0,0,0,0,0,0,0,0,0,0,0,0,0,0,0,0,0,0,0,0,0,0
Blattabacterium,0,0,0,0,0,0,0,0,0,0,0,0,0,0,0,0,0,0,0,0,0,0,0,0
Brumimicrobium,0,0,0,0,0,0,0,0,0,0,0,0,0,0,0,0,0,0,0,0,0,0,0,0
Crocinitomix,0,0,0,0,0,0,0,0,0,0,0,0,0,0,0,0,0,0,0,0,0,0,0,0
Fluviicola,0,0,0,0,0,0,0,0,0,0,0,0,0,0,0,0,0,0,0,0,0,0,0,0
Lishizhenia,0,0,0,0,0,0,0,0,0,0,0,0,0,0,0,0,0,0,0,0,0,0,0,0
Putridiphycobacter,0,0,0,0,0,0,0,0,0,0,0,0,0,0,0,0,0,0,0,0,0,0,0,0
Aequorivita,0,0,0,0,0,0,0,0,0,0,0,0,0,0,0,0,0,0,0,0,0,0,0,0
Algibacter,0,0,0,0,0,0,0,0,0,0,0,0,0,0,0,0,0,0,0,0,0,0,0,0
Altibacter,0,0,0,0,0,0,0,0,0,0,0,0,0,0,0,0,0,0,0,0,0,0,0,0
Amniculibacterium,0,0,0,0,0,0,0,0,0,0,0,0,0,0,0,0,0,0,0,0,0,0,0,0
Arenibacter,0,0,0,0,0,0,0,0,0,0,0,0,0,0,0,0,0,0,0,0,0,0,0,0
Aurantibacter,0,0,0,0,0,0,0,0,0,0,0,0,0,0,0,0,0,0,0,0,0,0,0,0
Aureicoccus,0,0,0,0,0,0,0,0,0,0,0,0,0,0,0,0,0,0,0,0,0,0,0,0
Avrilella,0,0,0,0,0,0,0,0,0,0,0,0,0,0,0,0,0,0,0,0,0,0,0,0
Bizionia,0,0,0,0,0,0,0,0,0,0,0,0,0,0,0,0,0,0,0,0,0,0,0,0
Capnocytophaga,0,0,0,0,0,0,0,0,0,0,0,0,0,0,0,0,0,0,0,0,0,0,0,0
Cellulophaga,0,0,0,0,0,0,0,0,0,0,0,0,0,0,0,0,0,0,0,0,0,0,0,0
Cochleicola,0,0,0,0,0,0,0,0,0,0,0,0,0,0,0,0,0,0,0,0,0,0,0,0
Confluentibacter,0,0,0,0,0,0,0,0,0,0,0,0,0,0,0,0,0,0,0,0,0,0,0,0
Croceitalea,0,0,0,0,0,0,0,0,0,0,0,0,0,0,0,0,0,0,0,0,0,0,0,0
Croceivirga,0,0,0,0,0,0,0,0,0,0,0,0,0,0,0,0,0,0,0,0,0,0,0,0
Dokdonia,0,0,0,0,0,0,0,0,0,0,0,0,0,0,0,0,0,0,0,0,0,0,0,0
Eudoraea,0,0,0,0,0,0,0,0,0,0,0,0,0,0,0,0,0,0,0,0,0,0,0,0
Euzebyella,0,0,0,0,0,0,0,0,0,0,0,0,0,0,0,0,0,0,0,0,0,0,0,0
Flagellimonas,0,0,0,0,0,0,0,0,0,0,0,0,0,0,0,0,0,0,0,0,0,0,0,0
Flavimarina,0,0,0,0,0,0,0,0,0,0,0,0,0,0,0,0,0,0,0,0,0,0,0,0
Flaviramulus,0,0,0,0,0,0,0,0,0,0,0,0,0,0,0,0,0,0,0,0,0,0,0,0
Flavivirga,0,0,0,0,0,0,0,0,0,0,0,0,0,0,0,0,0,0,0,0,0,0,0,0
Flavobacterium,0,0,0,0,0,0,0,0,0,0,0,0,0,0,0,0,0,0,0,0,0,0,0,0
Formosa,0,0,0,0,0,0,0,0,0,0,0,0,0,0,0,0,0,0,0,0,0,0,0,0
Gaetbulibacter,0,0,0,0,0,0,0,0,0,0,0,0,0,0,0,0,0,0,0,0,0,0,0,0
Galbibacter,0,0,0,0,0,0,0,0,0,0,0,0,0,0,0,0,0,0,0,0,0,0,0,0
Gelidibacter,0,0,0,0,0,0,0,0,0,0,0,0,0,0,0,0,0,0,0,0,0,0,0,0
Gillisia,0,0,0,0,0,0,0,0,0,0,0,0,0,0,0,0,0,0,0,0,0,0,0,0
Gilvibacter,0,0,0,0,0,0,0,0,0,0,0,0,0,0,0,0,0,0,0,0,0,0,0,0
Gramella,0,0,0,0,0,0,0,0,0,0,0,0,0,0,0,0,0,0,0,0,0,0,0,0
Hanstruepera,0,0,0,0,0,0,0,0,0,0,0,0,0,0,0,0,0,0,0,0,0,0,0,0
Hyunsoonleella,0,0,0,0,0,0,0,0,0,0,0,0,0,0,0,0,0,0,0,0,0,0,0,0
Imtechella,0,0,0,0,0,0,0,0,0,0,0,0,0,0,0,0,0,0,0,0,0,0,0,0
Jejuia,0,0,0,0,0,0,0,0,0,0,0,0,0,0,0,0,0,0,0,0,0,0,0,0
Joostella,0,0,0,0,0,0,0,0,0,0,0,0,0,0,0,0,0,0,0,0,0,0,0,0
Kordia,0,0,0,0,0,0,0,0,0,0,0,0,0,0,0,0,0,0,0,0,0,0,0,0
Kriegella,0,0,0,0,0,0,0,0,0,0,0,0,0,0,0,0,0,0,0,0,0,0,0,0
Lacinutrix,0,0,0,0,0,0,0,0,0,0,0,0,0,0,0,0,0,0,0,0,0,0,0,0
Lutibacter,0,0,0,0,0,0,0,0,0,0,0,0,0,0,0,0,0,0,0,0,0,0,0,0
Mangrovimonas,0,0,0,0,0,0,0,0,0,0,0,0,0,0,0,0,0,0,0,0,0,0,0,0
Maribacter,0,0,0,0,0,0,0,0,0,0,0,0,0,0,0,0,0,0,0,0,0,0,0,0
Mariniflexile,0,0,0,0,0,0,0,0,0,0,0,0,0,0,0,0,0,0,0,0,0,0,0,0
Marinirhabdus,0,0,0,0,0,0,0,0,0,0,0,0,0,0,0,0,0,0,0,0,0,0,0,0
Marixanthomonas,0,0,0,0,0,0,0,0,0,0,0,0,0,0,0,0,0,0,0,0,0,0,0,0
Mesoflavibacter,0,0,0,0,0,0,0,0,0,0,0,0,0,0,0,0,0,0,0,0,0,0,0,0
Mesonia,0,0,0,0,0,0,0,0,0,0,0,0,0,0,0,0,0,0,0,0,0,0,0,0
Muriicola,0,0,0,0,0,0,0,0,0,0,0,0,0,0,0,0,0,0,0,0,0,0,0,0
Myroides,0,0,0,0,0,0,0,0,0,0,0,0,0,0,0,0,0,0,0,0,0,0,0,0
Nonlabens,0,0,0,0,0,0,0,0,0,0,0,0,0,0,0,0,0,0,0,0,0,0,0,0
Ochrovirga,0,0,0,0,0,0,0,0,0,0,0,0,0,0,0,0,0,0,0,0,0,0,0,0
Olleya,0,0,0,0,0,0,0,0,0,0,0,0,0,0,0,0,0,0,0,0,0,0,0,0
Polaribacter,0,0,0,0,0,0,0,0,0,0,0,0,0,0,0,0,0,0,0,0,0,0,0,0
Pricia,0,0,0,0,0,0,0,0,0,0,0,0,0,0,0,0,0,0,0,0,0,0,0,0
Pseudozobellia,0,0,0,0,0,0,0,0,0,0,0,0,0,0,0,0,0,0,0,0,0,0,0,0
Psychroflexus,0,0,0,0,0,0,0,0,0,0,0,0,0,0,0,0,0,0,0,0,0,0,0,0
Psychroserpens,0,0,0,0,0,0,0,0,0,0,0,0,0,0,0,0,0,0,0,0,0,0,0,0
Pukyongia,0,0,0,0,0,0,0,0,0,0,0,0,0,0,0,0,0,0,0,0,0,0,0,0
Pustulibacterium,0,0,0,0,0,0,0,0,0,0,0,0,0,0,0,0,0,0,0,0,0,0,0,0
Salegentibacter,0,0,0,0,0,0,0,0,0,0,0,0,0,0,0,0,0,0,0,0,0,0,0,0
Salinimicrobium,0,0,0,0,0,0,0,0,0,0,0,0,0,0,0,0,0,0,0,0,0,0,0,0
Sediminibacter,0,0,0,0,0,0,0,0,0,0,0,0,0,0,0,0,0,0,0,0,0,0,0,0
Sediminicola,0,0,0,0,0,0,0,0,0,0,0,0,0,0,0,0,0,0,0,0,0,0,0,0
Seonamhaeicola,0,0,0,0,0,0,0,0,0,0,0,0,0,0,0,0,0,0,0,0,0,0,0,0
Siansivirga,0,0,0,0,0,0,0,0,0,0,0,0,0,0,0,0,0,0,0,0,0,0,0,0
Sinomicrobium,0,0,0,0,0,0,0,0,0,0,0,0,0,0,0,0,0,0,0,0,0,0,0,0
Tamlana,0,0,0,0,0,0,0,0,0,0,0,0,0,0,0,0,0,0,0,0,0,0,0,0
Ulvibacter,0,0,0,0,0,0,0,0,0,0,0,0,0,0,0,0,0,0,0,0,0,0,0,0
Ulvibacterium,0,0,0,0,0,0,0,0,0,0,0,0,0,0,0,0,0,0,0,0,0,0,0,0
Urechidicola,0,0,0,0,0,0,0,0,0,0,0,0,0,0,0,0,0,0,0,0,0,0,0,0
Vaginella,0,0,0,0,0,0,0,0,0,0,0,0,0,0,0,0,0,0,0,0,0,0,0,0
Wenyingzhuangia,0,0,0,0,0,0,0,0,0,0,0,0,0,0,0,0,0,0,0,0,0,0,0,0
Winogradskyella,0,0,0,0,0,0,0,0,0,0,0,0,0,0,0,0,0,0,0,0,0,0,0,0
Xanthomarina,0,0,0,0,0,0,0,0,0,0,0,0,0,0,0,0,0,0,0,0,0,0,0,0
Zhouia,0,0,0,0,0,0,0,0,0,0,0,0,0,0,0,0,0,0,0,0,0,0,0,0
Zobellia,0,0,0,0,0,0,0,0,0,0,0,0,0,0,0,0,0,0,0,0,0,0,0,0
Zunongwangia,0,0,0,0,0,0,0,0,0,0,0,0,0,0,0,0,0,0,0,0,0,0,0,0
Owenweeksia,0,0,0,0,0,0,0,0,0,0,0,0,0,0,0,0,0,0,0,0,0,0,0,0
Schleiferia,0,0,0,0,0,0,0,0,0,0,0,0,0,0,0,0,0,0,0,0,0,0,0,0
Thermaurantimonas,0,0,0,0,0,0,0,0,0,0,0,0,0,0,0,0,0,0,0,0,0,0,0,0
Algoriella,0,0,0,0,0,0,0,0,0,0,0,0,0,0,0,0,0,0,0,0,0,0,0,0
Bergeyella,0,0,0,0,0,0,0,0,0,0,0,0,0,0,0,0,0,0,0,0,0,0,0,0
Chishuiella,0,0,0,0,0,0,0,0,0,0,0,0,0,0,0,0,0,0,0,0,0,0,0,0
Cloacibacterium,0,0,0,0,0,0,0,0,0,0,0,0,0,0,0,0,0,0,0,0,0,0,0,0
Cruoricaptor,0,0,0,0,0,0,0,0,0,0,0,0,0,0,0,0,0,0,0,0,0,0,0,0
Empedobacter,0,0,0,0,0,0,0,0,0,0,0,0,0,0,0,0,0,0,0,0,0,0,0,0
Epilithonimonas,0,0,0,0,0,0,0,0,0,0,0,0,0,0,0,0,0,0,0,0,0,0,0,0
Kaistella,0,0,0,0,0,0,0,0,0,0,0,0,0,0,0,0,0,0,0,0,0,0,0,0
Moheibacter,0,0,0,0,0,0,0,0,0,0,0,0,0,0,0,0,0,0,0,0,0,0,0,0
Ornithobacterium,0,0,0,0,0,0,0,0,0,0,0,0,0,0,0,0,0,0,0,0,0,0,0,0
Riemerella,0,0,0,0,0,0,0,0,0,0,0,0,0,0,0,0,0,0,0,0,0,0,0,0
Soonwooa,0,0,0,0,0,0,0,0,0,0,0,0,0,0,0,0,0,0,0,0,0,0,0,0
Weeksella,0,0,0,0,0,0,0,0,0,0,0,0,0,0,0,0,0,0,0,0,0,0,0,0
Haliscomenobacter,0,0,0,0,0,0,0,0,0,0,0,0,0,0,0,0,0,0,0,0,0,0,0,0
Phaeodactylibacter,0,0,0,0,0,0,0,0,0,0,0,0,0,0,0,0,0,0,0,0,0,0,0,0
Flavilitoribacter,0,0,0,0,0,0,0,0,0,0,0,0,0,0,0,0,0,0,0,0,0,0,0,0
Lewinella,0,0,0,0,0,0,0,0,0,0,0,0,0,0,0,0,0,0,0,0,0,0,0,0
Aureispira,0,0,0,0,0,0,0,0,0,0,0,0,0,0,0,0,0,0,0,0,0,0,0,0
Saprospira,0,0,0,0,0,0,0,0,0,0,0,0,0,0,0,0,0,0,0,0,0,0,0,0
Arcticibacter,0,0,0,0,0,0,0,0,0,0,0,0,0,0,0,0,0,0,0,0,0,0,0,0
Daejeonella,0,0,0,0,0,0,0,0,0,0,0,0,0,0,0,0,0,0,0,0,0,0,0,0
Mucilaginibacter,0,0,0,0,0,0,0,0,0,0,0,0,0,0,0,0,0,0,0,0,0,0,0,0
Nubsella,0,0,0,0,0,0,0,0,0,0,0,0,0,0,0,0,0,0,0,0,0,0,0,0
Olivibacter,0,0,0,0,0,0,0,0,0,0,0,0,0,0,0,0,0,0,0,0,0,0,0,0
Parapedobacter,0,0,0,0,0,0,0,0,0,0,0,0,0,0,0,0,0,0,0,0,0,0,0,0
Pararcticibacter,0,0,0,0,0,0,0,0,0,0,0,0,0,0,0,0,0,0,0,0,0,0,0,0
Pedobacter,0,0,0,0,0,0,0,0,0,0,0,0,0,0,0,0,0,0,0,0,0,0,0,0
Pelobium,0,0,0,0,0,0,0,0,0,0,0,0,0,0,0,0,0,0,0,0,0,0,0,0
Pseudopedobacter,0,0,0,0,0,0,0,0,0,0,0,0,0,0,0,0,0,0,0,0,0,0,0,0
Solitalea,0,0,0,0,0,0,0,0,0,0,0,0,0,0,0,0,0,0,0,0,0,0,0,0
Sphingobacterium,0,0,0,0,0,0,0,0,0,0,0,0,0,0,0,0,0,0,0,0,0,0,0,0
Rhodothermus,0,0,0,0,0,0,0,0,0,0,0,0,0,0,0,0,0,0,0,0,0,0,0,0
Salinibacter,0,0,0,0,0,0,0,0,0,0,0,0,0,0,0,0,0,0,0,0,0,0,0,0
Aliifodinibius,0,0,0,0,0,0,0,0,0,0,0,0,0,0,0,0,0,0,0,0,0,0,0,0
Balneola,0,0,0,0,0,0,0,0,0,0,0,0,0,0,0,0,0,0,0,0,0,0,0,0
Gracilimonas,0,0,0,0,0,0,0,0,0,0,0,0,0,0,0,0,0,0,0,0,0,0,0,0
Rhodohalobacter,0,0,0,0,0,0,0,0,0,0,0,0,0,0,0,0,0,0,0,0,0,0,0,0
Candidatus_Cyclonatronum,0,0,0,0,0,0,0,0,0,0,0,0,0,0,0,0,0,0,0,0,0,0,0,0
Caldisericum,0,0,0,0,0,0,0,0,0,0,0,0,0,0,0,0,0,0,0,0,0,0,0,0
Caldithrix,0,0,0,0,0,0,0,0,0,0,0,0,0,0,0,0,0,0,0,0,0,0,0,0
Candidatus_Saccharicenans,0,0,0,0,0,0,0,0,0,0,0,0,0,0,0,0,0,0,0,0,0,0,0,0
Candidatus_Acetothermum,0,0,0,0,0,0,0,0,0,0,0,0,0,0,0,0,0,0,0,0,0,0,0,0
Candidatus_Bipolaricaulis,0,0,0,0,0,0,0,0,0,0,0,0,0,0,0,0,0,0,0,0,0,0,0,0
Candidatus_Cloacimonas,0,0,0,0,0,0,0,0,0,0,0,0,0,0,0,0,0,0,0,0,0,0,0,0
Candidatus_Cryosericum,0,0,0,0,0,0,0,0,0,0,0,0,0,0,0,0,0,0,0,0,0,0,0,0
Candidatus_Fermentibacter,0,0,0,0,0,0,0,0,0,0,0,0,0,0,0,0,0,0,0,0,0,0,0,0
Candidatus_Kryptobacter,0,0,0,0,0,0,0,0,0,0,0,0,0,0,0,0,0,0,0,0,0,0,0,0
Candidatus_Kryptonium,0,0,0,0,0,0,0,0,0,0,0,0,0,0,0,0,0,0,0,0,0,0,0,0
Candidatus_Termititenax,0,0,0,0,0,0,0,0,0,0,0,0,0,0,0,0,0,0,0,0,0,0,0,0
Candidatus_Muirbacterium,0,0,0,0,0,0,0,0,0,0,0,0,0,0,0,0,0,0,0,0,0,0,0,0
Candidatus_Omnitrophus,0,0,0,0,0,0,0,0,0,0,0,0,0,0,0,0,0,0,0,0,0,0,0,0
Candidatus_Vampirococcus,0,0,0,0,0,0,0,0,0,0,0,0,0,0,0,0,0,0,0,0,0,0,0,0
Candidatus_Nanoperiomorbus,0,0,0,0,0,0,0,0,0,0,0,0,0,0,0,0,0,0,0,0,0,0,0,0
Candidatus_Nanogingivalis,0,0,0,0,0,0,0,0,0,0,0,0,0,0,0,0,0,0,0,0,0,0,0,0
Candidatus_Nanosynbacter,0,0,0,0,0,0,0,0,0,0,0,0,0,0,0,0,0,0,0,0,0,0,0,0
Candidatus_Nanosynsacchari,0,0,0,0,0,0,0,0,0,0,0,0,0,0,0,0,0,0,0,0,0,0,0,0
Candidatus_Saccharimonas,0,0,0,0,0,0,0,0,0,0,0,0,0,0,0,0,0,0,0,0,0,0,0,0
Candidatus_Entotheonella,0,0,0,0,0,0,0,0,0,0,0,0,0,0,0,0,0,0,0,0,0,0,0,0
Candidatus_Rubidus,0,0,0,0,0,0,0,0,0,0,0,0,0,0,0,0,0,0,0,0,0,0,0,0
Chlamydia,0,0,0,0,0,0,0,0,0,0,0,0,0,0,0,0,0,0,0,0,0,0,0,0
Estrella,0,0,0,0,0,0,0,0,0,0,0,0,0,0,0,0,0,0,0,0,0,0,0,0
Candidatus_Protochlamydia,0,0,0,0,0,0,0,0,0,0,0,0,0,0,0,0,0,0,0,0,0,0,0,0
Neochlamydia,0,0,0,0,0,0,0,0,0,0,0,0,0,0,0,0,0,0,0,0,0,0,0,0
Parachlamydia,0,0,0,0,0,0,0,0,0,0,0,0,0,0,0,0,0,0,0,0,0,0,0,0
Simkania,0,0,0,0,0,0,0,0,0,0,0,0,0,0,0,0,0,0,0,0,0,0,0,0
Candidatus_Thermochlorobacter,0,0,0,0,0,0,0,0,0,0,0,0,0,0,0,0,0,0,0,0,0,0,0,0
Chlorobaculum,0,0,0,0,0,0,0,0,0,0,0,0,0,0,0,0,0,0,0,0,0,0,0,0
Chloroherpeton,0,0,0,0,0,0,0,0,0,0,0,0,0,0,0,0,0,0,0,0,0,0,0,0
Pelodictyon,0,0,0,0,0,0,0,0,0,0,0,0,0,0,0,0,0,0,0,0,0,0,0,0
Prosthecochloris,0,0,0,0,0,0,0,0,0,0,0,0,0,0,0,0,0,0,0,0,0,0,0,0
Aggregatilinea,0,0,0,0,0,0,0,0,0,0,0,0,0,0,0,0,0,0,0,0,0,0,0,0
Anaerolinea,0,0,0,0,0,0,0,0,0,0,0,0,0,0,0,0,0,0,0,0,0,0,0,0
Bellilinea,0,0,0,0,0,0,0,0,0,0,0,0,0,0,0,0,0,0,0,0,0,0,0,0
Brevefilum,0,0,0,0,0,0,0,0,0,0,0,0,0,0,0,0,0,0,0,0,0,0,0,0
Leptolinea,0,0,0,0,0,0,0,0,0,0,0,0,0,0,0,0,0,0,0,0,0,0,0,0
Levilinea,0,0,0,0,0,0,0,0,0,0,0,0,0,0,0,0,0,0,0,0,0,0,0,0
Longilinea,0,0,0,0,0,0,0,0,0,0,0,0,0,0,0,0,0,0,0,0,0,0,0,0
Ornatilinea,0,0,0,0,0,0,0,0,0,0,0,0,0,0,0,0,0,0,0,0,0,0,0,0
Pelolinea,0,0,0,0,0,0,0,0,0,0,0,0,0,0,0,0,0,0,0,0,0,0,0,0
Thermanaerothrix,0,0,0,0,0,0,0,0,0,0,0,0,0,0,0,0,0,0,0,0,0,0,0,0
Candidatus_Promineofilum,0,0,0,0,0,0,0,0,0,0,0,0,0,0,0,0,0,0,0,0,0,0,0,0
Caldilinea,0,0,0,0,0,0,0,0,0,0,0,0,0,0,0,0,0,0,0,0,0,0,0,0
Litorilinea,0,0,0,0,0,0,0,0,0,0,0,0,0,0,0,0,0,0,0,0,0,0,0,0
Chloroflexus,0,0,0,0,0,0,0,0,0,0,0,0,0,0,0,0,0,0,0,0,0,0,0,0
Candidatus_Chloroploca,0,0,0,0,0,0,0,0,0,0,0,0,0,0,0,0,0,0,0,0,0,0,0,0
Candidatus_Viridilinea,0,0,0,0,0,0,0,0,0,0,0,0,0,0,0,0,0,0,0,0,0,0,0,0
Oscillochloris,0,0,0,0,0,0,0,0,0,0,0,0,0,0,0,0,0,0,0,0,0,0,0,0
Kouleothrix,0,0,0,0,0,0,0,0,0,0,0,0,0,0,0,0,0,0,0,0,0,0,0,0
Roseiflexus,0,0,0,0,0,0,0,0,0,0,0,0,0,0,0,0,0,0,0,0,0,0,0,0
Herpetosiphon,0,0,0,0,0,0,0,0,0,0,0,0,0,0,0,0,0,0,0,0,0,0,0,0
Dehalococcoides,0,0,0,0,0,0,0,0,0,0,0,0,0,0,0,0,0,0,0,0,0,0,0,0
Dehalogenimonas,0,0,0,0,0,0,0,0,0,0,0,0,0,0,0,0,0,0,0,0,0,0,0,0
Dictyobacter,0,0,0,0,0,0,0,0,0,0,0,0,0,0,0,0,0,0,0,0,0,0,0,0
Tengunoibacter,0,0,0,0,0,0,0,0,0,0,0,0,0,0,0,0,0,0,0,0,0,0,0,0
Ktedonobacter,0,0,0,0,0,0,0,0,0,0,0,0,0,0,0,0,0,0,0,0,0,0,0,0
Ktedonosporobacter,0,0,0,0,0,0,0,0,0,0,0,0,0,0,0,0,0,0,0,0,0,0,0,0
Thermosporothrix,0,0,0,0,0,0,0,0,0,0,0,0,0,0,0,0,0,0,0,0,0,0,0,0
Thermogemmatispora,0,0,0,0,0,0,0,0,0,0,0,0,0,0,0,0,0,0,0,0,0,0,0,0
Thermoflexus,0,0,0,0,0,0,0,0,0,0,0,0,0,0,0,0,0,0,0,0,0,0,0,0
Nitrolancea,0,0,0,0,0,0,0,0,0,0,0,0,0,0,0,0,0,0,0,0,0,0,0,0
Sphaerobacter,0,0,0,0,0,0,0,0,0,0,0,0,0,0,0,0,0,0,0,0,0,0,0,0
Thermorudis,0,0,0,0,0,0,0,0,0,0,0,0,0,0,0,0,0,0,0,0,0,0,0,0
Thermobaculum,0,0,0,0,0,0,0,0,0,0,0,0,0,0,0,0,0,0,0,0,0,0,0,0
Chrysiogenes,0,0,0,0,0,0,0,0,0,0,0,0,0,0,0,0,0,0,0,0,0,0,0,0
Desulfurispirillum,0,0,0,0,0,0,0,0,0,0,0,0,0,0,0,0,0,0,0,0,0,0,0,0
Coprothermobacter,0,0,0,0,0,0,0,0,0,0,0,0,0,0,0,0,0,0,0,0,0,0,0,0
Gloeobacter,0,0,0,0,0,0,0,0,0,0,0,0,0,0,0,0,0,0,0,0,0,0,0,0
Aphanothece,0,0,0,0,0,0,0,0,0,0,0,0,0,0,0,0,0,0,0,0,0,0,0,0
Crocosphaera,0,0,0,0,0,0,0,0,0,0,0,0,0,0,0,0,0,0,0,0,0,0,0,0
Euhalothece,0,0,0,0,0,0,0,0,0,0,0,0,0,0,0,0,0,0,0,0,0,0,0,0
Gloeothece,0,0,0,0,0,0,0,0,0,0,0,0,0,0,0,0,0,0,0,0,0,0,0,0
Halothece,0,0,0,0,0,0,0,0,0,0,0,0,0,0,0,0,0,0,0,0,0,0,0,0
Rippkaea,0,0,0,0,0,0,0,0,0,0,0,0,0,0,0,0,0,0,0,0,0,0,0,0
Chondrocystis,0,0,0,0,0,0,0,0,0,0,0,0,0,0,0,0,0,0,0,0,0,0,0,0
Geminocystis,0,0,0,0,0,0,0,0,0,0,0,0,0,0,0,0,0,0,0,0,0,0,0,0
Gloeocapsa,0,0,0,0,0,0,0,0,0,0,0,0,0,0,0,0,0,0,0,0,0,0,0,0
Gloeocapsopsis,0,0,0,0,0,0,0,0,0,0,0,0,0,0,0,0,0,0,0,0,0,0,0,0
Chlorogloea,0,0,0,0,0,0,0,0,0,0,0,0,0,0,0,0,0,0,0,0,0,0,0,0
Cyanobacterium,0,0,0,0,0,0,0,0,0,0,0,0,0,0,0,0,0,0,0,0,0,0,0,0
Microcystis,0,0,0,0,0,0,0,0,0,0,0,0,0,0,0,0,0,0,0,0,0,0,0,0
Aliterella,0,0,0,0,0,0,0,0,0,0,0,0,0,0,0,0,0,0,0,0,0,0,0,0
Gloeomargarita,0,0,0,0,0,0,0,0,0,0,0,0,0,0,0,0,0,0,0,0,0,0,0,0
Anabaenopsis,0,0,0,0,0,0,0,0,0,0,0,0,0,0,0,0,0,0,0,0,0,0,0,0
Aphanizomenon,0,0,0,0,0,0,0,0,0,0,0,0,0,0,0,0,0,0,0,0,0,0,0,0
Cuspidothrix,0,0,0,0,0,0,0,0,0,0,0,0,0,0,0,0,0,0,0,0,0,0,0,0
Cylindrospermopsis,0,0,0,0,0,0,0,0,0,0,0,0,0,0,0,0,0,0,0,0,0,0,0,0
Dolichospermum,0,0,0,0,0,0,0,0,0,0,0,0,0,0,0,0,0,0,0,0,0,0,0,0
Nodularia,0,0,0,0,0,0,0,0,0,0,0,0,0,0,0,0,0,0,0,0,0,0,0,0
Sphaerospermopsis,0,0,0,0,0,0,0,0,0,0,0,0,0,0,0,0,0,0,0,0,0,0,0,0
Calothrix,0,0,0,0,0,0,0,0,0,0,0,0,0,0,0,0,0,0,0,0,0,0,0,0
Chlorogloeopsis,0,0,0,0,0,0,0,0,0,0,0,0,0,0,0,0,0,0,0,0,0,0,0,0
Fortiea,0,0,0,0,0,0,0,0,0,0,0,0,0,0,0,0,0,0,0,0,0,0,0,0
Fischerella,0,0,0,0,0,0,0,0,0,0,0,0,0,0,0,0,0,0,0,0,0,0,0,0
Mastigocoleus,0,0,0,0,0,0,0,0,0,0,0,0,0,0,0,0,0,0,0,0,0,0,0,0
Anabaena,0,0,0,0,0,0,0,0,0,0,0,0,0,0,0,0,0,0,0,0,0,0,0,0
Cylindrospermum,0,0,0,0,0,0,0,0,0,0,0,0,0,0,0,0,0,0,0,0,0,0,0,0
Nostoc,0,0,0,0,0,0,0,0,0,0,0,0,0,0,0,0,0,0,0,0,0,0,0,0
Trichormus,0,0,0,0,0,0,0,0,0,0,0,0,0,0,0,0,0,0,0,0,0,0,0,0
Microchaete,0,0,0,0,0,0,0,0,0,0,0,0,0,0,0,0,0,0,0,0,0,0,0,0
Rivularia,0,0,0,0,0,0,0,0,0,0,0,0,0,0,0,0,0,0,0,0,0,0,0,0
Scytonema,0,0,0,0,0,0,0,0,0,0,0,0,0,0,0,0,0,0,0,0,0,0,0,0
Mastigocladopsis,0,0,0,0,0,0,0,0,0,0,0,0,0,0,0,0,0,0,0,0,0,0,0,0
Hassalia,0,0,0,0,0,0,0,0,0,0,0,0,0,0,0,0,0,0,0,0,0,0,0,0
Tolypothrix,0,0,0,0,0,0,0,0,0,0,0,0,0,0,0,0,0,0,0,0,0,0,0,0
Allocoleopsis,0,0,0,0,0,0,0,0,0,0,0,0,0,0,0,0,0,0,0,0,0,0,0,0
Coleofasciculus,0,0,0,0,0,0,0,0,0,0,0,0,0,0,0,0,0,0,0,0,0,0,0,0
Geitlerinema,0,0,0,0,0,0,0,0,0,0,0,0,0,0,0,0,0,0,0,0,0,0,0,0
Roseofilum,0,0,0,0,0,0,0,0,0,0,0,0,0,0,0,0,0,0,0,0,0,0,0,0
Cyanothece,0,0,0,0,0,0,0,0,0,0,0,0,0,0,0,0,0,0,0,0,0,0,0,0
Desertifilum,0,0,0,0,0,0,0,0,0,0,0,0,0,0,0,0,0,0,0,0,0,0,0,0
Crinalium,0,0,0,0,0,0,0,0,0,0,0,0,0,0,0,0,0,0,0,0,0,0,0,0
Arthrospira,0,0,0,0,0,0,0,0,0,0,0,0,0,0,0,0,0,0,0,0,0,0,0,0
Baaleninema,0,0,0,0,0,0,0,0,0,0,0,0,0,0,0,0,0,0,0,0,0,0,0,0
Hydrocoleum,0,0,0,0,0,0,0,0,0,0,0,0,0,0,0,0,0,0,0,0,0,0,0,0
Kamptonema,0,0,0,0,0,0,0,0,0,0,0,0,0,0,0,0,0,0,0,0,0,0,0,0
Microcoleus,0,0,0,0,0,0,0,0,0,0,0,0,0,0,0,0,0,0,0,0,0,0,0,0
Planktothricoides,0,0,0,0,0,0,0,0,0,0,0,0,0,0,0,0,0,0,0,0,0,0,0,0
Planktothrix,0,0,0,0,0,0,0,0,0,0,0,0,0,0,0,0,0,0,0,0,0,0,0,0
Trichodesmium,0,0,0,0,0,0,0,0,0,0,0,0,0,0,0,0,0,0,0,0,0,0,0,0
Limnoraphis,0,0,0,0,0,0,0,0,0,0,0,0,0,0,0,0,0,0,0,0,0,0,0,0
Lyngbya,0,0,0,0,0,0,0,0,0,0,0,0,0,0,0,0,0,0,0,0,0,0,0,0
Moorena,0,0,0,0,0,0,0,0,0,0,0,0,0,0,0,0,0,0,0,0,0,0,0,0
Okeania,0,0,0,0,0,0,0,0,0,0,0,0,0,0,0,0,0,0,0,0,0,0,0,0
Oscillatoria,0,0,0,0,0,0,0,0,0,0,0,0,0,0,0,0,0,0,0,0,0,0,0,0
Phormidium,0,0,0,0,0,0,0,0,0,0,0,0,0,0,0,0,0,0,0,0,0,0,0,0
Stanieria,0,0,0,0,0,0,0,0,0,0,0,0,0,0,0,0,0,0,0,0,0,0,0,0
Myxosarcina,0,0,0,0,0,0,0,0,0,0,0,0,0,0,0,0,0,0,0,0,0,0,0,0
Pleurocapsa,0,0,0,0,0,0,0,0,0,0,0,0,0,0,0,0,0,0,0,0,0,0,0,0
Xenococcus,0,0,0,0,0,0,0,0,0,0,0,0,0,0,0,0,0,0,0,0,0,0,0,0
Alkalinema,0,0,0,0,0,0,0,0,0,0,0,0,0,0,0,0,0,0,0,0,0,0,0,0
Leptolyngbya,0,0,0,0,0,0,0,0,0,0,0,0,0,0,0,0,0,0,0,0,0,0,0,0
Neosynechococcus,0,0,0,0,0,0,0,0,0,0,0,0,0,0,0,0,0,0,0,0,0,0,0,0
Phormidesmis,0,0,0,0,0,0,0,0,0,0,0,0,0,0,0,0,0,0,0,0,0,0,0,0
Stenomitos,0,0,0,0,0,0,0,0,0,0,0,0,0,0,0,0,0,0,0,0,0,0,0,0
Halomicronema,0,0,0,0,0,0,0,0,0,0,0,0,0,0,0,0,0,0,0,0,0,0,0,0
Nodosilinea,0,0,0,0,0,0,0,0,0,0,0,0,0,0,0,0,0,0,0,0,0,0,0,0
Prochlorothrix,0,0,0,0,0,0,0,0,0,0,0,0,0,0,0,0,0,0,0,0,0,0,0,0
Limnothrix,0,0,0,0,0,0,0,0,0,0,0,0,0,0,0,0,0,0,0,0,0,0,0,0
Pseudanabaena,0,0,0,0,0,0,0,0,0,0,0,0,0,0,0,0,0,0,0,0,0,0,0,0
Thermosynechococcus,0,0,0,0,0,0,0,0,0,0,0,0,0,0,0,0,0,0,0,0,0,0,0,0
Spirulina,0,0,0,0,0,0,0,0,0,0,0,0,0,0,0,0,0,0,0,0,0,0,0,0
Acaryochloris,0,0,0,0,0,0,0,0,0,0,0,0,0,0,0,0,0,0,0,0,0,0,0,0
Chamaesiphon,0,0,0,0,0,0,0,0,0,0,0,0,0,0,0,0,0,0,0,0,0,0,0,0
Snowella,0,0,0,0,0,0,0,0,0,0,0,0,0,0,0,0,0,0,0,0,0,0,0,0
Aphanocapsa,0,0,0,0,0,0,0,0,0,0,0,0,0,0,0,0,0,0,0,0,0,0,0,0
Merismopedia,0,0,0,0,0,0,0,0,0,0,0,0,0,0,0,0,0,0,0,0,0,0,0,0
Synechocystis,0,0,0,0,0,0,0,0,0,0,0,0,0,0,0,0,0,0,0,0,0,0,0,0
Cyanobium,0,0,0,0,0,0,0,0,0,0,0,0,0,0,0,0,0,0,0,0,0,0,0,0
Prochlorococcus,0,0,0,0,0,0,0,0,0,0,0,0,0,0,0,0,0,0,0,0,0,0,0,0
Dactylococcopsis,0,0,0,0,0,0,0,0,0,0,0,0,0,0,0,0,0,0,0,0,0,0,0,0
Synechococcus,0,0,0,0,0,0,0,0,0,0,0,0,0,0,0,0,0,0,0,0,0,0,0,0
Vulcanococcus,0,0,0,0,0,0,0,0,0,0,0,0,0,0,0,0,0,0,0,0,0,0,0,0
Thermostichus,0,0,0,0,0,0,0,0,0,0,0,0,0,0,0,0,0,0,0,0,0,0,0,0
Calditerrivibrio,0,0,0,0,0,0,0,0,0,0,0,0,0,0,0,0,0,0,0,0,0,0,0,0
Deferribacter,0,0,0,0,0,0,0,0,0,0,0,0,0,0,0,0,0,0,0,0,0,0,0,0
Denitrovibrio,0,0,0,0,0,0,0,0,0,0,0,0,0,0,0,0,0,0,0,0,0,0,0,0
Deinococcus,0,0,0,0,0,0,0,0,0,0,0,0,0,0,0,0,0,0,0,0,0,0,0,0
Calidithermus,0,0,0,0,0,0,0,0,0,0,0,0,0,0,0,0,0,0,0,0,0,0,0,0
Marinithermus,0,0,0,0,0,0,0,0,0,0,0,0,0,0,0,0,0,0,0,0,0,0,0,0
Meiothermus,0,0,0,0,0,0,0,0,0,0,0,0,0,0,0,0,0,0,0,0,0,0,0,0
Thermus,0,0,0,0,0,0,0,0,0,0,0,0,0,0,0,0,0,0,0,0,0,0,0,0
Truepera,0,0,0,0,0,0,0,0,0,0,0,0,0,0,0,0,0,0,0,0,0,0,0,0
Dictyoglomus,0,0,0,0,0,0,0,0,0,0,0,0,0,0,0,0,0,0,0,0,0,0,0,0
Chitinispirillum,0,0,0,0,0,0,0,0,0,0,0,0,0,0,0,0,0,0,0,0,0,0,0,0
Chitinivibrio,0,0,0,0,0,0,0,0,0,0,0,0,0,0,0,0,0,0,0,0,0,0,0,0
Hallerella,0,0,0,0,0,0,0,0,0,0,0,0,0,0,0,0,0,0,0,0,0,0,0,0
Effusibacillus,0,0,0,0,0,0,0,0,0,0,0,0,0,0,0,0,0,0,0,0,0,0,0,0
Kyrpidia,0,0,0,0,0,0,0,0,0,0,0,0,0,0,0,0,0,0,0,0,0,0,0,0
Tumebacillus,0,0,0,0,0,0,0,0,0,0,0,0,0,0,0,0,0,0,0,0,0,0,0,0
Aeribacillus,0,0,0,0,0,0,0,0,0,0,0,0,0,0,0,0,0,0,0,0,0,0,0,0
Alkalibacillus,0,0,0,0,0,0,0,0,0,0,0,0,0,0,0,0,0,0,0,0,0,0,0,0
Alteribacillus,0,0,0,0,0,0,0,0,0,0,0,0,0,0,0,0,0,0,0,0,0,0,0,0
Alteribacter,0,0,0,0,0,0,0,0,0,0,0,0,0,0,0,0,0,0,0,0,0,0,0,0
Aquisalibacillus,0,0,0,0,0,0,0,0,0,0,0,0,0,0,0,0,0,0,0,0,0,0,0,0
Caldibacillus,0,0,0,0,0,0,0,0,0,0,0,0,0,0,0,0,0,0,0,0,0,0,0,0
Calditerricola,0,0,0,0,0,0,0,0,0,0,0,0,0,0,0,0,0,0,0,0,0,0,0,0
Cytobacillus,0,0,0,0,0,0,0,0,0,0,0,0,0,0,0,0,0,0,0,0,0,0,0,0
Ectobacillus,0,0,0,0,0,0,0,0,0,0,0,0,0,0,0,0,0,0,0,0,0,0,0,0
Edaphobacillus,0,0,0,0,0,0,0,0,0,0,0,0,0,0,0,0,0,0,0,0,0,0,0,0
Evansella,0,0,0,0,0,0,0,0,0,0,0,0,0,0,0,0,0,0,0,0,0,0,0,0
Falsibacillus,0,0,0,0,0,0,0,0,0,0,0,0,0,0,0,0,0,0,0,0,0,0,0,0
Fictibacillus,0,0,0,0,0,0,0,0,0,0,0,0,0,0,0,0,0,0,0,0,0,0,0,0
Gottfriedia,0,0,0,0,0,0,0,0,0,0,0,0,0,0,0,0,0,0,0,0,0,0,0,0
Halalkalibacillus,0,0,0,0,0,0,0,0,0,0,0,0,0,0,0,0,0,0,0,0,0,0,0,0
Halolactibacillus,0,0,0,0,0,0,0,0,0,0,0,0,0,0,0,0,0,0,0,0,0,0,0,0
Heyndrickxia,0,0,0,0,0,0,0,0,0,0,0,0,0,0,0,0,0,0,0,0,0,0,0,0
Hydrogenibacillus,0,0,0,0,0,0,0,0,0,0,0,0,0,0,0,0,0,0,0,0,0,0,0,0
Lederbergia,0,0,0,0,0,0,0,0,0,0,0,0,0,0,0,0,0,0,0,0,0,0,0,0
Litchfieldia,0,0,0,0,0,0,0,0,0,0,0,0,0,0,0,0,0,0,0,0,0,0,0,0
Lottiidibacillus,0,0,0,0,0,0,0,0,0,0,0,0,0,0,0,0,0,0,0,0,0,0,0,0
Margalitia,0,0,0,0,0,0,0,0,0,0,0,0,0,0,0,0,0,0,0,0,0,0,0,0
Marinococcus,0,0,0,0,0,0,0,0,0,0,0,0,0,0,0,0,0,0,0,0,0,0,0,0
Massilibacterium,0,0,0,0,0,0,0,0,0,0,0,0,0,0,0,0,0,0,0,0,0,0,0,0
Natribacillus,0,0,0,0,0,0,0,0,0,0,0,0,0,0,0,0,0,0,0,0,0,0,0,0
Numidum,0,0,0,0,0,0,0,0,0,0,0,0,0,0,0,0,0,0,0,0,0,0,0,0
Parageobacillus,0,0,0,0,0,0,0,0,0,0,0,0,0,0,0,0,0,0,0,0,0,0,0,0
Paraliobacillus,0,0,0,0,0,0,0,0,0,0,0,0,0,0,0,0,0,0,0,0,0,0,0,0
Pelagirhabdus,0,0,0,0,0,0,0,0,0,0,0,0,0,0,0,0,0,0,0,0,0,0,0,0
Peribacillus,0,0,0,0,0,0,0,0,0,0,0,0,0,0,0,0,0,0,0,0,0,0,0,0
Piscibacillus,0,0,0,0,0,0,0,0,0,0,0,0,0,0,0,0,0,0,0,0,0,0,0,0
Pontibacillus,0,0,0,0,0,0,0,0,0,0,0,0,0,0,0,0,0,0,0,0,0,0,0,0
Pradoshia,0,0,0,0,0,0,0,0,0,0,0,0,0,0,0,0,0,0,0,0,0,0,0,0
Priestia,0,0,0,0,0,0,0,0,0,0,0,0,0,0,0,0,0,0,0,0,0,0,0,0
Pseudogracilibacillus,0,0,0,0,0,0,0,0,0,0,0,0,0,0,0,0,0,0,0,0,0,0,0,0
Psychrobacillus,0,0,0,0,0,0,0,0,0,0,0,0,0,0,0,0,0,0,0,0,0,0,0,0
Pueribacillus,0,0,0,0,0,0,0,0,0,0,0,0,0,0,0,0,0,0,0,0,0,0,0,0
Robertmurraya,0,0,0,0,0,0,0,0,0,0,0,0,0,0,0,0,0,0,0,0,0,0,0,0
Rossellomorea,0,0,0,0,0,0,0,0,0,0,0,0,0,0,0,0,0,0,0,0,0,0,0,0
Rubeoparvulum,0,0,0,0,0,0,0,0,0,0,0,0,0,0,0,0,0,0,0,0,0,0,0,0
Salibacterium,0,0,0,0,0,0,0,0,0,0,0,0,0,0,0,0,0,0,0,0,0,0,0,0
Salicibibacter,0,0,0,0,0,0,0,0,0,0,0,0,0,0,0,0,0,0,0,0,0,0,0,0
Salinibacillus,0,0,0,0,0,0,0,0,0,0,0,0,0,0,0,0,0,0,0,0,0,0,0,0
Salipaludibacillus,0,0,0,0,0,0,0,0,0,0,0,0,0,0,0,0,0,0,0,0,0,0,0,0
Salirhabdus,0,0,0,0,0,0,0,0,0,0,0,0,0,0,0,0,0,0,0,0,0,0,0,0
Salisediminibacterium,0,0,0,0,0,0,0,0,0,0,0,0,0,0,0,0,0,0,0,0,0,0,0,0
Saliterribacillus,0,0,0,0,0,0,0,0,0,0,0,0,0,0,0,0,0,0,0,0,0,0,0,0
Salsuginibacillus,0,0,0,0,0,0,0,0,0,0,0,0,0,0,0,0,0,0,0,0,0,0,0,0
Sediminibacillus,0,0,0,0,0,0,0,0,0,0,0,0,0,0,0,0,0,0,0,0,0,0,0,0
Streptohalobacillus,0,0,0,0,0,0,0,0,0,0,0,0,0,0,0,0,0,0,0,0,0,0,0,0
Sutcliffiella,0,0,0,0,0,0,0,0,0,0,0,0,0,0,0,0,0,0,0,0,0,0,0,0
Tenuibacillus,0,0,0,0,0,0,0,0,0,0,0,0,0,0,0,0,0,0,0,0,0,0,0,0
Tepidibacillus,0,0,0,0,0,0,0,0,0,0,0,0,0,0,0,0,0,0,0,0,0,0,0,0
Thalassobacillus,0,0,0,0,0,0,0,0,0,0,0,0,0,0,0,0,0,0,0,0,0,0,0,0
Vulcanibacillus,0,0,0,0,0,0,0,0,0,0,0,0,0,0,0,0,0,0,0,0,0,0,0,0
Weizmannia,0,0,0,0,0,0,0,0,0,0,0,0,0,0,0,0,0,0,0,0,0,0,0,0
Thermicanus,0,0,0,0,0,0,0,0,0,0,0,0,0,0,0,0,0,0,0,0,0,0,0,0
Brochothrix,0,0,0,0,0,0,0,0,0,0,0,0,0,0,0,0,0,0,0,0,0,0,0,0
Listeria,0,0,0,0,0,0,0,0,0,0,0,0,0,0,0,0,0,0,0,0,0,0,0,0
Candidatus_Reconcilibacillus,0,0,0,0,0,0,0,0,0,0,0,0,0,0,0,0,0,0,0,0,0,0,0,0
Longirhabdus,0,0,0,0,0,0,0,0,0,0,0,0,0,0,0,0,0,0,0,0,0,0,0,0
Thermobacillus,0,0,0,0,0,0,0,0,0,0,0,0,0,0,0,0,0,0,0,0,0,0,0,0
Caryophanon,0,0,0,0,0,0,0,0,0,0,0,0,0,0,0,0,0,0,0,0,0,0,0,0
Chryseomicrobium,0,0,0,0,0,0,0,0,0,0,0,0,0,0,0,0,0,0,0,0,0,0,0,0
Filibacter,0,0,0,0,0,0,0,0,0,0,0,0,0,0,0,0,0,0,0,0,0,0,0,0
Jeotgalibacillus,0,0,0,0,0,0,0,0,0,0,0,0,0,0,0,0,0,0,0,0,0,0,0,0
Kurthia,0,0,0,0,0,0,0,0,0,0,0,0,0,0,0,0,0,0,0,0,0,0,0,0
Metalysinibacillus,0,0,0,0,0,0,0,0,0,0,0,0,0,0,0,0,0,0,0,0,0,0,0,0
Metasolibacillus,0,0,0,0,0,0,0,0,0,0,0,0,0,0,0,0,0,0,0,0,0,0,0,0
Planococcus,0,0,0,0,0,0,0,0,0,0,0,0,0,0,0,0,0,0,0,0,0,0,0,0
Planomicrobium,0,0,0,0,0,0,0,0,0,0,0,0,0,0,0,0,0,0,0,0,0,0,0,0
Rummeliibacillus,0,0,0,0,0,0,0,0,0,0,0,0,0,0,0,0,0,0,0,0,0,0,0,0
Solibacillus,0,0,0,0,0,0,0,0,0,0,0,0,0,0,0,0,0,0,0,0,0,0,0,0
Tetzosporium,0,0,0,0,0,0,0,0,0,0,0,0,0,0,0,0,0,0,0,0,0,0,0,0
Ureibacillus,0,0,0,0,0,0,0,0,0,0,0,0,0,0,0,0,0,0,0,0,0,0,0,0
Viridibacillus,0,0,0,0,0,0,0,0,0,0,0,0,0,0,0,0,0,0,0,0,0,0,0,0
Caenibacillus,0,0,0,0,0,0,0,0,0,0,0,0,0,0,0,0,0,0,0,0,0,0,0,0
Sinobaca,0,0,0,0,0,0,0,0,0,0,0,0,0,0,0,0,0,0,0,0,0,0,0,0
Tuberibacillus,0,0,0,0,0,0,0,0,0,0,0,0,0,0,0,0,0,0,0,0,0,0,0,0
Abyssicoccus,0,0,0,0,0,0,0,0,0,0,0,0,0,0,0,0,0,0,0,0,0,0,0,0
Aliicoccus,0,0,0,0,0,0,0,0,0,0,0,0,0,0,0,0,0,0,0,0,0,0,0,0
Jeotgalicoccus,0,0,0,0,0,0,0,0,0,0,0,0,0,0,0,0,0,0,0,0,0,0,0,0
Macrococcus,0,0,0,0,0,0,0,0,0,0,0,0,0,0,0,0,0,0,0,0,0,0,0,0
Mammaliicoccus,0,0,0,0,0,0,0,0,0,0,0,0,0,0,0,0,0,0,0,0,0,0,0,0
Nosocomiicoccus,0,0,0,0,0,0,0,0,0,0,0,0,0,0,0,0,0,0,0,0,0,0,0,0
Salinicoccus,0,0,0,0,0,0,0,0,0,0,0,0,0,0,0,0,0,0,0,0,0,0,0,0
Desmospora,0,0,0,0,0,0,0,0,0,0,0,0,0,0,0,0,0,0,0,0,0,0,0,0
Kroppenstedtia,0,0,0,0,0,0,0,0,0,0,0,0,0,0,0,0,0,0,0,0,0,0,0,0
Laceyella,0,0,0,0,0,0,0,0,0,0,0,0,0,0,0,0,0,0,0,0,0,0,0,0
Marininema,0,0,0,0,0,0,0,0,0,0,0,0,0,0,0,0,0,0,0,0,0,0,0,0
Melghirimyces,0,0,0,0,0,0,0,0,0,0,0,0,0,0,0,0,0,0,0,0,0,0,0,0
Paludifilum,0,0,0,0,0,0,0,0,0,0,0,0,0,0,0,0,0,0,0,0,0,0,0,0
Planifilum,0,0,0,0,0,0,0,0,0,0,0,0,0,0,0,0,0,0,0,0,0,0,0,0
Risungbinella,0,0,0,0,0,0,0,0,0,0,0,0,0,0,0,0,0,0,0,0,0,0,0,0
Seinonella,0,0,0,0,0,0,0,0,0,0,0,0,0,0,0,0,0,0,0,0,0,0,0,0
Shimazuella,0,0,0,0,0,0,0,0,0,0,0,0,0,0,0,0,0,0,0,0,0,0,0,0
Staphylospora,0,0,0,0,0,0,0,0,0,0,0,0,0,0,0,0,0,0,0,0,0,0,0,0
Thermoflavimicrobium,0,0,0,0,0,0,0,0,0,0,0,0,0,0,0,0,0,0,0,0,0,0,0,0
Acidibacillus,0,0,0,0,0,0,0,0,0,0,0,0,0,0,0,0,0,0,0,0,0,0,0,0
Candidatus_Carbobacillus,0,0,0,0,0,0,0,0,0,0,0,0,0,0,0,0,0,0,0,0,0,0,0,0
Desulfuribacillus,0,0,0,0,0,0,0,0,0,0,0,0,0,0,0,0,0,0,0,0,0,0,0,0
Gemella,0,0,0,0,0,0,0,0,0,0,0,0,0,0,0,0,0,0,0,0,0,0,0,0
Abiotrophia,0,0,0,0,0,0,0,0,0,0,0,0,0,0,0,0,0,0,0,0,0,0,0,0
Dolosicoccus,0,0,0,0,0,0,0,0,0,0,0,0,0,0,0,0,0,0,0,0,0,0,0,0
Eremococcus,0,0,0,0,0,0,0,0,0,0,0,0,0,0,0,0,0,0,0,0,0,0,0,0
Facklamia,0,0,0,0,0,0,0,0,0,0,0,0,0,0,0,0,0,0,0,0,0,0,0,0
Globicatella,0,0,0,0,0,0,0,0,0,0,0,0,0,0,0,0,0,0,0,0,0,0,0,0
Ignavigranum,0,0,0,0,0,0,0,0,0,0,0,0,0,0,0,0,0,0,0,0,0,0,0,0
Vaginisenegalia,0,0,0,0,0,0,0,0,0,0,0,0,0,0,0,0,0,0,0,0,0,0,0,0
Alloiococcus,0,0,0,0,0,0,0,0,0,0,0,0,0,0,0,0,0,0,0,0,0,0,0,0
Atopobacter,0,0,0,0,0,0,0,0,0,0,0,0,0,0,0,0,0,0,0,0,0,0,0,0
Atopococcus,0,0,0,0,0,0,0,0,0,0,0,0,0,0,0,0,0,0,0,0,0,0,0,0
Atopostipes,0,0,0,0,0,0,0,0,0,0,0,0,0,0,0,0,0,0,0,0,0,0,0,0
Carnobacterium,0,0,0,0,0,0,0,0,0,0,0,0,0,0,0,0,0,0,0,0,0,0,0,0
Desemzia,0,0,0,0,0,0,0,0,0,0,0,0,0,0,0,0,0,0,0,0,0,0,0,0
Dolosigranulum,0,0,0,0,0,0,0,0,0,0,0,0,0,0,0,0,0,0,0,0,0,0,0,0
Granulicatella,0,0,0,0,0,0,0,0,0,0,0,0,0,0,0,0,0,0,0,0,0,0,0,0
Isobaculum,0,0,0,0,0,0,0,0,0,0,0,0,0,0,0,0,0,0,0,0,0,0,0,0
Lacticigenium,0,0,0,0,0,0,0,0,0,0,0,0,0,0,0,0,0,0,0,0,0,0,0,0
Marinilactibacillus,0,0,0,0,0,0,0,0,0,0,0,0,0,0,0,0,0,0,0,0,0,0,0,0
Pisciglobus,0,0,0,0,0,0,0,0,0,0,0,0,0,0,0,0,0,0,0,0,0,0,0,0
Trichococcus,0,0,0,0,0,0,0,0,0,0,0,0,0,0,0,0,0,0,0,0,0,0,0,0
Bavariicoccus,0,0,0,0,0,0,0,0,0,0,0,0,0,0,0,0,0,0,0,0,0,0,0,0
Catellicoccus,0,0,0,0,0,0,0,0,0,0,0,0,0,0,0,0,0,0,0,0,0,0,0,0
Melissococcus,0,0,0,0,0,0,0,0,0,0,0,0,0,0,0,0,0,0,0,0,0,0,0,0
Pilibacter,0,0,0,0,0,0,0,0,0,0,0,0,0,0,0,0,0,0,0,0,0,0,0,0
Tetragenococcus,0,0,0,0,0,0,0,0,0,0,0,0,0,0,0,0,0,0,0,0,0,0,0,0
Vagococcus,0,0,0,0,0,0,0,0,0,0,0,0,0,0,0,0,0,0,0,0,0,0,0,0
Agrilactobacillus,0,0,0,0,0,0,0,0,0,0,0,0,0,0,0,0,0,0,0,0,0,0,0,0
Amylolactobacillus,0,0,0,0,0,0,0,0,0,0,0,0,0,0,0,0,0,0,0,0,0,0,0,0
Apilactobacillus,0,0,0,0,0,0,0,0,0,0,0,0,0,0,0,0,0,0,0,0,0,0,0,0
Bombilactobacillus,0,0,0,0,0,0,0,0,0,0,0,0,0,0,0,0,0,0,0,0,0,0,0,0
Convivina,0,0,0,0,0,0,0,0,0,0,0,0,0,0,0,0,0,0,0,0,0,0,0,0
Dellaglioa,0,0,0,0,0,0,0,0,0,0,0,0,0,0,0,0,0,0,0,0,0,0,0,0
Fructilactobacillus,0,0,0,0,0,0,0,0,0,0,0,0,0,0,0,0,0,0,0,0,0,0,0,0
Fructobacillus,0,0,0,0,0,0,0,0,0,0,0,0,0,0,0,0,0,0,0,0,0,0,0,0
Holzapfelia,0,0,0,0,0,0,0,0,0,0,0,0,0,0,0,0,0,0,0,0,0,0,0,0
Lactiplantibacillus,0,0,0,0,0,0,0,0,0,0,0,0,0,0,0,0,0,0,0,0,0,0,0,0
Lapidilactobacillus,0,0,0,0,0,0,0,0,0,0,0,0,0,0,0,0,0,0,0,0,0,0,0,0
Latilactobacillus,0,0,0,0,0,0,0,0,0,0,0,0,0,0,0,0,0,0,0,0,0,0,0,0
Lentilactobacillus,0,0,0,0,0,0,0,0,0,0,0,0,0,0,0,0,0,0,0,0,0,0,0,0
Leuconostoc,0,0,0,0,0,0,0,0,0,0,0,0,0,0,0,0,0,0,0,0,0,0,0,0
Levilactobacillus,0,0,0,0,0,0,0,0,0,0,0,0,0,0,0,0,0,0,0,0,0,0,0,0
Loigolactobacillus,0,0,0,0,0,0,0,0,0,0,0,0,0,0,0,0,0,0,0,0,0,0,0,0
Oenococcus,0,0,0,0,0,0,0,0,0,0,0,0,0,0,0,0,0,0,0,0,0,0,0,0
Paucilactobacillus,0,0,0,0,0,0,0,0,0,0,0,0,0,0,0,0,0,0,0,0,0,0,0,0
Pediococcus,0,0,0,0,0,0,0,0,0,0,0,0,0,0,0,0,0,0,0,0,0,0,0,0
Schleiferilactobacillus,0,0,0,0,0,0,0,0,0,0,0,0,0,0,0,0,0,0,0,0,0,0,0,0
Secundilactobacillus,0,0,0,0,0,0,0,0,0,0,0,0,0,0,0,0,0,0,0,0,0,0,0,0
Weissella,0,0,0,0,0,0,0,0,0,0,0,0,0,0,0,0,0,0,0,0,0,0,0,0
Floricoccus,0,0,0,0,0,0,0,0,0,0,0,0,0,0,0,0,0,0,0,0,0,0,0,0
Lactococcus,0,0,0,0,0,0,0,0,0,0,0,0,0,0,0,0,0,0,0,0,0,0,0,0
Abyssisolibacter,0,0,0,0,0,0,0,0,0,0,0,0,0,0,0,0,0,0,0,0,0,0,0,0
Anaeromicrobium,0,0,0,0,0,0,0,0,0,0,0,0,0,0,0,0,0,0,0,0,0,0,0,0
Anaerophilus,0,0,0,0,0,0,0,0,0,0,0,0,0,0,0,0,0,0,0,0,0,0,0,0
Caminicella,0,0,0,0,0,0,0,0,0,0,0,0,0,0,0,0,0,0,0,0,0,0,0,0
Desnuesiella,0,0,0,0,0,0,0,0,0,0,0,0,0,0,0,0,0,0,0,0,0,0,0,0
Fervidicella,0,0,0,0,0,0,0,0,0,0,0,0,0,0,0,0,0,0,0,0,0,0,0,0
Haloimpatiens,0,0,0,0,0,0,0,0,0,0,0,0,0,0,0,0,0,0,0,0,0,0,0,0
Lutispora,0,0,0,0,0,0,0,0,0,0,0,0,0,0,0,0,0,0,0,0,0,0,0,0
Paraclostridium,0,0,0,0,0,0,0,0,0,0,0,0,0,0,0,0,0,0,0,0,0,0,0,0
Paramaledivibacter,0,0,0,0,0,0,0,0,0,0,0,0,0,0,0,0,0,0,0,0,0,0,0,0
Senegalia,0,0,0,0,0,0,0,0,0,0,0,0,0,0,0,0,0,0,0,0,0,0,0,0
Thermotalea,0,0,0,0,0,0,0,0,0,0,0,0,0,0,0,0,0,0,0,0,0,0,0,0
Carboxydocella,0,0,0,0,0,0,0,0,0,0,0,0,0,0,0,0,0,0,0,0,0,0,0,0
Thermaerobacter,0,0,0,0,0,0,0,0,0,0,0,0,0,0,0,0,0,0,0,0,0,0,0,0
Desulfoscipio,0,0,0,0,0,0,0,0,0,0,0,0,0,0,0,0,0,0,0,0,0,0,0,0
Alkalibacter,0,0,0,0,0,0,0,0,0,0,0,0,0,0,0,0,0,0,0,0,0,0,0,0
Mobilibacterium,0,0,0,0,0,0,0,0,0,0,0,0,0,0,0,0,0,0,0,0,0,0,0,0
Mogibacterium,0,0,0,0,0,0,0,0,0,0,0,0,0,0,0,0,0,0,0,0,0,0,0,0
Gracilibacter,0,0,0,0,0,0,0,0,0,0,0,0,0,0,0,0,0,0,0,0,0,0,0,0
Heliobacterium,0,0,0,0,0,0,0,0,0,0,0,0,0,0,0,0,0,0,0,0,0,0,0,0
Heliomicrobium,0,0,0,0,0,0,0,0,0,0,0,0,0,0,0,0,0,0,0,0,0,0,0,0
Catenibacillus,0,0,0,0,0,0,0,0,0,0,0,0,0,0,0,0,0,0,0,0,0,0,0,0
Fusicatenibacter,0,0,0,0,0,0,0,0,0,0,0,0,0,0,0,0,0,0,0,0,0,0,0,0
Hespellia,0,0,0,0,0,0,0,0,0,0,0,0,0,0,0,0,0,0,0,0,0,0,0,0
Johnsonella,0,0,0,0,0,0,0,0,0,0,0,0,0,0,0,0,0,0,0,0,0,0,0,0
Lachnobacterium,0,0,0,0,0,0,0,0,0,0,0,0,0,0,0,0,0,0,0,0,0,0,0,0
Sellimonas,0,0,0,0,0,0,0,0,0,0,0,0,0,0,0,0,0,0,0,0,0,0,0,0
Shuttleworthia,0,0,0,0,0,0,0,0,0,0,0,0,0,0,0,0,0,0,0,0,0,0,0,0
Stomatobaculum,0,0,0,0,0,0,0,0,0,0,0,0,0,0,0,0,0,0,0,0,0,0,0,0
Ethanoligenens,0,0,0,0,0,0,0,0,0,0,0,0,0,0,0,0,0,0,0,0,0,0,0,0
Fastidiosipila,0,0,0,0,0,0,0,0,0,0,0,0,0,0,0,0,0,0,0,0,0,0,0,0
Harryflintia,0,0,0,0,0,0,0,0,0,0,0,0,0,0,0,0,0,0,0,0,0,0,0,0
Mageeibacillus,0,0,0,0,0,0,0,0,0,0,0,0,0,0,0,0,0,0,0,0,0,0,0,0
Provencibacterium,0,0,0,0,0,0,0,0,0,0,0,0,0,0,0,0,0,0,0,0,0,0,0,0
Pseudoruminococcus,0,0,0,0,0,0,0,0,0,0,0,0,0,0,0,0,0,0,0,0,0,0,0,0
Dehalobacterium,0,0,0,0,0,0,0,0,0,0,0,0,0,0,0,0,0,0,0,0,0,0,0,0
Desulfocucumis,0,0,0,0,0,0,0,0,0,0,0,0,0,0,0,0,0,0,0,0,0,0,0,0
Desulfohalotomaculum,0,0,0,0,0,0,0,0,0,0,0,0,0,0,0,0,0,0,0,0,0,0,0,0
Desulfurispora,0,0,0,0,0,0,0,0,0,0,0,0,0,0,0,0,0,0,0,0,0,0,0,0
Thermincola,0,0,0,0,0,0,0,0,0,0,0,0,0,0,0,0,0,0,0,0,0,0,0,0
Asaccharospora,0,0,0,0,0,0,0,0,0,0,0,0,0,0,0,0,0,0,0,0,0,0,0,0
Criibacterium,0,0,0,0,0,0,0,0,0,0,0,0,0,0,0,0,0,0,0,0,0,0,0,0
Filifactor,0,0,0,0,0,0,0,0,0,0,0,0,0,0,0,0,0,0,0,0,0,0,0,0
Intestinibacter,0,0,0,0,0,0,0,0,0,0,0,0,0,0,0,0,0,0,0,0,0,0,0,0
Peptacetobacter,0,0,0,0,0,0,0,0,0,0,0,0,0,0,0,0,0,0,0,0,0,0,0,0
Peptoanaerobacter,0,0,0,0,0,0,0,0,0,0,0,0,0,0,0,0,0,0,0,0,0,0,0,0
Peptostreptococcus,0,0,0,0,0,0,0,0,0,0,0,0,0,0,0,0,0,0,0,0,0,0,0,0
Proteocatella,0,0,0,0,0,0,0,0,0,0,0,0,0,0,0,0,0,0,0,0,0,0,0,0
Terrisporobacter,0,0,0,0,0,0,0,0,0,0,0,0,0,0,0,0,0,0,0,0,0,0,0,0
Symbiobacterium,0,0,0,0,0,0,0,0,0,0,0,0,0,0,0,0,0,0,0,0,0,0,0,0
Candidatus_Syntrophonatronum,0,0,0,0,0,0,0,0,0,0,0,0,0,0,0,0,0,0,0,0,0,0,0,0
Dethiobacter,0,0,0,0,0,0,0,0,0,0,0,0,0,0,0,0,0,0,0,0,0,0,0,0
Syntrophomonas,0,0,0,0,0,0,0,0,0,0,0,0,0,0,0,0,0,0,0,0,0,0,0,0
Thermosyntropha,0,0,0,0,0,0,0,0,0,0,0,0,0,0,0,0,0,0,0,0,0,0,0,0
Caldisalinibacter,0,0,0,0,0,0,0,0,0,0,0,0,0,0,0,0,0,0,0,0,0,0,0,0
Caloranaerobacter,0,0,0,0,0,0,0,0,0,0,0,0,0,0,0,0,0,0,0,0,0,0,0,0
Clostridiisalibacter,0,0,0,0,0,0,0,0,0,0,0,0,0,0,0,0,0,0,0,0,0,0,0,0
Fenollaria,0,0,0,0,0,0,0,0,0,0,0,0,0,0,0,0,0,0,0,0,0,0,0,0
Levyella,0,0,0,0,0,0,0,0,0,0,0,0,0,0,0,0,0,0,0,0,0,0,0,0
Neofamilia,0,0,0,0,0,0,0,0,0,0,0,0,0,0,0,0,0,0,0,0,0,0,0,0
Proteiniborus,0,0,0,0,0,0,0,0,0,0,0,0,0,0,0,0,0,0,0,0,0,0,0,0
Halarsenatibacter,0,0,0,0,0,0,0,0,0,0,0,0,0,0,0,0,0,0,0,0,0,0,0,0
Halocella,0,0,0,0,0,0,0,0,0,0,0,0,0,0,0,0,0,0,0,0,0,0,0,0
Acetohalobium,0,0,0,0,0,0,0,0,0,0,0,0,0,0,0,0,0,0,0,0,0,0,0,0
Candidatus_Frackibacter,0,0,0,0,0,0,0,0,0,0,0,0,0,0,0,0,0,0,0,0,0,0,0,0
Halobacteroides,0,0,0,0,0,0,0,0,0,0,0,0,0,0,0,0,0,0,0,0,0,0,0,0
Halonatronum,0,0,0,0,0,0,0,0,0,0,0,0,0,0,0,0,0,0,0,0,0,0,0,0
Selenihalanaerobacter,0,0,0,0,0,0,0,0,0,0,0,0,0,0,0,0,0,0,0,0,0,0,0,0
Anoxybacter,0,0,0,0,0,0,0,0,0,0,0,0,0,0,0,0,0,0,0,0,0,0,0,0
Natranaerobius,0,0,0,0,0,0,0,0,0,0,0,0,0,0,0,0,0,0,0,0,0,0,0,0
Ammonifex,0,0,0,0,0,0,0,0,0,0,0,0,0,0,0,0,0,0,0,0,0,0,0,0
Brockia,0,0,0,0,0,0,0,0,0,0,0,0,0,0,0,0,0,0,0,0,0,0,0,0
Caldanaerobacter,0,0,0,0,0,0,0,0,0,0,0,0,0,0,0,0,0,0,0,0,0,0,0,0
Calderihabitans,0,0,0,0,0,0,0,0,0,0,0,0,0,0,0,0,0,0,0,0,0,0,0,0
Carboxydothermus,0,0,0,0,0,0,0,0,0,0,0,0,0,0,0,0,0,0,0,0,0,0,0,0
Desulfovirgula,0,0,0,0,0,0,0,0,0,0,0,0,0,0,0,0,0,0,0,0,0,0,0,0
Moorella,0,0,0,0,0,0,0,0,0,0,0,0,0,0,0,0,0,0,0,0,0,0,0,0
Thermanaeromonas,0,0,0,0,0,0,0,0,0,0,0,0,0,0,0,0,0,0,0,0,0,0,0,0
Thermodesulfitimonas,0,0,0,0,0,0,0,0,0,0,0,0,0,0,0,0,0,0,0,0,0,0,0,0
Thermodesulfobium,0,0,0,0,0,0,0,0,0,0,0,0,0,0,0,0,0,0,0,0,0,0,0,0
Biomaibacter,0,0,0,0,0,0,0,0,0,0,0,0,0,0,0,0,0,0,0,0,0,0,0,0
Tepidanaerobacter,0,0,0,0,0,0,0,0,0,0,0,0,0,0,0,0,0,0,0,0,0,0,0,0
Caldanaerovirga,0,0,0,0,0,0,0,0,0,0,0,0,0,0,0,0,0,0,0,0,0,0,0,0
Fervidicola,0,0,0,0,0,0,0,0,0,0,0,0,0,0,0,0,0,0,0,0,0,0,0,0
Thermosediminibacter,0,0,0,0,0,0,0,0,0,0,0,0,0,0,0,0,0,0,0,0,0,0,0,0
Eggerthia,0,0,0,0,0,0,0,0,0,0,0,0,0,0,0,0,0,0,0,0,0,0,0,0
Sharpea,0,0,0,0,0,0,0,0,0,0,0,0,0,0,0,0,0,0,0,0,0,0,0,0
Absicoccus,0,0,0,0,0,0,0,0,0,0,0,0,0,0,0,0,0,0,0,0,0,0,0,0
Bulleidia,0,0,0,0,0,0,0,0,0,0,0,0,0,0,0,0,0,0,0,0,0,0,0,0
Erysipelothrix,0,0,0,0,0,0,0,0,0,0,0,0,0,0,0,0,0,0,0,0,0,0,0,0
Faecalibacillus,0,0,0,0,0,0,0,0,0,0,0,0,0,0,0,0,0,0,0,0,0,0,0,0
Intestinibaculum,0,0,0,0,0,0,0,0,0,0,0,0,0,0,0,0,0,0,0,0,0,0,0,0
Limnochorda,0,0,0,0,0,0,0,0,0,0,0,0,0,0,0,0,0,0,0,0,0,0,0,0
Succinispira,0,0,0,0,0,0,0,0,0,0,0,0,0,0,0,0,0,0,0,0,0,0,0,0
Anaerovibrio,0,0,0,0,0,0,0,0,0,0,0,0,0,0,0,0,0,0,0,0,0,0,0,0
Centipeda,0,0,0,0,0,0,0,0,0,0,0,0,0,0,0,0,0,0,0,0,0,0,0,0
Mitsuokella,0,0,0,0,0,0,0,0,0,0,0,0,0,0,0,0,0,0,0,0,0,0,0,0
Propionispira,0,0,0,0,0,0,0,0,0,0,0,0,0,0,0,0,0,0,0,0,0,0,0,0
Schwartzia,0,0,0,0,0,0,0,0,0,0,0,0,0,0,0,0,0,0,0,0,0,0,0,0
Acetonema,0,0,0,0,0,0,0,0,0,0,0,0,0,0,0,0,0,0,0,0,0,0,0,0
Anaeroarcus,0,0,0,0,0,0,0,0,0,0,0,0,0,0,0,0,0,0,0,0,0,0,0,0
Anaeromusa,0,0,0,0,0,0,0,0,0,0,0,0,0,0,0,0,0,0,0,0,0,0,0,0
Dendrosporobacter,0,0,0,0,0,0,0,0,0,0,0,0,0,0,0,0,0,0,0,0,0,0,0,0
Methylomusa,0,0,0,0,0,0,0,0,0,0,0,0,0,0,0,0,0,0,0,0,0,0,0,0
Pelosinus,0,0,0,0,0,0,0,0,0,0,0,0,0,0,0,0,0,0,0,0,0,0,0,0
Propionispora,0,0,0,0,0,0,0,0,0,0,0,0,0,0,0,0,0,0,0,0,0,0,0,0
Sporolituus,0,0,0,0,0,0,0,0,0,0,0,0,0,0,0,0,0,0,0,0,0,0,0,0
Thermosinus,0,0,0,0,0,0,0,0,0,0,0,0,0,0,0,0,0,0,0,0,0,0,0,0
Allisonella,0,0,0,0,0,0,0,0,0,0,0,0,0,0,0,0,0,0,0,0,0,0,0,0
Anaeroglobus,0,0,0,0,0,0,0,0,0,0,0,0,0,0,0,0,0,0,0,0,0,0,0,0
Caecibacter,0,0,0,0,0,0,0,0,0,0,0,0,0,0,0,0,0,0,0,0,0,0,0,0
Colibacter,0,0,0,0,0,0,0,0,0,0,0,0,0,0,0,0,0,0,0,0,0,0,0,0
Dialister,0,0,0,0,0,0,0,0,0,0,0,0,0,0,0,0,0,0,0,0,0,0,0,0
Lucifera,0,0,0,0,0,0,0,0,0,0,0,0,0,0,0,0,0,0,0,0,0,0,0,0
Massilibacillus,0,0,0,0,0,0,0,0,0,0,0,0,0,0,0,0,0,0,0,0,0,0,0,0
Negativicoccus,0,0,0,0,0,0,0,0,0,0,0,0,0,0,0,0,0,0,0,0,0,0,0,0
Andreesenia,0,0,0,0,0,0,0,0,0,0,0,0,0,0,0,0,0,0,0,0,0,0,0,0
Gottschalkia,0,0,0,0,0,0,0,0,0,0,0,0,0,0,0,0,0,0,0,0,0,0,0,0
Anaerosphaera,0,0,0,0,0,0,0,0,0,0,0,0,0,0,0,0,0,0,0,0,0,0,0,0
Helcococcus,0,0,0,0,0,0,0,0,0,0,0,0,0,0,0,0,0,0,0,0,0,0,0,0
Lagierella,0,0,0,0,0,0,0,0,0,0,0,0,0,0,0,0,0,0,0,0,0,0,0,0
Miniphocibacter,0,0,0,0,0,0,0,0,0,0,0,0,0,0,0,0,0,0,0,0,0,0,0,0
Murdochiella,0,0,0,0,0,0,0,0,0,0,0,0,0,0,0,0,0,0,0,0,0,0,0,0
Parvimonas,0,0,0,0,0,0,0,0,0,0,0,0,0,0,0,0,0,0,0,0,0,0,0,0
Urinicoccus,0,0,0,0,0,0,0,0,0,0,0,0,0,0,0,0,0,0,0,0,0,0,0,0
Gudongella,0,0,0,0,0,0,0,0,0,0,0,0,0,0,0,0,0,0,0,0,0,0,0,0
Tepidimicrobium,0,0,0,0,0,0,0,0,0,0,0,0,0,0,0,0,0,0,0,0,0,0,0,0
Dethiosulfatibacter,0,0,0,0,0,0,0,0,0,0,0,0,0,0,0,0,0,0,0,0,0,0,0,0
Ezakiella,0,0,0,0,0,0,0,0,0,0,0,0,0,0,0,0,0,0,0,0,0,0,0,0
Kallipyga,0,0,0,0,0,0,0,0,0,0,0,0,0,0,0,0,0,0,0,0,0,0,0,0
Cetobacterium,0,0,0,0,0,0,0,0,0,0,0,0,0,0,0,0,0,0,0,0,0,0,0,0
Ilyobacter,0,0,0,0,0,0,0,0,0,0,0,0,0,0,0,0,0,0,0,0,0,0,0,0
Psychrilyobacter,0,0,0,0,0,0,0,0,0,0,0,0,0,0,0,0,0,0,0,0,0,0,0,0
Caviibacter,0,0,0,0,0,0,0,0,0,0,0,0,0,0,0,0,0,0,0,0,0,0,0,0
Oceanivirga,0,0,0,0,0,0,0,0,0,0,0,0,0,0,0,0,0,0,0,0,0,0,0,0
Pseudoleptotrichia,0,0,0,0,0,0,0,0,0,0,0,0,0,0,0,0,0,0,0,0,0,0,0,0
Sneathia,0,0,0,0,0,0,0,0,0,0,0,0,0,0,0,0,0,0,0,0,0,0,0,0
Streptobacillus,0,0,0,0,0,0,0,0,0,0,0,0,0,0,0,0,0,0,0,0,0,0,0,0
Gemmatimonas,0,0,0,0,0,0,0,0,0,0,0,0,0,0,0,0,0,0,0,0,0,0,0,0
Gemmatirosa,0,0,0,0,0,0,0,0,0,0,0,0,0,0,0,0,0,0,0,0,0,0,0,0
Ignavibacterium,0,0,0,0,0,0,0,0,0,0,0,0,0,0,0,0,0,0,0,0,0,0,0,0
Melioribacter,0,0,0,0,0,0,0,0,0,0,0,0,0,0,0,0,0,0,0,0,0,0,0,0
Kiritimatiella,0,0,0,0,0,0,0,0,0,0,0,0,0,0,0,0,0,0,0,0,0,0,0,0
Lentisphaera,0,0,0,0,0,0,0,0,0,0,0,0,0,0,0,0,0,0,0,0,0,0,0,0
Victivallis,0,0,0,0,0,0,0,0,0,0,0,0,0,0,0,0,0,0,0,0,0,0,0,0
Candidatus_Nitromaritima,0,0,0,0,0,0,0,0,0,0,0,0,0,0,0,0,0,0,0,0,0,0,0,0
Nitrospina,0,0,0,0,0,0,0,0,0,0,0,0,0,0,0,0,0,0,0,0,0,0,0,0
Candidatus_Magnetobacterium,0,0,0,0,0,0,0,0,0,0,0,0,0,0,0,0,0,0,0,0,0,0,0,0
Candidatus_Magnetoovum,0,0,0,0,0,0,0,0,0,0,0,0,0,0,0,0,0,0,0,0,0,0,0,0
Candidatus_Sulfobium,0,0,0,0,0,0,0,0,0,0,0,0,0,0,0,0,0,0,0,0,0,0,0,0
Leptospirillum,0,0,0,0,0,0,0,0,0,0,0,0,0,0,0,0,0,0,0,0,0,0,0,0
Nitrospira,0,0,0,0,0,0,0,0,0,0,0,0,0,0,0,0,0,0,0,0,0,0,0,0
Thermodesulfovibrio,0,0,0,0,0,0,0,0,0,0,0,0,0,0,0,0,0,0,0,0,0,0,0,0
Candidatus_Brocadia,0,0,0,0,0,0,0,0,0,0,0,0,0,0,0,0,0,0,0,0,0,0,0,0
Candidatus_Jettenia,0,0,0,0,0,0,0,0,0,0,0,0,0,0,0,0,0,0,0,0,0,0,0,0
Candidatus_Kuenenia,0,0,0,0,0,0,0,0,0,0,0,0,0,0,0,0,0,0,0,0,0,0,0,0
Candidatus_Scalindua,0,0,0,0,0,0,0,0,0,0,0,0,0,0,0,0,0,0,0,0,0,0,0,0
Phycisphaera,0,0,0,0,0,0,0,0,0,0,0,0,0,0,0,0,0,0,0,0,0,0,0,0
Anaerohalosphaera,0,0,0,0,0,0,0,0,0,0,0,0,0,0,0,0,0,0,0,0,0,0,0,0
Limihaloglobus,0,0,0,0,0,0,0,0,0,0,0,0,0,0,0,0,0,0,0,0,0,0,0,0
Sedimentisphaera,0,0,0,0,0,0,0,0,0,0,0,0,0,0,0,0,0,0,0,0,0,0,0,0
Fimbriiglobus,0,0,0,0,0,0,0,0,0,0,0,0,0,0,0,0,0,0,0,0,0,0,0,0
Gemmata,0,0,0,0,0,0,0,0,0,0,0,0,0,0,0,0,0,0,0,0,0,0,0,0
Zavarzinella,0,0,0,0,0,0,0,0,0,0,0,0,0,0,0,0,0,0,0,0,0,0,0,0
Paludisphaera,0,0,0,0,0,0,0,0,0,0,0,0,0,0,0,0,0,0,0,0,0,0,0,0
Singulisphaera,0,0,0,0,0,0,0,0,0,0,0,0,0,0,0,0,0,0,0,0,0,0,0,0
Tautonia,0,0,0,0,0,0,0,0,0,0,0,0,0,0,0,0,0,0,0,0,0,0,0,0
Blastopirellula,0,0,0,0,0,0,0,0,0,0,0,0,0,0,0,0,0,0,0,0,0,0,0,0
Mariniblastus,0,0,0,0,0,0,0,0,0,0,0,0,0,0,0,0,0,0,0,0,0,0,0,0
Pirellula,0,0,0,0,0,0,0,0,0,0,0,0,0,0,0,0,0,0,0,0,0,0,0,0
Rhodopirellula,0,0,0,0,0,0,0,0,0,0,0,0,0,0,0,0,0,0,0,0,0,0,0,0
Roseimaritima,0,0,0,0,0,0,0,0,0,0,0,0,0,0,0,0,0,0,0,0,0,0,0,0
Rubripirellula,0,0,0,0,0,0,0,0,0,0,0,0,0,0,0,0,0,0,0,0,0,0,0,0
Thermogutta,0,0,0,0,0,0,0,0,0,0,0,0,0,0,0,0,0,0,0,0,0,0,0,0
Fuerstiella,0,0,0,0,0,0,0,0,0,0,0,0,0,0,0,0,0,0,0,0,0,0,0,0
Gimesia,0,0,0,0,0,0,0,0,0,0,0,0,0,0,0,0,0,0,0,0,0,0,0,0
Planctomicrobium,0,0,0,0,0,0,0,0,0,0,0,0,0,0,0,0,0,0,0,0,0,0,0,0
Planctomyces,0,0,0,0,0,0,0,0,0,0,0,0,0,0,0,0,0,0,0,0,0,0,0,0
Planctopirus,0,0,0,0,0,0,0,0,0,0,0,0,0,0,0,0,0,0,0,0,0,0,0,0
Rubinisphaera,0,0,0,0,0,0,0,0,0,0,0,0,0,0,0,0,0,0,0,0,0,0,0,0
Schlesneria,0,0,0,0,0,0,0,0,0,0,0,0,0,0,0,0,0,0,0,0,0,0,0,0
Acidithiobacillus,0,0,0,0,0,0,0,0,0,0,0,0,0,0,0,0,0,0,0,0,0,0,0,0
Aquidulcibacter,0,0,0,0,0,0,0,0,0,0,0,0,0,0,0,0,0,0,0,0,0,0,0,0
Asticcacaulis,0,0,0,0,0,0,0,0,0,0,0,0,0,0,0,0,0,0,0,0,0,0,0,0
Brevundimonas,0,0,0,0,0,0,0,0,0,0,0,0,0,0,0,0,0,0,0,0,0,0,0,0
Caulobacter,0,0,0,0,0,0,0,0,0,0,0,0,0,0,0,0,0,0,0,0,0,0,0,0
Phenylobacterium,0,0,0,0,0,0,0,0,0,0,0,0,0,0,0,0,0,0,0,0,0,0,0,0
Paremcibacter,0,0,0,0,0,0,0,0,0,0,0,0,0,0,0,0,0,0,0,0,0,0,0,0
Caedimonas,0,0,0,0,0,0,0,0,0,0,0,0,0,0,0,0,0,0,0,0,0,0,0,0
Candidatus_Nucleicultrix,0,0,0,0,0,0,0,0,0,0,0,0,0,0,0,0,0,0,0,0,0,0,0,0
Candidatus_Paracaedimonas,0,0,0,0,0,0,0,0,0,0,0,0,0,0,0,0,0,0,0,0,0,0,0,0
Candidatus_Finniella,0,0,0,0,0,0,0,0,0,0,0,0,0,0,0,0,0,0,0,0,0,0,0,0
Candidatus_Odyssella,0,0,0,0,0,0,0,0,0,0,0,0,0,0,0,0,0,0,0,0,0,0,0,0
Candidatus_Paracaedibacter,0,0,0,0,0,0,0,0,0,0,0,0,0,0,0,0,0,0,0,0,0,0,0,0
Aestuariivirga,0,0,0,0,0,0,0,0,0,0,0,0,0,0,0,0,0,0,0,0,0,0,0,0
Afifella,0,0,0,0,0,0,0,0,0,0,0,0,0,0,0,0,0,0,0,0,0,0,0,0
Ahrensia,0,0,0,0,0,0,0,0,0,0,0,0,0,0,0,0,0,0,0,0,0,0,0,0
Alsobacter,0,0,0,0,0,0,0,0,0,0,0,0,0,0,0,0,0,0,0,0,0,0,0,0
Acuticoccus,0,0,0,0,0,0,0,0,0,0,0,0,0,0,0,0,0,0,0,0,0,0,0,0
Aurantimonas,0,0,0,0,0,0,0,0,0,0,0,0,0,0,0,0,0,0,0,0,0,0,0,0
Aureimonas,0,0,0,0,0,0,0,0,0,0,0,0,0,0,0,0,0,0,0,0,0,0,0,0
Fulvimarina,0,0,0,0,0,0,0,0,0,0,0,0,0,0,0,0,0,0,0,0,0,0,0,0
Martelella,0,0,0,0,0,0,0,0,0,0,0,0,0,0,0,0,0,0,0,0,0,0,0,0
Bartonella,0,0,0,0,0,0,0,0,0,0,0,0,0,0,0,0,0,0,0,0,0,0,0,0
Beijerinckia,0,0,0,0,0,0,0,0,0,0,0,0,0,0,0,0,0,0,0,0,0,0,0,0
Methylocapsa,0,0,0,0,0,0,0,0,0,0,0,0,0,0,0,0,0,0,0,0,0,0,0,0
Methyloferula,0,0,0,0,0,0,0,0,0,0,0,0,0,0,0,0,0,0,0,0,0,0,0,0
Methylovirgula,0,0,0,0,0,0,0,0,0,0,0,0,0,0,0,0,0,0,0,0,0,0,0,0
Rhodoblastus,0,0,0,0,0,0,0,0,0,0,0,0,0,0,0,0,0,0,0,0,0,0,0,0
Blastochloris,0,0,0,0,0,0,0,0,0,0,0,0,0,0,0,0,0,0,0,0,0,0,0,0
Afipia,0,0,0,0,0,0,0,0,0,0,0,0,0,0,0,0,0,0,0,0,0,0,0,0
Bradyrhizobium,0,0,0,0,0,0,0,0,0,0,0,0,0,0,0,0,0,0,0,0,0,0,0,0
Nitrobacter,0,0,0,0,0,0,0,0,0,0,0,0,0,0,0,0,0,0,0,0,0,0,0,0
Rhodopseudomonas,0,0,0,0,0,0,0,0,0,0,0,0,0,0,0,0,0,0,0,0,0,0,0,0
Tardiphaga,0,0,0,0,0,0,0,0,0,0,0,0,0,0,0,0,0,0,0,0,0,0,0,0
Variibacter,0,0,0,0,0,0,0,0,0,0,0,0,0,0,0,0,0,0,0,0,0,0,0,0
Brucella,0,0,0,0,0,0,0,0,0,0,0,0,0,0,0,0,0,0,0,0,0,0,0,0
Falsochrobactrum,0,0,0,0,0,0,0,0,0,0,0,0,0,0,0,0,0,0,0,0,0,0,0,0
Ochrobactrum,0,0,0,0,0,0,0,0,0,0,0,0,0,0,0,0,0,0,0,0,0,0,0,0
Chelatococcus,0,0,0,0,0,0,0,0,0,0,0,0,0,0,0,0,0,0,0,0,0,0,0,0
Cohaesibacter,0,0,0,0,0,0,0,0,0,0,0,0,0,0,0,0,0,0,0,0,0,0,0,0
Arsenicitalea,0,0,0,0,0,0,0,0,0,0,0,0,0,0,0,0,0,0,0,0,0,0,0,0
Devosia,0,0,0,0,0,0,0,0,0,0,0,0,0,0,0,0,0,0,0,0,0,0,0,0
Maritalea,0,0,0,0,0,0,0,0,0,0,0,0,0,0,0,0,0,0,0,0,0,0,0,0
Pelagibacterium,0,0,0,0,0,0,0,0,0,0,0,0,0,0,0,0,0,0,0,0,0,0,0,0
Aquabacter,0,0,0,0,0,0,0,0,0,0,0,0,0,0,0,0,0,0,0,0,0,0,0,0
Dichotomicrobium,0,0,0,0,0,0,0,0,0,0,0,0,0,0,0,0,0,0,0,0,0,0,0,0
Hyphomicrobium,0,0,0,0,0,0,0,0,0,0,0,0,0,0,0,0,0,0,0,0,0,0,0,0
Methyloceanibacter,0,0,0,0,0,0,0,0,0,0,0,0,0,0,0,0,0,0,0,0,0,0,0,0
Methyloligella,0,0,0,0,0,0,0,0,0,0,0,0,0,0,0,0,0,0,0,0,0,0,0,0
Rhodomicrobium,0,0,0,0,0,0,0,0,0,0,0,0,0,0,0,0,0,0,0,0,0,0,0,0
Rhodoplanes,0,0,0,0,0,0,0,0,0,0,0,0,0,0,0,0,0,0,0,0,0,0,0,0
Bauldia,0,0,0,0,0,0,0,0,0,0,0,0,0,0,0,0,0,0,0,0,0,0,0,0
Kaistia,0,0,0,0,0,0,0,0,0,0,0,0,0,0,0,0,0,0,0,0,0,0,0,0
Lichenibacterium,0,0,0,0,0,0,0,0,0,0,0,0,0,0,0,0,0,0,0,0,0,0,0,0
Methylobacterium,0,0,0,0,0,0,0,0,0,0,0,0,0,0,0,0,0,0,0,0,0,0,0,0
Methylorubrum,0,0,0,0,0,0,0,0,0,0,0,0,0,0,0,0,0,0,0,0,0,0,0,0
Microvirga,0,0,0,0,0,0,0,0,0,0,0,0,0,0,0,0,0,0,0,0,0,0,0,0
Hansschlegelia,0,0,0,0,0,0,0,0,0,0,0,0,0,0,0,0,0,0,0,0,0,0,0,0
Methylocystis,0,0,0,0,0,0,0,0,0,0,0,0,0,0,0,0,0,0,0,0,0,0,0,0
Methylosinus,0,0,0,0,0,0,0,0,0,0,0,0,0,0,0,0,0,0,0,0,0,0,0,0
Notoacmeibacter,0,0,0,0,0,0,0,0,0,0,0,0,0,0,0,0,0,0,0,0,0,0,0,0
Anderseniella,0,0,0,0,0,0,0,0,0,0,0,0,0,0,0,0,0,0,0,0,0,0,0,0
Candidatus_Phaeomarinobacter,0,0,0,0,0,0,0,0,0,0,0,0,0,0,0,0,0,0,0,0,0,0,0,0
Phreatobacter,0,0,0,0,0,0,0,0,0,0,0,0,0,0,0,0,0,0,0,0,0,0,0,0
Aliihoeflea,0,0,0,0,0,0,0,0,0,0,0,0,0,0,0,0,0,0,0,0,0,0,0,0
Aquamicrobium,0,0,0,0,0,0,0,0,0,0,0,0,0,0,0,0,0,0,0,0,0,0,0,0
Chelativorans,0,0,0,0,0,0,0,0,0,0,0,0,0,0,0,0,0,0,0,0,0,0,0,0
Hoeflea,0,0,0,0,0,0,0,0,0,0,0,0,0,0,0,0,0,0,0,0,0,0,0,0
Mesorhizobium,0,0,0,0,0,0,0,0,0,0,0,0,0,0,0,0,0,0,0,0,0,0,0,0
Nitratireductor,0,0,0,0,0,0,0,0,0,0,0,0,0,0,0,0,0,0,0,0,0,0,0,0
Phyllobacterium,0,0,0,0,0,0,0,0,0,0,0,0,0,0,0,0,0,0,0,0,0,0,0,0
Pseudaminobacter,0,0,0,0,0,0,0,0,0,0,0,0,0,0,0,0,0,0,0,0,0,0,0,0
Zhengella,0,0,0,0,0,0,0,0,0,0,0,0,0,0,0,0,0,0,0,0,0,0,0,0
Hartmannibacter,0,0,0,0,0,0,0,0,0,0,0,0,0,0,0,0,0,0,0,0,0,0,0,0
Pseudoxanthobacter,0,0,0,0,0,0,0,0,0,0,0,0,0,0,0,0,0,0,0,0,0,0,0,0
Reyranella,0,0,0,0,0,0,0,0,0,0,0,0,0,0,0,0,0,0,0,0,0,0,0,0
Agrobacterium,0,0,0,0,0,0,0,0,0,0,0,0,0,0,0,0,0,0,0,0,0,0,0,0
Ciceribacter,0,0,0,0,0,0,0,0,0,0,0,0,0,0,0,0,0,0,0,0,0,0,0,0
Ensifer,0,0,0,0,0,0,0,0,0,0,0,0,0,0,0,0,0,0,0,0,0,0,0,0
Georhizobium,0,0,0,0,0,0,0,0,0,0,0,0,0,0,0,0,0,0,0,0,0,0,0,0
Liberibacter,0,0,0,0,0,0,0,0,0,0,0,0,0,0,0,0,0,0,0,0,0,0,0,0
Neorhizobium,0,0,0,0,0,0,0,0,0,0,0,0,0,0,0,0,0,0,0,0,0,0,0,0
Pararhizobium,0,0,0,0,0,0,0,0,0,0,0,0,0,0,0,0,0,0,0,0,0,0,0,0
Pseudorhizobium,0,0,0,0,0,0,0,0,0,0,0,0,0,0,0,0,0,0,0,0,0,0,0,0
Rhizobium,0,0,0,0,0,0,0,0,0,0,0,0,0,0,0,0,0,0,0,0,0,0,0,0
Shinella,0,0,0,0,0,0,0,0,0,0,0,0,0,0,0,0,0,0,0,0,0,0,0,0
Sinorhizobium,0,0,0,0,0,0,0,0,0,0,0,0,0,0,0,0,0,0,0,0,0,0,0,0
Fodinicurvata,0,0,0,0,0,0,0,0,0,0,0,0,0,0,0,0,0,0,0,0,0,0,0,0
Rhodovibrio,0,0,0,0,0,0,0,0,0,0,0,0,0,0,0,0,0,0,0,0,0,0,0,0
Tistlia,0,0,0,0,0,0,0,0,0,0,0,0,0,0,0,0,0,0,0,0,0,0,0,0
Roseiarcus,0,0,0,0,0,0,0,0,0,0,0,0,0,0,0,0,0,0,0,0,0,0,0,0
Salinarimonas,0,0,0,0,0,0,0,0,0,0,0,0,0,0,0,0,0,0,0,0,0,0,0,0
Labrenzia,0,0,0,0,0,0,0,0,0,0,0,0,0,0,0,0,0,0,0,0,0,0,0,0
Pannonibacter,0,0,0,0,0,0,0,0,0,0,0,0,0,0,0,0,0,0,0,0,0,0,0,0
Pseudovibrio,0,0,0,0,0,0,0,0,0,0,0,0,0,0,0,0,0,0,0,0,0,0,0,0
Roseibium,0,0,0,0,0,0,0,0,0,0,0,0,0,0,0,0,0,0,0,0,0,0,0,0
Stappia,0,0,0,0,0,0,0,0,0,0,0,0,0,0,0,0,0,0,0,0,0,0,0,0
Lutibaculum,0,0,0,0,0,0,0,0,0,0,0,0,0,0,0,0,0,0,0,0,0,0,0,0
Candidatus_Tokpelaia,0,0,0,0,0,0,0,0,0,0,0,0,0,0,0,0,0,0,0,0,0,0,0,0
Enhydrobacter,0,0,0,0,0,0,0,0,0,0,0,0,0,0,0,0,0,0,0,0,0,0,0,0
Ancylobacter,0,0,0,0,0,0,0,0,0,0,0,0,0,0,0,0,0,0,0,0,0,0,0,0
Azorhizobium,0,0,0,0,0,0,0,0,0,0,0,0,0,0,0,0,0,0,0,0,0,0,0,0
Labrys,0,0,0,0,0,0,0,0,0,0,0,0,0,0,0,0,0,0,0,0,0,0,0,0
Pseudolabrys,0,0,0,0,0,0,0,0,0,0,0,0,0,0,0,0,0,0,0,0,0,0,0,0
Starkeya,0,0,0,0,0,0,0,0,0,0,0,0,0,0,0,0,0,0,0,0,0,0,0,0
Xanthobacter,0,0,0,0,0,0,0,0,0,0,0,0,0,0,0,0,0,0,0,0,0,0,0,0
Candidatus_Viadribacter,0,0,0,0,0,0,0,0,0,0,0,0,0,0,0,0,0,0,0,0,0,0,0,0
Henriciella,0,0,0,0,0,0,0,0,0,0,0,0,0,0,0,0,0,0,0,0,0,0,0,0
Hirschia,0,0,0,0,0,0,0,0,0,0,0,0,0,0,0,0,0,0,0,0,0,0,0,0
Hyphomonas,0,0,0,0,0,0,0,0,0,0,0,0,0,0,0,0,0,0,0,0,0,0,0,0
Ponticaulis,0,0,0,0,0,0,0,0,0,0,0,0,0,0,0,0,0,0,0,0,0,0,0,0
Eilatimonas,0,0,0,0,0,0,0,0,0,0,0,0,0,0,0,0,0,0,0,0,0,0,0,0
Kordiimonas,0,0,0,0,0,0,0,0,0,0,0,0,0,0,0,0,0,0,0,0,0,0,0,0
Candidatus_Magnetaquicoccus,0,0,0,0,0,0,0,0,0,0,0,0,0,0,0,0,0,0,0,0,0,0,0,0
Magnetococcus,0,0,0,0,0,0,0,0,0,0,0,0,0,0,0,0,0,0,0,0,0,0,0,0
Magnetofaba,0,0,0,0,0,0,0,0,0,0,0,0,0,0,0,0,0,0,0,0,0,0,0,0
Hyphobacterium,0,0,0,0,0,0,0,0,0,0,0,0,0,0,0,0,0,0,0,0,0,0,0,0
Maricaulis,0,0,0,0,0,0,0,0,0,0,0,0,0,0,0,0,0,0,0,0,0,0,0,0
Marinicauda,0,0,0,0,0,0,0,0,0,0,0,0,0,0,0,0,0,0,0,0,0,0,0,0
Oceanicaulis,0,0,0,0,0,0,0,0,0,0,0,0,0,0,0,0,0,0,0,0,0,0,0,0
Litorimonas,0,0,0,0,0,0,0,0,0,0,0,0,0,0,0,0,0,0,0,0,0,0,0,0
Robiginitomaculum,0,0,0,0,0,0,0,0,0,0,0,0,0,0,0,0,0,0,0,0,0,0,0,0
Minwuia,0,0,0,0,0,0,0,0,0,0,0,0,0,0,0,0,0,0,0,0,0,0,0,0
Amphiplicatus,0,0,0,0,0,0,0,0,0,0,0,0,0,0,0,0,0,0,0,0,0,0,0,0
Parvularcula,0,0,0,0,0,0,0,0,0,0,0,0,0,0,0,0,0,0,0,0,0,0,0,0
Candidatus_Pelagibacter,0,0,0,0,0,0,0,0,0,0,0,0,0,0,0,0,0,0,0,0,0,0,0,0
Albidovulum,0,0,0,0,0,0,0,0,0,0,0,0,0,0,0,0,0,0,0,0,0,0,0,0
Albimonas,0,0,0,0,0,0,0,0,0,0,0,0,0,0,0,0,0,0,0,0,0,0,0,0
Aliiroseovarius,0,0,0,0,0,0,0,0,0,0,0,0,0,0,0,0,0,0,0,0,0,0,0,0
Cereibacter,0,0,0,0,0,0,0,0,0,0,0,0,0,0,0,0,0,0,0,0,0,0,0,0
Defluviimonas,0,0,0,0,0,0,0,0,0,0,0,0,0,0,0,0,0,0,0,0,0,0,0,0
Falsigemmobacter,0,0,0,0,0,0,0,0,0,0,0,0,0,0,0,0,0,0,0,0,0,0,0,0
Flavimaricola,0,0,0,0,0,0,0,0,0,0,0,0,0,0,0,0,0,0,0,0,0,0,0,0
Frigidibacter,0,0,0,0,0,0,0,0,0,0,0,0,0,0,0,0,0,0,0,0,0,0,0,0
Gemmobacter,0,0,0,0,0,0,0,0,0,0,0,0,0,0,0,0,0,0,0,0,0,0,0,0
Haematobacter,0,0,0,0,0,0,0,0,0,0,0,0,0,0,0,0,0,0,0,0,0,0,0,0
Jhaorihella,0,0,0,0,0,0,0,0,0,0,0,0,0,0,0,0,0,0,0,0,0,0,0,0
Limimaricola,0,0,0,0,0,0,0,0,0,0,0,0,0,0,0,0,0,0,0,0,0,0,0,0
Litorivita,0,0,0,0,0,0,0,0,0,0,0,0,0,0,0,0,0,0,0,0,0,0,0,0
Marinibacterium,0,0,0,0,0,0,0,0,0,0,0,0,0,0,0,0,0,0,0,0,0,0,0,0
Marivivens,0,0,0,0,0,0,0,0,0,0,0,0,0,0,0,0,0,0,0,0,0,0,0,0
Natronohydrobacter,0,0,0,0,0,0,0,0,0,0,0,0,0,0,0,0,0,0,0,0,0,0,0,0
Nioella,0,0,0,0,0,0,0,0,0,0,0,0,0,0,0,0,0,0,0,0,0,0,0,0
Oceanibium,0,0,0,0,0,0,0,0,0,0,0,0,0,0,0,0,0,0,0,0,0,0,0,0
Oceanicella,0,0,0,0,0,0,0,0,0,0,0,0,0,0,0,0,0,0,0,0,0,0,0,0
Oceaniglobus,0,0,0,0,0,0,0,0,0,0,0,0,0,0,0,0,0,0,0,0,0,0,0,0
Pacificitalea,0,0,0,0,0,0,0,0,0,0,0,0,0,0,0,0,0,0,0,0,0,0,0,0
Paracoccus,0,0,0,0,0,0,0,0,0,0,0,0,0,0,0,0,0,0,0,0,0,0,0,0
Pararhodobacter,0,0,0,0,0,0,0,0,0,0,0,0,0,0,0,0,0,0,0,0,0,0,0,0
Polymorphum,0,0,0,0,0,0,0,0,0,0,0,0,0,0,0,0,0,0,0,0,0,0,0,0
Pontivivens,0,0,0,0,0,0,0,0,0,0,0,0,0,0,0,0,0,0,0,0,0,0,0,0
Pseudodonghicola,0,0,0,0,0,0,0,0,0,0,0,0,0,0,0,0,0,0,0,0,0,0,0,0
Pseudooceanicola,0,0,0,0,0,0,0,0,0,0,0,0,0,0,0,0,0,0,0,0,0,0,0,0
Pseudopuniceibacterium,0,0,0,0,0,0,0,0,0,0,0,0,0,0,0,0,0,0,0,0,0,0,0,0
Pseudorhodobacter,0,0,0,0,0,0,0,0,0,0,0,0,0,0,0,0,0,0,0,0,0,0,0,0
Pseudoroseicyclus,0,0,0,0,0,0,0,0,0,0,0,0,0,0,0,0,0,0,0,0,0,0,0,0
Puniceibacterium,0,0,0,0,0,0,0,0,0,0,0,0,0,0,0,0,0,0,0,0,0,0,0,0
Rhodobacter,0,0,0,0,0,0,0,0,0,0,0,0,0,0,0,0,0,0,0,0,0,0,0,0
Rhodovulum,0,0,0,0,0,0,0,0,0,0,0,0,0,0,0,0,0,0,0,0,0,0,0,0
Rubrimonas,0,0,0,0,0,0,0,0,0,0,0,0,0,0,0,0,0,0,0,0,0,0,0,0
Sinirhodobacter,0,0,0,0,0,0,0,0,0,0,0,0,0,0,0,0,0,0,0,0,0,0,0,0
Thalassobium,0,0,0,0,0,0,0,0,0,0,0,0,0,0,0,0,0,0,0,0,0,0,0,0
Thalassorhabdomicrobium,0,0,0,0,0,0,0,0,0,0,0,0,0,0,0,0,0,0,0,0,0,0,0,0
Thioclava,0,0,0,0,0,0,0,0,0,0,0,0,0,0,0,0,0,0,0,0,0,0,0,0
Tritonibacter,0,0,0,0,0,0,0,0,0,0,0,0,0,0,0,0,0,0,0,0,0,0,0,0
Vannielia,0,0,0,0,0,0,0,0,0,0,0,0,0,0,0,0,0,0,0,0,0,0,0,0
Yoonia,0,0,0,0,0,0,0,0,0,0,0,0,0,0,0,0,0,0,0,0,0,0,0,0
Aliiruegeria,0,0,0,0,0,0,0,0,0,0,0,0,0,0,0,0,0,0,0,0,0,0,0,0
Antarctobacter,0,0,0,0,0,0,0,0,0,0,0,0,0,0,0,0,0,0,0,0,0,0,0,0
Celeribacter,0,0,0,0,0,0,0,0,0,0,0,0,0,0,0,0,0,0,0,0,0,0,0,0
Citreicella,0,0,0,0,0,0,0,0,0,0,0,0,0,0,0,0,0,0,0,0,0,0,0,0
Donghicola,0,0,0,0,0,0,0,0,0,0,0,0,0,0,0,0,0,0,0,0,0,0,0,0
Epibacterium,0,0,0,0,0,0,0,0,0,0,0,0,0,0,0,0,0,0,0,0,0,0,0,0
Hwanghaeicola,0,0,0,0,0,0,0,0,0,0,0,0,0,0,0,0,0,0,0,0,0,0,0,0
Jannaschia,0,0,0,0,0,0,0,0,0,0,0,0,0,0,0,0,0,0,0,0,0,0,0,0
Leisingera,0,0,0,0,0,0,0,0,0,0,0,0,0,0,0,0,0,0,0,0,0,0,0,0
Lentibacter,0,0,0,0,0,0,0,0,0,0,0,0,0,0,0,0,0,0,0,0,0,0,0,0
Litoreibacter,0,0,0,0,0,0,0,0,0,0,0,0,0,0,0,0,0,0,0,0,0,0,0,0
Loktanella,0,0,0,0,0,0,0,0,0,0,0,0,0,0,0,0,0,0,0,0,0,0,0,0
Mameliella,0,0,0,0,0,0,0,0,0,0,0,0,0,0,0,0,0,0,0,0,0,0,0,0
Marinovum,0,0,0,0,0,0,0,0,0,0,0,0,0,0,0,0,0,0,0,0,0,0,0,0
Maritimibacter,0,0,0,0,0,0,0,0,0,0,0,0,0,0,0,0,0,0,0,0,0,0,0,0
Marivita,0,0,0,0,0,0,0,0,0,0,0,0,0,0,0,0,0,0,0,0,0,0,0,0
Octadecabacter,0,0,0,0,0,0,0,0,0,0,0,0,0,0,0,0,0,0,0,0,0,0,0,0
Pacificibacter,0,0,0,0,0,0,0,0,0,0,0,0,0,0,0,0,0,0,0,0,0,0,0,0
Phaeobacter,0,0,0,0,0,0,0,0,0,0,0,0,0,0,0,0,0,0,0,0,0,0,0,0
Poseidonocella,0,0,0,0,0,0,0,0,0,0,0,0,0,0,0,0,0,0,0,0,0,0,0,0
Primorskyibacter,0,0,0,0,0,0,0,0,0,0,0,0,0,0,0,0,0,0,0,0,0,0,0,0
Pseudoruegeria,0,0,0,0,0,0,0,0,0,0,0,0,0,0,0,0,0,0,0,0,0,0,0,0
Roseibacterium,0,0,0,0,0,0,0,0,0,0,0,0,0,0,0,0,0,0,0,0,0,0,0,0
Roseivivax,0,0,0,0,0,0,0,0,0,0,0,0,0,0,0,0,0,0,0,0,0,0,0,0
Roseobacter,0,0,0,0,0,0,0,0,0,0,0,0,0,0,0,0,0,0,0,0,0,0,0,0
Roseovarius,0,0,0,0,0,0,0,0,0,0,0,0,0,0,0,0,0,0,0,0,0,0,0,0
Ruegeria,0,0,0,0,0,0,0,0,0,0,0,0,0,0,0,0,0,0,0,0,0,0,0,0
Sagittula,0,0,0,0,0,0,0,0,0,0,0,0,0,0,0,0,0,0,0,0,0,0,0,0
Salibaculum,0,0,0,0,0,0,0,0,0,0,0,0,0,0,0,0,0,0,0,0,0,0,0,0
Salipiger,0,0,0,0,0,0,0,0,0,0,0,0,0,0,0,0,0,0,0,0,0,0,0,0
Shimia,0,0,0,0,0,0,0,0,0,0,0,0,0,0,0,0,0,0,0,0,0,0,0,0
Sulfitobacter,0,0,0,0,0,0,0,0,0,0,0,0,0,0,0,0,0,0,0,0,0,0,0,0
Tateyamaria,0,0,0,0,0,0,0,0,0,0,0,0,0,0,0,0,0,0,0,0,0,0,0,0
Thalassobacter,0,0,0,0,0,0,0,0,0,0,0,0,0,0,0,0,0,0,0,0,0,0,0,0
Thalassobius,0,0,0,0,0,0,0,0,0,0,0,0,0,0,0,0,0,0,0,0,0,0,0,0
Thalassococcus,0,0,0,0,0,0,0,0,0,0,0,0,0,0,0,0,0,0,0,0,0,0,0,0
Tranquillimonas,0,0,0,0,0,0,0,0,0,0,0,0,0,0,0,0,0,0,0,0,0,0,0,0
Tropicimonas,0,0,0,0,0,0,0,0,0,0,0,0,0,0,0,0,0,0,0,0,0,0,0,0
Wenxinia,0,0,0,0,0,0,0,0,0,0,0,0,0,0,0,0,0,0,0,0,0,0,0,0
Acidiphilium,0,0,0,0,0,0,0,0,0,0,0,0,0,0,0,0,0,0,0,0,0,0,0,0
Acidocella,0,0,0,0,0,0,0,0,0,0,0,0,0,0,0,0,0,0,0,0,0,0,0,0
Acidomonas,0,0,0,0,0,0,0,0,0,0,0,0,0,0,0,0,0,0,0,0,0,0,0,0
Asaia,0,0,0,0,0,0,0,0,0,0,0,0,0,0,0,0,0,0,0,0,0,0,0,0
Belnapia,0,0,0,0,0,0,0,0,0,0,0,0,0,0,0,0,0,0,0,0,0,0,0,0
Commensalibacter,0,0,0,0,0,0,0,0,0,0,0,0,0,0,0,0,0,0,0,0,0,0,0,0
Gluconacetobacter,0,0,0,0,0,0,0,0,0,0,0,0,0,0,0,0,0,0,0,0,0,0,0,0
Gluconobacter,0,0,0,0,0,0,0,0,0,0,0,0,0,0,0,0,0,0,0,0,0,0,0,0
Granulibacter,0,0,0,0,0,0,0,0,0,0,0,0,0,0,0,0,0,0,0,0,0,0,0,0
Humitalea,0,0,0,0,0,0,0,0,0,0,0,0,0,0,0,0,0,0,0,0,0,0,0,0
Komagataeibacter,0,0,0,0,0,0,0,0,0,0,0,0,0,0,0,0,0,0,0,0,0,0,0,0
Neokomagataea,0,0,0,0,0,0,0,0,0,0,0,0,0,0,0,0,0,0,0,0,0,0,0,0
Rhodovarius,0,0,0,0,0,0,0,0,0,0,0,0,0,0,0,0,0,0,0,0,0,0,0,0
Roseicella,0,0,0,0,0,0,0,0,0,0,0,0,0,0,0,0,0,0,0,0,0,0,0,0
Roseomonas,0,0,0,0,0,0,0,0,0,0,0,0,0,0,0,0,0,0,0,0,0,0,0,0
Rubritepida,0,0,0,0,0,0,0,0,0,0,0,0,0,0,0,0,0,0,0,0,0,0,0,0
Saccharibacter,0,0,0,0,0,0,0,0,0,0,0,0,0,0,0,0,0,0,0,0,0,0,0,0
Tanticharoenia,0,0,0,0,0,0,0,0,0,0,0,0,0,0,0,0,0,0,0,0,0,0,0,0
Indioceanicola,0,0,0,0,0,0,0,0,0,0,0,0,0,0,0,0,0,0,0,0,0,0,0,0
Nitrospirillum,0,0,0,0,0,0,0,0,0,0,0,0,0,0,0,0,0,0,0,0,0,0,0,0
Niveispirillum,0,0,0,0,0,0,0,0,0,0,0,0,0,0,0,0,0,0,0,0,0,0,0,0
Oleisolibacter,0,0,0,0,0,0,0,0,0,0,0,0,0,0,0,0,0,0,0,0,0,0,0,0
Skermanella,0,0,0,0,0,0,0,0,0,0,0,0,0,0,0,0,0,0,0,0,0,0,0,0
Elioraea,0,0,0,0,0,0,0,0,0,0,0,0,0,0,0,0,0,0,0,0,0,0,0,0
Arboricoccus,0,0,0,0,0,0,0,0,0,0,0,0,0,0,0,0,0,0,0,0,0,0,0,0
Geminicoccus,0,0,0,0,0,0,0,0,0,0,0,0,0,0,0,0,0,0,0,0,0,0,0,0
Aestuariispira,0,0,0,0,0,0,0,0,0,0,0,0,0,0,0,0,0,0,0,0,0,0,0,0
Kiloniella,0,0,0,0,0,0,0,0,0,0,0,0,0,0,0,0,0,0,0,0,0,0,0,0
Algihabitans,0,0,0,0,0,0,0,0,0,0,0,0,0,0,0,0,0,0,0,0,0,0,0,0
Caenispirillum,0,0,0,0,0,0,0,0,0,0,0,0,0,0,0,0,0,0,0,0,0,0,0,0
Candidatus_Endolissoclinum,0,0,0,0,0,0,0,0,0,0,0,0,0,0,0,0,0,0,0,0,0,0,0,0
Dongia,0,0,0,0,0,0,0,0,0,0,0,0,0,0,0,0,0,0,0,0,0,0,0,0
Elstera,0,0,0,0,0,0,0,0,0,0,0,0,0,0,0,0,0,0,0,0,0,0,0,0
Haematospirillum,0,0,0,0,0,0,0,0,0,0,0,0,0,0,0,0,0,0,0,0,0,0,0,0
Hwanghaeella,0,0,0,0,0,0,0,0,0,0,0,0,0,0,0,0,0,0,0,0,0,0,0,0
Inquilinus,0,0,0,0,0,0,0,0,0,0,0,0,0,0,0,0,0,0,0,0,0,0,0,0
Insolitispirillum,0,0,0,0,0,0,0,0,0,0,0,0,0,0,0,0,0,0,0,0,0,0,0,0
Magnetospirillum,0,0,0,0,0,0,0,0,0,0,0,0,0,0,0,0,0,0,0,0,0,0,0,0
Novispirillum,0,0,0,0,0,0,0,0,0,0,0,0,0,0,0,0,0,0,0,0,0,0,0,0
Pararhodospirillum,0,0,0,0,0,0,0,0,0,0,0,0,0,0,0,0,0,0,0,0,0,0,0,0
Rhodospira,0,0,0,0,0,0,0,0,0,0,0,0,0,0,0,0,0,0,0,0,0,0,0,0
Rhodospirillum,0,0,0,0,0,0,0,0,0,0,0,0,0,0,0,0,0,0,0,0,0,0,0,0
Roseospirillum,0,0,0,0,0,0,0,0,0,0,0,0,0,0,0,0,0,0,0,0,0,0,0,0
Telmatospirillum,0,0,0,0,0,0,0,0,0,0,0,0,0,0,0,0,0,0,0,0,0,0,0,0
Tistrella,0,0,0,0,0,0,0,0,0,0,0,0,0,0,0,0,0,0,0,0,0,0,0,0
Stella,0,0,0,0,0,0,0,0,0,0,0,0,0,0,0,0,0,0,0,0,0,0,0,0
Terasakiella,0,0,0,0,0,0,0,0,0,0,0,0,0,0,0,0,0,0,0,0,0,0,0,0
Nisaea,0,0,0,0,0,0,0,0,0,0,0,0,0,0,0,0,0,0,0,0,0,0,0,0
Oceanibaculum,0,0,0,0,0,0,0,0,0,0,0,0,0,0,0,0,0,0,0,0,0,0,0,0
Thalassobaculum,0,0,0,0,0,0,0,0,0,0,0,0,0,0,0,0,0,0,0,0,0,0,0,0
Magnetospira,0,0,0,0,0,0,0,0,0,0,0,0,0,0,0,0,0,0,0,0,0,0,0,0
Magnetovibrio,0,0,0,0,0,0,0,0,0,0,0,0,0,0,0,0,0,0,0,0,0,0,0,0
Thalassospira,0,0,0,0,0,0,0,0,0,0,0,0,0,0,0,0,0,0,0,0,0,0,0,0
Zavarzinia,0,0,0,0,0,0,0,0,0,0,0,0,0,0,0,0,0,0,0,0,0,0,0,0
Anaplasma,0,0,0,0,0,0,0,0,0,0,0,0,0,0,0,0,0,0,0,0,0,0,0,0
Candidatus_Neoehrlichia,0,0,0,0,0,0,0,0,0,0,0,0,0,0,0,0,0,0,0,0,0,0,0,0
Candidatus_Xenolissoclinum,0,0,0,0,0,0,0,0,0,0,0,0,0,0,0,0,0,0,0,0,0,0,0,0
Neorickettsia,0,0,0,0,0,0,0,0,0,0,0,0,0,0,0,0,0,0,0,0,0,0,0,0
Wolbachia,0,0,0,0,0,0,0,0,0,0,0,0,0,0,0,0,0,0,0,0,0,0,0,0
Candidatus_Aquarickettsia,0,0,0,0,0,0,0,0,0,0,0,0,0,0,0,0,0,0,0,0,0,0,0,0
Candidatus_Jidaibacter,0,0,0,0,0,0,0,0,0,0,0,0,0,0,0,0,0,0,0,0,0,0,0,0
Candidatus_Midichloria,0,0,0,0,0,0,0,0,0,0,0,0,0,0,0,0,0,0,0,0,0,0,0,0
Occidentia,0,0,0,0,0,0,0,0,0,0,0,0,0,0,0,0,0,0,0,0,0,0,0,0
Orientia,0,0,0,0,0,0,0,0,0,0,0,0,0,0,0,0,0,0,0,0,0,0,0,0
Rickettsia,0,0,0,0,0,0,0,0,0,0,0,0,0,0,0,0,0,0,0,0,0,0,0,0
Candidatus_Arcanobacter,0,0,0,0,0,0,0,0,0,0,0,0,0,0,0,0,0,0,0,0,0,0,0,0
Oceanibacterium,0,0,0,0,0,0,0,0,0,0,0,0,0,0,0,0,0,0,0,0,0,0,0,0
Sneathiella,0,0,0,0,0,0,0,0,0,0,0,0,0,0,0,0,0,0,0,0,0,0,0,0
Altererythrobacter,0,0,0,0,0,0,0,0,0,0,0,0,0,0,0,0,0,0,0,0,0,0,0,0
Aurantiacibacter,0,0,0,0,0,0,0,0,0,0,0,0,0,0,0,0,0,0,0,0,0,0,0,0
Croceibacterium,0,0,0,0,0,0,0,0,0,0,0,0,0,0,0,0,0,0,0,0,0,0,0,0
Croceicoccus,0,0,0,0,0,0,0,0,0,0,0,0,0,0,0,0,0,0,0,0,0,0,0,0
Erythrobacter,0,0,0,0,0,0,0,0,0,0,0,0,0,0,0,0,0,0,0,0,0,0,0,0
Porphyrobacter,0,0,0,0,0,0,0,0,0,0,0,0,0,0,0,0,0,0,0,0,0,0,0,0
Qipengyuania,0,0,0,0,0,0,0,0,0,0,0,0,0,0,0,0,0,0,0,0,0,0,0,0
Tsuneonella,0,0,0,0,0,0,0,0,0,0,0,0,0,0,0,0,0,0,0,0,0,0,0,0
Aestuariisphingobium,0,0,0,0,0,0,0,0,0,0,0,0,0,0,0,0,0,0,0,0,0,0,0,0
Blastomonas,0,0,0,0,0,0,0,0,0,0,0,0,0,0,0,0,0,0,0,0,0,0,0,0
Novosphingobium,0,0,0,0,0,0,0,0,0,0,0,0,0,0,0,0,0,0,0,0,0,0,0,0
Parasphingorhabdus,0,0,0,0,0,0,0,0,0,0,0,0,0,0,0,0,0,0,0,0,0,0,0,0
Rhizorhabdus,0,0,0,0,0,0,0,0,0,0,0,0,0,0,0,0,0,0,0,0,0,0,0,0
Sphingobium,0,0,0,0,0,0,0,0,0,0,0,0,0,0,0,0,0,0,0,0,0,0,0,0
Sphingopyxis,0,0,0,0,0,0,0,0,0,0,0,0,0,0,0,0,0,0,0,0,0,0,0,0
Sphingorhabdus,0,0,0,0,0,0,0,0,0,0,0,0,0,0,0,0,0,0,0,0,0,0,0,0
Tardibacter,0,0,0,0,0,0,0,0,0,0,0,0,0,0,0,0,0,0,0,0,0,0,0,0
Pacificimonas,0,0,0,0,0,0,0,0,0,0,0,0,0,0,0,0,0,0,0,0,0,0,0,0
Sphingosinicella,0,0,0,0,0,0,0,0,0,0,0,0,0,0,0,0,0,0,0,0,0,0,0,0
Zymomonas,0,0,0,0,0,0,0,0,0,0,0,0,0,0,0,0,0,0,0,0,0,0,0,0
Candidatus_Micropelagos,0,0,0,0,0,0,0,0,0,0,0,0,0,0,0,0,0,0,0,0,0,0,0,0
Candidatus_Puniceispirillum,0,0,0,0,0,0,0,0,0,0,0,0,0,0,0,0,0,0,0,0,0,0,0,0
Micavibrio,0,0,0,0,0,0,0,0,0,0,0,0,0,0,0,0,0,0,0,0,0,0,0,0
Thermopetrobacter,0,0,0,0,0,0,0,0,0,0,0,0,0,0,0,0,0,0,0,0,0,0,0,0
Achromobacter,0,0,0,0,0,0,0,0,0,0,0,0,0,0,0,0,0,0,0,0,0,0,0,0
Advenella,0,0,0,0,0,0,0,0,0,0,0,0,0,0,0,0,0,0,0,0,0,0,0,0
Alcaligenes,0,0,0,0,0,0,0,0,0,0,0,0,0,0,0,0,0,0,0,0,0,0,0,0
Azohydromonas,0,0,0,0,0,0,0,0,0,0,0,0,0,0,0,0,0,0,0,0,0,0,0,0
Basilea,0,0,0,0,0,0,0,0,0,0,0,0,0,0,0,0,0,0,0,0,0,0,0,0
Bordetella,0,0,0,0,0,0,0,0,0,0,0,0,0,0,0,0,0,0,0,0,0,0,0,0
Candidimonas,0,0,0,0,0,0,0,0,0,0,0,0,0,0,0,0,0,0,0,0,0,0,0,0
Castellaniella,0,0,0,0,0,0,0,0,0,0,0,0,0,0,0,0,0,0,0,0,0,0,0,0
Derxia,0,0,0,0,0,0,0,0,0,0,0,0,0,0,0,0,0,0,0,0,0,0,0,0
Kerstersia,0,0,0,0,0,0,0,0,0,0,0,0,0,0,0,0,0,0,0,0,0,0,0,0
Oligella,0,0,0,0,0,0,0,0,0,0,0,0,0,0,0,0,0,0,0,0,0,0,0,0
Parvibium,0,0,0,0,0,0,0,0,0,0,0,0,0,0,0,0,0,0,0,0,0,0,0,0
Pelistega,0,0,0,0,0,0,0,0,0,0,0,0,0,0,0,0,0,0,0,0,0,0,0,0
Pigmentiphaga,0,0,0,0,0,0,0,0,0,0,0,0,0,0,0,0,0,0,0,0,0,0,0,0
Pusillimonas__ex_Stolz_et_al._2005_,0,0,0,0,0,0,0,0,0,0,0,0,0,0,0,0,0,0,0,0,0,0,0,0
Burkholderia,0,0,0,0,0,0,0,0,0,0,0,0,0,0,0,0,0,0,0,0,0,0,0,0
Caballeronia,0,0,0,0,0,0,0,0,0,0,0,0,0,0,0,0,0,0,0,0,0,0,0,0
Candidatus_Glomeribacter,0,0,0,0,0,0,0,0,0,0,0,0,0,0,0,0,0,0,0,0,0,0,0,0
Chitinimonas,0,0,0,0,0,0,0,0,0,0,0,0,0,0,0,0,0,0,0,0,0,0,0,0
Cupriavidus,0,0,0,0,0,0,0,0,0,0,0,0,0,0,0,0,0,0,0,0,0,0,0,0
Lautropia,0,0,0,0,0,0,0,0,0,0,0,0,0,0,0,0,0,0,0,0,0,0,0,0
Limnobacter,0,0,0,0,0,0,0,0,0,0,0,0,0,0,0,0,0,0,0,0,0,0,0,0
Mycetohabitans,0,0,0,0,0,0,0,0,0,0,0,0,0,0,0,0,0,0,0,0,0,0,0,0
Mycoavidus,0,0,0,0,0,0,0,0,0,0,0,0,0,0,0,0,0,0,0,0,0,0,0,0
Pandoraea,0,0,0,0,0,0,0,0,0,0,0,0,0,0,0,0,0,0,0,0,0,0,0,0
Paraburkholderia,0,0,0,0,0,0,0,0,0,0,0,0,0,0,0,0,0,0,0,0,0,0,0,0
Pararobbsia,0,0,0,0,0,0,0,0,0,0,0,0,0,0,0,0,0,0,0,0,0,0,0,0
Polynucleobacter,0,0,0,0,0,0,0,0,0,0,0,0,0,0,0,0,0,0,0,0,0,0,0,0
Ralstonia,0,0,0,0,0,0,0,0,0,0,0,0,0,0,0,0,0,0,0,0,0,0,0,0
Robbsia,0,0,0,0,0,0,0,0,0,0,0,0,0,0,0,0,0,0,0,0,0,0,0,0
Trinickia,0,0,0,0,0,0,0,0,0,0,0,0,0,0,0,0,0,0,0,0,0,0,0,0
Acidovorax,0,0,0,0,0,0,0,0,0,0,0,0,0,0,0,0,0,0,0,0,0,0,0,0
Albitalea,0,0,0,0,0,0,0,0,0,0,0,0,0,0,0,0,0,0,0,0,0,0,0,0
Alicycliphilus,0,0,0,0,0,0,0,0,0,0,0,0,0,0,0,0,0,0,0,0,0,0,0,0
Caenimonas,0,0,0,0,0,0,0,0,0,0,0,0,0,0,0,0,0,0,0,0,0,0,0,0
Caldimonas,0,0,0,0,0,0,0,0,0,0,0,0,0,0,0,0,0,0,0,0,0,0,0,0
Calidifontimicrobium,0,0,0,0,0,0,0,0,0,0,0,0,0,0,0,0,0,0,0,0,0,0,0,0
Candidatus_Symbiobacter,0,0,0,0,0,0,0,0,0,0,0,0,0,0,0,0,0,0,0,0,0,0,0,0
Comamonas,0,0,0,0,0,0,0,0,0,0,0,0,0,0,0,0,0,0,0,0,0,0,0,0
Curvibacter,0,0,0,0,0,0,0,0,0,0,0,0,0,0,0,0,0,0,0,0,0,0,0,0
Delftia,0,0,0,0,0,0,0,0,0,0,0,0,0,0,0,0,0,0,0,0,0,0,0,0
Extensimonas,0,0,0,0,0,0,0,0,0,0,0,0,0,0,0,0,0,0,0,0,0,0,0,0
Hydrogenophaga,0,0,0,0,0,0,0,0,0,0,0,0,0,0,0,0,0,0,0,0,0,0,0,0
Hylemonella,0,0,0,0,0,0,0,0,0,0,0,0,0,0,0,0,0,0,0,0,0,0,0,0
Lampropedia,0,0,0,0,0,0,0,0,0,0,0,0,0,0,0,0,0,0,0,0,0,0,0,0
Limnohabitans,0,0,0,0,0,0,0,0,0,0,0,0,0,0,0,0,0,0,0,0,0,0,0,0
Macromonas,0,0,0,0,0,0,0,0,0,0,0,0,0,0,0,0,0,0,0,0,0,0,0,0
Malikia,0,0,0,0,0,0,0,0,0,0,0,0,0,0,0,0,0,0,0,0,0,0,0,0
Melaminivora,0,0,0,0,0,0,0,0,0,0,0,0,0,0,0,0,0,0,0,0,0,0,0,0
Pelomonas,0,0,0,0,0,0,0,0,0,0,0,0,0,0,0,0,0,0,0,0,0,0,0,0
Polaromonas,0,0,0,0,0,0,0,0,0,0,0,0,0,0,0,0,0,0,0,0,0,0,0,0
Pseudacidovorax,0,0,0,0,0,0,0,0,0,0,0,0,0,0,0,0,0,0,0,0,0,0,0,0
Pseudorhodoferax,0,0,0,0,0,0,0,0,0,0,0,0,0,0,0,0,0,0,0,0,0,0,0,0
Ramlibacter,0,0,0,0,0,0,0,0,0,0,0,0,0,0,0,0,0,0,0,0,0,0,0,0
Rhodoferax,0,0,0,0,0,0,0,0,0,0,0,0,0,0,0,0,0,0,0,0,0,0,0,0
Simplicispira,0,0,0,0,0,0,0,0,0,0,0,0,0,0,0,0,0,0,0,0,0,0,0,0
Variovorax,0,0,0,0,0,0,0,0,0,0,0,0,0,0,0,0,0,0,0,0,0,0,0,0
Xenophilus,0,0,0,0,0,0,0,0,0,0,0,0,0,0,0,0,0,0,0,0,0,0,0,0
Collimonas,0,0,0,0,0,0,0,0,0,0,0,0,0,0,0,0,0,0,0,0,0,0,0,0
Duganella,0,0,0,0,0,0,0,0,0,0,0,0,0,0,0,0,0,0,0,0,0,0,0,0
Herbaspirillum,0,0,0,0,0,0,0,0,0,0,0,0,0,0,0,0,0,0,0,0,0,0,0,0
Herminiimonas,0,0,0,0,0,0,0,0,0,0,0,0,0,0,0,0,0,0,0,0,0,0,0,0
Janthinobacterium,0,0,0,0,0,0,0,0,0,0,0,0,0,0,0,0,0,0,0,0,0,0,0,0
Massilia,0,0,0,0,0,0,0,0,0,0,0,0,0,0,0,0,0,0,0,0,0,0,0,0
Oxalobacter,0,0,0,0,0,0,0,0,0,0,0,0,0,0,0,0,0,0,0,0,0,0,0,0
Pseudoduganella,0,0,0,0,0,0,0,0,0,0,0,0,0,0,0,0,0,0,0,0,0,0,0,0
Rugamonas,0,0,0,0,0,0,0,0,0,0,0,0,0,0,0,0,0,0,0,0,0,0,0,0
Undibacterium,0,0,0,0,0,0,0,0,0,0,0,0,0,0,0,0,0,0,0,0,0,0,0,0
Dakarella,0,0,0,0,0,0,0,0,0,0,0,0,0,0,0,0,0,0,0,0,0,0,0,0
Mesosutterella,0,0,0,0,0,0,0,0,0,0,0,0,0,0,0,0,0,0,0,0,0,0,0,0
Aquabacterium,0,0,0,0,0,0,0,0,0,0,0,0,0,0,0,0,0,0,0,0,0,0,0,0
Aquincola,0,0,0,0,0,0,0,0,0,0,0,0,0,0,0,0,0,0,0,0,0,0,0,0
Ideonella,0,0,0,0,0,0,0,0,0,0,0,0,0,0,0,0,0,0,0,0,0,0,0,0
Inhella,0,0,0,0,0,0,0,0,0,0,0,0,0,0,0,0,0,0,0,0,0,0,0,0
Leptothrix,0,0,0,0,0,0,0,0,0,0,0,0,0,0,0,0,0,0,0,0,0,0,0,0
Mitsuaria,0,0,0,0,0,0,0,0,0,0,0,0,0,0,0,0,0,0,0,0,0,0,0,0
Paucibacter,0,0,0,0,0,0,0,0,0,0,0,0,0,0,0,0,0,0,0,0,0,0,0,0
Piscinibacter,0,0,0,0,0,0,0,0,0,0,0,0,0,0,0,0,0,0,0,0,0,0,0,0
Rhizobacter,0,0,0,0,0,0,0,0,0,0,0,0,0,0,0,0,0,0,0,0,0,0,0,0
Rivibacter,0,0,0,0,0,0,0,0,0,0,0,0,0,0,0,0,0,0,0,0,0,0,0,0
Roseateles,0,0,0,0,0,0,0,0,0,0,0,0,0,0,0,0,0,0,0,0,0,0,0,0
Rubrivivax,0,0,0,0,0,0,0,0,0,0,0,0,0,0,0,0,0,0,0,0,0,0,0,0
Sphaerotilus,0,0,0,0,0,0,0,0,0,0,0,0,0,0,0,0,0,0,0,0,0,0,0,0
Tepidimonas,0,0,0,0,0,0,0,0,0,0,0,0,0,0,0,0,0,0,0,0,0,0,0,0
Thiomonas,0,0,0,0,0,0,0,0,0,0,0,0,0,0,0,0,0,0,0,0,0,0,0,0
Ferrovum,0,0,0,0,0,0,0,0,0,0,0,0,0,0,0,0,0,0,0,0,0,0,0,0
Andreprevotia,0,0,0,0,0,0,0,0,0,0,0,0,0,0,0,0,0,0,0,0,0,0,0,0
Aquaspirillum,0,0,0,0,0,0,0,0,0,0,0,0,0,0,0,0,0,0,0,0,0,0,0,0
Aquitalea,0,0,0,0,0,0,0,0,0,0,0,0,0,0,0,0,0,0,0,0,0,0,0,0
Chitinibacter,0,0,0,0,0,0,0,0,0,0,0,0,0,0,0,0,0,0,0,0,0,0,0,0
Chitinilyticum,0,0,0,0,0,0,0,0,0,0,0,0,0,0,0,0,0,0,0,0,0,0,0,0
Chitiniphilus,0,0,0,0,0,0,0,0,0,0,0,0,0,0,0,0,0,0,0,0,0,0,0,0
Chromobacterium,0,0,0,0,0,0,0,0,0,0,0,0,0,0,0,0,0,0,0,0,0,0,0,0
Deefgea,0,0,0,0,0,0,0,0,0,0,0,0,0,0,0,0,0,0,0,0,0,0,0,0
Gulbenkiania,0,0,0,0,0,0,0,0,0,0,0,0,0,0,0,0,0,0,0,0,0,0,0,0
Jeongeupia,0,0,0,0,0,0,0,0,0,0,0,0,0,0,0,0,0,0,0,0,0,0,0,0
Laribacter,0,0,0,0,0,0,0,0,0,0,0,0,0,0,0,0,0,0,0,0,0,0,0,0
Leeia,0,0,0,0,0,0,0,0,0,0,0,0,0,0,0,0,0,0,0,0,0,0,0,0
Microvirgula,0,0,0,0,0,0,0,0,0,0,0,0,0,0,0,0,0,0,0,0,0,0,0,0
Pseudogulbenkiania,0,0,0,0,0,0,0,0,0,0,0,0,0,0,0,0,0,0,0,0,0,0,0,0
Vogesella,0,0,0,0,0,0,0,0,0,0,0,0,0,0,0,0,0,0,0,0,0,0,0,0
Alysiella,0,0,0,0,0,0,0,0,0,0,0,0,0,0,0,0,0,0,0,0,0,0,0,0
Amantichitinum,0,0,0,0,0,0,0,0,0,0,0,0,0,0,0,0,0,0,0,0,0,0,0,0
Aquella,0,0,0,0,0,0,0,0,0,0,0,0,0,0,0,0,0,0,0,0,0,0,0,0
Bergeriella,0,0,0,0,0,0,0,0,0,0,0,0,0,0,0,0,0,0,0,0,0,0,0,0
Conchiformibius,0,0,0,0,0,0,0,0,0,0,0,0,0,0,0,0,0,0,0,0,0,0,0,0
Crenobacter,0,0,0,0,0,0,0,0,0,0,0,0,0,0,0,0,0,0,0,0,0,0,0,0
Eikenella,0,0,0,0,0,0,0,0,0,0,0,0,0,0,0,0,0,0,0,0,0,0,0,0
Kingella,0,0,0,0,0,0,0,0,0,0,0,0,0,0,0,0,0,0,0,0,0,0,0,0
Neisseria,0,0,0,0,0,0,0,0,0,0,0,0,0,0,0,0,0,0,0,0,0,0,0,0
Rivicola,0,0,0,0,0,0,0,0,0,0,0,0,0,0,0,0,0,0,0,0,0,0,0,0
Simonsiella,0,0,0,0,0,0,0,0,0,0,0,0,0,0,0,0,0,0,0,0,0,0,0,0
Snodgrassella,0,0,0,0,0,0,0,0,0,0,0,0,0,0,0,0,0,0,0,0,0,0,0,0
Stenoxybacter,0,0,0,0,0,0,0,0,0,0,0,0,0,0,0,0,0,0,0,0,0,0,0,0
Vitreoscilla,0,0,0,0,0,0,0,0,0,0,0,0,0,0,0,0,0,0,0,0,0,0,0,0
Candidatus_Nitrotoga,0,0,0,0,0,0,0,0,0,0,0,0,0,0,0,0,0,0,0,0,0,0,0,0
Ferriphaselus,0,0,0,0,0,0,0,0,0,0,0,0,0,0,0,0,0,0,0,0,0,0,0,0
Gallionella,0,0,0,0,0,0,0,0,0,0,0,0,0,0,0,0,0,0,0,0,0,0,0,0
Methylobacillus,0,0,0,0,0,0,0,0,0,0,0,0,0,0,0,0,0,0,0,0,0,0,0,0
Methylophilus,0,0,0,0,0,0,0,0,0,0,0,0,0,0,0,0,0,0,0,0,0,0,0,0
Methylotenera,0,0,0,0,0,0,0,0,0,0,0,0,0,0,0,0,0,0,0,0,0,0,0,0
Methylovorus,0,0,0,0,0,0,0,0,0,0,0,0,0,0,0,0,0,0,0,0,0,0,0,0
Novimethylophilus,0,0,0,0,0,0,0,0,0,0,0,0,0,0,0,0,0,0,0,0,0,0,0,0
Nitrosomonas,0,0,0,0,0,0,0,0,0,0,0,0,0,0,0,0,0,0,0,0,0,0,0,0
Nitrosospira,0,0,0,0,0,0,0,0,0,0,0,0,0,0,0,0,0,0,0,0,0,0,0,0
Nitrosovibrio,0,0,0,0,0,0,0,0,0,0,0,0,0,0,0,0,0,0,0,0,0,0,0,0
Methyloversatilis,0,0,0,0,0,0,0,0,0,0,0,0,0,0,0,0,0,0,0,0,0,0,0,0
Sulfuritalea,0,0,0,0,0,0,0,0,0,0,0,0,0,0,0,0,0,0,0,0,0,0,0,0
Sulfuricella,0,0,0,0,0,0,0,0,0,0,0,0,0,0,0,0,0,0,0,0,0,0,0,0
Sulfuriferula,0,0,0,0,0,0,0,0,0,0,0,0,0,0,0,0,0,0,0,0,0,0,0,0
Sulfurirhabdus,0,0,0,0,0,0,0,0,0,0,0,0,0,0,0,0,0,0,0,0,0,0,0,0
Sulfuritortus,0,0,0,0,0,0,0,0,0,0,0,0,0,0,0,0,0,0,0,0,0,0,0,0
Thiobacillus,0,0,0,0,0,0,0,0,0,0,0,0,0,0,0,0,0,0,0,0,0,0,0,0
Azonexus,0,0,0,0,0,0,0,0,0,0,0,0,0,0,0,0,0,0,0,0,0,0,0,0
Aromatoleum,0,0,0,0,0,0,0,0,0,0,0,0,0,0,0,0,0,0,0,0,0,0,0,0
Azospira,0,0,0,0,0,0,0,0,0,0,0,0,0,0,0,0,0,0,0,0,0,0,0,0
Azovibrio,0,0,0,0,0,0,0,0,0,0,0,0,0,0,0,0,0,0,0,0,0,0,0,0
Candidatus_Dactylopiibacterium,0,0,0,0,0,0,0,0,0,0,0,0,0,0,0,0,0,0,0,0,0,0,0,0
Propionivibrio,0,0,0,0,0,0,0,0,0,0,0,0,0,0,0,0,0,0,0,0,0,0,0,0
Rugosibacter,0,0,0,0,0,0,0,0,0,0,0,0,0,0,0,0,0,0,0,0,0,0,0,0
Azoarcus,0,0,0,0,0,0,0,0,0,0,0,0,0,0,0,0,0,0,0,0,0,0,0,0
Thauera,0,0,0,0,0,0,0,0,0,0,0,0,0,0,0,0,0,0,0,0,0,0,0,0
Uliginosibacterium,0,0,0,0,0,0,0,0,0,0,0,0,0,0,0,0,0,0,0,0,0,0,0,0
Zoogloea,0,0,0,0,0,0,0,0,0,0,0,0,0,0,0,0,0,0,0,0,0,0,0,0
Candidatus_Accumulibacter,0,0,0,0,0,0,0,0,0,0,0,0,0,0,0,0,0,0,0,0,0,0,0,0
Bradymonas,0,0,0,0,0,0,0,0,0,0,0,0,0,0,0,0,0,0,0,0,0,0,0,0
Lujinxingia,0,0,0,0,0,0,0,0,0,0,0,0,0,0,0,0,0,0,0,0,0,0,0,0
Desulfarculus,0,0,0,0,0,0,0,0,0,0,0,0,0,0,0,0,0,0,0,0,0,0,0,0
Desulfocarbo,0,0,0,0,0,0,0,0,0,0,0,0,0,0,0,0,0,0,0,0,0,0,0,0
Dethiosulfatarculus,0,0,0,0,0,0,0,0,0,0,0,0,0,0,0,0,0,0,0,0,0,0,0,0
Candidatus_Magnetoglobus,0,0,0,0,0,0,0,0,0,0,0,0,0,0,0,0,0,0,0,0,0,0,0,0
Candidatus_Magnetomorum,0,0,0,0,0,0,0,0,0,0,0,0,0,0,0,0,0,0,0,0,0,0,0,0
Desulfamplus,0,0,0,0,0,0,0,0,0,0,0,0,0,0,0,0,0,0,0,0,0,0,0,0
Desulfatibacillum,0,0,0,0,0,0,0,0,0,0,0,0,0,0,0,0,0,0,0,0,0,0,0,0
Desulfatiglans,0,0,0,0,0,0,0,0,0,0,0,0,0,0,0,0,0,0,0,0,0,0,0,0
Desulfatirhabdium,0,0,0,0,0,0,0,0,0,0,0,0,0,0,0,0,0,0,0,0,0,0,0,0
Desulfatitalea,0,0,0,0,0,0,0,0,0,0,0,0,0,0,0,0,0,0,0,0,0,0,0,0
Desulfobacter,0,0,0,0,0,0,0,0,0,0,0,0,0,0,0,0,0,0,0,0,0,0,0,0
Desulfobacterium,0,0,0,0,0,0,0,0,0,0,0,0,0,0,0,0,0,0,0,0,0,0,0,0
Desulfobacula,0,0,0,0,0,0,0,0,0,0,0,0,0,0,0,0,0,0,0,0,0,0,0,0
Desulfocicer,0,0,0,0,0,0,0,0,0,0,0,0,0,0,0,0,0,0,0,0,0,0,0,0
Desulfococcus,0,0,0,0,0,0,0,0,0,0,0,0,0,0,0,0,0,0,0,0,0,0,0,0
Desulfoluna,0,0,0,0,0,0,0,0,0,0,0,0,0,0,0,0,0,0,0,0,0,0,0,0
Desulfonema,0,0,0,0,0,0,0,0,0,0,0,0,0,0,0,0,0,0,0,0,0,0,0,0
Desulforapulum,0,0,0,0,0,0,0,0,0,0,0,0,0,0,0,0,0,0,0,0,0,0,0,0
Desulforegula,0,0,0,0,0,0,0,0,0,0,0,0,0,0,0,0,0,0,0,0,0,0,0,0
Desulfosarcina,0,0,0,0,0,0,0,0,0,0,0,0,0,0,0,0,0,0,0,0,0,0,0,0
Desulfospira,0,0,0,0,0,0,0,0,0,0,0,0,0,0,0,0,0,0,0,0,0,0,0,0
Desulfotignum,0,0,0,0,0,0,0,0,0,0,0,0,0,0,0,0,0,0,0,0,0,0,0,0
Candidatus_Electronema,0,0,0,0,0,0,0,0,0,0,0,0,0,0,0,0,0,0,0,0,0,0,0,0
Desulfogranum,0,0,0,0,0,0,0,0,0,0,0,0,0,0,0,0,0,0,0,0,0,0,0,0
Desulfurivibrio,0,0,0,0,0,0,0,0,0,0,0,0,0,0,0,0,0,0,0,0,0,0,0,0
Desulfopila,0,0,0,0,0,0,0,0,0,0,0,0,0,0,0,0,0,0,0,0,0,0,0,0
Desulforhopalus,0,0,0,0,0,0,0,0,0,0,0,0,0,0,0,0,0,0,0,0,0,0,0,0
Desulfotalea,0,0,0,0,0,0,0,0,0,0,0,0,0,0,0,0,0,0,0,0,0,0,0,0
Desulfofaba,0,0,0,0,0,0,0,0,0,0,0,0,0,0,0,0,0,0,0,0,0,0,0,0
Desulfosudis,0,0,0,0,0,0,0,0,0,0,0,0,0,0,0,0,0,0,0,0,0,0,0,0
Desulfohalobium,0,0,0,0,0,0,0,0,0,0,0,0,0,0,0,0,0,0,0,0,0,0,0,0
Desulfonatronospira,0,0,0,0,0,0,0,0,0,0,0,0,0,0,0,0,0,0,0,0,0,0,0,0
Desulfonatronovibrio,0,0,0,0,0,0,0,0,0,0,0,0,0,0,0,0,0,0,0,0,0,0,0,0
Desulfovermiculus,0,0,0,0,0,0,0,0,0,0,0,0,0,0,0,0,0,0,0,0,0,0,0,0
Desulfomicrobium,0,0,0,0,0,0,0,0,0,0,0,0,0,0,0,0,0,0,0,0,0,0,0,0
Desulfoplanes,0,0,0,0,0,0,0,0,0,0,0,0,0,0,0,0,0,0,0,0,0,0,0,0
Desulfonatronum,0,0,0,0,0,0,0,0,0,0,0,0,0,0,0,0,0,0,0,0,0,0,0,0
Cupidesulfovibrio,0,0,0,0,0,0,0,0,0,0,0,0,0,0,0,0,0,0,0,0,0,0,0,0
Desulfocurvibacter,0,0,0,0,0,0,0,0,0,0,0,0,0,0,0,0,0,0,0,0,0,0,0,0
Desulfocurvus,0,0,0,0,0,0,0,0,0,0,0,0,0,0,0,0,0,0,0,0,0,0,0,0
Lawsonia,0,0,0,0,0,0,0,0,0,0,0,0,0,0,0,0,0,0,0,0,0,0,0,0
Desulfurella,0,0,0,0,0,0,0,0,0,0,0,0,0,0,0,0,0,0,0,0,0,0,0,0
Desulfuromusa,0,0,0,0,0,0,0,0,0,0,0,0,0,0,0,0,0,0,0,0,0,0,0,0
Malonomonas,0,0,0,0,0,0,0,0,0,0,0,0,0,0,0,0,0,0,0,0,0,0,0,0
Pelobacter,0,0,0,0,0,0,0,0,0,0,0,0,0,0,0,0,0,0,0,0,0,0,0,0
Citrifermentans,0,0,0,0,0,0,0,0,0,0,0,0,0,0,0,0,0,0,0,0,0,0,0,0
Geoalkalibacter,0,0,0,0,0,0,0,0,0,0,0,0,0,0,0,0,0,0,0,0,0,0,0,0
Geopsychrobacter,0,0,0,0,0,0,0,0,0,0,0,0,0,0,0,0,0,0,0,0,0,0,0,0
Geothermobacter,0,0,0,0,0,0,0,0,0,0,0,0,0,0,0,0,0,0,0,0,0,0,0,0
Syntrophotalea,0,0,0,0,0,0,0,0,0,0,0,0,0,0,0,0,0,0,0,0,0,0,0,0
Anaeromyxobacter,0,0,0,0,0,0,0,0,0,0,0,0,0,0,0,0,0,0,0,0,0,0,0,0
Archangium,0,0,0,0,0,0,0,0,0,0,0,0,0,0,0,0,0,0,0,0,0,0,0,0
Cystobacter,0,0,0,0,0,0,0,0,0,0,0,0,0,0,0,0,0,0,0,0,0,0,0,0
Hyalangium,0,0,0,0,0,0,0,0,0,0,0,0,0,0,0,0,0,0,0,0,0,0,0,0
Melittangium,0,0,0,0,0,0,0,0,0,0,0,0,0,0,0,0,0,0,0,0,0,0,0,0
Stigmatella,0,0,0,0,0,0,0,0,0,0,0,0,0,0,0,0,0,0,0,0,0,0,0,0
Haliangium,0,0,0,0,0,0,0,0,0,0,0,0,0,0,0,0,0,0,0,0,0,0,0,0
Labilithrix,0,0,0,0,0,0,0,0,0,0,0,0,0,0,0,0,0,0,0,0,0,0,0,0
Myxococcus,0,0,0,0,0,0,0,0,0,0,0,0,0,0,0,0,0,0,0,0,0,0,0,0
Nannocystis,0,0,0,0,0,0,0,0,0,0,0,0,0,0,0,0,0,0,0,0,0,0,0,0
Plesiocystis,0,0,0,0,0,0,0,0,0,0,0,0,0,0,0,0,0,0,0,0,0,0,0,0
Chondromyces,0,0,0,0,0,0,0,0,0,0,0,0,0,0,0,0,0,0,0,0,0,0,0,0
Sorangium,0,0,0,0,0,0,0,0,0,0,0,0,0,0,0,0,0,0,0,0,0,0,0,0
Sandaracinus,0,0,0,0,0,0,0,0,0,0,0,0,0,0,0,0,0,0,0,0,0,0,0,0
Enhygromyxa,0,0,0,0,0,0,0,0,0,0,0,0,0,0,0,0,0,0,0,0,0,0,0,0
Minicystis,0,0,0,0,0,0,0,0,0,0,0,0,0,0,0,0,0,0,0,0,0,0,0,0
Vulgatibacter,0,0,0,0,0,0,0,0,0,0,0,0,0,0,0,0,0,0,0,0,0,0,0,0
Desulfobacca,0,0,0,0,0,0,0,0,0,0,0,0,0,0,0,0,0,0,0,0,0,0,0,0
Desulfomonile,0,0,0,0,0,0,0,0,0,0,0,0,0,0,0,0,0,0,0,0,0,0,0,0
Smithella,0,0,0,0,0,0,0,0,0,0,0,0,0,0,0,0,0,0,0,0,0,0,0,0
Syntrophus,0,0,0,0,0,0,0,0,0,0,0,0,0,0,0,0,0,0,0,0,0,0,0,0
Desulfacinum,0,0,0,0,0,0,0,0,0,0,0,0,0,0,0,0,0,0,0,0,0,0,0,0
Desulfosoma,0,0,0,0,0,0,0,0,0,0,0,0,0,0,0,0,0,0,0,0,0,0,0,0
Syntrophobacter,0,0,0,0,0,0,0,0,0,0,0,0,0,0,0,0,0,0,0,0,0,0,0,0
Thermodesulforhabdus,0,0,0,0,0,0,0,0,0,0,0,0,0,0,0,0,0,0,0,0,0,0,0,0
Syntrophorhabdus,0,0,0,0,0,0,0,0,0,0,0,0,0,0,0,0,0,0,0,0,0,0,0,0
Candidatus_Desulfofervidus,0,0,0,0,0,0,0,0,0,0,0,0,0,0,0,0,0,0,0,0,0,0,0,0
Candidatus_Adiutrix,0,0,0,0,0,0,0,0,0,0,0,0,0,0,0,0,0,0,0,0,0,0,0,0
Dissulfuribacter,0,0,0,0,0,0,0,0,0,0,0,0,0,0,0,0,0,0,0,0,0,0,0,0
Aliarcobacter,0,0,0,0,0,0,0,0,0,0,0,0,0,0,0,0,0,0,0,0,0,0,0,0
Candidatus_Marinarcus,0,0,0,0,0,0,0,0,0,0,0,0,0,0,0,0,0,0,0,0,0,0,0,0
Halarcobacter,0,0,0,0,0,0,0,0,0,0,0,0,0,0,0,0,0,0,0,0,0,0,0,0
Malaciobacter,0,0,0,0,0,0,0,0,0,0,0,0,0,0,0,0,0,0,0,0,0,0,0,0
Poseidonibacter,0,0,0,0,0,0,0,0,0,0,0,0,0,0,0,0,0,0,0,0,0,0,0,0
Sulfurospirillum,0,0,0,0,0,0,0,0,0,0,0,0,0,0,0,0,0,0,0,0,0,0,0,0
Wolinella,0,0,0,0,0,0,0,0,0,0,0,0,0,0,0,0,0,0,0,0,0,0,0,0
Hydrogenimonas,0,0,0,0,0,0,0,0,0,0,0,0,0,0,0,0,0,0,0,0,0,0,0,0
Sulfurovum,0,0,0,0,0,0,0,0,0,0,0,0,0,0,0,0,0,0,0,0,0,0,0,0
Sulfuricurvum,0,0,0,0,0,0,0,0,0,0,0,0,0,0,0,0,0,0,0,0,0,0,0,0
Sulfurimonas,0,0,0,0,0,0,0,0,0,0,0,0,0,0,0,0,0,0,0,0,0,0,0,0
Thiovulum,0,0,0,0,0,0,0,0,0,0,0,0,0,0,0,0,0,0,0,0,0,0,0,0
Caminibacter,0,0,0,0,0,0,0,0,0,0,0,0,0,0,0,0,0,0,0,0,0,0,0,0
Lebetimonas,0,0,0,0,0,0,0,0,0,0,0,0,0,0,0,0,0,0,0,0,0,0,0,0
Nautilia,0,0,0,0,0,0,0,0,0,0,0,0,0,0,0,0,0,0,0,0,0,0,0,0
Nitratiruptor,0,0,0,0,0,0,0,0,0,0,0,0,0,0,0,0,0,0,0,0,0,0,0,0
Acidiferrobacter,0,0,0,0,0,0,0,0,0,0,0,0,0,0,0,0,0,0,0,0,0,0,0,0
Sulfurifustis,0,0,0,0,0,0,0,0,0,0,0,0,0,0,0,0,0,0,0,0,0,0,0,0
Dongshaea,0,0,0,0,0,0,0,0,0,0,0,0,0,0,0,0,0,0,0,0,0,0,0,0
Oceanisphaera,0,0,0,0,0,0,0,0,0,0,0,0,0,0,0,0,0,0,0,0,0,0,0,0
Tolumonas,0,0,0,0,0,0,0,0,0,0,0,0,0,0,0,0,0,0,0,0,0,0,0,0
Zobellella,0,0,0,0,0,0,0,0,0,0,0,0,0,0,0,0,0,0,0,0,0,0,0,0
Anaerobiospirillum,0,0,0,0,0,0,0,0,0,0,0,0,0,0,0,0,0,0,0,0,0,0,0,0
Ruminobacter,0,0,0,0,0,0,0,0,0,0,0,0,0,0,0,0,0,0,0,0,0,0,0,0
Succinatimonas,0,0,0,0,0,0,0,0,0,0,0,0,0,0,0,0,0,0,0,0,0,0,0,0
Succinimonas,0,0,0,0,0,0,0,0,0,0,0,0,0,0,0,0,0,0,0,0,0,0,0,0
Agarivorans,0,0,0,0,0,0,0,0,0,0,0,0,0,0,0,0,0,0,0,0,0,0,0,0
Algibacillus,0,0,0,0,0,0,0,0,0,0,0,0,0,0,0,0,0,0,0,0,0,0,0,0
Aliagarivorans,0,0,0,0,0,0,0,0,0,0,0,0,0,0,0,0,0,0,0,0,0,0,0,0
Aliiglaciecola,0,0,0,0,0,0,0,0,0,0,0,0,0,0,0,0,0,0,0,0,0,0,0,0
Alishewanella,0,0,0,0,0,0,0,0,0,0,0,0,0,0,0,0,0,0,0,0,0,0,0,0
Alteromonas,0,0,0,0,0,0,0,0,0,0,0,0,0,0,0,0,0,0,0,0,0,0,0,0
Bowmanella,0,0,0,0,0,0,0,0,0,0,0,0,0,0,0,0,0,0,0,0,0,0,0,0
Gayadomonas,0,0,0,0,0,0,0,0,0,0,0,0,0,0,0,0,0,0,0,0,0,0,0,0
Glaciecola,0,0,0,0,0,0,0,0,0,0,0,0,0,0,0,0,0,0,0,0,0,0,0,0
Lacimicrobium,0,0,0,0,0,0,0,0,0,0,0,0,0,0,0,0,0,0,0,0,0,0,0,0
Paraglaciecola,0,0,0,0,0,0,0,0,0,0,0,0,0,0,0,0,0,0,0,0,0,0,0,0
Salinimonas,0,0,0,0,0,0,0,0,0,0,0,0,0,0,0,0,0,0,0,0,0,0,0,0
Saliniradius,0,0,0,0,0,0,0,0,0,0,0,0,0,0,0,0,0,0,0,0,0,0,0,0
Colwellia,0,0,0,0,0,0,0,0,0,0,0,0,0,0,0,0,0,0,0,0,0,0,0,0
Litorilituus,0,0,0,0,0,0,0,0,0,0,0,0,0,0,0,0,0,0,0,0,0,0,0,0
Thalassomonas,0,0,0,0,0,0,0,0,0,0,0,0,0,0,0,0,0,0,0,0,0,0,0,0
Thalassotalea,0,0,0,0,0,0,0,0,0,0,0,0,0,0,0,0,0,0,0,0,0,0,0,0
Ferrimonas,0,0,0,0,0,0,0,0,0,0,0,0,0,0,0,0,0,0,0,0,0,0,0,0
Aliidiomarina,0,0,0,0,0,0,0,0,0,0,0,0,0,0,0,0,0,0,0,0,0,0,0,0
Idiomarina,0,0,0,0,0,0,0,0,0,0,0,0,0,0,0,0,0,0,0,0,0,0,0,0
Pseudidiomarina,0,0,0,0,0,0,0,0,0,0,0,0,0,0,0,0,0,0,0,0,0,0,0,0
Moritella,0,0,0,0,0,0,0,0,0,0,0,0,0,0,0,0,0,0,0,0,0,0,0,0
Pseudoalteromonas,0,0,0,0,0,0,0,0,0,0,0,0,0,0,0,0,0,0,0,0,0,0,0,0
Psychrosphaera,0,0,0,0,0,0,0,0,0,0,0,0,0,0,0,0,0,0,0,0,0,0,0,0
Psychromonas,0,0,0,0,0,0,0,0,0,0,0,0,0,0,0,0,0,0,0,0,0,0,0,0
Shewanella,0,0,0,0,0,0,0,0,0,0,0,0,0,0,0,0,0,0,0,0,0,0,0,0
Motilimonas,0,0,0,0,0,0,0,0,0,0,0,0,0,0,0,0,0,0,0,0,0,0,0,0
Neiella,0,0,0,0,0,0,0,0,0,0,0,0,0,0,0,0,0,0,0,0,0,0,0,0
Arenicella,0,0,0,0,0,0,0,0,0,0,0,0,0,0,0,0,0,0,0,0,0,0,0,0
Cardiobacterium,0,0,0,0,0,0,0,0,0,0,0,0,0,0,0,0,0,0,0,0,0,0,0,0
Dichelobacter,0,0,0,0,0,0,0,0,0,0,0,0,0,0,0,0,0,0,0,0,0,0,0,0
Suttonella,0,0,0,0,0,0,0,0,0,0,0,0,0,0,0,0,0,0,0,0,0,0,0,0
Agaribacterium,0,0,0,0,0,0,0,0,0,0,0,0,0,0,0,0,0,0,0,0,0,0,0,0
Agarilytica,0,0,0,0,0,0,0,0,0,0,0,0,0,0,0,0,0,0,0,0,0,0,0,0
Candidatus_Endobugula,0,0,0,0,0,0,0,0,0,0,0,0,0,0,0,0,0,0,0,0,0,0,0,0
Cellvibrio,0,0,0,0,0,0,0,0,0,0,0,0,0,0,0,0,0,0,0,0,0,0,0,0
Gilvimarinus,0,0,0,0,0,0,0,0,0,0,0,0,0,0,0,0,0,0,0,0,0,0,0,0
Marinagarivorans,0,0,0,0,0,0,0,0,0,0,0,0,0,0,0,0,0,0,0,0,0,0,0,0
Marinimicrobium,0,0,0,0,0,0,0,0,0,0,0,0,0,0,0,0,0,0,0,0,0,0,0,0
Simiduia,0,0,0,0,0,0,0,0,0,0,0,0,0,0,0,0,0,0,0,0,0,0,0,0
Teredinibacter,0,0,0,0,0,0,0,0,0,0,0,0,0,0,0,0,0,0,0,0,0,0,0,0
Chromatocurvus,0,0,0,0,0,0,0,0,0,0,0,0,0,0,0,0,0,0,0,0,0,0,0,0
Congregibacter,0,0,0,0,0,0,0,0,0,0,0,0,0,0,0,0,0,0,0,0,0,0,0,0
Haliea,0,0,0,0,0,0,0,0,0,0,0,0,0,0,0,0,0,0,0,0,0,0,0,0
Halioglobus,0,0,0,0,0,0,0,0,0,0,0,0,0,0,0,0,0,0,0,0,0,0,0,0
Kineobactrum,0,0,0,0,0,0,0,0,0,0,0,0,0,0,0,0,0,0,0,0,0,0,0,0
Parahaliea,0,0,0,0,0,0,0,0,0,0,0,0,0,0,0,0,0,0,0,0,0,0,0,0
Microbulbifer,0,0,0,0,0,0,0,0,0,0,0,0,0,0,0,0,0,0,0,0,0,0,0,0
Porticoccus,0,0,0,0,0,0,0,0,0,0,0,0,0,0,0,0,0,0,0,0,0,0,0,0
Sinobacterium,0,0,0,0,0,0,0,0,0,0,0,0,0,0,0,0,0,0,0,0,0,0,0,0
Zhongshania,0,0,0,0,0,0,0,0,0,0,0,0,0,0,0,0,0,0,0,0,0,0,0,0
Allochromatium,0,0,0,0,0,0,0,0,0,0,0,0,0,0,0,0,0,0,0,0,0,0,0,0
Arsukibacterium,0,0,0,0,0,0,0,0,0,0,0,0,0,0,0,0,0,0,0,0,0,0,0,0
Candidatus_Nitrosoglobus,0,0,0,0,0,0,0,0,0,0,0,0,0,0,0,0,0,0,0,0,0,0,0,0
Candidatus_Thiosymbion,0,0,0,0,0,0,0,0,0,0,0,0,0,0,0,0,0,0,0,0,0,0,0,0
Imhoffiella,0,0,0,0,0,0,0,0,0,0,0,0,0,0,0,0,0,0,0,0,0,0,0,0
Lamprocystis,0,0,0,0,0,0,0,0,0,0,0,0,0,0,0,0,0,0,0,0,0,0,0,0
Marichromatium,0,0,0,0,0,0,0,0,0,0,0,0,0,0,0,0,0,0,0,0,0,0,0,0
Nitrosococcus,0,0,0,0,0,0,0,0,0,0,0,0,0,0,0,0,0,0,0,0,0,0,0,0
Pararheinheimera,0,0,0,0,0,0,0,0,0,0,0,0,0,0,0,0,0,0,0,0,0,0,0,0
Rheinheimera,0,0,0,0,0,0,0,0,0,0,0,0,0,0,0,0,0,0,0,0,0,0,0,0
Thiocapsa,0,0,0,0,0,0,0,0,0,0,0,0,0,0,0,0,0,0,0,0,0,0,0,0
Thiocystis,0,0,0,0,0,0,0,0,0,0,0,0,0,0,0,0,0,0,0,0,0,0,0,0
Thiodictyon,0,0,0,0,0,0,0,0,0,0,0,0,0,0,0,0,0,0,0,0,0,0,0,0
Thiohalocapsa,0,0,0,0,0,0,0,0,0,0,0,0,0,0,0,0,0,0,0,0,0,0,0,0
Thiorhodococcus,0,0,0,0,0,0,0,0,0,0,0,0,0,0,0,0,0,0,0,0,0,0,0,0
Thiorhodovibrio,0,0,0,0,0,0,0,0,0,0,0,0,0,0,0,0,0,0,0,0,0,0,0,0
Acidihalobacter,0,0,0,0,0,0,0,0,0,0,0,0,0,0,0,0,0,0,0,0,0,0,0,0
Alkalilimnicola,0,0,0,0,0,0,0,0,0,0,0,0,0,0,0,0,0,0,0,0,0,0,0,0
Aquisalimonas,0,0,0,0,0,0,0,0,0,0,0,0,0,0,0,0,0,0,0,0,0,0,0,0
Arhodomonas,0,0,0,0,0,0,0,0,0,0,0,0,0,0,0,0,0,0,0,0,0,0,0,0
Ectothiorhodosinus,0,0,0,0,0,0,0,0,0,0,0,0,0,0,0,0,0,0,0,0,0,0,0,0
Ectothiorhodospira,0,0,0,0,0,0,0,0,0,0,0,0,0,0,0,0,0,0,0,0,0,0,0,0
Halorhodospira,0,0,0,0,0,0,0,0,0,0,0,0,0,0,0,0,0,0,0,0,0,0,0,0
Inmirania,0,0,0,0,0,0,0,0,0,0,0,0,0,0,0,0,0,0,0,0,0,0,0,0
Nitrococcus,0,0,0,0,0,0,0,0,0,0,0,0,0,0,0,0,0,0,0,0,0,0,0,0
Oceanococcus,0,0,0,0,0,0,0,0,0,0,0,0,0,0,0,0,0,0,0,0,0,0,0,0
Spiribacter,0,0,0,0,0,0,0,0,0,0,0,0,0,0,0,0,0,0,0,0,0,0,0,0
Thioalbus,0,0,0,0,0,0,0,0,0,0,0,0,0,0,0,0,0,0,0,0,0,0,0,0
Thiohalomonas,0,0,0,0,0,0,0,0,0,0,0,0,0,0,0,0,0,0,0,0,0,0,0,0
Thiorhodospira,0,0,0,0,0,0,0,0,0,0,0,0,0,0,0,0,0,0,0,0,0,0,0,0
Granulosicoccus,0,0,0,0,0,0,0,0,0,0,0,0,0,0,0,0,0,0,0,0,0,0,0,0
Sulfuriflexus,0,0,0,0,0,0,0,0,0,0,0,0,0,0,0,0,0,0,0,0,0,0,0,0
Halothiobacillus,0,0,0,0,0,0,0,0,0,0,0,0,0,0,0,0,0,0,0,0,0,0,0,0
Sulfurivermis,0,0,0,0,0,0,0,0,0,0,0,0,0,0,0,0,0,0,0,0,0,0,0,0
Wenzhouxiangella,0,0,0,0,0,0,0,0,0,0,0,0,0,0,0,0,0,0,0,0,0,0,0,0
Budvicia,0,0,0,0,0,0,0,0,0,0,0,0,0,0,0,0,0,0,0,0,0,0,0,0
Limnobaculum,0,0,0,0,0,0,0,0,0,0,0,0,0,0,0,0,0,0,0,0,0,0,0,0
Pragia,0,0,0,0,0,0,0,0,0,0,0,0,0,0,0,0,0,0,0,0,0,0,0,0
Atlantibacter,0,0,0,0,0,0,0,0,0,0,0,0,0,0,0,0,0,0,0,0,0,0,0,0
Buttiauxella,0,0,0,0,0,0,0,0,0,0,0,0,0,0,0,0,0,0,0,0,0,0,0,0
Candidatus_Gullanella,0,0,0,0,0,0,0,0,0,0,0,0,0,0,0,0,0,0,0,0,0,0,0,0
Candidatus_Hamiltonella,0,0,0,0,0,0,0,0,0,0,0,0,0,0,0,0,0,0,0,0,0,0,0,0
Candidatus_Westeberhardia,0,0,0,0,0,0,0,0,0,0,0,0,0,0,0,0,0,0,0,0,0,0,0,0
Cedecea,0,0,0,0,0,0,0,0,0,0,0,0,0,0,0,0,0,0,0,0,0,0,0,0
Citrobacter,0,0,0,0,0,0,0,0,0,0,0,0,0,0,0,0,0,0,0,0,0,0,0,0
Cronobacter,0,0,0,0,0,0,0,0,0,0,0,0,0,0,0,0,0,0,0,0,0,0,0,0
Edaphovirga,0,0,0,0,0,0,0,0,0,0,0,0,0,0,0,0,0,0,0,0,0,0,0,0
Franconibacter,0,0,0,0,0,0,0,0,0,0,0,0,0,0,0,0,0,0,0,0,0,0,0,0
Kluyvera,0,0,0,0,0,0,0,0,0,0,0,0,0,0,0,0,0,0,0,0,0,0,0,0
Kosakonia,0,0,0,0,0,0,0,0,0,0,0,0,0,0,0,0,0,0,0,0,0,0,0,0
Leclercia,0,0,0,0,0,0,0,0,0,0,0,0,0,0,0,0,0,0,0,0,0,0,0,0
Lelliottia,0,0,0,0,0,0,0,0,0,0,0,0,0,0,0,0,0,0,0,0,0,0,0,0
Metakosakonia,0,0,0,0,0,0,0,0,0,0,0,0,0,0,0,0,0,0,0,0,0,0,0,0
Phytobacter,0,0,0,0,0,0,0,0,0,0,0,0,0,0,0,0,0,0,0,0,0,0,0,0
Plesiomonas,0,0,0,0,0,0,0,0,0,0,0,0,0,0,0,0,0,0,0,0,0,0,0,0
Pseudescherichia,0,0,0,0,0,0,0,0,0,0,0,0,0,0,0,0,0,0,0,0,0,0,0,0
Pseudocitrobacter,0,0,0,0,0,0,0,0,0,0,0,0,0,0,0,0,0,0,0,0,0,0,0,0
Raoultella,0,0,0,0,0,0,0,0,0,0,0,0,0,0,0,0,0,0,0,0,0,0,0,0
Salmonella,0,0,0,0,0,0,0,0,0,0,0,0,0,0,0,0,0,0,0,0,0,0,0,0
Scandinavium,0,0,0,0,0,0,0,0,0,0,0,0,0,0,0,0,0,0,0,0,0,0,0,0
Siccibacter,0,0,0,0,0,0,0,0,0,0,0,0,0,0,0,0,0,0,0,0,0,0,0,0
Superficieibacter,0,0,0,0,0,0,0,0,0,0,0,0,0,0,0,0,0,0,0,0,0,0,0,0
Trabulsiella,0,0,0,0,0,0,0,0,0,0,0,0,0,0,0,0,0,0,0,0,0,0,0,0
Buchnera,0,0,0,0,0,0,0,0,0,0,0,0,0,0,0,0,0,0,0,0,0,0,0,0
Erwinia,0,0,0,0,0,0,0,0,0,0,0,0,0,0,0,0,0,0,0,0,0,0,0,0
Kalamiella,0,0,0,0,0,0,0,0,0,0,0,0,0,0,0,0,0,0,0,0,0,0,0,0
Mixta,0,0,0,0,0,0,0,0,0,0,0,0,0,0,0,0,0,0,0,0,0,0,0,0
Pantoea,0,0,0,0,0,0,0,0,0,0,0,0,0,0,0,0,0,0,0,0,0,0,0,0
Phaseolibacter,0,0,0,0,0,0,0,0,0,0,0,0,0,0,0,0,0,0,0,0,0,0,0,0
Rosenbergiella,0,0,0,0,0,0,0,0,0,0,0,0,0,0,0,0,0,0,0,0,0,0,0,0
Tatumella,0,0,0,0,0,0,0,0,0,0,0,0,0,0,0,0,0,0,0,0,0,0,0,0
Wigglesworthia,0,0,0,0,0,0,0,0,0,0,0,0,0,0,0,0,0,0,0,0,0,0,0,0
Edwardsiella,0,0,0,0,0,0,0,0,0,0,0,0,0,0,0,0,0,0,0,0,0,0,0,0
Enterobacillus,0,0,0,0,0,0,0,0,0,0,0,0,0,0,0,0,0,0,0,0,0,0,0,0
Hafnia,0,0,0,0,0,0,0,0,0,0,0,0,0,0,0,0,0,0,0,0,0,0,0,0
Obesumbacterium,0,0,0,0,0,0,0,0,0,0,0,0,0,0,0,0,0,0,0,0,0,0,0,0
Arsenophonus,0,0,0,0,0,0,0,0,0,0,0,0,0,0,0,0,0,0,0,0,0,0,0,0
Morganella,0,0,0,0,0,0,0,0,0,0,0,0,0,0,0,0,0,0,0,0,0,0,0,0
Photorhabdus,0,0,0,0,0,0,0,0,0,0,0,0,0,0,0,0,0,0,0,0,0,0,0,0
Proteus,0,0,0,0,0,0,0,0,0,0,0,0,0,0,0,0,0,0,0,0,0,0,0,0
Providencia,0,0,0,0,0,0,0,0,0,0,0,0,0,0,0,0,0,0,0,0,0,0,0,0
Xenorhabdus,0,0,0,0,0,0,0,0,0,0,0,0,0,0,0,0,0,0,0,0,0,0,0,0
Brenneria,0,0,0,0,0,0,0,0,0,0,0,0,0,0,0,0,0,0,0,0,0,0,0,0
Dickeya,0,0,0,0,0,0,0,0,0,0,0,0,0,0,0,0,0,0,0,0,0,0,0,0
Lonsdalea,0,0,0,0,0,0,0,0,0,0,0,0,0,0,0,0,0,0,0,0,0,0,0,0
Musicola,0,0,0,0,0,0,0,0,0,0,0,0,0,0,0,0,0,0,0,0,0,0,0,0
Pectobacterium,0,0,0,0,0,0,0,0,0,0,0,0,0,0,0,0,0,0,0,0,0,0,0,0
Thorsellia,0,0,0,0,0,0,0,0,0,0,0,0,0,0,0,0,0,0,0,0,0,0,0,0
Grimontella,0,0,0,0,0,0,0,0,0,0,0,0,0,0,0,0,0,0,0,0,0,0,0,0
Candidatus_Fukatsuia,0,0,0,0,0,0,0,0,0,0,0,0,0,0,0,0,0,0,0,0,0,0,0,0
Chania,0,0,0,0,0,0,0,0,0,0,0,0,0,0,0,0,0,0,0,0,0,0,0,0
Ewingella,0,0,0,0,0,0,0,0,0,0,0,0,0,0,0,0,0,0,0,0,0,0,0,0
Gibbsiella,0,0,0,0,0,0,0,0,0,0,0,0,0,0,0,0,0,0,0,0,0,0,0,0
Nissabacter,0,0,0,0,0,0,0,0,0,0,0,0,0,0,0,0,0,0,0,0,0,0,0,0
Rahnella,0,0,0,0,0,0,0,0,0,0,0,0,0,0,0,0,0,0,0,0,0,0,0,0
Serratia,0,0,0,0,0,0,0,0,0,0,0,0,0,0,0,0,0,0,0,0,0,0,0,0
Yersinia,0,0,0,0,0,0,0,0,0,0,0,0,0,0,0,0,0,0,0,0,0,0,0,0
Immundisolibacter,0,0,0,0,0,0,0,0,0,0,0,0,0,0,0,0,0,0,0,0,0,0,0,0
Kangiella,0,0,0,0,0,0,0,0,0,0,0,0,0,0,0,0,0,0,0,0,0,0,0,0
Aquicella,0,0,0,0,0,0,0,0,0,0,0,0,0,0,0,0,0,0,0,0,0,0,0,0
Candidatus_Berkiella,0,0,0,0,0,0,0,0,0,0,0,0,0,0,0,0,0,0,0,0,0,0,0,0
Coxiella,0,0,0,0,0,0,0,0,0,0,0,0,0,0,0,0,0,0,0,0,0,0,0,0
Rickettsiella,0,0,0,0,0,0,0,0,0,0,0,0,0,0,0,0,0,0,0,0,0,0,0,0
Legionella,0,0,0,0,0,0,0,0,0,0,0,0,0,0,0,0,0,0,0,0,0,0,0,0
Tatlockia,0,0,0,0,0,0,0,0,0,0,0,0,0,0,0,0,0,0,0,0,0,0,0,0
Crenothrix,0,0,0,0,0,0,0,0,0,0,0,0,0,0,0,0,0,0,0,0,0,0,0,0
Methylobacter,0,0,0,0,0,0,0,0,0,0,0,0,0,0,0,0,0,0,0,0,0,0,0,0
Methylocaldum,0,0,0,0,0,0,0,0,0,0,0,0,0,0,0,0,0,0,0,0,0,0,0,0
Methylogaea,0,0,0,0,0,0,0,0,0,0,0,0,0,0,0,0,0,0,0,0,0,0,0,0
Methyloglobulus,0,0,0,0,0,0,0,0,0,0,0,0,0,0,0,0,0,0,0,0,0,0,0,0
Methylomagnum,0,0,0,0,0,0,0,0,0,0,0,0,0,0,0,0,0,0,0,0,0,0,0,0
Methylomicrobium,0,0,0,0,0,0,0,0,0,0,0,0,0,0,0,0,0,0,0,0,0,0,0,0
Methylomonas,0,0,0,0,0,0,0,0,0,0,0,0,0,0,0,0,0,0,0,0,0,0,0,0
Methylosarcina,0,0,0,0,0,0,0,0,0,0,0,0,0,0,0,0,0,0,0,0,0,0,0,0
Methylotuvimicrobium,0,0,0,0,0,0,0,0,0,0,0,0,0,0,0,0,0,0,0,0,0,0,0,0
Methylovulum,0,0,0,0,0,0,0,0,0,0,0,0,0,0,0,0,0,0,0,0,0,0,0,0
Methylohalobius,0,0,0,0,0,0,0,0,0,0,0,0,0,0,0,0,0,0,0,0,0,0,0,0
Candidatus_Methylumidiphilus,0,0,0,0,0,0,0,0,0,0,0,0,0,0,0,0,0,0,0,0,0,0,0,0
Agitococcus,0,0,0,0,0,0,0,0,0,0,0,0,0,0,0,0,0,0,0,0,0,0,0,0
Alkanindiges,0,0,0,0,0,0,0,0,0,0,0,0,0,0,0,0,0,0,0,0,0,0,0,0
Fluviicoccus,0,0,0,0,0,0,0,0,0,0,0,0,0,0,0,0,0,0,0,0,0,0,0,0
Moraxella,0,0,0,0,0,0,0,0,0,0,0,0,0,0,0,0,0,0,0,0,0,0,0,0
Psychrobacter,0,0,0,0,0,0,0,0,0,0,0,0,0,0,0,0,0,0,0,0,0,0,0,0
Algiphilus,0,0,0,0,0,0,0,0,0,0,0,0,0,0,0,0,0,0,0,0,0,0,0,0
Hydrocarboniphaga,0,0,0,0,0,0,0,0,0,0,0,0,0,0,0,0,0,0,0,0,0,0,0,0
Nevskia,0,0,0,0,0,0,0,0,0,0,0,0,0,0,0,0,0,0,0,0,0,0,0,0
Sinimarinibacterium,0,0,0,0,0,0,0,0,0,0,0,0,0,0,0,0,0,0,0,0,0,0,0,0
Solimonas,0,0,0,0,0,0,0,0,0,0,0,0,0,0,0,0,0,0,0,0,0,0,0,0
Stenotrophobium,0,0,0,0,0,0,0,0,0,0,0,0,0,0,0,0,0,0,0,0,0,0,0,0
Steroidobacter,0,0,0,0,0,0,0,0,0,0,0,0,0,0,0,0,0,0,0,0,0,0,0,0
Alcanivorax,0,0,0,0,0,0,0,0,0,0,0,0,0,0,0,0,0,0,0,0,0,0,0,0
Ketobacter,0,0,0,0,0,0,0,0,0,0,0,0,0,0,0,0,0,0,0,0,0,0,0,0
Marinicella,0,0,0,0,0,0,0,0,0,0,0,0,0,0,0,0,0,0,0,0,0,0,0,0
Pokkaliibacter,0,0,0,0,0,0,0,0,0,0,0,0,0,0,0,0,0,0,0,0,0,0,0,0
Parendozoicomonas,0,0,0,0,0,0,0,0,0,0,0,0,0,0,0,0,0,0,0,0,0,0,0,0
Hahella,0,0,0,0,0,0,0,0,0,0,0,0,0,0,0,0,0,0,0,0,0,0,0,0
Halomonas,0,0,0,0,0,0,0,0,0,0,0,0,0,0,0,0,0,0,0,0,0,0,0,0
Kushneria,0,0,0,0,0,0,0,0,0,0,0,0,0,0,0,0,0,0,0,0,0,0,0,0
Salinicola,0,0,0,0,0,0,0,0,0,0,0,0,0,0,0,0,0,0,0,0,0,0,0,0
Zymobacter,0,0,0,0,0,0,0,0,0,0,0,0,0,0,0,0,0,0,0,0,0,0,0,0
Amphritea,0,0,0,0,0,0,0,0,0,0,0,0,0,0,0,0,0,0,0,0,0,0,0,0
Marinobacterium,0,0,0,0,0,0,0,0,0,0,0,0,0,0,0,0,0,0,0,0,0,0,0,0
Marinomonas,0,0,0,0,0,0,0,0,0,0,0,0,0,0,0,0,0,0,0,0,0,0,0,0
Marinospirillum,0,0,0,0,0,0,0,0,0,0,0,0,0,0,0,0,0,0,0,0,0,0,0,0
Motiliproteus,0,0,0,0,0,0,0,0,0,0,0,0,0,0,0,0,0,0,0,0,0,0,0,0
Neptuniibacter,0,0,0,0,0,0,0,0,0,0,0,0,0,0,0,0,0,0,0,0,0,0,0,0
Neptunomonas,0,0,0,0,0,0,0,0,0,0,0,0,0,0,0,0,0,0,0,0,0,0,0,0
Nitrincola,0,0,0,0,0,0,0,0,0,0,0,0,0,0,0,0,0,0,0,0,0,0,0,0
Oceanobacter,0,0,0,0,0,0,0,0,0,0,0,0,0,0,0,0,0,0,0,0,0,0,0,0
Oceanospirillum,0,0,0,0,0,0,0,0,0,0,0,0,0,0,0,0,0,0,0,0,0,0,0,0
Oleibacter,0,0,0,0,0,0,0,0,0,0,0,0,0,0,0,0,0,0,0,0,0,0,0,0
Pseudospirillum,0,0,0,0,0,0,0,0,0,0,0,0,0,0,0,0,0,0,0,0,0,0,0,0
Thalassolituus,0,0,0,0,0,0,0,0,0,0,0,0,0,0,0,0,0,0,0,0,0,0,0,0
Oleiphilus,0,0,0,0,0,0,0,0,0,0,0,0,0,0,0,0,0,0,0,0,0,0,0,0
Gynuella,0,0,0,0,0,0,0,0,0,0,0,0,0,0,0,0,0,0,0,0,0,0,0,0
Saccharospirillum,0,0,0,0,0,0,0,0,0,0,0,0,0,0,0,0,0,0,0,0,0,0,0,0
Salinibius,0,0,0,0,0,0,0,0,0,0,0,0,0,0,0,0,0,0,0,0,0,0,0,0
Pelagibaculum,0,0,0,0,0,0,0,0,0,0,0,0,0,0,0,0,0,0,0,0,0,0,0,0
Zooshikella,0,0,0,0,0,0,0,0,0,0,0,0,0,0,0,0,0,0,0,0,0,0,0,0
Candidatus_Schmidhempelia,0,0,0,0,0,0,0,0,0,0,0,0,0,0,0,0,0,0,0,0,0,0,0,0
Gilliamella,0,0,0,0,0,0,0,0,0,0,0,0,0,0,0,0,0,0,0,0,0,0,0,0
Orbus,0,0,0,0,0,0,0,0,0,0,0,0,0,0,0,0,0,0,0,0,0,0,0,0
Actinobacillus,0,0,0,0,0,0,0,0,0,0,0,0,0,0,0,0,0,0,0,0,0,0,0,0
Aggregatibacter,0,0,0,0,0,0,0,0,0,0,0,0,0,0,0,0,0,0,0,0,0,0,0,0
Avibacterium,0,0,0,0,0,0,0,0,0,0,0,0,0,0,0,0,0,0,0,0,0,0,0,0
Basfia,0,0,0,0,0,0,0,0,0,0,0,0,0,0,0,0,0,0,0,0,0,0,0,0
Bibersteinia,0,0,0,0,0,0,0,0,0,0,0,0,0,0,0,0,0,0,0,0,0,0,0,0
Caviibacterium,0,0,0,0,0,0,0,0,0,0,0,0,0,0,0,0,0,0,0,0,0,0,0,0
Chelonobacter,0,0,0,0,0,0,0,0,0,0,0,0,0,0,0,0,0,0,0,0,0,0,0,0
Conservatibacter,0,0,0,0,0,0,0,0,0,0,0,0,0,0,0,0,0,0,0,0,0,0,0,0
Frederiksenia,0,0,0,0,0,0,0,0,0,0,0,0,0,0,0,0,0,0,0,0,0,0,0,0
Glaesserella,0,0,0,0,0,0,0,0,0,0,0,0,0,0,0,0,0,0,0,0,0,0,0,0
Haemophilus,0,0,0,0,0,0,0,0,0,0,0,0,0,0,0,0,0,0,0,0,0,0,0,0
Histophilus,0,0,0,0,0,0,0,0,0,0,0,0,0,0,0,0,0,0,0,0,0,0,0,0
Muribacter,0,0,0,0,0,0,0,0,0,0,0,0,0,0,0,0,0,0,0,0,0,0,0,0
Necropsobacter,0,0,0,0,0,0,0,0,0,0,0,0,0,0,0,0,0,0,0,0,0,0,0,0
Pasteurella,0,0,0,0,0,0,0,0,0,0,0,0,0,0,0,0,0,0,0,0,0,0,0,0
Phocoenobacter,0,0,0,0,0,0,0,0,0,0,0,0,0,0,0,0,0,0,0,0,0,0,0,0
Vespertiliibacter,0,0,0,0,0,0,0,0,0,0,0,0,0,0,0,0,0,0,0,0,0,0,0,0
Mangrovitalea,0,0,0,0,0,0,0,0,0,0,0,0,0,0,0,0,0,0,0,0,0,0,0,0
Marinobacter,0,0,0,0,0,0,0,0,0,0,0,0,0,0,0,0,0,0,0,0,0,0,0,0
Perlucidibaca,0,0,0,0,0,0,0,0,0,0,0,0,0,0,0,0,0,0,0,0,0,0,0,0
Atopomonas,0,0,0,0,0,0,0,0,0,0,0,0,0,0,0,0,0,0,0,0,0,0,0,0
Azotobacter,0,0,0,0,0,0,0,0,0,0,0,0,0,0,0,0,0,0,0,0,0,0,0,0
Entomomonas,0,0,0,0,0,0,0,0,0,0,0,0,0,0,0,0,0,0,0,0,0,0,0,0
Halopseudomonas,0,0,0,0,0,0,0,0,0,0,0,0,0,0,0,0,0,0,0,0,0,0,0,0
Thiopseudomonas,0,0,0,0,0,0,0,0,0,0,0,0,0,0,0,0,0,0,0,0,0,0,0,0
Abyssibacter,0,0,0,0,0,0,0,0,0,0,0,0,0,0,0,0,0,0,0,0,0,0,0,0
Salinisphaera,0,0,0,0,0,0,0,0,0,0,0,0,0,0,0,0,0,0,0,0,0,0,0,0
Caedibacter,0,0,0,0,0,0,0,0,0,0,0,0,0,0,0,0,0,0,0,0,0,0,0,0
Cysteiniphilum,0,0,0,0,0,0,0,0,0,0,0,0,0,0,0,0,0,0,0,0,0,0,0,0
Facilibium,0,0,0,0,0,0,0,0,0,0,0,0,0,0,0,0,0,0,0,0,0,0,0,0
Fangia,0,0,0,0,0,0,0,0,0,0,0,0,0,0,0,0,0,0,0,0,0,0,0,0
Francisella,0,0,0,0,0,0,0,0,0,0,0,0,0,0,0,0,0,0,0,0,0,0,0,0
Pseudofrancisella,0,0,0,0,0,0,0,0,0,0,0,0,0,0,0,0,0,0,0,0,0,0,0,0
Cycloclasticus,0,0,0,0,0,0,0,0,0,0,0,0,0,0,0,0,0,0,0,0,0,0,0,0
Hydrogenovibrio,0,0,0,0,0,0,0,0,0,0,0,0,0,0,0,0,0,0,0,0,0,0,0,0
Methylophaga,0,0,0,0,0,0,0,0,0,0,0,0,0,0,0,0,0,0,0,0,0,0,0,0
Piscirickettsia,0,0,0,0,0,0,0,0,0,0,0,0,0,0,0,0,0,0,0,0,0,0,0,0
Sulfurivirga,0,0,0,0,0,0,0,0,0,0,0,0,0,0,0,0,0,0,0,0,0,0,0,0
Thiomicrorhabdus,0,0,0,0,0,0,0,0,0,0,0,0,0,0,0,0,0,0,0,0,0,0,0,0
Thiomicrospira,0,0,0,0,0,0,0,0,0,0,0,0,0,0,0,0,0,0,0,0,0,0,0,0
Thiofilum,0,0,0,0,0,0,0,0,0,0,0,0,0,0,0,0,0,0,0,0,0,0,0,0
Thiolinea,0,0,0,0,0,0,0,0,0,0,0,0,0,0,0,0,0,0,0,0,0,0,0,0
Achromatium,0,0,0,0,0,0,0,0,0,0,0,0,0,0,0,0,0,0,0,0,0,0,0,0
Beggiatoa,0,0,0,0,0,0,0,0,0,0,0,0,0,0,0,0,0,0,0,0,0,0,0,0
Candidatus_Marithrix,0,0,0,0,0,0,0,0,0,0,0,0,0,0,0,0,0,0,0,0,0,0,0,0
Leucothrix,0,0,0,0,0,0,0,0,0,0,0,0,0,0,0,0,0,0,0,0,0,0,0,0
Thiomargarita,0,0,0,0,0,0,0,0,0,0,0,0,0,0,0,0,0,0,0,0,0,0,0,0
Thioploca,0,0,0,0,0,0,0,0,0,0,0,0,0,0,0,0,0,0,0,0,0,0,0,0
Thiothrix,0,0,0,0,0,0,0,0,0,0,0,0,0,0,0,0,0,0,0,0,0,0,0,0
Thioflexothrix,0,0,0,0,0,0,0,0,0,0,0,0,0,0,0,0,0,0,0,0,0,0,0,0
Candidatus_Contendobacter,0,0,0,0,0,0,0,0,0,0,0,0,0,0,0,0,0,0,0,0,0,0,0,0
Alkalimonas,0,0,0,0,0,0,0,0,0,0,0,0,0,0,0,0,0,0,0,0,0,0,0,0
Candidatus_Kentron,0,0,0,0,0,0,0,0,0,0,0,0,0,0,0,0,0,0,0,0,0,0,0,0
Candidatus_Nardonella,0,0,0,0,0,0,0,0,0,0,0,0,0,0,0,0,0,0,0,0,0,0,0,0
Candidatus_Thiodiazotropha,0,0,0,0,0,0,0,0,0,0,0,0,0,0,0,0,0,0,0,0,0,0,0,0
Gallaecimonas,0,0,0,0,0,0,0,0,0,0,0,0,0,0,0,0,0,0,0,0,0,0,0,0
Ignatzschineria,0,0,0,0,0,0,0,0,0,0,0,0,0,0,0,0,0,0,0,0,0,0,0,0
Pseudohongiella,0,0,0,0,0,0,0,0,0,0,0,0,0,0,0,0,0,0,0,0,0,0,0,0
Sedimenticola,0,0,0,0,0,0,0,0,0,0,0,0,0,0,0,0,0,0,0,0,0,0,0,0
Thiolapillus,0,0,0,0,0,0,0,0,0,0,0,0,0,0,0,0,0,0,0,0,0,0,0,0
Wohlfahrtiimonas,0,0,0,0,0,0,0,0,0,0,0,0,0,0,0,0,0,0,0,0,0,0,0,0
Aliivibrio,0,0,0,0,0,0,0,0,0,0,0,0,0,0,0,0,0,0,0,0,0,0,0,0
Candidatus_Photodesmus,0,0,0,0,0,0,0,0,0,0,0,0,0,0,0,0,0,0,0,0,0,0,0,0
Enterovibrio,0,0,0,0,0,0,0,0,0,0,0,0,0,0,0,0,0,0,0,0,0,0,0,0
Grimontia,0,0,0,0,0,0,0,0,0,0,0,0,0,0,0,0,0,0,0,0,0,0,0,0
Paraphotobacterium,0,0,0,0,0,0,0,0,0,0,0,0,0,0,0,0,0,0,0,0,0,0,0,0
Salinivibrio,0,0,0,0,0,0,0,0,0,0,0,0,0,0,0,0,0,0,0,0,0,0,0,0
Thaumasiovibrio,0,0,0,0,0,0,0,0,0,0,0,0,0,0,0,0,0,0,0,0,0,0,0,0
Aerosticca,0,0,0,0,0,0,0,0,0,0,0,0,0,0,0,0,0,0,0,0,0,0,0,0
Ahniella,0,0,0,0,0,0,0,0,0,0,0,0,0,0,0,0,0,0,0,0,0,0,0,0
Dokdonella,0,0,0,0,0,0,0,0,0,0,0,0,0,0,0,0,0,0,0,0,0,0,0,0
Frateuria,0,0,0,0,0,0,0,0,0,0,0,0,0,0,0,0,0,0,0,0,0,0,0,0
Fulvimonas,0,0,0,0,0,0,0,0,0,0,0,0,0,0,0,0,0,0,0,0,0,0,0,0
Luteibacter,0,0,0,0,0,0,0,0,0,0,0,0,0,0,0,0,0,0,0,0,0,0,0,0
Metallibacterium,0,0,0,0,0,0,0,0,0,0,0,0,0,0,0,0,0,0,0,0,0,0,0,0
Mizugakiibacter,0,0,0,0,0,0,0,0,0,0,0,0,0,0,0,0,0,0,0,0,0,0,0,0
Oleiagrimonas,0,0,0,0,0,0,0,0,0,0,0,0,0,0,0,0,0,0,0,0,0,0,0,0
Rhodanobacter,0,0,0,0,0,0,0,0,0,0,0,0,0,0,0,0,0,0,0,0,0,0,0,0
Rudaea,0,0,0,0,0,0,0,0,0,0,0,0,0,0,0,0,0,0,0,0,0,0,0,0
Arenimonas,0,0,0,0,0,0,0,0,0,0,0,0,0,0,0,0,0,0,0,0,0,0,0,0
Luteimonas,0,0,0,0,0,0,0,0,0,0,0,0,0,0,0,0,0,0,0,0,0,0,0,0
Lysobacter,0,0,0,0,0,0,0,0,0,0,0,0,0,0,0,0,0,0,0,0,0,0,0,0
Pseudolysobacter,0,0,0,0,0,0,0,0,0,0,0,0,0,0,0,0,0,0,0,0,0,0,0,0
Pseudoxanthomonas,0,0,0,0,0,0,0,0,0,0,0,0,0,0,0,0,0,0,0,0,0,0,0,0
Stenotrophomonas,0,0,0,0,0,0,0,0,0,0,0,0,0,0,0,0,0,0,0,0,0,0,0,0
Thermomonas,0,0,0,0,0,0,0,0,0,0,0,0,0,0,0,0,0,0,0,0,0,0,0,0
Xanthomonas,0,0,0,0,0,0,0,0,0,0,0,0,0,0,0,0,0,0,0,0,0,0,0,0
Xylella,0,0,0,0,0,0,0,0,0,0,0,0,0,0,0,0,0,0,0,0,0,0,0,0
Tepidiphilus,0,0,0,0,0,0,0,0,0,0,0,0,0,0,0,0,0,0,0,0,0,0,0,0
Bacteriovorax,0,0,0,0,0,0,0,0,0,0,0,0,0,0,0,0,0,0,0,0,0,0,0,0
Bdellovibrio,0,0,0,0,0,0,0,0,0,0,0,0,0,0,0,0,0,0,0,0,0,0,0,0
Pseudobacteriovorax,0,0,0,0,0,0,0,0,0,0,0,0,0,0,0,0,0,0,0,0,0,0,0,0
Fluviispira,0,0,0,0,0,0,0,0,0,0,0,0,0,0,0,0,0,0,0,0,0,0,0,0
Silvanigrella,0,0,0,0,0,0,0,0,0,0,0,0,0,0,0,0,0,0,0,0,0,0,0,0
Spirobacillus,0,0,0,0,0,0,0,0,0,0,0,0,0,0,0,0,0,0,0,0,0,0,0,0
Mariprofundus,0,0,0,0,0,0,0,0,0,0,0,0,0,0,0,0,0,0,0,0,0,0,0,0
Ghiorsea,0,0,0,0,0,0,0,0,0,0,0,0,0,0,0,0,0,0,0,0,0,0,0,0
Rubricoccus,0,0,0,0,0,0,0,0,0,0,0,0,0,0,0,0,0,0,0,0,0,0,0,0
Rubrivirga,0,0,0,0,0,0,0,0,0,0,0,0,0,0,0,0,0,0,0,0,0,0,0,0
Salinivenus,0,0,0,0,0,0,0,0,0,0,0,0,0,0,0,0,0,0,0,0,0,0,0,0
Longibacter,0,0,0,0,0,0,0,0,0,0,0,0,0,0,0,0,0,0,0,0,0,0,0,0
Longimonas,0,0,0,0,0,0,0,0,0,0,0,0,0,0,0,0,0,0,0,0,0,0,0,0
Salisaeta,0,0,0,0,0,0,0,0,0,0,0,0,0,0,0,0,0,0,0,0,0,0,0,0
Brevinema,0,0,0,0,0,0,0,0,0,0,0,0,0,0,0,0,0,0,0,0,0,0,0,0
Leptonema,0,0,0,0,0,0,0,0,0,0,0,0,0,0,0,0,0,0,0,0,0,0,0,0
Turneriella,0,0,0,0,0,0,0,0,0,0,0,0,0,0,0,0,0,0,0,0,0,0,0,0
Borrelia,0,0,0,0,0,0,0,0,0,0,0,0,0,0,0,0,0,0,0,0,0,0,0,0
Borreliella,0,0,0,0,0,0,0,0,0,0,0,0,0,0,0,0,0,0,0,0,0,0,0,0
Alkalispirochaeta,0,0,0,0,0,0,0,0,0,0,0,0,0,0,0,0,0,0,0,0,0,0,0,0
Salinispira,0,0,0,0,0,0,0,0,0,0,0,0,0,0,0,0,0,0,0,0,0,0,0,0
Acetomicrobium,0,0,0,0,0,0,0,0,0,0,0,0,0,0,0,0,0,0,0,0,0,0,0,0
Aminiphilus,0,0,0,0,0,0,0,0,0,0,0,0,0,0,0,0,0,0,0,0,0,0,0,0
Aminobacterium,0,0,0,0,0,0,0,0,0,0,0,0,0,0,0,0,0,0,0,0,0,0,0,0
Cloacibacillus,0,0,0,0,0,0,0,0,0,0,0,0,0,0,0,0,0,0,0,0,0,0,0,0
Dethiosulfovibrio,0,0,0,0,0,0,0,0,0,0,0,0,0,0,0,0,0,0,0,0,0,0,0,0
Jonquetella,0,0,0,0,0,0,0,0,0,0,0,0,0,0,0,0,0,0,0,0,0,0,0,0
Synergistes,0,0,0,0,0,0,0,0,0,0,0,0,0,0,0,0,0,0,0,0,0,0,0,0
Thermanaerovibrio,0,0,0,0,0,0,0,0,0,0,0,0,0,0,0,0,0,0,0,0,0,0,0,0
Thermovirga,0,0,0,0,0,0,0,0,0,0,0,0,0,0,0,0,0,0,0,0,0,0,0,0
Candidatus_Phytoplasma,0,0,0,0,0,0,0,0,0,0,0,0,0,0,0,0,0,0,0,0,0,0,0,0
Paracholeplasma,0,0,0,0,0,0,0,0,0,0,0,0,0,0,0,0,0,0,0,0,0,0,0,0
Entomoplasma,0,0,0,0,0,0,0,0,0,0,0,0,0,0,0,0,0,0,0,0,0,0,0,0
Mesoplasma,0,0,0,0,0,0,0,0,0,0,0,0,0,0,0,0,0,0,0,0,0,0,0,0
Spiroplasma,0,0,0,0,0,0,0,0,0,0,0,0,0,0,0,0,0,0,0,0,0,0,0,0
Haloplasma,0,0,0,0,0,0,0,0,0,0,0,0,0,0,0,0,0,0,0,0,0,0,0,0
Candidatus_Hepatoplasma,0,0,0,0,0,0,0,0,0,0,0,0,0,0,0,0,0,0,0,0,0,0,0,0
Mycoplasmopsis,0,0,0,0,0,0,0,0,0,0,0,0,0,0,0,0,0,0,0,0,0,0,0,0
Ureaplasma,0,0,0,0,0,0,0,0,0,0,0,0,0,0,0,0,0,0,0,0,0,0,0,0
Malacoplasma,0,0,0,0,0,0,0,0,0,0,0,0,0,0,0,0,0,0,0,0,0,0,0,0
Caldimicrobium,0,0,0,0,0,0,0,0,0,0,0,0,0,0,0,0,0,0,0,0,0,0,0,0
Thermodesulfatator,0,0,0,0,0,0,0,0,0,0,0,0,0,0,0,0,0,0,0,0,0,0,0,0
Thermodesulfobacterium,0,0,0,0,0,0,0,0,0,0,0,0,0,0,0,0,0,0,0,0,0,0,0,0
Thermosulfurimonas,0,0,0,0,0,0,0,0,0,0,0,0,0,0,0,0,0,0,0,0,0,0,0,0
Kosmotoga,0,0,0,0,0,0,0,0,0,0,0,0,0,0,0,0,0,0,0,0,0,0,0,0
Mesotoga,0,0,0,0,0,0,0,0,0,0,0,0,0,0,0,0,0,0,0,0,0,0,0,0
Mesoaciditoga,0,0,0,0,0,0,0,0,0,0,0,0,0,0,0,0,0,0,0,0,0,0,0,0
Defluviitoga,0,0,0,0,0,0,0,0,0,0,0,0,0,0,0,0,0,0,0,0,0,0,0,0
Geotoga,0,0,0,0,0,0,0,0,0,0,0,0,0,0,0,0,0,0,0,0,0,0,0,0
Marinitoga,0,0,0,0,0,0,0,0,0,0,0,0,0,0,0,0,0,0,0,0,0,0,0,0
Oceanotoga,0,0,0,0,0,0,0,0,0,0,0,0,0,0,0,0,0,0,0,0,0,0,0,0
Petrotoga,0,0,0,0,0,0,0,0,0,0,0,0,0,0,0,0,0,0,0,0,0,0,0,0
Fervidobacterium,0,0,0,0,0,0,0,0,0,0,0,0,0,0,0,0,0,0,0,0,0,0,0,0
Thermosipho,0,0,0,0,0,0,0,0,0,0,0,0,0,0,0,0,0,0,0,0,0,0,0,0
Candidatus_Babela,0,0,0,0,0,0,0,0,0,0,0,0,0,0,0,0,0,0,0,0,0,0,0,0
Candidatus_Ozemobacter,0,0,0,0,0,0,0,0,0,0,0,0,0,0,0,0,0,0,0,0,0,0,0,0
Candidatus_Aegiribacteria,0,0,0,0,0,0,0,0,0,0,0,0,0,0,0,0,0,0,0,0,0,0,0,0
Candidatus_Moduliflexus,0,0,0,0,0,0,0,0,0,0,0,0,0,0,0,0,0,0,0,0,0,0,0,0
Candidatus_Stahlbacteria,0,0,0,0,0,0,0,0,0,0,0,0,0,0,0,0,0,0,0,0,0,0,0,0
Candidatus_Vecturithrix,0,0,0,0,0,0,0,0,0,0,0,0,0,0,0,0,0,0,0,0,0,0,0,0
Methylacidiphilum,0,0,0,0,0,0,0,0,0,0,0,0,0,0,0,0,0,0,0,0,0,0,0,0
Cephaloticoccus,0,0,0,0,0,0,0,0,0,0,0,0,0,0,0,0,0,0,0,0,0,0,0,0
Ereboglobus,0,0,0,0,0,0,0,0,0,0,0,0,0,0,0,0,0,0,0,0,0,0,0,0
Geminisphaera,0,0,0,0,0,0,0,0,0,0,0,0,0,0,0,0,0,0,0,0,0,0,0,0
Lacunisphaera,0,0,0,0,0,0,0,0,0,0,0,0,0,0,0,0,0,0,0,0,0,0,0,0
Opitutus,0,0,0,0,0,0,0,0,0,0,0,0,0,0,0,0,0,0,0,0,0,0,0,0
Candidatus_Moanabacter,0,0,0,0,0,0,0,0,0,0,0,0,0,0,0,0,0,0,0,0,0,0,0,0
Coraliomargarita,0,0,0,0,0,0,0,0,0,0,0,0,0,0,0,0,0,0,0,0,0,0,0,0
Chthoniobacter,0,0,0,0,0,0,0,0,0,0,0,0,0,0,0,0,0,0,0,0,0,0,0,0
Terrimicrobium,0,0,0,0,0,0,0,0,0,0,0,0,0,0,0,0,0,0,0,0,0,0,0,0
Rubritalea,0,0,0,0,0,0,0,0,0,0,0,0,0,0,0,0,0,0,0,0,0,0,0,0
Pedosphaera,0,0,0,0,0,0,0,0,0,0,0,0,0,0,0,0,0,0,0,0,0,0,0,0
Haloferula,0,0,0,0,0,0,0,0,0,0,0,0,0,0,0,0,0,0,0,0,0,0,0,0
Prosthecobacter,0,0,0,0,0,0,0,0,0,0,0,0,0,0,0,0,0,0,0,0,0,0,0,0
Roseibacillus,0,0,0,0,0,0,0,0,0,0,0,0,0,0,0,0,0,0,0,0,0,0,0,0
Roseimicrobium,0,0,0,0,0,0,0,0,0,0,0,0,0,0,0,0,0,0,0,0,0,0,0,0
Verrucomicrobium,0,0,0,0,0,0,0,0,0,0,0,0,0,0,0,0,0,0,0,0,0,0,0,0
Candidatus_Methylomirabilis,0,0,0,0,0,0,0,0,0,0,0,0,0,0,0,0,0,0,0,0,0,0,0,0
Aureobasidium,0,0,0,0,0,0,0,0,0,0,0,0,0,0,0,0,0,0,0,0,0,0,0,0
Cercospora,0,0,0,0,0,0,0,0,0,0,0,0,0,0,0,0,0,0,0,0,0,0,0,0
Dothistroma,0,0,0,0,0,0,0,0,0,0,0,0,0,0,0,0,0,0,0,0,0,0,0,0
Sphaerulina,0,0,0,0,0,0,0,0,0,0,0,0,0,0,0,0,0,0,0,0,0,0,0,0
Zymoseptoria,0,0,0,0,0,0,0,0,0,0,0,0,0,0,0,0,0,0,0,0,0,0,0,0
Baudoinia,0,0,0,0,0,0,0,0,0,0,0,0,0,0,0,0,0,0,0,0,0,0,0,0
Hortaea,0,0,0,0,0,0,0,0,0,0,0,0,0,0,0,0,0,0,0,0,0,0,0,0
Corynespora,0,0,0,0,0,0,0,0,0,0,0,0,0,0,0,0,0,0,0,0,0,0,0,0
Epicoccum,0,0,0,0,0,0,0,0,0,0,0,0,0,0,0,0,0,0,0,0,0,0,0,0
Alternaria,0,0,0,0,0,0,0,0,0,0,0,0,0,0,0,0,0,0,0,0,0,0,0,0
Glonium,0,0,0,0,0,0,0,0,0,0,0,0,0,0,0,0,0,0,0,0,0,0,0,0
Verruconis,0,0,0,0,0,0,0,0,0,0,0,0,0,0,0,0,0,0,0,0,0,0,0,0
Exophiala,0,0,0,0,0,0,0,0,0,0,0,0,0,0,0,0,0,0,0,0,0,0,0,0
Fonsecaea,0,0,0,0,0,0,0,0,0,0,0,0,0,0,0,0,0,0,0,0,0,0,0,0
Phialophora,0,0,0,0,0,0,0,0,0,0,0,0,0,0,0,0,0,0,0,0,0,0,0,0
Rhinocladiella,0,0,0,0,0,0,0,0,0,0,0,0,0,0,0,0,0,0,0,0,0,0,0,0
Aspergillus,0,0,0,0,0,0,0,0,0,0,0,0,0,0,0,0,0,0,0,0,0,0,0,0
Penicillium,0,0,0,0,0,0,0,0,0,0,0,0,0,0,0,0,0,0,0,0,0,0,0,0
Rasamsonia,0,0,0,0,0,0,0,0,0,0,0,0,0,0,0,0,0,0,0,0,0,0,0,0
Talaromyces,0,0,0,0,0,0,0,0,0,0,0,0,0,0,0,0,0,0,0,0,0,0,0,0
Helicocarpus,0,0,0,0,0,0,0,0,0,0,0,0,0,0,0,0,0,0,0,0,0,0,0,0
Histoplasma,0,0,0,0,0,0,0,0,0,0,0,0,0,0,0,0,0,0,0,0,0,0,0,0
Trichophyton,0,0,0,0,0,0,0,0,0,0,0,0,0,0,0,0,0,0,0,0,0,0,0,0
Phaeomoniella,0,0,0,0,0,0,0,0,0,0,0,0,0,0,0,0,0,0,0,0,0,0,0,0
Lasallia,0,0,0,0,0,0,0,0,0,0,0,0,0,0,0,0,0,0,0,0,0,0,0,0
Blumeria,0,0,0,0,0,0,0,0,0,0,0,0,0,0,0,0,0,0,0,0,0,0,0,0
Erysiphe,0,0,0,0,0,0,0,0,0,0,0,0,0,0,0,0,0,0,0,0,0,0,0,0
Golovinomyces,0,0,0,0,0,0,0,0,0,0,0,0,0,0,0,0,0,0,0,0,0,0,0,0
Coleophoma,0,0,0,0,0,0,0,0,0,0,0,0,0,0,0,0,0,0,0,0,0,0,0,0
Hyaloscypha,0,0,0,0,0,0,0,0,0,0,0,0,0,0,0,0,0,0,0,0,0,0,0,0
Phialocephala,0,0,0,0,0,0,0,0,0,0,0,0,0,0,0,0,0,0,0,0,0,0,0,0
Rutstroemia,0,0,0,0,0,0,0,0,0,0,0,0,0,0,0,0,0,0,0,0,0,0,0,0
Sclerotinia,0,0,0,0,0,0,0,0,0,0,0,0,0,0,0,0,0,0,0,0,0,0,0,0
Amorphotheca,0,0,0,0,0,0,0,0,0,0,0,0,0,0,0,0,0,0,0,0,0,0,0,0
Oidiodendron,0,0,0,0,0,0,0,0,0,0,0,0,0,0,0,0,0,0,0,0,0,0,0,0
Pseudogymnoascus,0,0,0,0,0,0,0,0,0,0,0,0,0,0,0,0,0,0,0,0,0,0,0,0
Neolecta,0,0,0,0,0,0,0,0,0,0,0,0,0,0,0,0,0,0,0,0,0,0,0,0
Arthrobotrys,0,0,0,0,0,0,0,0,0,0,0,0,0,0,0,0,0,0,0,0,0,0,0,0
Dactylellina,0,0,0,0,0,0,0,0,0,0,0,0,0,0,0,0,0,0,0,0,0,0,0,0
Orbilia,0,0,0,0,0,0,0,0,0,0,0,0,0,0,0,0,0,0,0,0,0,0,0,0
Ascobolus,0,0,0,0,0,0,0,0,0,0,0,0,0,0,0,0,0,0,0,0,0,0,0,0
Pyronema,0,0,0,0,0,0,0,0,0,0,0,0,0,0,0,0,0,0,0,0,0,0,0,0
Tuber,0,0,0,0,0,0,0,0,0,0,0,0,0,0,0,0,0,0,0,0,0,0,0,0
Pneumocystis,0,0,0,0,0,0,0,0,0,0,0,0,0,0,0,0,0,0,0,0,0,0,0,0
Ascoidea,0,0,0,0,0,0,0,0,0,0,0,0,0,0,0,0,0,0,0,0,0,0,0,0
Babjeviella,0,0,0,0,0,0,0,0,0,0,0,0,0,0,0,0,0,0,0,0,0,0,0,0
Candida,0,0,0,0,0,0,0,0,0,0,0,0,0,0,0,0,0,0,0,0,0,0,0,0
Debaryomyces,0,0,0,0,0,0,0,0,0,0,0,0,0,0,0,0,0,0,0,0,0,0,0,0
Hyphopichia,0,0,0,0,0,0,0,0,0,0,0,0,0,0,0,0,0,0,0,0,0,0,0,0
Lodderomyces,0,0,0,0,0,0,0,0,0,0,0,0,0,0,0,0,0,0,0,0,0,0,0,0
Spathaspora,0,0,0,0,0,0,0,0,0,0,0,0,0,0,0,0,0,0,0,0,0,0,0,0
Geotrichum,0,0,0,0,0,0,0,0,0,0,0,0,0,0,0,0,0,0,0,0,0,0,0,0
Yarrowia,0,0,0,0,0,0,0,0,0,0,0,0,0,0,0,0,0,0,0,0,0,0,0,0
Lipomyces,0,0,0,0,0,0,0,0,0,0,0,0,0,0,0,0,0,0,0,0,0,0,0,0
Clavispora,0,0,0,0,0,0,0,0,0,0,0,0,0,0,0,0,0,0,0,0,0,0,0,0
Metschnikowia,0,0,0,0,0,0,0,0,0,0,0,0,0,0,0,0,0,0,0,0,0,0,0,0
Cyberlindnera,0,0,0,0,0,0,0,0,0,0,0,0,0,0,0,0,0,0,0,0,0,0,0,0
Komagataella,0,0,0,0,0,0,0,0,0,0,0,0,0,0,0,0,0,0,0,0,0,0,0,0
Wickerhamomyces,0,0,0,0,0,0,0,0,0,0,0,0,0,0,0,0,0,0,0,0,0,0,0,0
Brettanomyces,0,0,0,0,0,0,0,0,0,0,0,0,0,0,0,0,0,0,0,0,0,0,0,0
Ogataea,0,0,0,0,0,0,0,0,0,0,0,0,0,0,0,0,0,0,0,0,0,0,0,0
Pichia,0,0,0,0,0,0,0,0,0,0,0,0,0,0,0,0,0,0,0,0,0,0,0,0
Eremothecium,0,0,0,0,0,0,0,0,0,0,0,0,0,0,0,0,0,0,0,0,0,0,0,0
Kazachstania,0,0,0,0,0,0,0,0,0,0,0,0,0,0,0,0,0,0,0,0,0,0,0,0
Kluyveromyces,0,0,0,0,0,0,0,0,0,0,0,0,0,0,0,0,0,0,0,0,0,0,0,0
Lachancea,0,0,0,0,0,0,0,0,0,0,0,0,0,0,0,0,0,0,0,0,0,0,0,0
Nakaseomyces,0,0,0,0,0,0,0,0,0,0,0,0,0,0,0,0,0,0,0,0,0,0,0,0
Naumovozyma,0,0,0,0,0,0,0,0,0,0,0,0,0,0,0,0,0,0,0,0,0,0,0,0
Pachysolen,0,0,0,0,0,0,0,0,0,0,0,0,0,0,0,0,0,0,0,0,0,0,0,0
Tetrapisispora,0,0,0,0,0,0,0,0,0,0,0,0,0,0,0,0,0,0,0,0,0,0,0,0
Vanderwaltozyma,0,0,0,0,0,0,0,0,0,0,0,0,0,0,0,0,0,0,0,0,0,0,0,0
Zygosaccharomyces,0,0,0,0,0,0,0,0,0,0,0,0,0,0,0,0,0,0,0,0,0,0,0,0
Hanseniaspora,0,0,0,0,0,0,0,0,0,0,0,0,0,0,0,0,0,0,0,0,0,0,0,0
Saccharomycodes,0,0,0,0,0,0,0,0,0,0,0,0,0,0,0,0,0,0,0,0,0,0,0,0
Saccharomycopsis,0,0,0,0,0,0,0,0,0,0,0,0,0,0,0,0,0,0,0,0,0,0,0,0
Sugiyamaella,0,0,0,0,0,0,0,0,0,0,0,0,0,0,0,0,0,0,0,0,0,0,0,0
Tortispora,0,0,0,0,0,0,0,0,0,0,0,0,0,0,0,0,0,0,0,0,0,0,0,0
Nadsonia,0,0,0,0,0,0,0,0,0,0,0,0,0,0,0,0,0,0,0,0,0,0,0,0
Schizosaccharomyces,0,0,0,0,0,0,0,0,0,0,0,0,0,0,0,0,0,0,0,0,0,0,0,0
Chrysoporthe,0,0,0,0,0,0,0,0,0,0,0,0,0,0,0,0,0,0,0,0,0,0,0,0
Juglanconis,0,0,0,0,0,0,0,0,0,0,0,0,0,0,0,0,0,0,0,0,0,0,0,0
Valsa,0,0,0,0,0,0,0,0,0,0,0,0,0,0,0,0,0,0,0,0,0,0,0,0
Colletotrichum,0,0,0,0,0,0,0,0,0,0,0,0,0,0,0,0,0,0,0,0,0,0,0,0
Claviceps,0,0,0,0,0,0,0,0,0,0,0,0,0,0,0,0,0,0,0,0,0,0,0,0
Beauveria,0,0,0,0,0,0,0,0,0,0,0,0,0,0,0,0,0,0,0,0,0,0,0,0
Trichoderma,0,0,0,0,0,0,0,0,0,0,0,0,0,0,0,0,0,0,0,0,0,0,0,0
Fusarium,0,0,0,0,0,0,0,0,0,0,0,0,0,0,0,0,0,0,0,0,0,0,0,0
Neonectria,0,0,0,0,0,0,0,0,0,0,0,0,0,0,0,0,0,0,0,0,0,0,0,0
Hirsutella,0,0,0,0,0,0,0,0,0,0,0,0,0,0,0,0,0,0,0,0,0,0,0,0
Ophiocordyceps,0,0,0,0,0,0,0,0,0,0,0,0,0,0,0,0,0,0,0,0,0,0,0,0
Tolypocladium,0,0,0,0,0,0,0,0,0,0,0,0,0,0,0,0,0,0,0,0,0,0,0,0
Pyricularia,0,0,0,0,0,0,0,0,0,0,0,0,0,0,0,0,0,0,0,0,0,0,0,0
Ceratocystis,0,0,0,0,0,0,0,0,0,0,0,0,0,0,0,0,0,0,0,0,0,0,0,0
Lomentospora,0,0,0,0,0,0,0,0,0,0,0,0,0,0,0,0,0,0,0,0,0,0,0,0
Scedosporium,0,0,0,0,0,0,0,0,0,0,0,0,0,0,0,0,0,0,0,0,0,0,0,0
Sporothrix,0,0,0,0,0,0,0,0,0,0,0,0,0,0,0,0,0,0,0,0,0,0,0,0
Podospora,0,0,0,0,0,0,0,0,0,0,0,0,0,0,0,0,0,0,0,0,0,0,0,0
Thermothielavioides,0,0,0,0,0,0,0,0,0,0,0,0,0,0,0,0,0,0,0,0,0,0,0,0
Neurospora,0,0,0,0,0,0,0,0,0,0,0,0,0,0,0,0,0,0,0,0,0,0,0,0
Phaeoacremonium,0,0,0,0,0,0,0,0,0,0,0,0,0,0,0,0,0,0,0,0,0,0,0,0
Hypoxylon,0,0,0,0,0,0,0,0,0,0,0,0,0,0,0,0,0,0,0,0,0,0,0,0
Pseudomassariella,0,0,0,0,0,0,0,0,0,0,0,0,0,0,0,0,0,0,0,0,0,0,0,0
Pestalotiopsis,0,0,0,0,0,0,0,0,0,0,0,0,0,0,0,0,0,0,0,0,0,0,0,0
Monosporascus,0,0,0,0,0,0,0,0,0,0,0,0,0,0,0,0,0,0,0,0,0,0,0,0
Taphrina,0,0,0,0,0,0,0,0,0,0,0,0,0,0,0,0,0,0,0,0,0,0,0,0
Saitoella,0,0,0,0,0,0,0,0,0,0,0,0,0,0,0,0,0,0,0,0,0,0,0,0
Xylona,0,0,0,0,0,0,0,0,0,0,0,0,0,0,0,0,0,0,0,0,0,0,0,0
Agaricus,0,0,0,0,0,0,0,0,0,0,0,0,0,0,0,0,0,0,0,0,0,0,0,0
Amanita,0,0,0,0,0,0,0,0,0,0,0,0,0,0,0,0,0,0,0,0,0,0,0,0
Panaeolus,0,0,0,0,0,0,0,0,0,0,0,0,0,0,0,0,0,0,0,0,0,0,0,0
Gymnopilus,0,0,0,0,0,0,0,0,0,0,0,0,0,0,0,0,0,0,0,0,0,0,0,0
Fistulina,0,0,0,0,0,0,0,0,0,0,0,0,0,0,0,0,0,0,0,0,0,0,0,0
Hypsizygus,0,0,0,0,0,0,0,0,0,0,0,0,0,0,0,0,0,0,0,0,0,0,0,0
Lyophyllum,0,0,0,0,0,0,0,0,0,0,0,0,0,0,0,0,0,0,0,0,0,0,0,0
Moniliophthora,0,0,0,0,0,0,0,0,0,0,0,0,0,0,0,0,0,0,0,0,0,0,0,0
Mycena,0,0,0,0,0,0,0,0,0,0,0,0,0,0,0,0,0,0,0,0,0,0,0,0
Gymnopus,0,0,0,0,0,0,0,0,0,0,0,0,0,0,0,0,0,0,0,0,0,0,0,0
Lentinula,0,0,0,0,0,0,0,0,0,0,0,0,0,0,0,0,0,0,0,0,0,0,0,0
Candolleomyces,0,0,0,0,0,0,0,0,0,0,0,0,0,0,0,0,0,0,0,0,0,0,0,0
Hypholoma,0,0,0,0,0,0,0,0,0,0,0,0,0,0,0,0,0,0,0,0,0,0,0,0
Psilocybe,0,0,0,0,0,0,0,0,0,0,0,0,0,0,0,0,0,0,0,0,0,0,0,0
Laccaria,0,0,0,0,0,0,0,0,0,0,0,0,0,0,0,0,0,0,0,0,0,0,0,0
Plicaturopsis,0,0,0,0,0,0,0,0,0,0,0,0,0,0,0,0,0,0,0,0,0,0,0,0
Fibularhizoctonia,0,0,0,0,0,0,0,0,0,0,0,0,0,0,0,0,0,0,0,0,0,0,0,0
Exidia,0,0,0,0,0,0,0,0,0,0,0,0,0,0,0,0,0,0,0,0,0,0,0,0
Paxillus,0,0,0,0,0,0,0,0,0,0,0,0,0,0,0,0,0,0,0,0,0,0,0,0
Rhizopogon,0,0,0,0,0,0,0,0,0,0,0,0,0,0,0,0,0,0,0,0,0,0,0,0
Scleroderma,0,0,0,0,0,0,0,0,0,0,0,0,0,0,0,0,0,0,0,0,0,0,0,0
Serpula,0,0,0,0,0,0,0,0,0,0,0,0,0,0,0,0,0,0,0,0,0,0,0,0
Suillus,0,0,0,0,0,0,0,0,0,0,0,0,0,0,0,0,0,0,0,0,0,0,0,0
Botryobasidium,0,0,0,0,0,0,0,0,0,0,0,0,0,0,0,0,0,0,0,0,0,0,0,0
Rhizoctonia,0,0,0,0,0,0,0,0,0,0,0,0,0,0,0,0,0,0,0,0,0,0,0,0
Tulasnella,0,0,0,0,0,0,0,0,0,0,0,0,0,0,0,0,0,0,0,0,0,0,0,0
Sphaerobolus,0,0,0,0,0,0,0,0,0,0,0,0,0,0,0,0,0,0,0,0,0,0,0,0
Gloeophyllum,0,0,0,0,0,0,0,0,0,0,0,0,0,0,0,0,0,0,0,0,0,0,0,0
Neolentinus,0,0,0,0,0,0,0,0,0,0,0,0,0,0,0,0,0,0,0,0,0,0,0,0
Pyrrhoderma,0,0,0,0,0,0,0,0,0,0,0,0,0,0,0,0,0,0,0,0,0,0,0,0
Fomitopsis,0,0,0,0,0,0,0,0,0,0,0,0,0,0,0,0,0,0,0,0,0,0,0,0
Obba,0,0,0,0,0,0,0,0,0,0,0,0,0,0,0,0,0,0,0,0,0,0,0,0
Laetiporus,0,0,0,0,0,0,0,0,0,0,0,0,0,0,0,0,0,0,0,0,0,0,0,0
Phanerochaete,0,0,0,0,0,0,0,0,0,0,0,0,0,0,0,0,0,0,0,0,0,0,0,0
Lentinus,0,0,0,0,0,0,0,0,0,0,0,0,0,0,0,0,0,0,0,0,0,0,0,0
Polyporus,0,0,0,0,0,0,0,0,0,0,0,0,0,0,0,0,0,0,0,0,0,0,0,0
Heterobasidion,0,0,0,0,0,0,0,0,0,0,0,0,0,0,0,0,0,0,0,0,0,0,0,0
Peniophora,0,0,0,0,0,0,0,0,0,0,0,0,0,0,0,0,0,0,0,0,0,0,0,0
Serendipita,0,0,0,0,0,0,0,0,0,0,0,0,0,0,0,0,0,0,0,0,0,0,0,0
Sistotremastrum,0,0,0,0,0,0,0,0,0,0,0,0,0,0,0,0,0,0,0,0,0,0,0,0
Dacryopinax,0,0,0,0,0,0,0,0,0,0,0,0,0,0,0,0,0,0,0,0,0,0,0,0
Tilletiopsis,0,0,0,0,0,0,0,0,0,0,0,0,0,0,0,0,0,0,0,0,0,0,0,0
Acaromyces,0,0,0,0,0,0,0,0,0,0,0,0,0,0,0,0,0,0,0,0,0,0,0,0
Tilletiaria,0,0,0,0,0,0,0,0,0,0,0,0,0,0,0,0,0,0,0,0,0,0,0,0
Jaminaea,0,0,0,0,0,0,0,0,0,0,0,0,0,0,0,0,0,0,0,0,0,0,0,0
Tilletia,0,0,0,0,0,0,0,0,0,0,0,0,0,0,0,0,0,0,0,0,0,0,0,0
Malassezia,0,0,0,0,0,0,0,0,0,0,0,0,0,0,0,0,0,0,0,0,0,0,0,0
Leucosporidium,0,0,0,0,0,0,0,0,0,0,0,0,0,0,0,0,0,0,0,0,0,0,0,0
Rhodotorula,0,0,0,0,0,0,0,0,0,0,0,0,0,0,0,0,0,0,0,0,0,0,0,0
Sporidiobolus,0,0,0,0,0,0,0,0,0,0,0,0,0,0,0,0,0,0,0,0,0,0,0,0
Mixia,0,0,0,0,0,0,0,0,0,0,0,0,0,0,0,0,0,0,0,0,0,0,0,0
Puccinia,0,0,0,0,0,0,0,0,0,0,0,0,0,0,0,0,0,0,0,0,0,0,0,0
Phaffia,0,0,0,0,0,0,0,0,0,0,0,0,0,0,0,0,0,0,0,0,0,0,0,0
Cryptococcus,0,0,0,0,0,0,0,0,0,0,0,0,0,0,0,0,0,0,0,0,0,0,0,0
Kwoniella,0,0,0,0,0,0,0,0,0,0,0,0,0,0,0,0,0,0,0,0,0,0,0,0
Kockovaella,0,0,0,0,0,0,0,0,0,0,0,0,0,0,0,0,0,0,0,0,0,0,0,0
Tremella,0,0,0,0,0,0,0,0,0,0,0,0,0,0,0,0,0,0,0,0,0,0,0,0
Apiotrichum,0,0,0,0,0,0,0,0,0,0,0,0,0,0,0,0,0,0,0,0,0,0,0,0
Trichosporon,0,0,0,0,0,0,0,0,0,0,0,0,0,0,0,0,0,0,0,0,0,0,0,0
Testicularia,0,0,0,0,0,0,0,0,0,0,0,0,0,0,0,0,0,0,0,0,0,0,0,0
Kalmanozyma,0,0,0,0,0,0,0,0,0,0,0,0,0,0,0,0,0,0,0,0,0,0,0,0
Sporisorium,0,0,0,0,0,0,0,0,0,0,0,0,0,0,0,0,0,0,0,0,0,0,0,0
Violaceomyces,0,0,0,0,0,0,0,0,0,0,0,0,0,0,0,0,0,0,0,0,0,0,0,0
Wallemia,0,0,0,0,0,0,0,0,0,0,0,0,0,0,0,0,0,0,0,0,0,0,0,0
Allomyces,0,0,0,0,0,0,0,0,0,0,0,0,0,0,0,0,0,0,0,0,0,0,0,0
Catenaria,0,0,0,0,0,0,0,0,0,0,0,0,0,0,0,0,0,0,0,0,0,0,0,0
Caulochytrium,0,0,0,0,0,0,0,0,0,0,0,0,0,0,0,0,0,0,0,0,0,0,0,0
Rhizoclosmatium,0,0,0,0,0,0,0,0,0,0,0,0,0,0,0,0,0,0,0,0,0,0,0,0
Batrachochytrium,0,0,0,0,0,0,0,0,0,0,0,0,0,0,0,0,0,0,0,0,0,0,0,0
Spizellomyces,0,0,0,0,0,0,0,0,0,0,0,0,0,0,0,0,0,0,0,0,0,0,0,0
Blyttiomyces,0,0,0,0,0,0,0,0,0,0,0,0,0,0,0,0,0,0,0,0,0,0,0,0
Gonapodya,0,0,0,0,0,0,0,0,0,0,0,0,0,0,0,0,0,0,0,0,0,0,0,0
Anaeromyces,0,0,0,0,0,0,0,0,0,0,0,0,0,0,0,0,0,0,0,0,0,0,0,0
Caecomyces,0,0,0,0,0,0,0,0,0,0,0,0,0,0,0,0,0,0,0,0,0,0,0,0
Neocallimastix,0,0,0,0,0,0,0,0,0,0,0,0,0,0,0,0,0,0,0,0,0,0,0,0
Orpinomyces,0,0,0,0,0,0,0,0,0,0,0,0,0,0,0,0,0,0,0,0,0,0,0,0
Piromyces,0,0,0,0,0,0,0,0,0,0,0,0,0,0,0,0,0,0,0,0,0,0,0,0
Paramicrosporidium,0,0,0,0,0,0,0,0,0,0,0,0,0,0,0,0,0,0,0,0,0,0,0,0
Rozella,0,0,0,0,0,0,0,0,0,0,0,0,0,0,0,0,0,0,0,0,0,0,0,0
Amphiamblys,0,0,0,0,0,0,0,0,0,0,0,0,0,0,0,0,0,0,0,0,0,0,0,0
Edhazardia,0,0,0,0,0,0,0,0,0,0,0,0,0,0,0,0,0,0,0,0,0,0,0,0
Enterocytozoon,0,0,0,0,0,0,0,0,0,0,0,0,0,0,0,0,0,0,0,0,0,0,0,0
Enterospora,0,0,0,0,0,0,0,0,0,0,0,0,0,0,0,0,0,0,0,0,0,0,0,0
Hepatospora,0,0,0,0,0,0,0,0,0,0,0,0,0,0,0,0,0,0,0,0,0,0,0,0
Nosema,0,0,0,0,0,0,0,0,0,0,0,0,0,0,0,0,0,0,0,0,0,0,0,0
Vittaforma,0,0,0,0,0,0,0,0,0,0,0,0,0,0,0,0,0,0,0,0,0,0,0,0
Vavraia,0,0,0,0,0,0,0,0,0,0,0,0,0,0,0,0,0,0,0,0,0,0,0,0
Anncaliia,0,0,0,0,0,0,0,0,0,0,0,0,0,0,0,0,0,0,0,0,0,0,0,0
Tubulinosema,0,0,0,0,0,0,0,0,0,0,0,0,0,0,0,0,0,0,0,0,0,0,0,0
Mitosporidium,0,0,0,0,0,0,0,0,0,0,0,0,0,0,0,0,0,0,0,0,0,0,0,0
Nematocida,0,0,0,0,0,0,0,0,0,0,0,0,0,0,0,0,0,0,0,0,0,0,0,0
Encephalitozoon,0,0,0,0,0,0,0,0,0,0,0,0,0,0,0,0,0,0,0,0,0,0,0,0
Endogone,0,0,0,0,0,0,0,0,0,0,0,0,0,0,0,0,0,0,0,0,0,0,0,0
Jimgerdemannia,0,0,0,0,0,0,0,0,0,0,0,0,0,0,0,0,0,0,0,0,0,0,0,0
Bifiguratus,0,0,0,0,0,0,0,0,0,0,0,0,0,0,0,0,0,0,0,0,0,0,0,0
Diversispora,0,0,0,0,0,0,0,0,0,0,0,0,0,0,0,0,0,0,0,0,0,0,0,0
Gigaspora,0,0,0,0,0,0,0,0,0,0,0,0,0,0,0,0,0,0,0,0,0,0,0,0
Glomus,0,0,0,0,0,0,0,0,0,0,0,0,0,0,0,0,0,0,0,0,0,0,0,0
Rhizophagus,0,0,0,0,0,0,0,0,0,0,0,0,0,0,0,0,0,0,0,0,0,0,0,0
Linnemannia,0,0,0,0,0,0,0,0,0,0,0,0,0,0,0,0,0,0,0,0,0,0,0,0
Lobosporangium,0,0,0,0,0,0,0,0,0,0,0,0,0,0,0,0,0,0,0,0,0,0,0,0
Mortierella,0,0,0,0,0,0,0,0,0,0,0,0,0,0,0,0,0,0,0,0,0,0,0,0
Podila,0,0,0,0,0,0,0,0,0,0,0,0,0,0,0,0,0,0,0,0,0,0,0,0
Choanephora,0,0,0,0,0,0,0,0,0,0,0,0,0,0,0,0,0,0,0,0,0,0,0,0
Absidia,0,0,0,0,0,0,0,0,0,0,0,0,0,0,0,0,0,0,0,0,0,0,0,0
Hesseltinella,0,0,0,0,0,0,0,0,0,0,0,0,0,0,0,0,0,0,0,0,0,0,0,0
Lichtheimia,0,0,0,0,0,0,0,0,0,0,0,0,0,0,0,0,0,0,0,0,0,0,0,0
Mucor,0,0,0,0,0,0,0,0,0,0,0,0,0,0,0,0,0,0,0,0,0,0,0,0
Parasitella,0,0,0,0,0,0,0,0,0,0,0,0,0,0,0,0,0,0,0,0,0,0,0,0
Phycomyces,0,0,0,0,0,0,0,0,0,0,0,0,0,0,0,0,0,0,0,0,0,0,0,0
Rhizopus,0,0,0,0,0,0,0,0,0,0,0,0,0,0,0,0,0,0,0,0,0,0,0,0
Syncephalastrum,0,0,0,0,0,0,0,0,0,0,0,0,0,0,0,0,0,0,0,0,0,0,0,0
Olpidium,0,0,0,0,0,0,0,0,0,0,0,0,0,0,0,0,0,0,0,0,0,0,0,0
Basidiobolus,0,0,0,0,0,0,0,0,0,0,0,0,0,0,0,0,0,0,0,0,0,0,0,0
Dimargaris,0,0,0,0,0,0,0,0,0,0,0,0,0,0,0,0,0,0,0,0,0,0,0,0
Conidiobolus,0,0,0,0,0,0,0,0,0,0,0,0,0,0,0,0,0,0,0,0,0,0,0,0
Furculomyces,0,0,0,0,0,0,0,0,0,0,0,0,0,0,0,0,0,0,0,0,0,0,0,0
Smittium,0,0,0,0,0,0,0,0,0,0,0,0,0,0,0,0,0,0,0,0,0,0,0,0
Zancudomyces,0,0,0,0,0,0,0,0,0,0,0,0,0,0,0,0,0,0,0,0,0,0,0,0
Coemansia,0,0,0,0,0,0,0,0,0,0,0,0,0,0,0,0,0,0,0,0,0,0,0,0
Linderina,0,0,0,0,0,0,0,0,0,0,0,0,0,0,0,0,0,0,0,0,0,0,0,0
Piptocephalis,0,0,0,0,0,0,0,0,0,0,0,0,0,0,0,0,0,0,0,0,0,0,0,0
Syncephalis,0,0,0,0,0,0,0,0,0,0,0,0,0,0,0,0,0,0,0,0,0,0,0,0
Thamnocephalis,0,0,0,0,0,0,0,0,0,0,0,0,0,0,0,0,0,0,0,0,0,0,0,0
Alpharetrovirus,0,0,0,0,0,0,0,0,0,0,0,0,0,0,0,0,0,0,0,0,0,0,0,0
Betaretrovirus,0,0,0,0,0,0,0,0,0,0,0,0,0,0,0,0,0,0,0,0,0,0,0,0
Gammaretrovirus,0,0,0,0,0,0,0,0,0,0,0,0,0,0,0,0,0,0,0,0,0,0,0,0
Intracisternal_A_particles,0,0,0,0,0,0,0,0,0,0,0,0,0,0,0,0,0,0,0,0,0,0,0,0
Lentivirus,0,0,0,0,0,0,0,0,0,0,0,0,0,0,0,0,0,0,0,0,0,0,0,0
Bocaparvovirus,0,0,0,0,0,0,0,0,0,0,0,0,0,0,0,0,0,0,0,0,0,0,0,0
Dependoparvovirus,0,0,0,0,0,0,0,0,0,0,0,0,0,0,0,0,0,0,0,0,0,0,0,0
Pestivirus,0,0,0,0,0,0,0,0,0,0,0,0,0,0,0,0,0,0,0,0,0,0,0,0
Chlorovirus,0,0,0,0,0,0,0,0,0,0,0,0,0,0,0,0,0,0,0,0,0,0,0,0
Prasinovirus,0,0,0,0,0,0,0,0,0,0,0,0,0,0,0,0,0,0,0,0,0,0,0,0
Catovirus,0,0,0,0,0,0,0,0,0,0,0,0,0,0,0,0,0,0,0,0,0,0,0,0
Hokovirus,0,0,0,0,0,0,0,0,0,0,0,0,0,0,0,0,0,0,0,0,0,0,0,0
Klosneuvirus,0,0,0,0,0,0,0,0,0,0,0,0,0,0,0,0,0,0,0,0,0,0,0,0
Mimivirus,0,0,0,0,0,0,0,0,0,0,0,0,0,0,0,0,0,0,0,0,0,0,0,0
Tupanvirus,0,0,0,0,0,0,0,0,0,0,0,0,0,0,0,0,0,0,0,0,0,0,0,0
Chloriridovirus,0,0,0,0,0,0,0,0,0,0,0,0,0,0,0,0,0,0,0,0,0,0,0,0
Marseillevirus,0,0,0,0,0,0,0,0,0,0,0,0,0,0,0,0,0,0,0,0,0,0,0,0
Betaentomopoxvirus,0,0,0,0,0,0,0,0,0,0,0,0,0,0,0,0,0,0,0,0,0,0,0,0
Centapoxvirus,0,0,0,0,0,0,0,0,0,0,0,0,0,0,0,0,0,0,0,0,0,0,0,0
Molluscipoxvirus,0,0,0,0,0,0,0,0,0,0,0,0,0,0,0,0,0,0,0,0,0,0,0,0
Mustelpoxvirus,0,0,0,0,0,0,0,0,0,0,0,0,0,0,0,0,0,0,0,0,0,0,0,0
Sciuripoxvirus,0,0,0,0,0,0,0,0,0,0,0,0,0,0,0,0,0,0,0,0,0,0,0,0
Macavirus,0,0,0,0,0,0,0,0,0,0,0,0,0,0,0,0,0,0,0,0,0,0,0,0
Manticavirus,0,0,0,0,0,0,0,0,0,0,0,0,0,0,0,0,0,0,0,0,0,0,0,0
Percavirus,0,0,0,0,0,0,0,0,0,0,0,0,0,0,0,0,0,0,0,0,0,0,0,0
Proboscivirus,0,0,0,0,0,0,0,0,0,0,0,0,0,0,0,0,0,0,0,0,0,0,0,0
Rhadinovirus,0,0,0,0,0,0,0,0,0,0,0,0,0,0,0,0,0,0,0,0,0,0,0,0
Alphabaculovirus,0,0,0,0,0,0,0,0,0,0,0,0,0,0,0,0,0,0,0,0,0,0,0,0
Pandoravirus,0,0,0,0,0,0,0,0,0,0,0,0,0,0,0,0,0,0,0,0,0,0,0,0
Kuttervirus,0,0,0,0,0,0,0,0,0,0,0,0,0,0,0,0,0,0,0,0,0,0,0,0
Taipeivirus,0,0,0,0,0,0,0,0,0,0,0,0,0,0,0,0,0,0,0,0,0,0,0,0
Tedavirus,0,0,0,0,0,0,0,0,0,0,0,0,0,0,0,0,0,0,0,0,0,0,0,0
Acadevirus,0,0,0,0,0,0,0,0,0,0,0,0,0,0,0,0,0,0,0,0,0,0,0,0
Pifdecavirus,0,0,0,0,0,0,0,0,0,0,0,0,0,0,0,0,0,0,0,0,0,0,0,0
Cetovirus,0,0,0,0,0,0,0,0,0,0,0,0,0,0,0,0,0,0,0,0,0,0,0,0
Pogseptimavirus,0,0,0,0,0,0,0,0,0,0,0,0,0,0,0,0,0,0,0,0,0,0,0,0
Tequintavirus,0,0,0,0,0,0,0,0,0,0,0,0,0,0,0,0,0,0,0,0,0,0,0,0
Vipunavirus,0,0,0,0,0,0,0,0,0,0,0,0,0,0,0,0,0,0,0,0,0,0,0,0
Brucesealvirus,0,0,0,0,0,0,0,0,0,0,0,0,0,0,0,0,0,0,0,0,0,0,0,0
Capvunavirus,0,0,0,0,0,0,0,0,0,0,0,0,0,0,0,0,0,0,0,0,0,0,0,0
Gregsiragusavirus,0,0,0,0,0,0,0,0,0,0,0,0,0,0,0,0,0,0,0,0,0,0,0,0
Susfortunavirus,0,0,0,0,0,0,0,0,0,0,0,0,0,0,0,0,0,0,0,0,0,0,0,0
Agatevirus,0,0,0,0,0,0,0,0,0,0,0,0,0,0,0,0,0,0,0,0,0,0,0,0
Baoshanvirus,0,0,0,0,0,0,0,0,0,0,0,0,0,0,0,0,0,0,0,0,0,0,0,0
Bastillevirus,0,0,0,0,0,0,0,0,0,0,0,0,0,0,0,0,0,0,0,0,0,0,0,0
Bequatrovirus,0,0,0,0,0,0,0,0,0,0,0,0,0,0,0,0,0,0,0,0,0,0,0,0
Caeruleovirus,0,0,0,0,0,0,0,0,0,0,0,0,0,0,0,0,0,0,0,0,0,0,0,0
Eldridgevirus,0,0,0,0,0,0,0,0,0,0,0,0,0,0,0,0,0,0,0,0,0,0,0,0
Harbinvirus,0,0,0,0,0,0,0,0,0,0,0,0,0,0,0,0,0,0,0,0,0,0,0,0
Hopescreekvirus,0,0,0,0,0,0,0,0,0,0,0,0,0,0,0,0,0,0,0,0,0,0,0,0
Jeonjuvirus,0,0,0,0,0,0,0,0,0,0,0,0,0,0,0,0,0,0,0,0,0,0,0,0
Kayvirus,0,0,0,0,0,0,0,0,0,0,0,0,0,0,0,0,0,0,0,0,0,0,0,0
Kochikohdavirus,0,0,0,0,0,0,0,0,0,0,0,0,0,0,0,0,0,0,0,0,0,0,0,0
Matervirus,0,0,0,0,0,0,0,0,0,0,0,0,0,0,0,0,0,0,0,0,0,0,0,0
Moonbeamvirus,0,0,0,0,0,0,0,0,0,0,0,0,0,0,0,0,0,0,0,0,0,0,0,0
Mooreparkvirus,0,0,0,0,0,0,0,0,0,0,0,0,0,0,0,0,0,0,0,0,0,0,0,0
Nitunavirus,0,0,0,0,0,0,0,0,0,0,0,0,0,0,0,0,0,0,0,0,0,0,0,0
Okubovirus,0,0,0,0,0,0,0,0,0,0,0,0,0,0,0,0,0,0,0,0,0,0,0,0
Salchichonvirus,0,0,0,0,0,0,0,0,0,0,0,0,0,0,0,0,0,0,0,0,0,0,0,0
Schiekvirus,0,0,0,0,0,0,0,0,0,0,0,0,0,0,0,0,0,0,0,0,0,0,0,0
Sciuriunavirus,0,0,0,0,0,0,0,0,0,0,0,0,0,0,0,0,0,0,0,0,0,0,0,0
Sepunavirus,0,0,0,0,0,0,0,0,0,0,0,0,0,0,0,0,0,0,0,0,0,0,0,0
Shalavirus,0,0,0,0,0,0,0,0,0,0,0,0,0,0,0,0,0,0,0,0,0,0,0,0
Silviavirus,0,0,0,0,0,0,0,0,0,0,0,0,0,0,0,0,0,0,0,0,0,0,0,0
Siminovitchvirus,0,0,0,0,0,0,0,0,0,0,0,0,0,0,0,0,0,0,0,0,0,0,0,0
Siophivirus,0,0,0,0,0,0,0,0,0,0,0,0,0,0,0,0,0,0,0,0,0,0,0,0
Tsarbombavirus,0,0,0,0,0,0,0,0,0,0,0,0,0,0,0,0,0,0,0,0,0,0,0,0
Twortvirus,0,0,0,0,0,0,0,0,0,0,0,0,0,0,0,0,0,0,0,0,0,0,0,0
Wphvirus,0,0,0,0,0,0,0,0,0,0,0,0,0,0,0,0,0,0,0,0,0,0,0,0
Abouovirus,0,0,0,0,0,0,0,0,0,0,0,0,0,0,0,0,0,0,0,0,0,0,0,0
Agricanvirus,0,0,0,0,0,0,0,0,0,0,0,0,0,0,0,0,0,0,0,0,0,0,0,0
Alcyoneusvirus,0,0,0,0,0,0,0,0,0,0,0,0,0,0,0,0,0,0,0,0,0,0,0,0
Asteriusvirus,0,0,0,0,0,0,0,0,0,0,0,0,0,0,0,0,0,0,0,0,0,0,0,0
Atlauavirus,0,0,0,0,0,0,0,0,0,0,0,0,0,0,0,0,0,0,0,0,0,0,0,0
Bcepfunavirus,0,0,0,0,0,0,0,0,0,0,0,0,0,0,0,0,0,0,0,0,0,0,0,0
Becedseptimavirus,0,0,0,0,0,0,0,0,0,0,0,0,0,0,0,0,0,0,0,0,0,0,0,0
Bellamyvirus,0,0,0,0,0,0,0,0,0,0,0,0,0,0,0,0,0,0,0,0,0,0,0,0
Bendigovirus,0,0,0,0,0,0,0,0,0,0,0,0,0,0,0,0,0,0,0,0,0,0,0,0
Biquartavirus,0,0,0,0,0,0,0,0,0,0,0,0,0,0,0,0,0,0,0,0,0,0,0,0
Borockvirus,0,0,0,0,0,0,0,0,0,0,0,0,0,0,0,0,0,0,0,0,0,0,0,0
Brigitvirus,0,0,0,0,0,0,0,0,0,0,0,0,0,0,0,0,0,0,0,0,0,0,0,0
Certrevirus,0,0,0,0,0,0,0,0,0,0,0,0,0,0,0,0,0,0,0,0,0,0,0,0
Chiangmaivirus,0,0,0,0,0,0,0,0,0,0,0,0,0,0,0,0,0,0,0,0,0,0,0,0
Dhakavirus,0,0,0,0,0,0,0,0,0,0,0,0,0,0,0,0,0,0,0,0,0,0,0,0
Donellivirus,0,0,0,0,0,0,0,0,0,0,0,0,0,0,0,0,0,0,0,0,0,0,0,0
Elvirus,0,0,0,0,0,0,0,0,0,0,0,0,0,0,0,0,0,0,0,0,0,0,0,0
Emdodecavirus,0,0,0,0,0,0,0,0,0,0,0,0,0,0,0,0,0,0,0,0,0,0,0,0
Eneladusvirus,0,0,0,0,0,0,0,0,0,0,0,0,0,0,0,0,0,0,0,0,0,0,0,0
Eponavirus,0,0,0,0,0,0,0,0,0,0,0,0,0,0,0,0,0,0,0,0,0,0,0,0
Erskinevirus,0,0,0,0,0,0,0,0,0,0,0,0,0,0,0,0,0,0,0,0,0,0,0,0
Felixounavirus,0,0,0,0,0,0,0,0,0,0,0,0,0,0,0,0,0,0,0,0,0,0,0,0
Firehammervirus,0,0,0,0,0,0,0,0,0,0,0,0,0,0,0,0,0,0,0,0,0,0,0,0
Flaumdravirus,0,0,0,0,0,0,0,0,0,0,0,0,0,0,0,0,0,0,0,0,0,0,0,0
Fletchervirus,0,0,0,0,0,0,0,0,0,0,0,0,0,0,0,0,0,0,0,0,0,0,0,0
Fukuivirus,0,0,0,0,0,0,0,0,0,0,0,0,0,0,0,0,0,0,0,0,0,0,0,0
Gaprivervirus,0,0,0,0,0,0,0,0,0,0,0,0,0,0,0,0,0,0,0,0,0,0,0,0
Gelderlandvirus,0,0,0,0,0,0,0,0,0,0,0,0,0,0,0,0,0,0,0,0,0,0,0,0
Hapunavirus,0,0,0,0,0,0,0,0,0,0,0,0,0,0,0,0,0,0,0,0,0,0,0,0
Iapetusvirus,0,0,0,0,0,0,0,0,0,0,0,0,0,0,0,0,0,0,0,0,0,0,0,0
Jilinvirus,0,0,0,0,0,0,0,0,0,0,0,0,0,0,0,0,0,0,0,0,0,0,0,0
Kungbxnavirus,0,0,0,0,0,0,0,0,0,0,0,0,0,0,0,0,0,0,0,0,0,0,0,0
Lasallevirus,0,0,0,0,0,0,0,0,0,0,0,0,0,0,0,0,0,0,0,0,0,0,0,0
Lubbockvirus,0,0,0,0,0,0,0,0,0,0,0,0,0,0,0,0,0,0,0,0,0,0,0,0
Mazuvirus,0,0,0,0,0,0,0,0,0,0,0,0,0,0,0,0,0,0,0,0,0,0,0,0
Metrivirus,0,0,0,0,0,0,0,0,0,0,0,0,0,0,0,0,0,0,0,0,0,0,0,0
Mieseafarmvirus,0,0,0,0,0,0,0,0,0,0,0,0,0,0,0,0,0,0,0,0,0,0,0,0
Mosigvirus,0,0,0,0,0,0,0,0,0,0,0,0,0,0,0,0,0,0,0,0,0,0,0,0
Muldoonvirus,0,0,0,0,0,0,0,0,0,0,0,0,0,0,0,0,0,0,0,0,0,0,0,0
Mydovirus,0,0,0,0,0,0,0,0,0,0,0,0,0,0,0,0,0,0,0,0,0,0,0,0
Nodensvirus,0,0,0,0,0,0,0,0,0,0,0,0,0,0,0,0,0,0,0,0,0,0,0,0
Noxifervirus,0,0,0,0,0,0,0,0,0,0,0,0,0,0,0,0,0,0,0,0,0,0,0,0
Petsuvirus,0,0,0,0,0,0,0,0,0,0,0,0,0,0,0,0,0,0,0,0,0,0,0,0
Phikzvirus,0,0,0,0,0,0,0,0,0,0,0,0,0,0,0,0,0,0,0,0,0,0,0,0
Polybotosvirus,0,0,0,0,0,0,0,0,0,0,0,0,0,0,0,0,0,0,0,0,0,0,0,0
Pseudotevenvirus,0,0,0,0,0,0,0,0,0,0,0,0,0,0,0,0,0,0,0,0,0,0,0,0
Ripduovirus,0,0,0,0,0,0,0,0,0,0,0,0,0,0,0,0,0,0,0,0,0,0,0,0
Schizotequatrovirus,0,0,0,0,0,0,0,0,0,0,0,0,0,0,0,0,0,0,0,0,0,0,0,0
Seoulvirus,0,0,0,0,0,0,0,0,0,0,0,0,0,0,0,0,0,0,0,0,0,0,0,0
Shandongvirus,0,0,0,0,0,0,0,0,0,0,0,0,0,0,0,0,0,0,0,0,0,0,0,0
Slopekvirus,0,0,0,0,0,0,0,0,0,0,0,0,0,0,0,0,0,0,0,0,0,0,0,0
Svunavirus,0,0,0,0,0,0,0,0,0,0,0,0,0,0,0,0,0,0,0,0,0,0,0,0
Takahashivirus,0,0,0,0,0,0,0,0,0,0,0,0,0,0,0,0,0,0,0,0,0,0,0,0
Tequatrovirus,0,0,0,0,0,0,0,0,0,0,0,0,0,0,0,0,0,0,0,0,0,0,0,0
Thornevirus,0,0,0,0,0,0,0,0,0,0,0,0,0,0,0,0,0,0,0,0,0,0,0,0
Tulanevirus,0,0,0,0,0,0,0,0,0,0,0,0,0,0,0,0,0,0,0,0,0,0,0,0
Vhmlvirus,0,0,0,0,0,0,0,0,0,0,0,0,0,0,0,0,0,0,0,0,0,0,0,0
Winklervirus,0,0,0,0,0,0,0,0,0,0,0,0,0,0,0,0,0,0,0,0,0,0,0,0
Anjalivirus,0,0,0,0,0,0,0,0,0,0,0,0,0,0,0,0,0,0,0,0,0,0,0,0
Astrithrvirus,0,0,0,0,0,0,0,0,0,0,0,0,0,0,0,0,0,0,0,0,0,0,0,0
Dybvigvirus,0,0,0,0,0,0,0,0,0,0,0,0,0,0,0,0,0,0,0,0,0,0,0,0
Fipvunavirus,0,0,0,0,0,0,0,0,0,0,0,0,0,0,0,0,0,0,0,0,0,0,0,0
Kafunavirus,0,0,0,0,0,0,0,0,0,0,0,0,0,0,0,0,0,0,0,0,0,0,0,0
Lederbergvirus,0,0,0,0,0,0,0,0,0,0,0,0,0,0,0,0,0,0,0,0,0,0,0,0
Lightbulbvirus,0,0,0,0,0,0,0,0,0,0,0,0,0,0,0,0,0,0,0,0,0,0,0,0
Traversvirus,0,0,0,0,0,0,0,0,0,0,0,0,0,0,0,0,0,0,0,0,0,0,0,0
Cepunavirus,0,0,0,0,0,0,0,0,0,0,0,0,0,0,0,0,0,0,0,0,0,0,0,0
Claudivirus,0,0,0,0,0,0,0,0,0,0,0,0,0,0,0,0,0,0,0,0,0,0,0,0
Gaunavirus,0,0,0,0,0,0,0,0,0,0,0,0,0,0,0,0,0,0,0,0,0,0,0,0
Harambevirus,0,0,0,0,0,0,0,0,0,0,0,0,0,0,0,0,0,0,0,0,0,0,0,0
Hemphillvirus,0,0,0,0,0,0,0,0,0,0,0,0,0,0,0,0,0,0,0,0,0,0,0,0
Klosterneuburgvirus,0,0,0,0,0,0,0,0,0,0,0,0,0,0,0,0,0,0,0,0,0,0,0,0
Mingyongvirus,0,0,0,0,0,0,0,0,0,0,0,0,0,0,0,0,0,0,0,0,0,0,0,0
Salasvirus,0,0,0,0,0,0,0,0,0,0,0,0,0,0,0,0,0,0,0,0,0,0,0,0
Baltimorevirus,0,0,0,0,0,0,0,0,0,0,0,0,0,0,0,0,0,0,0,0,0,0,0,0
Dendoorenvirus,0,0,0,0,0,0,0,0,0,0,0,0,0,0,0,0,0,0,0,0,0,0,0,0
Enquatrovirus,0,0,0,0,0,0,0,0,0,0,0,0,0,0,0,0,0,0,0,0,0,0,0,0
Inbricusvirus,0,0,0,0,0,0,0,0,0,0,0,0,0,0,0,0,0,0,0,0,0,0,0,0
Johnsonvirus,0,0,0,0,0,0,0,0,0,0,0,0,0,0,0,0,0,0,0,0,0,0,0,0
Jwalphavirus,0,0,0,0,0,0,0,0,0,0,0,0,0,0,0,0,0,0,0,0,0,0,0,0
Kaypoctavirus,0,0,0,0,0,0,0,0,0,0,0,0,0,0,0,0,0,0,0,0,0,0,0,0
Littlefixvirus,0,0,0,0,0,0,0,0,0,0,0,0,0,0,0,0,0,0,0,0,0,0,0,0
Matsuvirus,0,0,0,0,0,0,0,0,0,0,0,0,0,0,0,0,0,0,0,0,0,0,0,0
Pylasvirus,0,0,0,0,0,0,0,0,0,0,0,0,0,0,0,0,0,0,0,0,0,0,0,0
Raunefjordenvirus,0,0,0,0,0,0,0,0,0,0,0,0,0,0,0,0,0,0,0,0,0,0,0,0
Riverridervirus,0,0,0,0,0,0,0,0,0,0,0,0,0,0,0,0,0,0,0,0,0,0,0,0
Yonginvirus,0,0,0,0,0,0,0,0,0,0,0,0,0,0,0,0,0,0,0,0,0,0,0,0
Andromedavirus,0,0,0,0,0,0,0,0,0,0,0,0,0,0,0,0,0,0,0,0,0,0,0,0
Audreyjarvisvirus,0,0,0,0,0,0,0,0,0,0,0,0,0,0,0,0,0,0,0,0,0,0,0,0
Carmenvirus,0,0,0,0,0,0,0,0,0,0,0,0,0,0,0,0,0,0,0,0,0,0,0,0
Cbastvirus,0,0,0,0,0,0,0,0,0,0,0,0,0,0,0,0,0,0,0,0,0,0,0,0
Cequinquevirus,0,0,0,0,0,0,0,0,0,0,0,0,0,0,0,0,0,0,0,0,0,0,0,0
Cheoctovirus,0,0,0,0,0,0,0,0,0,0,0,0,0,0,0,0,0,0,0,0,0,0,0,0
Coetzeevirus,0,0,0,0,0,0,0,0,0,0,0,0,0,0,0,0,0,0,0,0,0,0,0,0
Colossusvirus,0,0,0,0,0,0,0,0,0,0,0,0,0,0,0,0,0,0,0,0,0,0,0,0
Cornellvirus,0,0,0,0,0,0,0,0,0,0,0,0,0,0,0,0,0,0,0,0,0,0,0,0
Delepquintavirus,0,0,0,0,0,0,0,0,0,0,0,0,0,0,0,0,0,0,0,0,0,0,0,0
Douglaswolinvirus,0,0,0,0,0,0,0,0,0,0,0,0,0,0,0,0,0,0,0,0,0,0,0,0
Efquatrovirus,0,0,0,0,0,0,0,0,0,0,0,0,0,0,0,0,0,0,0,0,0,0,0,0
Fernvirus,0,0,0,0,0,0,0,0,0,0,0,0,0,0,0,0,0,0,0,0,0,0,0,0
Fremauxvirus,0,0,0,0,0,0,0,0,0,0,0,0,0,0,0,0,0,0,0,0,0,0,0,0
Gordonvirus,0,0,0,0,0,0,0,0,0,0,0,0,0,0,0,0,0,0,0,0,0,0,0,0
Gustavvirus,0,0,0,0,0,0,0,0,0,0,0,0,0,0,0,0,0,0,0,0,0,0,0,0
Homburgvirus,0,0,0,0,0,0,0,0,0,0,0,0,0,0,0,0,0,0,0,0,0,0,0,0
Jenstvirus,0,0,0,0,0,0,0,0,0,0,0,0,0,0,0,0,0,0,0,0,0,0,0,0
Kairosalinivirus,0,0,0,0,0,0,0,0,0,0,0,0,0,0,0,0,0,0,0,0,0,0,0,0
Karimacvirus,0,0,0,0,0,0,0,0,0,0,0,0,0,0,0,0,0,0,0,0,0,0,0,0
Kenoshavirus,0,0,0,0,0,0,0,0,0,0,0,0,0,0,0,0,0,0,0,0,0,0,0,0
Lafunavirus,0,0,0,0,0,0,0,0,0,0,0,0,0,0,0,0,0,0,0,0,0,0,0,0
Leicestervirus,0,0,0,0,0,0,0,0,0,0,0,0,0,0,0,0,0,0,0,0,0,0,0,0
Lentavirus,0,0,0,0,0,0,0,0,0,0,0,0,0,0,0,0,0,0,0,0,0,0,0,0
Lenusvirus,0,0,0,0,0,0,0,0,0,0,0,0,0,0,0,0,0,0,0,0,0,0,0,0
Lughvirus,0,0,0,0,0,0,0,0,0,0,0,0,0,0,0,0,0,0,0,0,0,0,0,0
Maenadvirus,0,0,0,0,0,0,0,0,0,0,0,0,0,0,0,0,0,0,0,0,0,0,0,0
Magadivirus,0,0,0,0,0,0,0,0,0,0,0,0,0,0,0,0,0,0,0,0,0,0,0,0
Nonanavirus,0,0,0,0,0,0,0,0,0,0,0,0,0,0,0,0,0,0,0,0,0,0,0,0
Omegavirus,0,0,0,0,0,0,0,0,0,0,0,0,0,0,0,0,0,0,0,0,0,0,0,0
Pamexvirus,0,0,0,0,0,0,0,0,0,0,0,0,0,0,0,0,0,0,0,0,0,0,0,0
Poushouvirus,0,0,0,0,0,0,0,0,0,0,0,0,0,0,0,0,0,0,0,0,0,0,0,0
Priunavirus,0,0,0,0,0,0,0,0,0,0,0,0,0,0,0,0,0,0,0,0,0,0,0,0
Rimavirus,0,0,0,0,0,0,0,0,0,0,0,0,0,0,0,0,0,0,0,0,0,0,0,0
Rockvillevirus,0,0,0,0,0,0,0,0,0,0,0,0,0,0,0,0,0,0,0,0,0,0,0,0
Roufvirus,0,0,0,0,0,0,0,0,0,0,0,0,0,0,0,0,0,0,0,0,0,0,0,0
Samistivirus,0,0,0,0,0,0,0,0,0,0,0,0,0,0,0,0,0,0,0,0,0,0,0,0
Samwavirus,0,0,0,0,0,0,0,0,0,0,0,0,0,0,0,0,0,0,0,0,0,0,0,0
Sashavirus,0,0,0,0,0,0,0,0,0,0,0,0,0,0,0,0,0,0,0,0,0,0,0,0
Scapunavirus,0,0,0,0,0,0,0,0,0,0,0,0,0,0,0,0,0,0,0,0,0,0,0,0
Sextaecvirus,0,0,0,0,0,0,0,0,0,0,0,0,0,0,0,0,0,0,0,0,0,0,0,0
Skunavirus,0,0,0,0,0,0,0,0,0,0,0,0,0,0,0,0,0,0,0,0,0,0,0,0
Tanisvirus,0,0,0,0,0,0,0,0,0,0,0,0,0,0,0,0,0,0,0,0,0,0,0,0
Timquatrovirus,0,0,0,0,0,0,0,0,0,0,0,0,0,0,0,0,0,0,0,0,0,0,0,0
Trinevirus,0,0,0,0,0,0,0,0,0,0,0,0,0,0,0,0,0,0,0,0,0,0,0,0
Vedamuthuvirus,0,0,0,0,0,0,0,0,0,0,0,0,0,0,0,0,0,0,0,0,0,0,0,0
Vegasvirus,0,0,0,0,0,0,0,0,0,0,0,0,0,0,0,0,0,0,0,0,0,0,0,0
Wanderervirus,0,0,0,0,0,0,0,0,0,0,0,0,0,0,0,0,0,0,0,0,0,0,0,0
Whiteheadvirus,0,0,0,0,0,0,0,0,0,0,0,0,0,0,0,0,0,0,0,0,0,0,0,0
Wizardvirus,0,0,0,0,0,0,0,0,0,0,0,0,0,0,0,0,0,0,0,0,0,0,0,0
Xiamenvirus,0,0,0,0,0,0,0,0,0,0,0,0,0,0,0,0,0,0,0,0,0,0,0,0
Lilyvirus,0,0,0,0,0,0,0,0,0,0,0,0,0,0,0,0,0,0,0,0,0,0,0,0
